pair_id,pa_a,pa_b,pa_xor,latency_ticks,is_conflict
0,0x1a86fa8c0,0x1b52072c0,0x1d4fda00,4.0,0
1,0x1b04e27c0,0x1a1a12000,0x11ef07c0,4.0,0
2,0xb194dd80,0x1a44d8080,0x115d95d00,4.0,0
3,0x23b620580,0x1a923b180,0x39241b400,4.0,0
4,0x1ae8c0ec0,0x1a937c4c0,0x7bbca00,4.0,0
5,0x1b5efcac0,0xbc145ac0,0x109fb9000,4.0,0
6,0x1a5b37f00,0x1b01b5c00,0x15a82300,4.0,0
7,0x19faa0140,0x184e60500,0x1b4c0440,4.0,0
8,0xbb41e080,0xbd63a3c0,0x6224340,4.0,0
9,0x1a5c7c680,0x1b295da00,0x17521c80,4.0,0
10,0x1ab341c00,0xbe811ac0,0x115b506c0,4.0,0
11,0x1ae650880,0x1a44dfa80,0xa28f200,4.0,0
12,0x1aa61b400,0xb88fb040,0x112ee0440,4.0,0
13,0xac6a0c00,0xbd6f2980,0x11052580,4.0,0
14,0xbde7ed80,0x1b5882f00,0x1086fc280,4.0,0
15,0xba5aa580,0x1b1a5f640,0x10bff53c0,4.0,0
16,0x1b1714200,0x1a43cdd40,0x154d9f40,4.0,0
17,0x1b1896640,0x1aac12f80,0x1b4849c0,4.0,0
18,0xbe682dc0,0x1b1955bc0,0x10ffd7600,4.0,0
19,0x1b2a73100,0x1b40f6cc0,0x6a85dc0,4.0,0
20,0x19fcbd080,0x1aedfabc0,0x31147b40,4.0,0
21,0x184b0b780,0x1a50b9fc0,0x21bb2840,4.0,0
22,0xbc2a67c0,0xbc7b58c0,0x513f00,4.0,0
23,0x1a2ba44c0,0xbcebf880,0x11e51bc40,4.0,0
24,0x1a9218cc0,0x1a6c45b40,0xfe5d780,4.0,0
25,0x1ab916280,0x1b297f8c0,0x19069a40,4.0,0
26,0x1b20d7600,0x19fad1b00,0x2da06d00,4.0,0
27,0x1b5a83340,0xbcbaea40,0x10912d900,4.0,0
28,0x1a1fcab40,0xac92cf80,0x10d6e64c0,4.0,0
29,0xbe89b3c0,0x1ab32f8c0,0x115bb4b00,4.0,0
30,0xba26ee80,0x17f5f2940,0x1c579c7c0,4.0,0
31,0x1a32d2f00,0x1a782c080,0x4afef80,4.0,0
32,0x1a294b680,0x1b378e540,0x11ec53c0,4.0,0
33,0x1b1064000,0x1a8180440,0x191e4440,4.0,0
34,0x1ab56f100,0x1aa762140,0x120d040,4.0,0
35,0x1a2fbc100,0xbd65e1c0,0x11f9e20c0,4.0,0
36,0x1b7f80d00,0xb1ef1880,0x106171580,4.0,0
37,0x1aef15180,0x1a3b01500,0xd414480,4.0,0
38,0xb7e62180,0xc054b640,0x77b297c0,4.0,0
39,0x1b4999d80,0x1a710be40,0x138923c0,4.0,0
40,0x1b568e180,0x1a6f3b000,0x139b5180,4.0,0
41,0x1a04af700,0x1ae3f07c0,0xe75f0c0,4.0,0
42,0x1a5f51b00,0x1b45bda40,0x11aec140,4.0,0
43,0x1afb93200,0x1a6340680,0x98d3480,4.0,0
44,0x1ae9c79c0,0x1a2b445c0,0xc283c00,4.0,0
45,0x1afa93f40,0x1a52df880,0xa84c7c0,4.0,0
46,0xbcf30f00,0x1b10d1e80,0x10dfe1180,4.0,0
47,0xbd988900,0x1a2631580,0x11ffb9c80,4.0,0
48,0xbd79e3c0,0xbcb95940,0x1c0ba80,4.0,0
49,0xbef699c0,0x1b4e7e500,0x10a117cc0,4.0,0
50,0x1abeeaa80,0x1aa6fcb00,0x1816180,4.0,0
51,0x1a65f96c0,0x1a9cf7780,0xf90e140,4.0,0
52,0x1aa474380,0x1b3933840,0x19d47bc0,4.0,0
53,0xb81bdc80,0x1a8b66500,0x110adb980,4.0,0
54,0xac461e80,0x1a7241a00,0x10b620480,4.0,0
55,0x1ae097340,0x1a5fb5000,0xbf22340,4.0,0
56,0xbe9a1a00,0x1ad3d1a40,0x113a70040,4.0,0
57,0xbb7717c0,0x1b085d540,0x10bf2c280,4.0,0
58,0x1a7e1a4c0,0x1a87e79c0,0xf9fdd00,4.0,0
59,0xab0f7bc0,0xbcd51e80,0x17da6540,4.0,0
60,0x1a9750f80,0xbd939b00,0x114e69480,4.0,0
61,0x19fa50700,0xbefc9e80,0x121599980,4.0,0
62,0x1a2c3e980,0xba031040,0x118c0f9c0,4.0,0
63,0x1a9dd3400,0x1ac54dd80,0x589e980,4.0,0
64,0x1abd94980,0x1b1514e00,0x1a880780,4.0,0
65,0x1a7911280,0x1b67eb400,0x11efa680,4.0,0
66,0xb1c0f900,0xbe8a4940,0xf4ab040,4.0,0
67,0x1a6a26b80,0x1ab134c80,0xdb12700,4.0,0
68,0xbe7bc180,0x1b11ae840,0x10f6129c0,4.0,0
69,0x1b20c01c0,0x1af0f4000,0x1d0341c0,4.0,0
70,0x184f5b240,0x1a6de2500,0x222b9740,4.0,0
71,0x1b3414000,0x1a9987c80,0x1ad93c80,4.0,0
72,0x1b251df80,0x1ac068800,0x1e575780,4.0,0
73,0x1847091c0,0x1b775c440,0x33055580,4.0,0
74,0xaf9651c0,0xb82c2d80,0x17ba7c40,4.0,0
75,0x1b47ee2c0,0xb88de180,0x10cf30340,4.0,0
76,0xb0da6880,0x1b36c9a00,0x103b6f280,4.0,0
77,0x1aa7f3000,0x1a7d6b240,0xda98240,4.0,0
78,0x1a415fa40,0x1b2931440,0x1686ee00,4.0,0
79,0x1b2eddfc0,0x1aea5f3c0,0x1c482c00,4.0,0
80,0x1aab8a240,0x184914240,0x2e29e000,4.0,0
81,0x1ab78e7c0,0x1ab04bb40,0x7c5c80,4.0,0
82,0xb816fb80,0xab11b340,0x130748c0,4.0,0
83,0x1b4da57c0,0x1b1027d00,0x5d82ac0,4.0,0
84,0x1a7c12b80,0x1adaf0980,0xa6e2200,4.0,0
85,0x1a6da6d00,0x1a50b2e00,0x3d14300,4.0,0
86,0xaf9e6ec0,0x1845ded00,0x12bc383c0,4.0,0
87,0xba491a80,0x1abe9fe40,0x111a0e4c0,4.0,0
88,0x1abad2500,0xbc5dcc40,0x117f0e940,4.0,0
89,0xbd6af280,0x1a53d2700,0x11857d580,4.0,0
90,0xace499c0,0x1a5fba540,0x1091f3c80,4.0,0
91,0x1a678e880,0xbc5eb240,0x11a265ac0,4.0,0
92,0xb7ce1f40,0xae154880,0x19db57c0,4.0,0
93,0xb19f6480,0x1a2092980,0x113964d00,4.0,0
94,0x1a8160cc0,0x1ac5fa440,0x449a880,4.0,0
95,0x1af715d40,0xbed0ef00,0x111a1b240,4.0,0
96,0x1abe98680,0x1b7c0f500,0x1c297380,4.0,0
97,0x1a2de5a40,0x1b65d2200,0x14837840,4.0,0
98,0x1afc73880,0x1b66f6240,0x19a85ac0,4.0,0
99,0xb3eb9f00,0x1b64ab400,0x105a12b00,4.0,0
100,0x1aa670bc0,0x1b344fc00,0x1923f7c0,4.0,0
101,0x1a21e9200,0x1a3ff2a80,0x1e1b880,4.0,0
102,0x1b2eb9940,0x1ae3b1c80,0x1cd085c0,4.0,0
103,0x1ae2b78c0,0x1a4ed0e40,0xac67680,4.0,0
104,0x19fc8f8c0,0x1b7f63b40,0x283ec380,4.0,0
105,0xab311540,0x1a746e280,0x10c77f7c0,4.0,0
106,0x1a3da90c0,0xba5c3dc0,0x11986ad00,4.0,0
107,0x1b28d9500,0x1a1cdb000,0x13402500,4.0,0
108,0xb89c2680,0x1ac7f5980,0x114e37f00,4.0,0
109,0x1a28d89c0,0x1a9777340,0xbfafa80,4.0,0
110,0x17f613e00,0xbd4c8700,0x1c22db900,4.0,0
111,0xb1bd7280,0x1a9537480,0x118ee0600,4.0,0
112,0x1b02acc40,0xb8b49cc0,0x1089e5080,4.0,0
113,0x1a604e6c0,0x1a64654c0,0x42b200,4.0,0
114,0x18557cf00,0x1b2ef75c0,0x37b8bac0,4.0,0
115,0x1a359b8c0,0xacd1db00,0x10f8863c0,4.0,0
116,0x1ac88c200,0x1a43a8b00,0x8b24900,4.0,0
117,0x1aa090580,0x1a63cfb40,0xc35fec0,4.0,0
118,0x1b0b7f780,0xbb6a8e80,0x10bdd7900,4.0,0
119,0x1a96c5980,0x1b001a080,0x196df900,4.0,0
120,0x1b4d5b9c0,0x1b00f7f00,0x4dac6c0,6.0,1
121,0x1b60ac300,0x19fe6ea80,0x29ec2980,4.0,0
122,0x1a3ffccc0,0x1af6ca800,0xc9364c0,6.0,1
123,0x19f96eac0,0x1a4e12340,0x3b77c980,4.0,0
124,0x1a234b1c0,0xb3d67480,0x111e2c540,4.0,0
125,0x1ac9ae6c0,0x1b7f82fc0,0x1b62c900,4.0,0
126,0xba2eab80,0x1ac2e4940,0x11600e2c0,4.0,0
127,0xacf8b440,0x1a64407c0,0x10abcb380,4.0,0
128,0x1acd6b600,0x1ac7b8b00,0xad3d00,4.0,0
129,0xbd897c80,0xbdfc6540,0x7519c0,4.0,0
130,0x1a5bf5100,0x1ad5d1580,0x8e24480,4.0,0
131,0x1b0cca040,0x1b0feb300,0x321340,4.0,0
132,0x1afd9f080,0x1a19e45c0,0xe47b540,4.0,0
133,0x1b57dfe40,0x1a6da9800,0x13a76640,4.0,0
134,0xaf826440,0x1a53307c0,0x10ab16380,4.0,0
135,0x1b59e7880,0xbb701e40,0x10eee66c0,4.0,0
136,0x1b384c6c0,0xbb77fbc0,0x108f33d00,4.0,0
137,0x1b02548c0,0xb7eec3c0,0x107cb8b00,4.0,0
138,0xacc8d3c0,0xbb56e380,0x179e3040,4.0,0
139,0x17f38b700,0xc07d1580,0x1bf45a280,4.0,0
140,0x1adf44800,0x1ac4dedc0,0x1b9a5c0,4.0,0
141,0x1a68ab540,0x1a40d83c0,0x2873680,4.0,0
142,0x17f72d700,0x1ac8159c0,0xd3f38ec0,4.0,0
143,0x1a913cb80,0xba002d40,0x11313e6c0,4.0,0
144,0x1b75f24c0,0x1b3172840,0x4480c80,4.0,0
145,0x1b3575280,0x1a34715c0,0x10104740,4.0,0
146,0xbe640dc0,0x1aaec92c0,0x114889f00,4.0,0
147,0x1b28818c0,0x1b5592e40,0x7d13680,6.0,1
148,0x1aacd2880,0x1ae4ec700,0x483ef80,4.0,0
149,0xb890d640,0xab31bd00,0x13a16b40,4.0,0
150,0x1b1c40f00,0x184dd2f00,0x35192000,4.0,0
151,0x17f497b40,0xb80e85c0,0x1c747fe80,4.0,0
152,0x1afa35ac0,0xad129400,0x102b1cec0,4.0,0
153,0xc07ff980,0x1b60cde80,0x176732700,4.0,0
154,0x1a44097c0,0x1a85420c0,0xc14b700,4.0,0
155,0x1a57f5440,0x1b0f72fc0,0x15887b80,4.0,0
156,0xb1a93e80,0x1aa40b980,0x11be98700,4.0,0
157,0x1b346f380,0x1b0dfd5c0,0x3992640,4.0,0
158,0x1b5845340,0x1a3236f40,0x16a73c00,4.0,0
159,0x1a1865300,0x1b38c1840,0x120a4b40,4.0,0
160,0x1b4fce780,0xae337580,0x11acf9200,4.0,0
161,0x1b589de00,0xb8b9b540,0x10d306b40,4.0,0
162,0xae92f840,0xba89e700,0x141b1f40,4.0,0
163,0xb7e8c380,0x1ae58f0c0,0x119b03340,4.0,0
164,0x1a3fdae00,0xba7949c0,0x11984e7c0,4.0,0
165,0x1b57cbdc0,0x1b4040d00,0x178b0c0,4.0,0
166,0x1b48e18c0,0x1b4dee900,0x50f1c0,4.0,0
167,0x1a6e9d300,0x1aafa2380,0xc13f080,4.0,0
168,0x1ab3aad40,0x1adcd3c80,0x6f791c0,4.0,0
169,0x1a75b4240,0x1ae3d9500,0x966d740,4.0,0
170,0xbab8fd40,0x1ab114680,0x111a9bbc0,4.0,0
171,0x1a50914c0,0x1ae84fc00,0xb8de8c0,4.0,0
172,0x1b4145000,0xae23f880,0x11a37a880,4.0,0
173,0x1a63911c0,0x1b0614380,0x16585240,4.0,0
174,0x1847c67c0,0x1a67604c0,0x220a6300,4.0,0
175,0xbdfb4bc0,0x1b431ff40,0x109cab480,4.0,0
176,0xae29ba40,0x1a69439c0,0x108bd8380,4.0,0
177,0xb1b07480,0xadf96280,0x1c491600,4.0,0
178,0x1b43130c0,0x1b1690800,0x55838c0,4.0,0
179,0x1b085a340,0x1b6712f00,0x6f48c40,4.0,0
180,0x1af19f1c0,0xbe96b140,0x1118f4080,4.0,0
181,0x1b13ddc00,0x1aa7c5ac0,0x1b4186c0,4.0,0
182,0x1a7fe4a40,0x1b65e5f00,0x11a01540,4.0,0
183,0x1b3b8be40,0x1b17b3780,0x2c389c0,4.0,0
184,0xbde82bc0,0x1b8203080,0x105c81b40,4.0,0
185,0xbc16cc80,0x1a6208900,0x11a364580,4.0,0
186,0xbd672700,0x1a94ce180,0x1142bc680,4.0,0
187,0x1b367c500,0x1a58d4740,0x16ea8240,4.0,0
188,0xbe5aaa00,0xbacd66c0,0x497ccc0,4.0,0
189,0x1b4b0cac0,0x1a65ce1c0,0x12ec2b00,4.0,0
190,0x1a4a1db80,0x1a5bb2680,0x11afd00,4.0,0
191,0x184513100,0x1a342c5c0,0x2713f4c0,4.0,0
192,0x1aa91b040,0x1b41c4580,0x1e8df5c0,4.0,0
193,0x1a5ef7840,0xae83a140,0x10b6cd900,4.0,0
194,0x1abd98d80,0x1b5376bc0,0x1eeee640,4.0,0
195,0x1a1d10040,0xb1febf40,0x1102fbf00,4.0,0
196,0xacd57d00,0x1b1458c40,0x11d90f140,4.0,0
197,0x1aa7ada00,0x1ae0bb740,0x4716d40,4.0,0
198,0x1ae783b80,0x1a47c4880,0xa047300,4.0,0
199,0x1a5db3f00,0x1b74ec740,0x1295f840,4.0,0
200,0x1a40fa900,0x1aa1f0b80,0xe10a280,4.0,0
201,0x1a423a040,0x1adf6a040,0x9d50000,4.0,0
202,0x1b2229d00,0xb7c59580,0x105e70880,4.0,0
203,0x1b1c62780,0x1b7e11700,0x6273080,4.0,0
204,0x1b46dec40,0xbc488240,0x108256e00,4.0,0
205,0x1a4b248c0,0x1b8121800,0x1ca050c0,4.0,0
206,0x1b13d18c0,0x1a3cc19c0,0x12f10100,4.0,0
207,0x19fb72dc0,0x1a2177900,0x3da054c0,4.0,0
208,0x1b7aaaf40,0x1a58f5640,0x1225f900,4.0,0
209,0x1a5e55a40,0x1a8ccecc0,0xd29b680,4.0,0
210,0x1daad7200,0xb0df9a80,0x16a72e880,4.0,0
211,0x1a8cb6c40,0x1a79cdf00,0xf57b340,4.0,0
212,0xac670700,0xbad5b640,0x16b2b140,4.0,0
213,0x1b46ae640,0x1aac17280,0x1eab94c0,4.0,0
214,0x1b4bb7ec0,0x185187540,0x31a30b80,4.0,0
215,0xbefdb9c0,0xbdbf1800,0x342a1c0,4.0,0
216,0x1a9703100,0x1ab9eda00,0x2eeeb00,4.0,0
217,0x1ab4ca840,0x1a1db6e00,0xa97c640,4.0,0
218,0xaccb3f80,0x1a3e71fc0,0x10f2c2040,4.0,0
219,0x1856ed540,0x1a2ebdc00,0x27850940,4.0,0
220,0x1af691200,0x1a319be00,0xc70ac00,4.0,0
221,0x185104400,0x1a6eedac0,0x23fe9ec0,4.0,0
222,0x1a5a82800,0x19fa011c0,0x3a0839c0,4.0,0
223,0x1a748a3c0,0xb8989740,0x11fd03480,4.0,0
224,0x1a4f81800,0x1abf04e40,0xf085640,4.0,0
225,0x1aa2ab440,0x1a449ca00,0xe637e40,4.0,0
226,0x1b09f98c0,0x1b1b87080,0x127e840,4.0,0
227,0x1aaa8f900,0x1ad68cfc0,0x7c036c0,4.0,0
228,0x1a989a6c0,0x1a5681f80,0xce1b940,4.0,0
229,0x184ec9240,0x1a48dc5c0,0x20615780,4.0,0
230,0x1a4b944c0,0xb0e0bc00,0x11459f8c0,4.0,0
231,0x1a263ddc0,0x1ac6025c0,0xe03f800,4.0,0
232,0x1b04f5640,0x1ac72d600,0x1c3d8040,4.0,0
233,0x1acfdd400,0x17f7b45c0,0xd38691c0,4.0,0
234,0x1ae90a5c0,0xbd967940,0x11306dc80,4.0,0
235,0x1a04971c0,0x1a44267c0,0x40b1600,4.0,0
236,0xbc4a3740,0x1b75265c0,0x10b185280,4.0,0
237,0x1a9f38280,0xbdd00f40,0x114238dc0,4.0,0
238,0x1b79b17c0,0x1affe7640,0x18656180,4.0,0
239,0x1b21536c0,0x1a1e77fc0,0x13f24900,4.0,0
240,0x1a2376480,0x1a2888b00,0xbfef80,4.0,0
241,0x1a4f38a00,0x1b1194d80,0x15eac780,4.0,0
242,0x1b2834b80,0x1add32300,0x1f506880,4.0,0
243,0xae943d40,0x1a2d59240,0x10c41af00,4.0,0
244,0x1b1fd9280,0x1a20bafc0,0x13f63d40,6.0,1
245,0x1a61a0800,0x1b4ed8780,0x12f78f80,4.0,0
246,0x1a73c2bc0,0x1a6c035c0,0x1fc1e00,4.0,0
247,0xacf1fd40,0xb7c5a200,0x1b345f40,4.0,0
248,0x1b1e9abc0,0x1b2d67140,0x33fda80,4.0,0
249,0x1b351b800,0xbe6a2180,0x10d3b9980,4.0,0
250,0x1a4900a80,0x1b203d9c0,0x1693d340,4.0,0
251,0x1a9c7a940,0x1b013b200,0x19d41b40,4.0,0
252,0xac773fc0,0x1b27d7bc0,0x11e0a4400,4.0,0
253,0x1a793c140,0x1ad6e4780,0xafd86c0,4.0,0
254,0xab2c2240,0x184bfa800,0x12f938a40,4.0,0
255,0xb9a9e740,0x1a93e46c0,0x11097a180,4.0,0
256,0x1a1bc7300,0x1b0c24140,0x117e3240,4.0,0
257,0x1dab9d440,0x1b2f66e80,0x684fbac0,4.0,0
258,0x1a569b480,0x1a438e1c0,0x1515540,4.0,0
259,0xb7ff2100,0x1b59df700,0x10262d600,4.0,0
260,0x1a4fb4180,0xb3d41900,0x1172f5880,4.0,0
261,0x1b0d41e80,0x1aa79ad40,0x1aadb3c0,4.0,0
262,0x1a6737f00,0x17f6cbc00,0xd91fc300,4.0,0
263,0xbe7cff80,0xbac3eac0,0x4bf1540,4.0,0
264,0x1b0576d40,0x1dab88780,0x6aefeac0,4.0,0
265,0x1a42b2c80,0x1b39e2800,0x17b50480,4.0,0
266,0xb7d7f140,0x1acb525c0,0x11b62d480,4.0,0
267,0xba112a00,0x1a8384100,0x112296b00,4.0,0
268,0x1a506f1c0,0x1b0509b40,0x15566a80,4.0,0
269,0x1b3e8d880,0x1ac0dc400,0x1fe51c80,4.0,0
270,0x1af78f380,0x1a7c99000,0x8b16380,4.0,0
271,0x1b38e5ac0,0xae014680,0x11d8f1c40,4.0,0
272,0xbc7a7140,0x1b2f0cf40,0x10e8abe00,4.0,0
273,0x1a8b6d540,0xbca695c0,0x114104080,4.0,0
274,0x1b56c0100,0x1a30dd640,0x1661d740,4.0,0
275,0x1b8152d00,0x19fa98280,0x27bcaf80,4.0,0
276,0x1a2412f40,0x1aefd9b80,0xcbcb4c0,4.0,0
277,0x1a96bdfc0,0x1a76b4e40,0xe009180,4.0,0
278,0xb8075780,0x1aeb29f40,0x116b5c8c0,4.0,0
279,0x1a4537940,0xbcad8500,0x118fefc40,4.0,0
280,0xb9b146c0,0x1a6c0f5c0,0x11f71b300,4.0,0
281,0x1b5739d00,0x1a54d2840,0x103eb540,4.0,0
282,0x1b2385b80,0x1a5c27700,0x17fa2c80,4.0,0
283,0x1abc7b940,0x1b5f5ed40,0x1e325400,4.0,0
284,0x1b4d56240,0x1a6794200,0x12ac2040,4.0,0
285,0x1a84c6140,0xbdf385c0,0x115bfe480,4.0,0
286,0x1ac852200,0xb8a08c40,0x11425ae40,4.0,0
287,0xbcda7c80,0xbdece340,0x1369fc0,4.0,0
288,0x1b3d67b80,0x1a75081c0,0x1486fa40,4.0,0
289,0xbe932940,0x1af8b2c80,0x1111805c0,4.0,0
290,0xbef12800,0x1aa710640,0x114802e40,4.0,0
291,0xba954f00,0x1aa187740,0x1108d3840,4.0,0
292,0x1b74541c0,0x1b7ab8ec0,0xeecf00,4.0,0
293,0xba2435c0,0x1aa6c8980,0x11048bc40,4.0,0
294,0x1aba6de40,0x1b2d03f00,0x1976e140,4.0,0
295,0x1abc1fe80,0xac6b9500,0x107aa6b80,4.0,0
296,0xbcf0f4c0,0x1a789db80,0x11b792f40,4.0,0
297,0x1a39e7d40,0xbdd5d040,0x11e4bad00,4.0,0
298,0x1ac0e9280,0x1ae2876c0,0x226e440,4.0,0
299,0x1ad131dc0,0x1a7aca4c0,0xabfb900,4.0,0
300,0x1b2e3f8c0,0x1b421cf00,0x6c237c0,4.0,0
301,0x1b085dac0,0x1a631cac0,0x16b41000,4.0,0
302,0x1b5077b40,0x1af9f8740,0x1a98fc00,4.0,0
303,0x1af045e00,0xad1a76c0,0x1021e28c0,4.0,0
304,0xbeb44900,0x1a2203740,0x11c947e40,4.0,0
305,0x1a5862340,0x1a5100100,0x962240,4.0,0
306,0xbd730d80,0x1b2c5d240,0x10fb6dfc0,4.0,0
307,0x1adeac840,0x1a8c16f80,0x52ba7c0,4.0,0
308,0xba23d140,0x1a4798e00,0x11e5a5f40,4.0,0
309,0x1b1f04900,0x1a2353f80,0x13c57680,4.0,0
310,0xad054d00,0xadcfc780,0xca8a80,4.0,0
311,0x17f248480,0xb82ef1c0,0x1c70a7540,4.0,0
312,0x1aa471300,0x1a2674200,0x8205100,4.0,0
313,0xb81f6240,0xba3bf580,0x22497c0,4.0,0
314,0x1aec668c0,0x1b7ef2000,0x192948c0,4.0,0
315,0x1a30d3a40,0x1a8731180,0xb7e2bc0,4.0,0
316,0x1b2799f00,0xbcc72500,0x10ebeba00,4.0,0
317,0x1ace71c40,0xb3f5da80,0x11f12c6c0,4.0,0
318,0x1a8bd9c40,0x1a2b42a40,0xa09b600,4.0,0
319,0xadeb0140,0x1a4b89540,0x109539400,4.0,0
320,0x1a316a1c0,0x1a80d34c0,0xb1b9500,4.0,0
321,0x1a80ae640,0x1aca0cf40,0x4aa2900,4.0,0
322,0x1a1a75700,0x1b4ac4ec0,0x150b19c0,4.0,0
323,0x1b4247ec0,0x1b023b840,0x407c680,4.0,0
324,0xba792cc0,0x1ac5d67c0,0x116244b00,4.0,0
325,0x1b09b37c0,0xae391a00,0x11ea22dc0,4.0,0
326,0x1af1a9f40,0x1af640c80,0x7e93c0,4.0,0
327,0xbb42bbc0,0x17f040240,0x1c446b980,4.0,0
328,0x1b001fe80,0xb821ce00,0x108203080,4.0,0
329,0x1b38497c0,0x1a59ca740,0x16183080,4.0,0
330,0x185418e00,0xbd5ec240,0x1381f4c40,4.0,0
331,0xbe9208c0,0xba2d8d40,0x4bf8580,4.0,0
332,0xbb589740,0x19f8fd500,0x124d74240,4.0,0
333,0x1a461e7c0,0x1b56673c0,0x11079400,4.0,0
334,0xafa5bf40,0xbe78c900,0x11dd7640,4.0,0
335,0x184b5b900,0x1a245a100,0x26f01800,4.0,0
336,0xb9be8dc0,0x1a7293f80,0x11e97b240,4.0,0
337,0x1ad9d1080,0x1ada21500,0x3f0580,4.0,0
338,0x1a229de40,0xacc32f40,0x10eeaf100,4.0,0
339,0x1a41a1d40,0x18528ab00,0x2132b640,4.0,0
340,0x1b329f740,0x1b377a540,0x5e5200,4.0,0
341,0x1b1ce3500,0x1a898e680,0x1956d380,4.0,0
342,0x1a92451c0,0x1a6c4a100,0xfe0f0c0,4.0,0
343,0x1a7058900,0x19f88a040,0x388d2940,4.0,0
344,0xb0cc8f00,0x1846670c0,0x134aaffc0,4.0,0
345,0x1a3cde780,0x1a4013d40,0x7ccdac0,4.0,0
346,0x1b5694300,0xba85e040,0x10feca340,4.0,0
347,0x1b2875a80,0xba17ca80,0x108909000,4.0,0
348,0x1ad1ab540,0x1b5ab8240,0x18b13700,4.0,0
349,0x1a5d33e40,0x1ac49b480,0x99a8ac0,4.0,0
350,0xb888eb40,0xaea3b740,0x162b5c00,4.0,0
351,0x1ad45f5c0,0xba872940,0x117c2dc80,4.0,0
352,0xba0b16c0,0x1a1b74640,0x11bbc5080,4.0,0
353,0x1a2ce4e40,0x1aac94500,0x8070b40,4.0,0
354,0x1a803d580,0xbc1d1b80,0x1141ece00,4.0,0
355,0x1a95aa040,0xb1e7bcc0,0x118bd1c80,4.0,0
356,0x1b81900c0,0xb1e2c540,0x109fbc580,4.0,0
357,0x1a8d1b380,0xbe6d2280,0x116bc9100,4.0,0
358,0x1a7787640,0x1ae998c80,0x9e1fac0,4.0,0
359,0x1a502e2c0,0x1ac662580,0x964c740,4.0,0
360,0x1aeaead40,0x1a7931a40,0x93db700,4.0,0
361,0x1af1e02c0,0x1aa60a080,0x57ea240,4.0,0
362,0x1b52c0a80,0x1a86e0d40,0x1d4207c0,4.0,0
363,0xaf960b00,0x1a88f6fc0,0x1071964c0,4.0,0
364,0x1a4623f80,0x1b810f940,0x1c72c6c0,4.0,0
365,0xac9ef480,0x1a581aac0,0x1091f5e40,4.0,0
366,0x1a296e080,0x1a7a9fa40,0x53f1ac0,4.0,0
367,0xb19dd400,0x1abb64780,0x11a2b9380,4.0,0
368,0xacf3b080,0x1b4ac7240,0x1185fc2c0,4.0,0
369,0xbcd69c80,0x1ae5e2600,0x11288ba80,4.0,0
370,0x1851dde00,0x1a4e53cc0,0x21f8e2c0,4.0,0
371,0x1ae96f300,0xb9803ec0,0x11716cdc0,4.0,0
372,0x1a5190240,0xb7ea2680,0x112f324c0,4.0,0
373,0x1a3c9d180,0xbd735880,0x11eba8900,4.0,0
374,0xbd9b6300,0x1a78f0440,0x11a146740,4.0,0
375,0x1b5f08e00,0x17f229040,0xcad21e40,4.0,0
376,0x1add8cec0,0x1ab62e0c0,0x6ba2e00,4.0,0
377,0x1a92770c0,0xad384940,0x1041f3980,4.0,0
378,0x1b2133e00,0x1a2b72bc0,0x10a415c0,4.0,0
379,0x1b09f3940,0x1b537bd80,0x5a884c0,4.0,0
380,0x1b83a7500,0x1aa834dc0,0x12b938c0,4.0,0
381,0x1daabb880,0x1a1a9f5c0,0x7b024d40,4.0,0
382,0x1b0ef9800,0xbaa39c80,0x10a4c0480,4.0,0
383,0x1aba28d40,0x184c9e880,0x2f6b65c0,4.0,0
384,0x1ade10f00,0xbe5ff9c0,0x113bef6c0,4.0,0
385,0x1abf0be80,0x1acc32d00,0x7339380,4.0,0
386,0x1aa4906c0,0xb1bcb180,0x11bf5b740,4.0,0
387,0xac435bc0,0x1ae245900,0x1026702c0,4.0,0
388,0x1b5b1f800,0xbe931d40,0x10b22e540,4.0,0
389,0x1b74ec180,0x1a707db00,0x10491a80,4.0,0
390,0x1b298d1c0,0xbdae7fc0,0x10f36ae00,4.0,0
391,0x1a5ceab80,0x1a6c5f080,0x30b5b00,4.0,0
392,0x1a59f3080,0x1adb86c40,0x8275cc0,4.0,0
393,0x1aed5b9c0,0x1b6691ec0,0x18bca700,4.0,0
394,0x1aea64840,0x1a63da300,0x89beb40,4.0,0
395,0x1b1e97c40,0xb9bf7d40,0x108560100,4.0,0
396,0x1af0340c0,0x1b1ade4c0,0x1eaea400,4.0,0
397,0x1ada5a300,0x1a6bb88c0,0xb1e2bc0,4.0,0
398,0x1aae28180,0x19f9ef040,0x357c71c0,4.0,0
399,0x1a3ce1140,0x18545d080,0x268bc1c0,4.0,0
400,0x1a574ba40,0x1ae012000,0xb759a40,4.0,0
401,0x1aa919d80,0x1ae001100,0x4918c80,4.0,0
402,0x1ad93c180,0x1b30f4940,0x1e9c88c0,4.0,0
403,0x1a2ed0a00,0x1a98e59c0,0xb6353c0,4.0,0
404,0x1a62b06c0,0x1845e1b80,0x22751d40,4.0,0
405,0x1af5874c0,0x185462880,0x2a1e5c40,4.0,0
406,0x1b31a6b40,0x1b3e97040,0xf31b00,4.0,0
407,0x1a494b900,0x19ff04c00,0x3b64f500,6.0,1
408,0x1a7ea8cc0,0x1b22122c0,0x15cbae00,4.0,0
409,0xbea72ac0,0x1b4d31500,0x10a743fc0,4.0,0
410,0x1b7a12600,0x1ac5fe700,0x1bfec100,6.0,1
411,0xc062b240,0xb80156c0,0x7863e480,4.0,0
412,0xadc2ac00,0x1b53d2580,0x118ff8980,4.0,0
413,0x1b16adfc0,0x1adfb3d80,0x1c91e240,4.0,0
414,0x1b31055c0,0x1b3fb4100,0xeb14c0,4.0,0
415,0x1ab49ae00,0x184c76000,0x2f8ece00,4.0,0
416,0xab2c9100,0x1b49dab80,0x11fb13a80,4.0,0
417,0x1ab901100,0x1b49b02c0,0x1f0b13c0,4.0,0
418,0x1ae7594c0,0x1ad3f6b00,0x34affc0,4.0,0
419,0xaea42c80,0x1b2e2eb80,0x11c46c700,4.0,0
420,0x1ac6636c0,0x1b28cd140,0x1eeae780,4.0,0
421,0x1b0b1c400,0x1a5c95200,0x15789600,4.0,0
422,0xbc47d1c0,0x1b3fd2d00,0x10fbafcc0,4.0,0
423,0xadf9ee00,0x1b36bce80,0x11e922080,4.0,0
424,0x1ac72a000,0x1b67248c0,0x1a00e8c0,4.0,0
425,0x1ae879380,0x1a95c6600,0x7dbf580,4.0,0
426,0x1a91ad000,0xb7e9d5c0,0x11ef305c0,4.0,0
427,0x1b40bbcc0,0xb8193c00,0x10c1280c0,4.0,0
428,0x1b1b06b40,0x1abcaec80,0x1a7a87c0,4.0,0
429,0xafa0e980,0xbd634140,0x12c3a8c0,4.0,0
430,0xb0ea1dc0,0x1aa0f1780,0x11ae50a40,4.0,0
431,0xc0785140,0x1ad21bec0,0x16d59ef80,4.0,0
432,0x1a5756300,0x1b2ebd280,0x179eb180,4.0,0
433,0x1a8058180,0x1b22d47c0,0x1a28c640,4.0,0
434,0xb0e66d80,0x1abb9de00,0x11b5fb380,4.0,0
435,0x1ab58e380,0x1b11c6440,0x1a4487c0,4.0,0
436,0xaeaa2f80,0x1a2534780,0x10cf96800,4.0,0
437,0x1b5a7f680,0x1b01c3140,0x5bbc7c0,4.0,0
438,0x1b492c4c0,0x19f8c9480,0x2b1e5040,4.0,0
439,0x1a9d0afc0,0x1a74e14c0,0xe9ebb00,4.0,0
440,0x1b4a77d80,0x1855a8340,0x31fdfec0,4.0,0
441,0x1af6ccac0,0x1a4169d80,0xb7a5740,4.0,0
442,0x1b38dd900,0xac493780,0x11fc4ee80,4.0,0
443,0x1ae8c7980,0x1ab86f480,0x50a8d00,4.0,0
444,0x1b44e7440,0x1ad51d300,0x191fa740,4.0,0
445,0x1b552a5c0,0xac6e4200,0x1193ce7c0,4.0,0
446,0xbc6a6a80,0x1a4406700,0x1182a0d80,4.0,0
447,0xbe8440c0,0x1a1e13d80,0x11f657d40,4.0,0
448,0x1b5ee8980,0x1b351c280,0x6bf4b00,4.0,0
449,0xbcc29540,0x1a2b6b740,0x11e742200,4.0,0
450,0x1a5545080,0x1a47258c0,0x1260840,4.0,0
451,0x1b2156b80,0x1a8a5f000,0x1ab09b80,4.0,0
452,0x1a5080080,0x1ae061200,0xb0e1280,4.0,0
453,0x185447140,0x184b16540,0x1f51400,4.0,0
454,0x1acbb46c0,0x1a79dc100,0xb2687c0,4.0,0
455,0x1a673ca00,0x1a7b71440,0x1c4de40,4.0,0
456,0x1a50c9440,0x1b41744c0,0x111bd080,4.0,0
457,0x1aa0451c0,0x1b8110d80,0x12155c40,4.0,0
458,0x1a4accc40,0x1b8131b40,0x1cbfd700,4.0,0
459,0x1a9ac4200,0x1b75d8080,0x1ef1c280,4.0,0
460,0x1ab6d9e40,0x1a54797c0,0xe2a0980,4.0,0
461,0xb183c280,0x1a7d978c0,0x1165aba40,4.0,0
462,0x1a84a4ec0,0x1aa040380,0x24e4d40,4.0,0
463,0x1a87d0640,0x1a48d2880,0xcf02ec0,4.0,0
464,0xaddc1600,0x19fcc8b80,0x132109d80,4.0,0
465,0xbc0fdfc0,0x1a8351680,0x1143ac940,4.0,0
466,0xade5d480,0x1b6523b40,0x11bb7efc0,4.0,0
467,0x1af1d46c0,0x1a789d500,0x89493c0,4.0,0
468,0x1ab20fd80,0x1acea6800,0x7ca9580,4.0,0
469,0x1a6af8a40,0x1b61e9440,0x10b11e00,4.0,0
470,0x1b2ca7940,0x1ab5a0440,0x19907d00,4.0,0
471,0x1a41e4880,0xbaedbd80,0x11ef3f500,4.0,0
472,0xb0fdd900,0x1ace4ea40,0x11c193340,4.0,0
473,0x1b4b30b00,0x1a928f540,0x1d9bfe40,4.0,0
474,0x1aa80b580,0x1a4a7ed00,0xe275880,4.0,0
475,0x1a72f2600,0x1b4b093c0,0x139fb5c0,4.0,0
476,0x1a8b1d4c0,0x1a4a92880,0xc18fc40,4.0,0
477,0x1a2de5c80,0x1afbe73c0,0xd602f40,4.0,0
478,0x1ad6f8c00,0x1a99212c0,0x4fd9ec0,4.0,0
479,0xbaae4c40,0x1afd05200,0x1157e1e40,4.0,0
480,0x1a96aee40,0x184cacc00,0x2da02240,4.0,0
481,0x1b647a8c0,0x1abecc2c0,0x1dab6a00,4.0,0
482,0x1b3e5b740,0x1ac393f80,0x1fdc88c0,4.0,0
483,0x1b238e7c0,0x1a54f54c0,0x1777b300,4.0,0
484,0x19fe5f780,0x1855f2200,0x1abad580,4.0,0
485,0x1a2369900,0x1b0f910c0,0x12cf89c0,4.0,0
486,0x1a8c1d640,0x1a4972180,0xc56f7c0,4.0,0
487,0x1addafe80,0x1adbe0f40,0x64f1c0,4.0,0
488,0x1b032bbc0,0xc0643980,0x170568240,4.0,0
489,0x1b52954c0,0x18575c140,0x305c9580,4.0,0
490,0x1abc0f6c0,0xb89e4ac0,0x1135ebc00,4.0,0
491,0x1b46f0500,0x1b3351b80,0x75a1e80,4.0,0
492,0x1a58ca340,0xc048f180,0x165c452c0,4.0,0
493,0x1a93c2f40,0x1b1be6f80,0x188240c0,4.0,0
494,0x1a5ea7440,0x1a212cb80,0x7f8bfc0,4.0,0
495,0x1a7d76180,0xb9a982c0,0x11e7ee340,4.0,0
496,0x1b7ffe780,0x1a4f35a40,0x130cbdc0,4.0,0
497,0x17f1b2580,0x1b1ce3f00,0xced51a80,4.0,0
498,0x1af6349c0,0x1b0bcbd80,0x1fdff440,4.0,0
499,0x1b5dfe3c0,0x1ad11e180,0x18ce0240,4.0,0
500,0xb3e7df80,0x1b658cd00,0x105bf1280,4.0,0
501,0xaebfc240,0xbeb63600,0x1009f440,4.0,0
502,0x1a1b88e80,0xb83690c0,0x1198e1e40,4.0,0
503,0x1a9baf540,0xba231a80,0x11399efc0,4.0,0
504,0xafa26a80,0xae8daa00,0x12fc080,4.0,0
505,0xc052ebc0,0x1aa9f2140,0x16acdca80,4.0,0
506,0xb0eba4c0,0x1aaa3c100,0x11a4865c0,4.0,0
507,0xadda6cc0,0x1aa5f4840,0x107852480,4.0,0
508,0x1a6fc2280,0xacbb2c40,0x10a470ec0,4.0,0
509,0xb8b4d7c0,0x1ab28e700,0x1139c30c0,4.0,0
510,0xb804c7c0,0xc0763940,0x7872fe80,4.0,0
511,0x19ff739c0,0xba06ff80,0x125f1c640,4.0,0
512,0x1ac35b3c0,0x1b586af40,0x19b31c80,4.0,0
513,0x1a2fb9e80,0x1a1e19d80,0x31a0300,4.0,0
514,0x1ac8c0cc0,0x185523240,0x29de3e80,4.0,0
515,0x1adb5cf00,0xbacbdc80,0x1177e1380,4.0,0
516,0x1b4339f40,0x1b04bb180,0x4782ec0,4.0,0
517,0xab0ec280,0xbea7fe00,0x15a93c80,6.0,1
518,0x1a790e240,0x1a57f07c0,0x2efe580,4.0,0
519,0x1aa993880,0x1a66f1cc0,0xcf62440,4.0,0
520,0x1a8ee4200,0xbcd95440,0x114371640,4.0,0
521,0x1af508e00,0x1ad40f6c0,0x21078c0,4.0,0
522,0x1aa340540,0x1b22fbb00,0x181bbe40,4.0,0
523,0x1b6627f00,0x1af727800,0x19100700,4.0,0
524,0x1a41f6740,0x1854b26c0,0x21544180,4.0,0
525,0x184520f00,0x1aed22f00,0x2a802000,4.0,0
526,0x1a65f8040,0xbac208c0,0x11c9d8880,4.0,0
527,0x19f8d8e80,0xbdd8d400,0x122555a80,4.0,0
528,0xbaa4a800,0xac6e7d00,0x16cad500,4.0,0
529,0x1b16fd180,0x1a5c1b500,0x14ae6480,4.0,0
530,0x1b7863f80,0x1a56e50c0,0x12e86f40,4.0,0
531,0x1a588e180,0xb7de1ec0,0x11256ff40,4.0,0
532,0x1b47c5240,0x2483cf400,0x3fc40a640,4.0,0
533,0xacb0ccc0,0x1a255e480,0x10ee52840,4.0,0
534,0xbc3abbc0,0xbcfe4540,0xc4fe80,4.0,0
535,0xbe516180,0x1acb33dc0,0x112e25c40,4.0,0
536,0xb7f949c0,0x1b50e7f80,0x102f73640,4.0,0
537,0x19fd674c0,0x1a4eddf00,0x3b3babc0,4.0,0
538,0x1ad86da80,0x1b56d43c0,0x18eb9940,4.0,0
539,0x1b2970700,0x1b05cf1c0,0x2cbf6c0,4.0,0
540,0xaf9bbac0,0xb3c92600,0x1c529cc0,4.0,0
541,0xbc0d2100,0x19f82eb00,0x1238fca00,4.0,0
542,0x1af17fec0,0x1a4399f80,0xb2e6140,4.0,0
543,0x1af031f00,0x1a84d9700,0x74e8800,4.0,0
544,0x1a3adbcc0,0xbe62c080,0x11dcf7c40,4.0,0
545,0x1acd19c00,0x1847aac40,0x28ab3040,4.0,0
546,0xbde01140,0x1b11cbd80,0x10cfcacc0,4.0,0
547,0x1b0418b00,0x1a5bcc380,0x15fd4880,4.0,0
548,0x1b12bf180,0x1a28f9800,0x13a46980,4.0,0
549,0xb0d33840,0x1b4f0ed40,0x10423d500,4.0,0
550,0x1b6271d40,0x1ac12e9c0,0x1a35f480,4.0,0
551,0xacdfcb40,0x1b0e0f700,0x11c3f3c40,4.0,0
552,0x1a7ea0940,0x1a6f79000,0x11d9940,4.0,0
553,0xbea1e640,0xbeacb400,0xd5240,4.0,0
554,0x1a2ad83c0,0x1ad70cd40,0xfdd4e80,4.0,0
555,0x1aad8c5c0,0x1b430ee80,0x1ee82b40,4.0,0
556,0x1a5f6d380,0xae10c6c0,0x10be61540,4.0,0
557,0x1b2682980,0x1b3511240,0x1393bc0,4.0,0
558,0x1b18ed680,0x1a833f880,0x19bd2e00,4.0,0
559,0xb8b5d940,0x1b3f34340,0x10b469a00,4.0,0
560,0xb9b7f940,0x1adfb4540,0x1144cbc00,4.0,0
561,0x1b3322f80,0x184ebfa80,0x37d9d500,4.0,0
562,0xbc3002c0,0xac446a80,0x10746840,4.0,0
563,0x1a2f16e40,0x1b4cee440,0x163f8a00,4.0,0
564,0x1ab0e4280,0x1a7fd1680,0xcf35400,4.0,0
565,0x1b00881c0,0x1a789b000,0x178131c0,4.0,0
566,0xbcc40040,0xba705d00,0x6b45d40,4.0,0
567,0xae274700,0x1b772e980,0x11955ae80,4.0,0
568,0x1a3836d00,0xbad3dd40,0x11950b040,4.0,0
569,0x1b36ecd80,0x1a4f340c0,0x179d8d40,4.0,0
570,0x1a5402ac0,0xaeab1380,0x10beb3940,4.0,0
571,0x19fe67f80,0x1a9ed9e40,0x360be1c0,4.0,0
572,0x1b2710a40,0x1b0174900,0x2664340,4.0,0
573,0xadff0080,0x1aa4890c0,0x107b79040,4.0,0
574,0x1b78d91c0,0xaeb48a00,0x119391bc0,4.0,0
575,0x1a4901400,0x1aa93bb00,0xe03af00,4.0,0
576,0xb8342f40,0xbc731380,0x4473cc0,4.0,0
577,0x1a7c85580,0x1b49d2240,0x135577c0,6.0,1
578,0xb0c22e40,0xbee3e3c0,0xe21cd80,4.0,0
579,0x1b034b680,0xab19f0c0,0x11b2d4640,4.0,0
580,0x1afafda40,0xbe7e6840,0x111d1b200,4.0,0
581,0x1b7a640c0,0x1a84aba80,0x1fecfa40,6.0,1
582,0x1a391c540,0x1b41bd800,0x178a1d40,4.0,0
583,0x1a791f440,0x1a5d78240,0x2467600,4.0,0
584,0x1ac6b3540,0xbcd851c0,0x110b36480,4.0,0
585,0x1a9017340,0x1b0620000,0x19637340,4.0,0
586,0x1a49bf540,0x1a73092c0,0x3ab6780,4.0,0
587,0x1dab1ee40,0x1b54f4fc0,0x6ffea180,4.0,0
588,0xad036bc0,0x1a2ed8f00,0x10feee4c0,4.0,0
589,0x1a6608080,0x1b2e05d80,0x1480dd00,4.0,0
590,0x1a5e0e900,0xad2954c0,0x108c9bdc0,4.0,0
591,0x1a43cb880,0xb3d96840,0x117e5d0c0,4.0,0
592,0xb0e71840,0x1aabbbe40,0x11a5ca600,4.0,0
593,0xab1ffa80,0xbd88f680,0x16970c00,4.0,0
594,0xbb74a200,0x1a680a140,0x11df40340,4.0,0
595,0x1a26f1780,0x1a872ac80,0xa1dbb00,4.0,0
596,0x1abc8d980,0x1b8179840,0x13df41c0,4.0,0
597,0x1af7fb700,0x1ae1cef00,0x1635800,4.0,0
598,0x1b23c2040,0xbd5e9b40,0x10f62bb00,4.0,0
599,0xbcefd140,0xaea215c0,0x124dc480,4.0,0
600,0x1b5540d40,0x1a200d480,0x1754d9c0,4.0,0
601,0xae3375c0,0x19fd25280,0x131e12740,4.0,0
602,0x1a7f3b740,0x1b2fa7440,0x1509c300,4.0,0
603,0x1b44a5240,0x1a3c69340,0x178cc100,4.0,0
604,0x1b42a5340,0x184852300,0x30af7040,4.0,0
605,0x1b55da0c0,0x1b83d8c40,0xd602c80,4.0,0
606,0x1a968b7c0,0xb3d2e980,0x11aba5e40,4.0,0
607,0xbead2480,0x1ae1f9000,0x110b2b480,4.0,0
608,0x1a8e117c0,0xbde7cf40,0x11506d880,4.0,0
609,0x17f0266c0,0x1a1a3e9c0,0xdea18f00,4.0,0
610,0x1b036e080,0x18453be40,0x34655ec0,4.0,0
611,0x1a858e640,0x1a2485a00,0xa10bc40,4.0,0
612,0x184f40680,0x1b61add80,0x32eedb00,4.0,0
613,0x1af279900,0x1af046700,0x23fe00,4.0,0
614,0x1b23788c0,0x1a826fa80,0x1a117240,6.0,1
615,0x1b2b6acc0,0x1add44600,0x1f62eac0,4.0,0
616,0x1a8de7f00,0x1ac9f4280,0x4413d80,4.0,0
617,0x1acdae8c0,0x1af148680,0x3ce6e40,4.0,0
618,0x1a5e266c0,0xace0db00,0x10902bdc0,4.0,0
619,0x1b191b9c0,0x1b83f0a00,0x9aeb3c0,4.0,0
620,0x1a7af4e00,0xb9be1a80,0x11e115480,4.0,0
621,0x19fe54640,0xba6b25c0,0x1258e6380,4.0,0
622,0x1abdd5400,0xbaf60b00,0x1112b5f00,4.0,0
623,0x1a3c28600,0x1b300bbc0,0x10c23dc0,4.0,0
624,0x1a31e1a40,0x1a2ad8cc0,0x1b39680,4.0,0
625,0x1b366e5c0,0x1b1973ac0,0x2f1df00,4.0,0
626,0xb1d28b00,0xb8bfac00,0x96d2700,4.0,0
627,0x1b2a1e4c0,0xbdbd9180,0x10f1c7540,4.0,0
628,0x184e5a980,0x1a8121e00,0x2cf7b780,4.0,0
629,0x1acd8f880,0x1af65e280,0x3bd1a00,4.0,0
630,0x1aefb6880,0xbc04f540,0x112ff9dc0,4.0,0
631,0xadfa7880,0x1b61c2780,0x11be65f00,4.0,0
632,0x1b139d800,0x1af200140,0x1e19d940,4.0,0
633,0x1abf95e00,0x1b55e8ec0,0x1ea7d0c0,4.0,0
634,0x1b5502c80,0x1a3d3c7c0,0x1683eb40,4.0,0
635,0x1b4763900,0xbc912a80,0x108e71380,4.0,0
636,0x1afce1280,0x1b2242f40,0x1dea3dc0,6.0,1
637,0x1b164b080,0x1a27fa680,0x131b1600,4.0,0
638,0x1aa4e5a40,0x1b3dde680,0x1993bcc0,4.0,0
639,0x1b3c2a280,0x1ac2ec480,0x1fec6600,4.0,0
640,0x1b4cdb340,0xb9a70840,0x10d6abb00,4.0,0
641,0x1a40eaf40,0x1b559fe40,0x11575100,4.0,0
642,0xbb465440,0xac8e2440,0x17c87000,4.0,0
643,0x1b32e7fc0,0x1abf6fe00,0x18d881c0,4.0,0
644,0x1a3cda240,0xb0da0880,0x11317aac0,4.0,0
645,0x1a1a58080,0xb7db4ac0,0x1167eca40,4.0,0
646,0xbd7e9dc0,0x1a3eaa900,0x11e9434c0,4.0,0
647,0x1adf03240,0x1a278e5c0,0xf88d780,4.0,0
648,0x1b14cfa80,0x17f004080,0xce4cba00,4.0,0
649,0x1b619b4c0,0x1ad717700,0x1b68c3c0,4.0,0
650,0xb8a27840,0x1b0d89dc0,0x1087ae580,4.0,0
651,0x1af7be180,0xbdd9eac0,0x112a20b40,4.0,0
652,0x1a9511d00,0x1a7294200,0xe785f00,4.0,0
653,0x1b18ef180,0x1b2561780,0x3d8e600,4.0,0
654,0x1b7d16880,0x1ac1a4400,0x1bcb2c80,4.0,0
655,0xae96fc00,0x1b4dfcbc0,0x11a4937c0,4.0,0
656,0xae2dec40,0x1a79e7b80,0x109b397c0,4.0,0
657,0x1b08e0a00,0x1ad602080,0x1dee2a80,4.0,0
658,0x1a359ffc0,0x1aa053a00,0x95cc5c0,4.0,0
659,0x1b7f95e80,0x1a5e9f200,0x1210ac80,4.0,0
660,0x1af17b280,0xba341f00,0x11523ad80,4.0,0
661,0xbd598cc0,0xbac9e040,0x7906c80,4.0,0
662,0x1a2348840,0xac558f00,0x10e610740,4.0,0
663,0x1daaff640,0x1b1c3c2c0,0x6b6c3480,4.0,0
664,0x1a8595f80,0xbdce8b00,0x11597d480,4.0,0
665,0xbc1329c0,0x1a9584800,0x1154b61c0,4.0,0
666,0x1ad0f48c0,0x1b3bc0b40,0x1eb34380,4.0,0
667,0x1847792c0,0x1b51705c0,0x31609700,4.0,0
668,0x1b7c78d80,0x1b0cad440,0x70d59c0,4.0,0
669,0x1adc16d40,0xbae40600,0x117256b40,4.0,0
670,0xbc8e0840,0x1b1514980,0x10ddf41c0,4.0,0
671,0x1b46dc200,0x1a250d480,0x163d1680,4.0,0
672,0x1b7521500,0xbd8cec00,0x10adef900,4.0,0
673,0x1ae734540,0x1846254c0,0x2a111180,4.0,0
674,0x1b40c0600,0x1ac5553c0,0x185955c0,4.0,0
675,0xbc1646c0,0x1a9f80880,0x115ee4e40,4.0,0
676,0x1aa9f3300,0x1a1814380,0xb1e7080,4.0,0
677,0x1a8911900,0x1ab15fb40,0x384e240,4.0,0
678,0x1aa286280,0x1a8654f40,0x24d2dc0,4.0,0
679,0x1a3ae0e00,0x1b0c40240,0x136a0c40,4.0,0
680,0xaeab2a40,0x1a7ee37c0,0x109451d80,4.0,0
681,0x1845e9a40,0x1b061e300,0x343f7940,4.0,0
682,0xb1e42300,0xaf8b5d00,0x1e6f7e00,4.0,0
683,0x1abcd38c0,0x1b7d2c080,0x1c1ff840,4.0,0
684,0x1afadf180,0xbcda7640,0x1137787c0,4.0,0
685,0x1847ab6c0,0x1b19df9c0,0x35e74f00,4.0,0
686,0x1b06adfc0,0x1b3acc8c0,0x3c61700,4.0,0
687,0xbcea3e80,0xbb57a4c0,0x7bd9a40,4.0,0
688,0x1a54594c0,0x1a76d13c0,0x2288700,4.0,0
689,0x1ae084980,0x18563eb00,0x2b6ba280,4.0,0
690,0x1b204b780,0x1b24b9040,0x4f27c0,4.0,0
691,0x1a854a380,0xbc9e4a80,0x114cae900,4.0,0
692,0xbaaf73c0,0x1afa7fc80,0x115088f40,4.0,0
693,0xbc4dc5c0,0x1a3002640,0x11f4de380,4.0,0
694,0x1b643fbc0,0x1af3543c0,0x1976b800,4.0,0
695,0x1b2867880,0x1a1a89600,0x132eee80,4.0,0
696,0x1b55a2b80,0x1b22dc2c0,0x777e940,4.0,0
697,0x1b04cc900,0x1b58f5ec0,0x5c397c0,4.0,0
698,0x1b090f000,0x1a2e2b200,0x12724200,4.0,0
699,0x1b5405f40,0x1a6879180,0x13c7cec0,4.0,0
700,0x1a1fc5840,0xbabd7600,0x11b412e40,4.0,0
701,0x184dc3b40,0x1b0a98800,0x3475b340,4.0,0
702,0x1aef4dec0,0x1afd609c0,0x122d700,4.0,0
703,0x1a5636cc0,0x1b2f113c0,0x17927f00,4.0,0
704,0x1b5856d80,0x1b2226640,0x7a70bc0,4.0,0
705,0x1b14daec0,0x1ae52d540,0x1f1f7b80,4.0,0
706,0x1ab369680,0x1a0449240,0xb7204c0,4.0,0
707,0x1b001bfc0,0x1a40e5a40,0x140fe580,6.0,1
708,0x1ae553f00,0x1a39ae5c0,0xdcfdac0,4.0,0
709,0x1a5d0c080,0xbd930ac0,0x11843ca40,4.0,0
710,0xbed26980,0x1854de940,0x13b9f80c0,4.0,0
711,0x1ab4cc100,0x1ad354540,0x6798440,4.0,0
712,0xc05f6c00,0xb8b0ba00,0x78efd600,4.0,0
713,0xbee97400,0x1a6e97c00,0x118000800,4.0,0
714,0xadfedc00,0x1a5220340,0x108dcdf40,4.0,0
715,0x1ac27bd80,0xadec1440,0x101cba9c0,4.0,0
716,0x184b81980,0xad375900,0x1298f4080,4.0,0
717,0x1b3319c40,0xb9b30840,0x10a829400,4.0,0
718,0x19f84e2c0,0xaf826900,0x130068bc0,4.0,0
719,0x1a6dafc00,0x1b4330080,0x12e9fc80,4.0,0
720,0x1af425f40,0x184eaeac0,0x2ba8b580,4.0,0
721,0x1a8da15c0,0x1a07b45c0,0x8a15000,4.0,0
722,0x1b5982d40,0x1b7fe2580,0x26608c0,4.0,0
723,0x1a3924000,0xbdfb4c40,0x11e690c40,4.0,0
724,0x1a181bb40,0x1a82550c0,0x9a4eb80,4.0,0
725,0x1b465d700,0x1b14ae500,0x52f3200,4.0,0
726,0xbc112a00,0x1a67b5800,0x11a6a7200,4.0,0
727,0xae924a40,0x1b3ce1600,0x11d5c5c40,4.0,0
728,0xbe5e5240,0x1aca40e40,0x112fa5c00,4.0,0
729,0x184864240,0x1a974fe40,0x2df2bc00,4.0,0
730,0xac751180,0x1abde9fc0,0x107ab8e40,4.0,0
731,0x1abfd22c0,0x1af291b00,0x4d439c0,4.0,0
732,0xac9408c0,0x1a5776f00,0x109e367c0,4.0,0
733,0x1a312f380,0x1b226bbc0,0x11344840,4.0,0
734,0x1a2977840,0x1a8a49f80,0xa33e7c0,4.0,0
735,0x1acadfc40,0xb83ed780,0x114932bc0,4.0,0
736,0xbc04da80,0x1b43ec200,0x1083a1880,4.0,0
737,0x1b0200d80,0x1a1c4a7c0,0x11e4aa40,4.0,0
738,0x1b2259780,0xbccf0d80,0x10eea9a00,4.0,0
739,0x1ab3d0400,0x1b2699300,0x19549700,4.0,0
740,0x184509e40,0x1a5eb8b00,0x21bb1540,4.0,0
741,0xba13b800,0x1a520c840,0x11f337040,4.0,0
742,0x1aaa93340,0x1ad93e240,0x73ad100,4.0,0
743,0x1b7457e80,0x1b00b5580,0x74e2b00,4.0,0
744,0x1847e9080,0xba7910c0,0x13e078040,4.0,0
745,0xb3d033c0,0x1afbf9200,0x11c6fa1c0,4.0,0
746,0x1a98f5080,0xba136680,0x1139c3600,4.0,0
747,0x1a5315d40,0x1a3d11980,0x6e044c0,4.0,0
748,0x1ae3685c0,0x1a686a0c0,0x8b02500,4.0,0
749,0x1b4ba2540,0x1af104e00,0x1baa6b40,4.0,0
750,0x1aded8040,0x1a7b0d180,0xa5d51c0,4.0,0
751,0x1a6751580,0x1b207fac0,0x1472ef40,4.0,0
752,0x1a2384380,0x1b4cbd300,0x16f39080,4.0,0
753,0xbaaf5280,0x1b2a01b00,0x1080f4980,4.0,0
754,0x1ad8920c0,0x1a414a680,0x99d8640,6.0,1
755,0x1ab525e00,0xbc429f00,0x11710c100,4.0,0
756,0x1a84281c0,0x1b411c600,0x1c5347c0,4.0,0
757,0x1b0857780,0x1b1a25500,0x1272280,4.0,0
758,0x1a86e4840,0x1aeff4600,0x6910e40,4.0,0
759,0x1a801ea80,0x1a7b128c0,0xfb0c240,4.0,0
760,0xbe8746c0,0xbe7a1e40,0xfd5880,4.0,0
761,0xbeb4fb00,0xbabfa740,0x40b5c40,4.0,0
762,0x1af4c5500,0xbecfb840,0x11183ed40,4.0,0
763,0xae26b0c0,0x1a3cb7ac0,0x10dedca00,4.0,0
764,0xb0dcd900,0xbb7af600,0xba62f00,4.0,0
765,0x1b19e08c0,0x1b29a1940,0x3041180,4.0,0
766,0x17f2f4780,0x1b649ce40,0xc96689c0,4.0,0
767,0x1ab6ac440,0x1b779db00,0x1c131f40,4.0,0
768,0x1b1de5180,0x1a44266c0,0x159c3740,4.0,0
769,0x1b1e29640,0xb0f41240,0x101168400,4.0,0
770,0x1a7194d80,0x1a3894440,0x49009c0,4.0,0
771,0x1b1a08140,0x1ae126f40,0x1fb2ee00,4.0,0
772,0xba731a80,0x1a8ee98c0,0x1129d8240,4.0,0
773,0x1a6091440,0x1a51432c0,0x31d2680,4.0,0
774,0x1b6248ec0,0xbc4a8ec0,0x10a6e0000,4.0,0
775,0x1ab07abc0,0x1a91d3580,0x21a9e40,4.0,0
776,0x1b2113d00,0xbe4d76c0,0x10c5c4bc0,4.0,0
777,0x1a4677d00,0x1a8263200,0xc414f00,4.0,0
778,0xbe76df00,0x1a1c52dc0,0x11fb3f2c0,4.0,0
779,0x1aab3fcc0,0x1ab9f3800,0x12cc4c0,4.0,0
780,0x1b293b400,0x1a29ab580,0x10090180,6.0,1
781,0x1a4820140,0x1b1673b80,0x15e53ac0,4.0,0
782,0xb7e67400,0x1aeaf0580,0x119497180,4.0,0
783,0x1b0a9c6c0,0x1afcdd580,0x1f641340,4.0,0
784,0x1b1b3ac80,0xc0628d00,0x171d12180,4.0,0
785,0xafbb47c0,0xae20fa00,0x19bbdc0,4.0,0
786,0x1ab209140,0xbe8c4900,0x115acd840,4.0,0
787,0x1abea6940,0x1a7c67bc0,0xc2c1280,4.0,0
788,0x1b3da5200,0x1b0b5cd80,0x36f9f80,4.0,0
789,0x1ab9cfec0,0x1b05320c0,0x1bcfde00,4.0,0
790,0xade66c40,0x1b55b5a80,0x118bd36c0,4.0,0
791,0x17f12a680,0x1b493a940,0xcb810fc0,4.0,0
792,0x1a3275140,0x1a2e2d380,0x1c582c0,4.0,0
793,0x1a3028b80,0x1a850b040,0xb523bc0,4.0,0
794,0x1a36a5140,0xb8017840,0x11b6b2900,4.0,0
795,0xbceb4840,0x1b4404540,0x108ab0d00,4.0,0
796,0x1ad4a2e00,0x1b5ead980,0x18a0f780,4.0,0
797,0x1ac703100,0x1abb9b200,0x7c98300,4.0,0
798,0x1aaee2f40,0x1a36297c0,0x98cb880,4.0,0
799,0xb1d8b780,0x1a2ea8bc0,0x113323c40,4.0,0
800,0x1aaf9f4c0,0xbcfbaf40,0x116025b80,4.0,0
801,0x19fd085c0,0x1b45cc600,0x2b8c43c0,4.0,0
802,0xacdaa840,0x1aaef3f00,0x106359740,4.0,0
803,0x1a2ebf200,0x1a27eea40,0x951840,4.0,0
804,0x1a1edbc80,0xbc4880c0,0x11da53c40,4.0,0
805,0xbed44b40,0x1a47028c0,0x11aa46380,4.0,0
806,0x1a8ef3b40,0xc05f31c0,0x168b00a80,4.0,0
807,0xbd527200,0x1aa58dc80,0x1170aae80,4.0,0
808,0xbedd7540,0x1daaf5d80,0x1647228c0,4.0,0
809,0xb7d31cc0,0x1b2d5c680,0x10506da40,4.0,0
810,0x1abc0d600,0xba090500,0x111c9d300,4.0,0
811,0x1addebc00,0x1852d4400,0x28f3f800,4.0,0
812,0x1a69a3e80,0xab074d00,0x10d9d7380,4.0,0
813,0x1a9cfa600,0xba28cdc0,0x113e76bc0,4.0,0
814,0x1a2bc74c0,0x1aa620d80,0x8de7940,4.0,0
815,0x1b16be980,0x1abf8b980,0x1a935000,4.0,0
816,0x1a5890cc0,0x1b070bf40,0x15f9b380,4.0,0
817,0x1a69e2f80,0x1ac1ba500,0xa858a80,4.0,0
818,0x1a1a89e40,0x1a7cc6180,0x664ffc0,4.0,0
819,0x1acdcdf80,0xb1d59ac0,0x11d094540,4.0,0
820,0x1b34e5240,0x1a4b9eac0,0x17f7b880,4.0,0
821,0x1a4ff8380,0x1a2863d80,0x679be00,4.0,0
822,0x1b2804c80,0x1a28e55c0,0x100e1940,4.0,0
823,0x1aba16a00,0x1aa7dc1c0,0x1dcabc0,4.0,0
824,0x1a261f340,0xbc9356c0,0x11ef2a580,4.0,0
825,0x1a39c3840,0x1ace50940,0xf793100,4.0,0
826,0x1ac734bc0,0x1b03d3440,0x1c4e7f80,4.0,0
827,0x1ab7afd40,0xb99e5a80,0x112e4a7c0,4.0,0
828,0xae095140,0x1b38cf340,0x11d85a200,4.0,0
829,0x1a7d78840,0x1b00a3600,0x17ddbe40,4.0,0
830,0xaebb20c0,0x1b7e5c200,0x1195ee2c0,4.0,0
831,0x1a24b8f80,0x1a882ed80,0xac96200,4.0,0
832,0xbb487140,0x1a7ac0f40,0x11ce47e00,4.0,0
833,0x1b360e2c0,0x1aeaa0fc0,0x1dcaed00,4.0,0
834,0x1ae2f20c0,0xbe7ef240,0x11051d280,4.0,0
835,0xae1ffa80,0x1a7d1c340,0x109ce39c0,4.0,0
836,0x1a9829d00,0x1b27b2e40,0x1bf9b340,4.0,0
837,0xbeead0c0,0x1a2cb9980,0x11c214940,4.0,0
838,0x1b34bc400,0x1b3726b00,0x39af00,4.0,0
839,0xacb70b40,0xb7f82740,0x1b4f2c00,4.0,0
840,0x1b57f01c0,0x1adde8380,0x18a18240,4.0,0
841,0xacedd0c0,0x1a83afdc0,0x104d72d00,4.0,0
842,0x1a4645800,0x1b14f6e00,0x152b3600,4.0,0
843,0x185217840,0xb3c97940,0x136e80100,4.0,0
844,0x1aba50180,0x1a66d5080,0xdc85100,4.0,0
845,0x1a8908f80,0xba9f9240,0x1120f1dc0,4.0,0
846,0xaebf3280,0x1a99e6f00,0x107215d80,4.0,0
847,0xad006000,0xb9975400,0x14973400,4.0,0
848,0xc05c3e40,0x1af9962c0,0x16fc55c80,4.0,0
849,0x1a6bb83c0,0x1a4047f40,0x2bffc80,4.0,0
850,0x1b4e21500,0x1b4372e40,0xd53b40,6.0,1
851,0xbde98280,0xae8e2200,0x1367a080,4.0,0
852,0x1ac86ac80,0x1b2698340,0x1eef2fc0,4.0,0
853,0x1a6bb4b80,0x1a69b2080,0x206b00,4.0,0
854,0x1ac248e40,0x1b0fd96c0,0x1cd91880,4.0,0
855,0x18502c800,0xacdf4040,0x129dd8840,4.0,0
856,0xae857a40,0x1a7a828c0,0x1092d5280,4.0,0
857,0x1ae698e00,0xacd5b240,0x102bc3c40,4.0,0
858,0x1b759e6c0,0x1acff4640,0x1ba6a080,4.0,0
859,0x1b83b5bc0,0xad299840,0x11512c380,4.0,0
860,0x1b1a346c0,0x1a7a48b40,0x1607cd80,4.0,0
861,0x1b7946ac0,0xafb3a980,0x11827c340,4.0,0
862,0x1af854a40,0xaf9bdac0,0x1001e9080,4.0,0
863,0x1acb2bd80,0x1a5daa8c0,0x9681540,4.0,0
864,0x1a92eed80,0x1b1b08140,0x189e6cc0,4.0,0
865,0x1a8a17800,0xadc5e280,0x105649a80,4.0,0
866,0xb8160f80,0x1b1f0ba80,0x109e6b500,4.0,0
867,0xacd3b480,0x19ff95c40,0x1332ae8c0,4.0,0
868,0x1aaa2ddc0,0x1acc6f000,0x6642dc0,4.0,0
869,0xadc94cc0,0x1b509bc40,0x118c0f080,4.0,0
870,0x1a418d6c0,0x1a47324c0,0x6bf200,4.0,0
871,0x1a34a4c80,0x1a7ffe100,0x4b5ad80,4.0,0
872,0xbdfffd80,0x1b0762a80,0x10d89d700,4.0,0
873,0x1ae0d8380,0x1a8603480,0x66db700,4.0,0
874,0x1a3be20c0,0xbc41bf40,0x11fff9f80,4.0,0
875,0x1b04a0cc0,0x1b3a3b780,0x3e9bb40,4.0,0
876,0x1b3086a80,0x1ada72780,0x1eaf4d00,4.0,0
877,0x1ae994100,0x1a95654c0,0x7cf15c0,4.0,0
878,0x1a73cb240,0xb1ee9e80,0x116d22cc0,4.0,0
879,0x1adf34d80,0xbb42dfc0,0x116b19240,4.0,0
880,0x1b1877fc0,0x1b4cb7580,0x54c0a40,4.0,0
881,0xb9986240,0x1a40c2f80,0x11d944dc0,4.0,0
882,0x1ad04e000,0x1853586c0,0x283166c0,4.0,0
883,0xb1d6bbc0,0x1b66a0e00,0x107bcb5c0,4.0,0
884,0xbd9646c0,0xae9fa880,0x1309ee40,6.0,1
885,0x1b23c7a40,0x1adc03d80,0x1ffc47c0,4.0,0
886,0x1a7a2fd80,0x1b3c916c0,0x146beb40,4.0,0
887,0x1b4026ec0,0xbd4e4b00,0x1094c25c0,4.0,0
888,0x1aa87e140,0xc0662240,0x16ae1c300,4.0,0
889,0x1b819cf80,0x1ac885200,0x14919d80,4.0,0
890,0xafb78180,0x1ae6c8c80,0x101db0d00,4.0,0
891,0x1a6f4a980,0x1ae192c00,0x8ed8580,4.0,0
892,0x1a267f400,0xbda26ac0,0x11fc59ec0,4.0,0
893,0x1b631d0c0,0x1a7db4680,0x11ea9640,4.0,0
894,0x1b4272940,0x1aa6dbe80,0x1e4a97c0,4.0,0
895,0x1b53fd640,0x1ac775940,0x19488f00,4.0,0
896,0x1a581e400,0x1acd258c0,0x953bcc0,4.0,0
897,0x1aec5c8c0,0x1b1491440,0x1f8cdc80,4.0,0
898,0x1ab707f80,0x1af563480,0x4264b00,4.0,0
899,0x1ae076240,0x1b517e680,0x1b1084c0,4.0,0
900,0xbce20d00,0xb0c4fc80,0xc26f180,4.0,0
901,0x1a9ac7400,0x1847b5a80,0x2dd72e80,4.0,0
902,0x17f37d340,0x1a47792c0,0xdb404180,4.0,0
903,0x1aff6f5c0,0x1aa686480,0x59e9140,4.0,0
904,0x1ab927500,0x1ad997540,0x60b0040,4.0,0
905,0xbeb4f680,0x1a6a33680,0x11817c000,4.0,0
906,0x1a25a51c0,0x1a2f05000,0xaa01c0,4.0,0
907,0x1b37ea280,0x1a378e600,0x10064480,4.0,0
908,0x1b5773ac0,0x1aff91380,0x1a8e2940,4.0,0
909,0x1a9967c80,0xc0598440,0x169cff8c0,4.0,0
910,0x19fa92200,0x1a52aa2c0,0x3a8380c0,4.0,0
911,0x1a2b2ad80,0xaea5d600,0x10c177b80,4.0,0
912,0xbd4a9b80,0x1b03ac640,0x10d705dc0,4.0,0
913,0x1b4ff1a40,0x1a2786b40,0x16877100,4.0,0
914,0xbc064ac0,0xad39dc80,0x113f9640,4.0,0
915,0x1b5d2a1c0,0xb18007c0,0x10452a600,4.0,0
916,0xba9e8900,0x1a5c7c5c0,0x11f594cc0,4.0,0
917,0x1b661a280,0x1ae0a0c40,0x186baec0,4.0,0
918,0xc06c28c0,0x1acace840,0x16cc0c080,4.0,0
919,0xb18720c0,0x1b2cabdc0,0x1034d9d00,4.0,0
920,0x18518ad80,0x1b324c740,0x363c6ac0,4.0,0
921,0x17f103480,0x1a1ab9f80,0xdebbab00,4.0,0
922,0x1b4576780,0x1b1f78700,0x5a0e080,4.0,0
923,0x1a366e580,0xac786240,0x10f1e87c0,4.0,0
924,0x1a8394a80,0x1abbfb200,0x386f880,4.0,0
925,0xb0dc8680,0x1a72b1c80,0x117f79a00,4.0,0
926,0x1af20f4c0,0x1a747a400,0x86750c0,4.0,0
927,0x1aa6122c0,0x1a628e080,0xc49c240,4.0,0
928,0xb7ec8a40,0x1a5b47d00,0x11258f740,4.0,0
929,0x1a6e39bc0,0xb8b57500,0x11e56eec0,4.0,0
930,0x1ad45e9c0,0x1a37eed80,0xe3b0440,4.0,0
931,0x18536ed00,0x1a2b812c0,0x278effc0,4.0,0
932,0x1a788f340,0x1b4813f80,0x1309ccc0,4.0,0
933,0x1af78cf40,0x1aec13c00,0x1b9f340,4.0,0
934,0x1a7f6d7c0,0x1acf63000,0xb00e7c0,4.0,0
935,0x1a8603a00,0x1a6c82540,0xea81f40,4.0,0
936,0x1a66f4780,0x1a6d91e80,0xb65900,4.0,0
937,0x1a73614c0,0xb98b5f00,0x11ebd4bc0,4.0,0
938,0xae249580,0xc0612a40,0x6e45bfc0,4.0,0
939,0x1afe8f140,0x1a594e040,0xa7c1100,4.0,0
940,0x1b2d59c40,0xb1b79800,0x103620440,4.0,0
941,0x1ab024cc0,0xab26d140,0x100249d80,4.0,0
942,0x1a299cc00,0x1b425af80,0x16bc6380,4.0,0
943,0x1ad2a71c0,0x185552680,0x287f5740,4.0,0
944,0xbab55cc0,0xbcc21d80,0x6774140,4.0,0
945,0x17f1e6b80,0x1ac2b1680,0xd3357d00,4.0,0
946,0xbea25b00,0x1b65df880,0x108ffa380,4.0,0
947,0xba5a0940,0x1a2632e40,0x118392700,4.0,0
948,0x1b1b37800,0x1a2e6e880,0x13559080,4.0,0
949,0x1afe6aa80,0x19f8c9fc0,0x306a3540,4.0,0
950,0x1ae1f68c0,0x184fd9480,0x2ae2fc40,4.0,0
951,0x1a5091540,0x1b2c55040,0x17cc4500,4.0,0
952,0xaddcf300,0x1aaf5da00,0x107292900,4.0,0
953,0x1b296ff40,0x1a1faf880,0x136c07c0,4.0,0
954,0xbb7a8480,0x1a8d43080,0x113aeb400,4.0,0
955,0x1a5d218c0,0x1abb5a0c0,0xe67b800,4.0,0
956,0xadd84880,0xad1625c0,0xce6d40,4.0,0
957,0x1b2b73200,0x1a576d4c0,0x17c1e6c0,4.0,0
958,0xba100540,0x1a635f3c0,0x11c25f680,4.0,0
959,0xb8805b40,0x1a8de9200,0x1105ec940,4.0,0
960,0x17f7cf140,0xba30a6c0,0x1c54c5780,4.0,0
961,0x1b34be880,0x1b1972c40,0x2dcc4c0,4.0,0
962,0x1b6079f80,0x1a73a0200,0x113d9d80,4.0,0
963,0x1b2b10ac0,0xbb5e7780,0x109ef7d40,4.0,0
964,0x1a8633a80,0x1a8e06540,0x835fc0,4.0,0
965,0x1ac44a780,0x1b5395340,0x197df4c0,4.0,0
966,0x1a63249c0,0x1b0046cc0,0x16362500,4.0,0
967,0x1ae52f380,0x1a893ecc0,0x6c11f40,4.0,0
968,0x23b6146c0,0xacf6f2c0,0x29797b400,4.0,0
969,0x1a8d12540,0x1b21c8b40,0x1acdae00,4.0,0
970,0x1aec91380,0xba48be40,0x11481adc0,4.0,0
971,0xadd86c40,0x1b1a61c00,0x11c7e7040,4.0,0
972,0x1a3b94400,0xb3dbfe40,0x11062ba40,4.0,0
973,0x1b55f40c0,0x1ac74f940,0x192bb980,4.0,0
974,0xb1ecf240,0x184f62c00,0x1351ade40,4.0,0
975,0xae34fb80,0x185524380,0x12b66b800,4.0,0
976,0x1b79fd300,0x1adb60400,0x1a29d700,4.0,0
977,0xae075000,0x1b37bb280,0x11d7ce280,4.0,0
978,0x1b326b600,0x1a8776ac0,0x1b51dcc0,4.0,0
979,0xacd27a00,0xb1db30c0,0x1d094ac0,4.0,0
980,0x1af9a2000,0x1b2cf2180,0x1d550180,4.0,0
981,0xac8c7400,0xb7ff79c0,0x1b730dc0,4.0,0
982,0x1a9a7ce40,0x1aa7577c0,0x3d2b980,4.0,0
983,0x1a36b4680,0xad2f1540,0x10e4453c0,4.0,0
984,0x1b06a4a80,0xbde6ebc0,0x10d8ca140,4.0,0
985,0x1a21de080,0xbc115e00,0x11e0cbe80,4.0,0
986,0xbaef5a00,0x1a4fb0cc0,0x11e1456c0,4.0,0
987,0xad00aa40,0x1851ace00,0x1281a6440,4.0,0
988,0x184b1ab40,0x1b197fb00,0x35265040,4.0,0
989,0x1ab541780,0xac6d6d80,0x107397a00,4.0,0
990,0xba861740,0x1a5be3300,0x11f382440,4.0,0
991,0x1b60d8100,0x1abcaea40,0x1dc76b40,4.0,0
992,0x1b1aad700,0x1abd3e100,0x1a793600,4.0,0
993,0x1a58f4cc0,0x1ab25dd40,0xeaa9180,4.0,0
994,0xbaadfbc0,0x1ac19b6c0,0x116b44d00,4.0,0
995,0x1abbace00,0x1a8f05bc0,0x34a95c0,4.0,0
996,0x1a5bd1880,0x1a75d4200,0x2e05a80,4.0,0
997,0x1a347b580,0x1ad9b96c0,0xedc2340,4.0,0
998,0x1b00969c0,0xbc390c00,0x10c3065c0,4.0,0
999,0x1b58adc00,0xbe638480,0x10be95880,4.0,0
1000,0xba9fa800,0x1b66b0cc0,0x10cf4a4c0,4.0,0
1001,0x1ab066280,0x1ab829200,0x84f080,4.0,0
1002,0x1a1ba4980,0xacf7dcc0,0x10d4d9540,4.0,0
1003,0x1aae1c040,0x1b83e54c0,0x12df9480,4.0,0
1004,0x1b7edc800,0x1b4f817c0,0x315dfc0,4.0,0
1005,0xbdc1e240,0x1ad38ef40,0x110f90d00,4.0,0
1006,0x1847ceac0,0x1b41fc380,0x30632940,4.0,0
1007,0xbd526980,0x1b0ec11c0,0x10dbe7840,4.0,0
1008,0x1a6bc5480,0x1a39e1640,0x52242c0,4.0,0
1009,0x1a25a9f00,0x1b7e0a080,0x15ba3f80,4.0,0
1010,0x1ae7a0d00,0xbe97ad00,0x110eda000,4.0,0
1011,0x1a6c54c40,0xbb73f580,0x11db6b9c0,4.0,0
1012,0x1b26b9f40,0x1a8c3b200,0x1aa82d40,4.0,0
1013,0x1a65dbc80,0x1a93db900,0xf600580,4.0,0
1014,0x1acef9e00,0x1a2bce880,0xe537680,4.0,0
1015,0xbb45ad80,0x1a1e2e600,0x11aa74b80,4.0,0
1016,0xba7b4540,0x17f550040,0x1c52e4500,4.0,0
1017,0x1ac27d840,0x1b81b3f00,0x143ce740,4.0,0
1018,0x1a60ccd00,0x1b54bd880,0x13471580,4.0,0
1019,0x1b67243c0,0x1a4634500,0x121106c0,4.0,0
1020,0x1b08c9040,0x1b4048640,0x4881600,4.0,0
1021,0x1afde7440,0xba2beb00,0x115f59f40,4.0,0
1022,0x1aeece9c0,0x1aded3dc0,0x301d400,4.0,0
1023,0xbe4cacc0,0x1b3eb8e40,0x10da72280,4.0,0
1024,0xba2bb400,0x1a813cc00,0x112387800,4.0,0
1025,0xb3cc3ec0,0x1a4905140,0x1175c6f80,4.0,0
1026,0x1b3222900,0x1b75c6b40,0x47e4240,4.0,0
1027,0x1b54076c0,0xaca4d840,0x119e4ae80,4.0,0
1028,0x1a6c8bd40,0xb8b56340,0x11e7dde00,4.0,0
1029,0xb1a70180,0x1b27aab40,0x103ddaac0,4.0,0
1030,0x1a3662c00,0xab375f00,0x108517300,4.0,0
1031,0x1b29fe180,0x19fcf1140,0x2d50f0c0,4.0,0
1032,0x1a6c06f40,0x1a51059c0,0x3d03680,4.0,0
1033,0xafa90040,0x1ab83dc80,0x1042adcc0,4.0,0
1034,0x17f4e8240,0x1b3f18440,0xccbf0600,4.0,0
1035,0x1aea97180,0x1b073c280,0x1edab300,4.0,0
1036,0x1aebeba80,0xae9a0600,0x10024bc80,4.0,0
1037,0x1a68a3d80,0x1a3f45440,0x57e69c0,4.0,0
1038,0x1b10023c0,0x1ac436a40,0x1d434980,4.0,0
1039,0xbc696280,0x1a7966800,0x11bff0a80,4.0,0
1040,0x1b3198640,0xbb405180,0x10859d7c0,4.0,0
1041,0x1aadd5940,0xbc5e9f80,0x11683c6c0,4.0,0
1042,0xbe87acc0,0xbe766000,0xf1ccc0,4.0,0
1043,0x17f68b7c0,0xb3c73a00,0x1ccaf8dc0,4.0,0
1044,0xaceb7380,0xbdd4c940,0x113fbac0,4.0,0
1045,0x1aafec540,0x1a9b82f80,0x346eac0,4.0,0
1046,0x19f9cd880,0xadf646c0,0x1326a9e40,4.0,0
1047,0x1a91380c0,0x1a505e7c0,0xc166700,4.0,0
1048,0xacfe5080,0xbe7fb140,0x1281e1c0,4.0,0
1049,0x1af4c2440,0xbe5f92c0,0x11113b680,4.0,0
1050,0x1a07b0580,0x1a4be3600,0x4c53380,4.0,0
1051,0x1b5d72540,0x1adc26000,0x18154540,4.0,0
1052,0xacdb6c00,0x1a32a02c0,0x10ff16ec0,4.0,0
1053,0x1b0790440,0x1b7f37fc0,0x78a7b80,4.0,0
1054,0xb3e77d40,0x1ace3d6c0,0x11f04ab80,4.0,0
1055,0x1a5f287c0,0x1a791f380,0x2637440,4.0,0
1056,0xb1d4c840,0x1af124100,0x11ec68940,4.0,0
1057,0x1b2d8a300,0x1ad3ee500,0x1fe64600,4.0,0
1058,0x1b4bb1140,0x1b04a0b00,0x4f11a40,4.0,0
1059,0x1a542ff00,0x1a29f14c0,0x7ddebc0,4.0,0
1060,0x1a7e63440,0xba905480,0x11d7660c0,4.0,0
1061,0xbdea8440,0x1a62bbcc0,0x11bc13880,4.0,0
1062,0x1b12d9b40,0x1b263c500,0x34e5e40,4.0,0
1063,0xac5904c0,0x17f69dc00,0x1d330d8c0,4.0,0
1064,0x1b74d3640,0x19f96b900,0x28db8f40,4.0,0
1065,0xaeae7ec0,0x17f70ebc0,0x1d1de9500,4.0,0
1066,0xb8920f00,0x1b7cd1440,0x10f5f1b40,4.0,0
1067,0xbd846bc0,0xbeed2b00,0x36940c0,4.0,0
1068,0xb89cf700,0x1a2095000,0x11a95a700,4.0,0
1069,0x1a778db00,0x1af11e440,0x8693f40,4.0,0
1070,0x1ada3c700,0xbd81d2c0,0x1102215c0,4.0,0
1071,0x1b55a8800,0x1ae324f40,0x1b68c740,4.0,0
1072,0x185769400,0xba93bb00,0x13fe52f00,4.0,0
1073,0xb1fc6480,0x1b47a4540,0x1058621c0,4.0,0
1074,0x1a59a2600,0x1a5bf2380,0x250580,4.0,0
1075,0x1b5500a00,0xb81caa80,0x10d4ca080,4.0,0
1076,0x1b2f9c800,0x1a6b24e40,0x144b8640,4.0,0
1077,0x1b0a50740,0x1aa701380,0x1ad514c0,4.0,0
1078,0x1b8185340,0x1849f9c00,0x3c87cf40,4.0,0
1079,0x1a7e2af80,0xac8c79c0,0x10b6ed640,4.0,0
1080,0x1854f0540,0x1ab389e40,0x2e779b00,4.0,0
1081,0x1b2d37580,0xae2e0440,0x11cfd71c0,4.0,0
1082,0x1aaba0280,0x1a4e3c180,0xe59c300,4.0,0
1083,0x1a8343f80,0x1ab9c19c0,0x3a82640,4.0,0
1084,0xbc21b180,0x1adef5a80,0x111ceeb00,4.0,0
1085,0x17f449e00,0x1b189c880,0xcecd5680,4.0,0
1086,0x18533bd40,0x1b5137600,0x3020cb40,4.0,0
1087,0x1a6105800,0x1b7f2f140,0x11e2a940,4.0,0
1088,0xba05e140,0x1a60c7c80,0x11c099dc0,4.0,0
1089,0x1b255e680,0x1aeb45740,0x1ce1b1c0,4.0,0
1090,0x1aa024000,0x1ae7a4080,0x4780080,4.0,0
1091,0x1b7cda1c0,0x1a3506840,0x149dc980,4.0,0
1092,0x1b36edec0,0xac7c6940,0x11f12b780,4.0,0
1093,0x1ac772bc0,0x1b10fd240,0x1d78f980,4.0,0
1094,0x1afbf3540,0x1b29c1b40,0x1d232e00,4.0,0
1095,0x1ad325c00,0x1ad227a80,0x102680,4.0,0
1096,0xaddae980,0xb0d86180,0x1d028800,6.0,1
1097,0xb81fbf00,0x1ad19ac40,0x115061340,4.0,0
1098,0x1a9f48300,0x1b2b09e80,0x1b441d80,4.0,0
1099,0x19fec7600,0x1adda74c0,0x323602c0,4.0,0
1100,0xbe787900,0x17f656400,0x1c11d1d00,4.0,0
1101,0x1a6388d40,0xbc3d1640,0x11a059b00,4.0,0
1102,0x1b2818a40,0x1aaff9540,0x187e1f00,4.0,0
1103,0x1a36c47c0,0x1a3adbb80,0xc1fc40,4.0,0
1104,0x1af4e61c0,0x1b4047e40,0x1b4a1f80,4.0,0
1105,0x1b098c2c0,0x18562f200,0x35fa30c0,4.0,0
1106,0x1a8c76f00,0x1b01ab4c0,0x18dddbc0,4.0,0
1107,0x1a22bfa40,0xb8935dc0,0x11ab8a780,4.0,0
1108,0x1a68a5e00,0x1ace56600,0xa6f3800,4.0,0
1109,0x1b2511000,0x1b4804340,0x6d15340,4.0,0
1110,0x1a5ca3140,0x1a5d7bc00,0x1d8d40,4.0,0
1111,0x1a86b6e00,0x1a8a9dac0,0xc2b4c0,4.0,0
1112,0x1aae88dc0,0x1b2e7cd00,0x180f40c0,6.0,1
1113,0x1b405d700,0x1b31f60c0,0x71ab7c0,4.0,0
1114,0x1abecab80,0x1b23afd00,0x19d65680,4.0,0
1115,0x1a7428580,0x1b117a480,0x16552100,4.0,0
1116,0xad1ce140,0xb8176300,0x150b8240,4.0,0
1117,0x1b4deeac0,0x1a8fedb80,0x1c203140,4.0,0
1118,0x1b5739840,0x1b78d8280,0x2fe1ac0,4.0,0
1119,0x1aae34700,0xbd646a40,0x117872d40,4.0,0
1120,0x1b15aa100,0x1a1d049c0,0x108ae8c0,4.0,0
1121,0xac56ec40,0x184746000,0x128228c40,4.0,0
1122,0x1b0a1ae80,0x1aa547680,0x1af5d800,4.0,0
1123,0xb1cbcdc0,0xbdceec80,0xc052140,4.0,0
1124,0x1b5f08c80,0xaf99ee00,0x11a696280,4.0,0
1125,0x1b1374000,0xb8ba9dc0,0x1098dddc0,4.0,0
1126,0x1b8195a00,0x19f84ee00,0x279db400,4.0,0
1127,0xbee2f880,0x1a88a97c0,0x116686f40,4.0,0
1128,0x1b1210b00,0xade44fc0,0x11cc544c0,4.0,0
1129,0x1a27298c0,0x1a3566680,0x124fe40,4.0,0
1130,0xafb65cc0,0x1a8775e40,0x107c10280,4.0,0
1131,0x1b3304b00,0xbdfdde00,0x10ecd9500,4.0,0
1132,0x1b2eb6140,0x1ae6385c0,0x1c88e480,4.0,0
1133,0x1b1f9c980,0x1aeb339c0,0x1f4af040,4.0,0
1134,0x1abb9b880,0x1a325b080,0x89c0800,6.0,1
1135,0x17f502400,0x1a35cf980,0xdc0cdd80,4.0,0
1136,0xbc8cfa80,0x1a8baa040,0x114365ac0,4.0,0
1137,0x1a289f980,0x1b290b900,0x10194080,4.0,0
1138,0x1b145c6c0,0x1a3783740,0x123df180,4.0,0
1139,0x1aec7b5c0,0x1ad8aa340,0x34d1680,4.0,0
1140,0xb1b38540,0xb0d185c0,0x1620080,4.0,0
1141,0x1ae506100,0x1b2a77f80,0x1cf71e80,4.0,0
1142,0x1a480e3c0,0x1b6023980,0x1282da40,4.0,0
1143,0x1a1fac740,0x1b4642ec0,0x159ee980,4.0,0
1144,0xb8224940,0x1a2afa000,0x11a8de940,4.0,0
1145,0x1b67ce540,0xae315640,0x1184db300,4.0,0
1146,0x1a9694e80,0x1aff5e040,0x69caec0,4.0,0
1147,0x1a49f1440,0xb89a6fc0,0x11c057b80,4.0,0
1148,0x1a4a21600,0x1b4db2e00,0x10793800,4.0,0
1149,0x1af92e980,0x1ae9e0e80,0x10ce700,4.0,0
1150,0xba704e80,0x1ae674d80,0x114170300,4.0,0
1151,0xbd48b800,0xac6cf900,0x11244100,4.0,0
1152,0x1b558adc0,0xbad6d180,0x10f8e7c40,4.0,0
1153,0x1b18b8240,0x1ad72c480,0x1cf946c0,4.0,0
1154,0xb1a07900,0xbe5a4800,0xffa3100,4.0,0
1155,0xfb21b7c0,0x1ae86be40,0x155a70980,4.0,0
1156,0x1ac316dc0,0x1ae58b8c0,0x269d500,4.0,0
1157,0x1a7f6edc0,0xba6e2180,0x11d98cc40,4.0,0
1158,0xbd661280,0x1a833f540,0x11555e7c0,4.0,0
1159,0x1aa217040,0xba110bc0,0x110307b80,4.0,0
1160,0x1a925d540,0x1a6e70580,0xfc2d0c0,4.0,0
1161,0x1a460e200,0xbdd2c3c0,0x119b221c0,4.0,0
1162,0xb3db35c0,0x1a7424680,0x114997340,4.0,0
1163,0x1b23113c0,0x17f27fbc0,0xcd16e800,4.0,0
1164,0x1a2e61480,0xacc58d40,0x10e2399c0,4.0,0
1165,0x1ad5eba80,0x1853fe300,0x28615980,4.0,0
1166,0x1b5363b00,0x1a464c280,0x1152f980,4.0,0
1167,0x184dabc40,0x1b0d788c0,0x340d3480,4.0,0
1168,0x1b4a51440,0xae156e80,0x11ab07ac0,4.0,0
1169,0xaeadcd80,0x1aeb1ed40,0x1001c20c0,4.0,0
1170,0x1b498a680,0x1a49b5540,0x1003f3c0,4.0,0
1171,0x1a38cfb80,0x1a712c440,0x49e3fc0,4.0,0
1172,0x1b1b65e40,0x1a9c62980,0x187077c0,4.0,0
1173,0x1b53e05c0,0x1a32e40c0,0x16104500,4.0,0
1174,0xbd47bec0,0x1a5a82600,0x118ef98c0,4.0,0
1175,0x1abeaec80,0x18568e400,0x2e820880,4.0,0
1176,0x1aad17b80,0x1ae8e1ec0,0x45f6540,4.0,0
1177,0x1afb30800,0xb0cee140,0x11f7de940,4.0,0
1178,0x1b492a540,0xacce5bc0,0x1185cfe80,4.0,0
1179,0x1a579fd00,0x1b63b09c0,0x1342f4c0,4.0,0
1180,0xba939900,0x1b11b0780,0x10b889e80,4.0,0
1181,0xb7f75cc0,0xba113400,0xde668c0,4.0,0
1182,0x1b3c20a40,0x1b1929900,0x2509340,4.0,0
1183,0x1a1a66d00,0xae165e80,0x10fb03380,4.0,0
1184,0x1a715c780,0x1a4fbba80,0x3ee7d00,4.0,0
1185,0x1a4360bc0,0x1a2771e00,0x64115c0,4.0,0
1186,0x1a7d94fc0,0x1a679b740,0x1a0f880,4.0,0
1187,0x1a7cc2240,0x18531ee00,0x22fdcc40,4.0,0
1188,0xba8e70c0,0xbc9bd800,0x615a8c0,4.0,0
1189,0xbacb3ec0,0xbc10df80,0x6dbe140,4.0,0
1190,0x1a7bd3e00,0x1abf61b80,0xc4b2580,4.0,0
1191,0x1a468c3c0,0xbdd25980,0x119ba9a40,4.0,0
1192,0xb3d63a40,0x1b25e1bc0,0x101882180,4.0,0
1193,0x1b5c10ac0,0x1b421cf80,0x1e0c540,4.0,0
1194,0x1849d2780,0x1a183b800,0x251e9f80,4.0,0
1195,0x1b0a58940,0x1ae1d2080,0x1eb8a9c0,4.0,0
1196,0x1b160ff80,0x1ab5d6600,0x1a3d9980,4.0,0
1197,0x184da04c0,0x1abebb9c0,0x2f31bd00,4.0,0
1198,0x1a3b8af40,0x184c2c1c0,0x277a6e80,4.0,0
1199,0x1b7d3d840,0x1a910b6c0,0x1ec36e80,4.0,0
1200,0xb8be4c40,0x1a3e83400,0x11b567840,4.0,0
1201,0xac468500,0xab219c00,0x7671900,4.0,0
1202,0xc0776b80,0x1b04cf740,0x1703b9cc0,4.0,0
1203,0xbe647a40,0x1b5dcfc40,0x10bb88600,4.0,0
1204,0x1b2621f80,0x1a6c87900,0x14aa6680,4.0,0
1205,0x1a22cdc00,0x1a041ad80,0x26d7180,6.0,1
1206,0x1b100e480,0xae95bfc0,0x11f955b40,4.0,0
1207,0x1affb5740,0x1b0900ec0,0x1f6b5980,4.0,0
1208,0x1b5ecab80,0x1ac051200,0x19e9b980,4.0,0
1209,0x1ab7a7e40,0x1b50e2300,0x1e745d40,4.0,0
1210,0x1ac4b1a00,0xb8b73780,0x114fc2d80,4.0,0
1211,0x1a9f3e380,0x1a474b9c0,0xd875a40,4.0,0
1212,0x1ac085dc0,0x1a7222840,0xb2a7580,4.0,0
1213,0xba97d380,0x1ae035d00,0x114948e80,4.0,0
1214,0x1a4ad9a00,0x1ae494c00,0xae4d600,4.0,0
1215,0x1b5cac3c0,0x1a576f640,0x10bc3580,4.0,0
1216,0xbdddd000,0x1a65d88c0,0x11b8058c0,4.0,0
1217,0x1ac5bf280,0x1852eab80,0x29755900,4.0,0
1218,0x1b56cd040,0xbafbbcc0,0x10f976c80,4.0,0
1219,0x1b4745800,0x1ae179fc0,0x1a63c7c0,4.0,0
1220,0xbdbb05c0,0xbab8e400,0x703e1c0,4.0,0
1221,0xbc4acd40,0xae167a80,0x125cb7c0,4.0,0
1222,0xae2e43c0,0x1a3119480,0x10d3fd740,4.0,0
1223,0x1a6143940,0x1b4a76f40,0x12b35600,4.0,0
1224,0xb3f966c0,0x1afc567c0,0x11c3c0100,4.0,0
1225,0xac769240,0x1845ab0c0,0x1282c2280,4.0,0
1226,0xb8360f40,0x19fd465c0,0x127e26a80,4.0,0
1227,0x1a3981a80,0x1a34d0d00,0xd51780,4.0,0
1228,0x1a61f3e40,0xb8373e40,0x11e280000,4.0,0
1229,0x1b0071a00,0x1a90f1840,0x19080240,4.0,0
1230,0x1a58f3a40,0x1aca61e00,0x9292440,4.0,0
1231,0xbc459ec0,0x1b539ba40,0x1097c2480,4.0,0
1232,0xb99486c0,0x1853b0140,0x13caf8780,4.0,0
1233,0xb1a1a600,0x1ad7b7700,0x11cdad100,4.0,0
1234,0x1b00aee00,0x1ae19be00,0x1e135000,4.0,0
1235,0x1a1dbb6c0,0x1adc593c0,0xc1e2500,4.0,0
1236,0x1a945e200,0x1ad5ff440,0x41a1640,4.0,0
1237,0x1a349ce40,0x1a800a5c0,0xb496b80,4.0,0
1238,0x1af33d8c0,0x1a814b7c0,0x7276f00,6.0,1
1239,0xbca27500,0xbc92df80,0x30aa80,4.0,0
1240,0x1b79c6f80,0xb3c8b740,0x10454d8c0,4.0,0
1241,0x1a2f8e080,0x1ade12ec0,0xf19ce40,4.0,0
1242,0x1b139fd00,0xae911b00,0x11fa8e600,4.0,0
1243,0xc0575c00,0x1b59b8b40,0x175ccd740,4.0,0
1244,0x1b4072940,0x1a6404600,0x12476f40,4.0,0
1245,0x1a57353c0,0xae2c2380,0x10b5f7040,4.0,0
1246,0xbade9400,0xb8380280,0x2e69680,4.0,0
1247,0x1b3db0e00,0xad2dcb00,0x11ef6c500,4.0,0
1248,0x1af21a3c0,0x1ad806400,0x2a1c7c0,4.0,0
1249,0x1b5697200,0x1a580e1c0,0x10e993c0,4.0,0
1250,0xb8b14200,0x1b5877900,0x10d363b00,4.0,0
1251,0x1b27d2580,0x1aa6af400,0x1817d180,4.0,0
1252,0x1a9b01d40,0x1b4094400,0x1db95940,4.0,0
1253,0xbed689c0,0x17f663600,0x1c1b0bfc0,4.0,0
1254,0x1a2e6abc0,0x1b2e0fec0,0x10065500,4.0,0
1255,0x1a07265c0,0x185256b40,0x25570e80,4.0,0
1256,0x1ab669600,0x1a273e640,0x9157040,4.0,0
1257,0xb8038a00,0x1a2e94300,0x11aeac900,4.0,0
1258,0xbc132140,0x1a2a87600,0x11ebb5740,4.0,0
1259,0x184c71e80,0x1b8374ac0,0x3cf05440,4.0,0
1260,0x1a7ab0c40,0x1a2831240,0x5281e00,4.0,0
1261,0xba799e40,0x1b7ea6040,0x10d93fe00,4.0,0
1262,0xb3cf34c0,0x1b18c4c40,0x102437880,4.0,0
1263,0x1a78a5b40,0x1a7adb880,0x27e3c0,4.0,0
1264,0xbc020040,0x1a3bc7d80,0x11fbe7dc0,4.0,0
1265,0x1abe53a40,0x1a6861240,0xd632800,4.0,0
1266,0xac692680,0x1a4b6afc0,0x108df8940,4.0,0
1267,0xad1b8640,0x1a7ff03c0,0x10ae48580,4.0,0
1268,0x19ff693c0,0xbe5cc000,0x121aa53c0,4.0,0
1269,0x1a56de9c0,0x1dabf8f80,0x7fd26640,4.0,0
1270,0x1b8319ec0,0x1a4f48f80,0x1cc51140,4.0,0
1271,0x17f6daac0,0x1aa70d4c0,0xd51d7e00,4.0,0
1272,0xbc1d25c0,0x1a9f13500,0x115ec10c0,4.0,0
1273,0x1ab9c6800,0xac4fe740,0x107d38f40,4.0,0
1274,0x1aadbeb00,0x1a92c3680,0x3f7dd80,4.0,0
1275,0x1a8fad200,0x1b0c94740,0x18339540,4.0,0
1276,0x1aa7198c0,0x1a6ac1040,0xcdd8880,4.0,0
1277,0x1af1c47c0,0x1a2fd9d80,0xde1da40,4.0,0
1278,0xbb6e6cc0,0x1b568f300,0x10e069fc0,4.0,0
1279,0x1a8e1f600,0xbcb30d00,0x11452fb00,4.0,0
1280,0xba78c080,0x1b3098040,0x1097140c0,4.0,0
1281,0x1a860ff80,0xbd589700,0x115386880,4.0,0
1282,0xbc70f000,0x1b64af5c0,0x10a3a05c0,4.0,0
1283,0x1a3fe4ac0,0x1b3c1b400,0x103ffec0,4.0,0
1284,0x1a43d8600,0x1a7ae84c0,0x39302c0,4.0,0
1285,0x1b329f380,0x1a2c7d4c0,0x11ee2740,4.0,0
1286,0x1aad9b440,0x1b0abee80,0x1a725ac0,4.0,0
1287,0x1abfaf9c0,0x1af3b2a40,0x4c1d380,4.0,0
1288,0x1845f6380,0x1b5ce11c0,0x31917240,4.0,0
1289,0xba795180,0x1aa03fe80,0x1107aaf00,4.0,0
1290,0xbc299840,0x1a6abc380,0x11a825bc0,4.0,0
1291,0xb1efe600,0x1ae76c100,0x11f992700,4.0,0
1292,0x1ab8e83c0,0x1af748dc0,0x4fa0e00,4.0,0
1293,0xad1ede80,0x1a8d1d080,0x105cf0e00,4.0,0
1294,0xbd68a0c0,0xaf85f480,0x12ed5440,4.0,0
1295,0x1aaaccdc0,0xc0641180,0x16ac8dc40,4.0,0
1296,0x1b0ad14c0,0xb99e9d40,0x109338980,4.0,0
1297,0x1a4d5d880,0x1ad7834c0,0x9adec40,4.0,0
1298,0x1ae63b300,0x1a7167380,0x975c080,4.0,0
1299,0x1a78298c0,0x1b0d7e900,0x175571c0,4.0,0
1300,0xba531840,0x18486dc80,0x13ed5c4c0,4.0,0
1301,0x1b2620e00,0x1b7979c80,0x5f59280,4.0,0
1302,0x1b0636b00,0x1a4a5a7c0,0x14c6ccc0,4.0,0
1303,0x1ac2716c0,0x1af8b7e80,0x3ac6840,4.0,0
1304,0x1a0760980,0x1a9d80840,0x9ae01c0,4.0,0
1305,0x184b1cd00,0x1a4cd31c0,0x207cfcc0,4.0,0
1306,0x1af3a7bc0,0xb9888300,0x116b2f8c0,4.0,0
1307,0xbad372c0,0x1a06b3fc0,0x11ab84d00,4.0,0
1308,0x1ae72e0c0,0x1a7fa0140,0x988e180,4.0,0
1309,0x1a8a5c040,0x1853b51c0,0x2d9e9180,4.0,0
1310,0x1a51d95c0,0x1b194ce00,0x14895bc0,4.0,0
1311,0x1a7062340,0xb7fdba80,0x110fb99c0,4.0,0
1312,0x1a9ad8b40,0x1aa9e4bc0,0x333c080,4.0,0
1313,0x1a7cdcf40,0x1b647ee80,0x118a21c0,4.0,0
1314,0x1b0770f40,0xb3e1b840,0x10396b700,4.0,0
1315,0x1adf42780,0x1a3c6f780,0xe32d000,4.0,0
1316,0x1adca34c0,0x1a69ee580,0xb54d140,4.0,0
1317,0xb98bf440,0x1a4f63fc0,0x11d7dcb80,4.0,0
1318,0x1a986dd40,0x1ab909b00,0x2164640,4.0,0
1319,0xaf9eae40,0x1a90586c0,0x1069b2880,4.0,0
1320,0x1b42ae380,0x1b1ea2b40,0x5c0c8c0,4.0,0
1321,0xbe83a880,0xad301f40,0x13b3b7c0,4.0,0
1322,0x1b0e88e80,0x1a4d85b40,0x1430d5c0,4.0,0
1323,0x1a90d8f00,0xbc221f40,0x1152f9040,4.0,0
1324,0x1ab149c80,0x1b0759f80,0x1b610300,4.0,0
1325,0x1a3d3c100,0x1aef48240,0xd274340,4.0,0
1326,0x1a8531d80,0x1a99c3440,0x1cf29c0,4.0,0
1327,0x1a94a0cc0,0xbd4e4900,0x1140445c0,4.0,0
1328,0x1b2fcd040,0x1afce8c40,0x1d325c00,4.0,0
1329,0x1ad538780,0x1a9bc7f80,0x4eff800,4.0,0
1330,0x1a4a9d480,0x1a1905f00,0x5398b80,4.0,0
1331,0xb81fc740,0xbedef940,0x6c13e00,4.0,0
1332,0xbe75c4c0,0x1aba3ab80,0x115d66f40,4.0,0
1333,0xb7f70900,0x1af2f1200,0x118d81b00,4.0,0
1334,0x1b5f68680,0x1adfba740,0x180d21c0,4.0,0
1335,0xbb6aa900,0x1b06a1a00,0x10b00b300,4.0,0
1336,0x1a63a2280,0x1a9c8f180,0xff2d300,4.0,0
1337,0x184ba7980,0x1b5596100,0x31e31880,4.0,0
1338,0x1ad639d00,0x1a830b880,0x5532580,4.0,0
1339,0x239194080,0x17f7a8980,0x34663c900,4.0,0
1340,0x184e89800,0x1a3e7c180,0x270f5980,4.0,0
1341,0x1ac77bc00,0x1a58455c0,0x9f3e9c0,4.0,0
1342,0x1ac3a9600,0x1b40418c0,0x183e8ec0,4.0,0
1343,0xb1b7aec0,0x1a50bb640,0x114bc1880,4.0,0
1344,0x1aa9b4500,0xc0790640,0x16ae24340,4.0,0
1345,0xba5655c0,0x1ad876980,0x117d13c40,4.0,0
1346,0x1a8ecd540,0xac69dd00,0x104850840,4.0,0
1347,0x1a50672c0,0x1ae151a00,0xb1368c0,4.0,0
1348,0x1a9f33880,0x17f0bfbc0,0xd6f8c340,4.0,0
1349,0xbc846c40,0xb0f65f40,0xc723300,4.0,0
1350,0xb8049300,0xbae4b540,0x2e02640,4.0,0
1351,0x1b4ded940,0x1b0ecb5c0,0x4326c80,4.0,0
1352,0x1a95796c0,0x1b38da2c0,0x1ada3400,6.0,1
1353,0x1ac8eb6c0,0x1b57d83c0,0x19f33500,4.0,0
1354,0xb8be2b80,0x1aca2c740,0x1141cecc0,4.0,0
1355,0xbaacbd80,0x1b751e380,0x10dfd5e00,4.0,0
1356,0x1aec13900,0x1a54cb980,0xb8d8080,4.0,0
1357,0x1a38a8940,0x1b8209f00,0x1baa1640,4.0,0
1358,0x185632240,0x184cac800,0x1a9ea40,4.0,0
1359,0x1a5127540,0x1a9771780,0xc6562c0,4.0,0
1360,0x1a6393e40,0x1b0d39b00,0x16eaa540,4.0,0
1361,0x1b540c100,0xba4b93c0,0x10f0b52c0,4.0,0
1362,0x1af232840,0x1daade400,0x758ecc40,4.0,0
1363,0x1a1c61dc0,0x1b818b0c0,0x19dead00,4.0,0
1364,0xb98d0fc0,0x1a4153a00,0x11d9835c0,4.0,0
1365,0x1a3df7000,0xbdfc5300,0x11e232300,4.0,0
1366,0x1a3a3df40,0x185409980,0x26e346c0,4.0,0
1367,0xb1ddb8c0,0x1abbdc640,0x11a607e80,4.0,0
1368,0x1b156dc40,0xbc465f80,0x10d1083c0,4.0,0
1369,0x1a703ea00,0x1b22017c0,0x1523fdc0,4.0,0
1370,0x17f029700,0xbcf01780,0x1c3f28080,4.0,0
1371,0xac7bbb80,0x1adb81000,0x101c3ab80,4.0,0
1372,0x1a4680100,0x1b26774c0,0x160f75c0,4.0,0
1373,0x1adbedf00,0x1a2c3d380,0xf7d0c80,4.0,0
1374,0x1affadd00,0x1b113a440,0x1ee97940,4.0,0
1375,0x1aafd2b00,0x1b46acb40,0x1e97e040,4.0,0
1376,0x1a8bb8f40,0xbe7f1c00,0x116c49340,4.0,0
1377,0x1a81bdf00,0xbc683780,0x11473e880,4.0,0
1378,0x1a658c000,0xc0777d00,0x1662fbd00,4.0,0
1379,0x1b3c25880,0x1a49f9000,0x175dc880,4.0,0
1380,0x1ab702700,0xac61e880,0x10711cf80,4.0,0
1381,0x1ad98f300,0x1ad564680,0xceb580,4.0,0
1382,0xbea6d200,0xb3f3cbc0,0xd5519c0,4.0,0
1383,0x1b80abcc0,0x1abccde80,0x13c66240,4.0,0
1384,0x184a72b40,0x1a522f6c0,0x2185dd80,4.0,0
1385,0xaeb92640,0x17f1e6240,0x1d1a74400,4.0,0
1386,0x1a43e2e80,0x1b31e31c0,0x17201f40,4.0,0
1387,0x1ac3f2240,0x1a6e87f80,0xad75dc0,4.0,0
1388,0x1abce56c0,0x185204140,0x2eee1780,4.0,0
1389,0xab333300,0x1a211e3c0,0x10922d0c0,4.0,0
1390,0x1afa82580,0x1b1a26e00,0x1e0a4b80,4.0,0
1391,0x1b53eff00,0x1b79a5500,0x2a4aa00,4.0,0
1392,0xbb6aba40,0x1a3af1e40,0x118c5a400,4.0,0
1393,0x1b3040c80,0x1a3985a40,0x109c56c0,4.0,0
1394,0x1aa8a0b40,0xb9ac8500,0x113268e40,4.0,0
1395,0x1a6fa3a40,0x1b4bc8240,0x1246b800,4.0,0
1396,0x1aabbcdc0,0x1b2d57d40,0x186eb080,4.0,0
1397,0x1a85b78c0,0x1a531dfc0,0xd6aa700,4.0,0
1398,0x1a7717900,0xb0e16580,0x117901c80,4.0,0
1399,0x1af40fe40,0x1a70d5480,0x84daac0,4.0,0
1400,0x1a9d41c80,0x1b2b8f4c0,0x1b6ce840,4.0,0
1401,0x1a59ff6c0,0xbe949b00,0x11b0b6dc0,4.0,0
1402,0x1ac1fd680,0x1b0216940,0x1c3ebfc0,4.0,0
1403,0x1b1f3ca80,0x1b7b07d40,0x643b7c0,4.0,0
1404,0x1aeaa4a80,0x1dab90dc0,0x74134740,4.0,0
1405,0x18544b100,0x1a49b2040,0x21df9140,4.0,0
1406,0x1b08fcbc0,0x1b28c5040,0x2039b80,4.0,0
1407,0x1a189c540,0x1adcf6600,0xc46a340,4.0,0
1408,0x1b4fdbe80,0x1b35011c0,0x7adaf40,4.0,0
1409,0xac7f8080,0x1a5d079c0,0x109aff940,4.0,0
1410,0x1a7b37700,0x1b55afac0,0x12e98dc0,4.0,0
1411,0x18493ac00,0x1b0b194c0,0x342238c0,4.0,0
1412,0xba910840,0x1a7f36500,0x11d626d40,4.0,0
1413,0x1b425b480,0x1b4ace140,0x8955c0,4.0,0
1414,0x1aca48a80,0x1aa2f6300,0x68be980,4.0,0
1415,0xb8ba15c0,0xb3df9700,0xb6582c0,4.0,0
1416,0xbcb417c0,0x1a6652cc0,0x11ad13b00,4.0,0
1417,0xacd6e200,0xb9b09e40,0x15667c40,4.0,0
1418,0x1b53d3600,0x17f529cc0,0xca6faac0,4.0,0
1419,0xbde8ebc0,0x1aa3bd080,0x117d33b40,4.0,0
1420,0xbdb8fa80,0x1a8654cc0,0x115ddb640,4.0,0
1421,0x1ad1930c0,0xbb461640,0x1165f2680,4.0,0
1422,0xb1fcdd00,0xba487600,0xbb4ab00,4.0,0
1423,0xb8808c80,0x1b4fa5b80,0x10c7ad700,4.0,0
1424,0x1a77e0800,0x1b1412d00,0x163f2500,4.0,0
1425,0x19fc98540,0x1ad681f00,0x32a19a40,4.0,0
1426,0x1ad64c7c0,0x1dab97180,0x77ddb640,4.0,0
1427,0x1a46263c0,0x1a2b23000,0x6d053c0,4.0,0
1428,0x1a6d58680,0x184ca6840,0x221feec0,4.0,0
1429,0x1b5a16180,0xb3c82100,0x106694080,4.0,0
1430,0x1a7427b40,0x1b6668740,0x1124fc00,4.0,0
1431,0xb9ba6840,0xbefa9300,0x740fb40,4.0,0
1432,0xbcaec400,0x1b3ceca40,0x10f600e40,4.0,0
1433,0xba3ae180,0xbac3ea00,0xf90b80,4.0,0
1434,0x1b29a1700,0xb0de6d40,0x102447a40,4.0,0
1435,0x1a723eac0,0x1b052b180,0x17715b40,4.0,0
1436,0x1ad137a00,0x1b2f3cb80,0x1fe0b180,4.0,0
1437,0x1a563c800,0x1ad101740,0x873df40,4.0,0
1438,0x1a6a1c1c0,0x1a6fae480,0x5b2540,4.0,0
1439,0x1a85322c0,0x1ac5669c0,0x4054b00,4.0,0
1440,0x184f2c180,0x1a828e840,0x2cda29c0,4.0,0
1441,0x17f50d8c0,0x1aaabd940,0xd5fb0180,4.0,0
1442,0x1a70b09c0,0x1a3378c80,0x43c8540,4.0,0
1443,0x1aba04980,0x1aca2d040,0x70299c0,4.0,0
1444,0x19fd894c0,0x1a78a5b00,0x3852cfc0,4.0,0
1445,0x1a527d140,0x1a64f6040,0x368b100,4.0,0
1446,0xaebd1240,0x1b11e6980,0x11fa37bc0,4.0,0
1447,0x1adc76340,0xb0eb8680,0x11d2ce5c0,4.0,0
1448,0x1abb5d400,0x1a9a6f4c0,0x21320c0,4.0,0
1449,0x1a3786080,0xaeb36b00,0x10dcb0b80,4.0,0
1450,0x1ae552200,0xc0608b40,0x16e35a940,4.0,0
1451,0x1b3ad9cc0,0x1a2313c40,0x119ca080,4.0,0
1452,0x1a21b1700,0x1b80814c0,0x1a1303c0,4.0,0
1453,0x1ad83a380,0x1a77f28c0,0xafc8b40,4.0,0
1454,0x1a4973940,0x1b4990640,0x100e3f00,4.0,0
1455,0xbb7b0280,0xb1db3ac0,0xaa03840,4.0,0
1456,0x1a30a9e80,0x1b0e16b40,0x13ebf5c0,4.0,0
1457,0x1aac0c400,0x1a8d7e840,0x2172c40,4.0,0
1458,0xbcccf7c0,0x1b517bd80,0x109db4a40,4.0,0
1459,0x1b4316880,0x1b15c7c80,0x56d1400,4.0,0
1460,0xbc9c7880,0x1b7fb8a00,0x10b67f280,4.0,0
1461,0x1b6627cc0,0x1a6724b00,0x101037c0,4.0,0
1462,0x1af029380,0xbde67040,0x112e4e3c0,4.0,0
1463,0x1aac4d180,0x1daaab780,0x706e6600,4.0,0
1464,0x1b2dbd500,0x1acff8200,0x1e245700,4.0,0
1465,0xadc832c0,0x1a7f9a740,0x10a319580,4.0,0
1466,0x1b414dd80,0x1b64bdf80,0x25f0200,4.0,0
1467,0x1a86d3380,0x1b4f24480,0x1c9f7700,4.0,0
1468,0xb7f06440,0x1b4b32700,0x103434340,4.0,0
1469,0x1a2ba0d40,0x1b7562d80,0x15ec20c0,4.0,0
1470,0x1af94dd40,0x1b3089fc0,0x1c9c4280,4.0,0
1471,0x1852b1840,0x1b161bc00,0x344aa440,4.0,0
1472,0xbdf7eb00,0x1a9548c40,0x114a36740,4.0,0
1473,0x1b7705440,0x1a35692c0,0x1426c680,4.0,0
1474,0x1a4c09a00,0x1b3760d00,0x17b69700,4.0,0
1475,0x1b3755f40,0x1a6edb280,0x1598edc0,4.0,0
1476,0x1b15a3700,0xba219c40,0x10b7bab40,4.0,0
1477,0x1aba23d80,0x1a7257a80,0xc874700,4.0,0
1478,0xba30bc80,0x1b51dbf00,0x10f2d0380,4.0,0
1479,0xbe78b240,0x1b2859180,0x10cfd23c0,4.0,0
1480,0xab364140,0xad208500,0x616c440,4.0,0
1481,0x1849178c0,0x1a2cf1ec0,0x265e6600,4.0,0
1482,0x1a6a75480,0x1a7f75c40,0x15008c0,4.0,0
1483,0xbc722340,0x1b822b8c0,0x104509b80,4.0,0
1484,0x1a2fec340,0x19ff46080,0x3d0aa3c0,4.0,0
1485,0x1b8051640,0xbdd730c0,0x105d22680,4.0,0
1486,0xbdd2a040,0x1b5e46e80,0x10836cec0,4.0,0
1487,0x1a8804cc0,0xb1d53b40,0x119557780,4.0,0
1488,0x1a581aac0,0x1a8395100,0xdb8fbc0,4.0,0
1489,0xadf46e00,0x1a90494c0,0x104f0fac0,4.0,0
1490,0x1a1f7fe00,0x1b59d2d40,0x146ad340,4.0,0
1491,0x1aeb48780,0x1b1948500,0x1f200280,4.0,0
1492,0x1ac11f980,0x1851d8500,0x290c7c80,4.0,0
1493,0x19ffc4fc0,0xb815c600,0x127e989c0,4.0,0
1494,0x1b47f9440,0x1a4b97200,0x10c6e640,4.0,0
1495,0x1a509f7c0,0x1a339d580,0x6302240,4.0,0
1496,0x1ac82e700,0x1a4941080,0x816f780,4.0,0
1497,0x1a4bf9440,0x1b1e0db80,0x155f4fc0,4.0,0
1498,0x1aacdbd00,0xbab2e780,0x1107f5a80,4.0,0
1499,0x1b1fb6440,0x1ac032040,0x1df84400,4.0,0
1500,0x184c2a800,0xad143a80,0x129d69280,4.0,0
1501,0x1a3a1b100,0x1ae5c9840,0xdfd2940,4.0,0
1502,0xb81be900,0x1aad89dc0,0x112c374c0,4.0,0
1503,0x1aeeb8380,0xac7293c0,0x102991040,4.0,0
1504,0x1b1543f00,0x1b1136180,0x475e80,4.0,0
1505,0x1852118c0,0x1b18e8d00,0x34af95c0,4.0,0
1506,0xba50aec0,0xbc473040,0x6179e80,4.0,0
1507,0x1a9ebc240,0x1852d7880,0x2cc6bac0,4.0,0
1508,0x1ac201540,0xacf51200,0x100d50740,4.0,0
1509,0x1aa51de80,0xbe782980,0x11429f700,4.0,0
1510,0x1aaac7400,0x1ae127640,0x4be0240,4.0,0
1511,0x1a8646f00,0xad022b00,0x105664400,4.0,0
1512,0xb7d02700,0x1ab665340,0x11cb67440,4.0,0
1513,0x1ae1b2680,0x1a2ff4400,0xce46280,4.0,0
1514,0xbd6b6ac0,0x1a65f2ac0,0x11b344000,4.0,0
1515,0xb9bf2440,0x1a8bfe2c0,0x11100c680,4.0,0
1516,0x1b4aa9540,0x1af9d0580,0x1b3790c0,4.0,0
1517,0x1b5531b00,0x1a7351e40,0x12660540,4.0,0
1518,0x1a077f340,0x1aa92ee80,0xae51dc0,4.0,0
1519,0x1b5f1a200,0x1b0d4d240,0x5257040,4.0,0
1520,0x1a26f0000,0x1b4070ac0,0x16680ac0,4.0,0
1521,0x1a937af80,0xb3eddf00,0x11ada7080,4.0,0
1522,0xace9bb00,0x1b165b1c0,0x11d8c0ac0,4.0,0
1523,0x1ac4c4780,0xbb768080,0x1173ac700,4.0,0
1524,0x1b818b3c0,0x1b554c600,0xd4c75c0,4.0,0
1525,0xb7e64a00,0x1a84dc7c0,0x11fab8dc0,4.0,0
1526,0x1aa3b9c80,0xb0d20940,0x11ae995c0,4.0,0
1527,0x1a48812c0,0x1a1ed2380,0x5653140,4.0,0
1528,0x1b070cc80,0x1b1657940,0x115b5c0,4.0,0
1529,0x1a3230780,0x1a1ee0780,0x2cd0000,4.0,0
1530,0xbc757400,0x1af1e5bc0,0x1136b2fc0,4.0,0
1531,0x1a8e48a40,0x1b17a3940,0x199eb300,4.0,0
1532,0xbc3c2140,0x1a48bf580,0x118b7d4c0,4.0,0
1533,0x184f1a780,0x1a49044c0,0x2061e340,4.0,0
1534,0x1add59400,0x1b32bf980,0x1efe6d80,4.0,0
1535,0x1b4276700,0x1ae86e440,0x1aa18340,4.0,0
1536,0x1adfbb480,0x1a3a7c680,0xe5c7200,6.0,1
1537,0x1a305a340,0xbda9cf80,0x11eac6cc0,4.0,0
1538,0x1b3442840,0xb3e33ac0,0x100a71280,4.0,0
1539,0x1ac90b000,0xb7d86c00,0x11b48dc00,4.0,0
1540,0x1aa31a0c0,0x1aa800a40,0xb1aa80,4.0,0
1541,0x17f25a3c0,0xbce88d40,0x1c3cd2e80,4.0,0
1542,0xad159380,0x1a3520680,0x10e479500,4.0,0
1543,0x1b2d350c0,0x1a64f9000,0x149cc0c0,4.0,0
1544,0x1b36e2fc0,0x1b4b8a840,0x7d68780,4.0,0
1545,0x1a6f43780,0x1b03dd3c0,0x16c9e440,4.0,0
1546,0xba1f0440,0x1ae1b1200,0x114041640,4.0,0
1547,0x1a780bd00,0x1adf1a580,0xa711880,4.0,0
1548,0xb7d09780,0x1a53b1480,0x112eb8300,4.0,0
1549,0x1b1389a40,0x1a5878b80,0x14bf11c0,4.0,0
1550,0x1b7a95e40,0x1aba8b180,0x1c01efc0,4.0,0
1551,0x1b2d0bfc0,0xbde192c0,0x10f312d00,4.0,0
1552,0x1ad92c800,0x1b498a300,0x190a6b00,4.0,0
1553,0x1a50e0240,0x1a79f9080,0x29192c0,4.0,0
1554,0xad3d4dc0,0x1b0610280,0x11d5c4f40,4.0,0
1555,0x1b8076c80,0x1b1ddcec0,0x9daa240,4.0,0
1556,0x1a1b54cc0,0x1b6115080,0x17a41c40,4.0,0
1557,0x1aad5fc00,0x1af822040,0x557dc40,4.0,0
1558,0x18569f700,0x1a47d9d00,0x21146a00,4.0,0
1559,0x1b4885040,0xbaf0f700,0x10e78a740,4.0,0
1560,0x19fece540,0x1a1d0c800,0x3e3c2d40,6.0,1
1561,0x1a862eac0,0x1a7e0d980,0xf823340,4.0,0
1562,0xbb432a00,0xba9af800,0x1d9d200,4.0,0
1563,0xbea59f40,0x1a6548180,0x118f11ec0,4.0,0
1564,0x1b217ac80,0x1ab961980,0x1981b500,4.0,0
1565,0x1aa9e5d00,0x1af155ac0,0x58b07c0,4.0,0
1566,0x1b5811b00,0x1a3c36d00,0x16427600,4.0,0
1567,0x1b8355d80,0x1a9dc8340,0x11e9dec0,4.0,0
1568,0x18552c000,0xadd99000,0x1288b5000,4.0,0
1569,0x1b03e63c0,0x1a6d0ee00,0x16ee8dc0,4.0,0
1570,0xaf99f280,0xb3fa8040,0x1c6372c0,4.0,0
1571,0x19ff0fcc0,0x1b336ff40,0x2cc60380,4.0,0
1572,0x1aab410c0,0x1a89b48c0,0x22f5800,4.0,0
1573,0x1a901bf80,0xbef2d800,0x117f36780,4.0,0
1574,0x1ab4f95c0,0x1a45e4fc0,0xf11da00,4.0,0
1575,0xb1fe5f00,0x1a910bb40,0x118eee440,4.0,0
1576,0x1a4e5d7c0,0x1a86109c0,0xc84de00,4.0,0
1577,0xad1c24c0,0x1b1caa1c0,0x11cd68500,4.0,0
1578,0x1b5bda1c0,0x1aa05d400,0x1fb875c0,4.0,0
1579,0x184e17340,0x1ae299e80,0x2ac8edc0,4.0,0
1580,0x1b45e2dc0,0xacd2d080,0x1188cfd40,4.0,0
1581,0x1a387a940,0x1b0a7f8c0,0x13205180,4.0,0
1582,0x1aa4e2d80,0x1a295a700,0x8db8a80,4.0,0
1583,0xb3d67c00,0xaccb2d80,0x1f1d5180,4.0,0
1584,0x1a573f700,0x1af4dcfc0,0xa3e38c0,4.0,0
1585,0x1adbccb80,0x184f59980,0x29495200,4.0,0
1586,0xadf3d040,0x1ab021840,0x106f1c800,4.0,0
1587,0xab1d98c0,0x1acdb4100,0x107c6d9c0,4.0,0
1588,0x1b2540140,0x17f194840,0xcd4d4900,4.0,0
1589,0x1b4b44900,0x1a477e700,0x10c3ae00,4.0,0
1590,0x1a2e04800,0x1b4b26800,0x16522000,4.0,0
1591,0x1ac3f5240,0x1a6086000,0xa373240,4.0,0
1592,0x1a35c1200,0x1a23be740,0x167f540,4.0,0
1593,0xbae9c1c0,0x1b81c03c0,0x102f5c200,4.0,0
1594,0x1aa83fb40,0x1b43f6540,0x1ebc9e00,4.0,0
1595,0x1abce5240,0x1a5aad900,0xe648b40,4.0,0
1596,0x1a25c35c0,0x1ae0c9bc0,0xc50ae00,4.0,0
1597,0x1b4951200,0xbd922340,0x109073140,4.0,0
1598,0x1af6492c0,0x1b4247e00,0x1b40ecc0,4.0,0
1599,0x1b1d890c0,0x1b31ac9c0,0x2c25900,4.0,0
1600,0x1aa3afe00,0xbc0a9c80,0x116306280,4.0,0
1601,0xab18c340,0x1ac622e40,0x1077aed00,4.0,0
1602,0x1afa254c0,0xbe610c00,0x111c358c0,4.0,0
1603,0xb98e9f40,0xab269600,0x12a80940,4.0,0
1604,0x1a5b02440,0x1b2fca880,0x174c8cc0,4.0,0
1605,0x1ab792d40,0x1a6d2bc40,0xdab9100,4.0,0
1606,0x1adf7b080,0x1b5facf80,0x180d7f00,4.0,0
1607,0x1ab9d5c40,0x1af961280,0x40b4ec0,4.0,0
1608,0x1b678f6c0,0x1a8fb5e40,0x1e83a880,4.0,0
1609,0x1adbac680,0x1a745a240,0xaff64c0,4.0,0
1610,0x1a3037380,0x1852b58c0,0x26282b40,4.0,0
1611,0x1abb2bb40,0x1a421e940,0xf935200,4.0,0
1612,0x1acac4480,0x1a6907d40,0xa3c39c0,4.0,0
1613,0x1adc53c80,0x1a2598740,0xf9cbbc0,4.0,0
1614,0x185774b80,0x1a6667d40,0x231136c0,4.0,0
1615,0xbda02100,0x1a9fae980,0x1145ac880,4.0,0
1616,0x1aa86b9c0,0x1aad85440,0x5eed80,4.0,0
1617,0x1b49f67c0,0xb3d4cec0,0x1074ba900,4.0,0
1618,0x1b0bd4040,0xaf9f7700,0x11f223740,4.0,0
1619,0xace604c0,0x1b4afa480,0x11849a040,4.0,0
1620,0x1ac2d0f80,0x1b1ae8200,0x1d838d80,6.0,1
1621,0xb1d3a100,0x1a0470040,0x11194a140,4.0,0
1622,0xb9a6c1c0,0x1ac2abd40,0x1158c7c80,4.0,0
1623,0x1ae45b2c0,0xbdf8d880,0x113bd6a40,4.0,0
1624,0x1b35cbb80,0x1a254c940,0x110872c0,4.0,0
1625,0x1b0bb8ac0,0x1b5227f00,0x599f5c0,4.0,0
1626,0x184726240,0x1a2429640,0x2630f400,4.0,0
1627,0xac699840,0x1abd756c0,0x107bece80,4.0,0
1628,0x1a7955380,0x1ac14a4c0,0xb81f740,4.0,0
1629,0xbc591e40,0x1a7554f00,0x11b0c5140,4.0,0
1630,0x1b131c240,0x1a766cf40,0x16570d00,4.0,0
1631,0xad120880,0x1a20ccc00,0x10f1ec480,4.0,0
1632,0x1b08173c0,0xbde2d040,0x10d63a380,4.0,0
1633,0xb1f7bac0,0x1a792f400,0x116654ec0,4.0,0
1634,0xaddcf780,0xacdd7fc0,0x1018840,4.0,0
1635,0x1a28b58c0,0x1ae8eb700,0xc05efc0,4.0,0
1636,0x1853b51c0,0xbcb309c0,0x139885800,4.0,0
1637,0x1adbe6740,0x1ac219380,0x19ff4c0,4.0,0
1638,0x1ad85a700,0x1a2586a40,0xfddcd40,4.0,0
1639,0x1b5177c40,0x1a7b6b2c0,0x12a1ce80,4.0,0
1640,0x1a36f7380,0x1ac275700,0xf482480,4.0,0
1641,0x1a321d1c0,0x1a29a85c0,0x1bb5400,4.0,0
1642,0xbc40bd40,0x17f392a40,0x1c3799700,4.0,0
1643,0x1ad288cc0,0x1b3783100,0x1e50bdc0,4.0,0
1644,0x1ac3c7f00,0x184b25b00,0x288e2400,4.0,0
1645,0x19fcc3000,0x1a3428140,0x3c8eb140,4.0,0
1646,0x1a60d7a40,0x1af5f68c0,0x9521280,4.0,0
1647,0x1a405ed80,0xbd5bde00,0x1195e3380,4.0,0
1648,0x1dab0a900,0xadd24840,0x17762e140,4.0,0
1649,0x1a3ace240,0x1a3045080,0xa8b2c0,4.0,0
1650,0x1aab5d800,0xaea0fb00,0x104152300,4.0,0
1651,0x1b05547c0,0xc0675a00,0x170321dc0,4.0,0
1652,0xb0d3b4c0,0xadc88f00,0x1d1b3bc0,4.0,0
1653,0x1b3bdbd80,0x1b291cbc0,0x12c7640,4.0,0
1654,0x1a5770940,0x1af2989c0,0xa5e8080,4.0,0
1655,0xbebade80,0xbe5b9d00,0xe14380,4.0,0
1656,0xb1f37100,0x1a2754080,0x113863180,4.0,0
1657,0x1a879f2c0,0xba53ce40,0x1122a3c80,4.0,0
1658,0x1a228bac0,0x1b3e4cf80,0x11cc7540,4.0,0
1659,0xbe644f40,0x1aca779c0,0x112c33680,4.0,0
1660,0xbaabda80,0x1a6959f80,0x11c3e4500,4.0,0
1661,0xbb414b40,0x1b80fa500,0x1034eee40,4.0,0
1662,0x1b4b75840,0x1b168e8c0,0x5dfb080,4.0,0
1663,0x1b3698300,0xac9fd140,0x11ff65240,4.0,0
1664,0xbeadc100,0xac8b5540,0x12269440,6.0,1
1665,0x1b5574200,0xae87d940,0x11bd09b40,4.0,0
1666,0xbeba0040,0x1ac7539c0,0x112cf3980,4.0,0
1667,0x1ac4ee340,0xbc1a5500,0x11054b640,4.0,0
1668,0xae11b8c0,0x1a65540c0,0x10844f800,4.0,0
1669,0xbb6fd100,0x1b2cd3240,0x109a2e340,4.0,0
1670,0x1b3c10ac0,0xb7c74f80,0x104064540,4.0,0
1671,0x19fac9f40,0x1b41cdbc0,0x2bb04480,4.0,0
1672,0x184fb6000,0x1a77ae200,0x23818200,4.0,0
1673,0x1a7ed7a00,0x19fe66ac0,0x380b10c0,4.0,0
1674,0x1a1a851c0,0x1ad6ce980,0xcc4b840,4.0,0
1675,0x1aa5684c0,0x1b2ea7c40,0x18bcf880,4.0,0
1676,0x1b244d900,0x1b7598000,0x51d5900,4.0,0
1677,0x1b08e6140,0x1ad44e140,0x1dca8000,4.0,0
1678,0xae0038c0,0x1aa40a480,0x104409c40,4.0,0
1679,0x1a7a9c280,0xac58a9c0,0x10bf16b40,4.0,0
1680,0x1a661f9c0,0xbc92b480,0x11af34d40,4.0,0
1681,0xba403300,0x1a5b48a40,0x11ff4b940,4.0,0
1682,0xbb5bde40,0x1a0428640,0x11b195800,4.0,0
1683,0x1a9932f40,0xadf84740,0x1046b6800,4.0,0
1684,0x1a50c1740,0x1a6d7f040,0x3dbe700,4.0,0
1685,0x1b578c980,0x1b7e3d200,0x29b1b80,4.0,0
1686,0x1a3701000,0x1b479a8c0,0x1709b8c0,4.0,0
1687,0xbccf5dc0,0xbc609000,0xafcdc0,4.0,0
1688,0x1a23d3ac0,0x1dab917c0,0x78842d00,4.0,0
1689,0xba729b00,0x1a227dc80,0x118554780,4.0,0
1690,0xbe9a5140,0x1a77bffc0,0x119e1ae80,4.0,0
1691,0x1b3549900,0x1a567da40,0x16334340,4.0,0
1692,0x1a57e1fc0,0x1aaabba40,0xfd5a580,4.0,0
1693,0xb7d64b80,0x1b32b7880,0x104fd3300,4.0,0
1694,0x1b3ae9ec0,0x1b80f7e40,0xba1e080,4.0,0
1695,0x1a367c240,0xbcf068c0,0x11f97aa80,4.0,0
1696,0x184a372c0,0x1af7b6580,0x2bd81740,4.0,0
1697,0x1a4502300,0x1ae30f140,0xa60d240,4.0,0
1698,0xb3e9ebc0,0x1aca5a240,0x11f4c4980,4.0,0
1699,0x1b05c8880,0x1b1f4f300,0x1a87b80,4.0,0
1700,0xb3cba2c0,0x1ac29a200,0x11fe200c0,4.0,0
1701,0xba2b2500,0x1b3e692c0,0x109cdb7c0,4.0,0
1702,0x1a6ebfac0,0xc07532c0,0x1669ec800,4.0,0
1703,0x1b2dcf2c0,0x1a76b7580,0x15b78740,4.0,0
1704,0x1a7ec6ac0,0x1af826dc0,0x86e0700,4.0,0
1705,0xacd45240,0x1b2fd6c00,0x11e293e40,4.0,0
1706,0x1b5b50d80,0x1a1f2eb40,0x1447e6c0,4.0,0
1707,0x1b79be680,0x185757d40,0x32ee9bc0,4.0,0
1708,0x1aad54580,0x1ae53a200,0x486e780,4.0,0
1709,0x1b2e9a5c0,0xae960480,0x11c7fa140,4.0,0
1710,0xb8001040,0x1b493a840,0x10c93b800,4.0,0
1711,0xadf71d40,0x1ac1b8340,0x101ec9e00,4.0,0
1712,0xba05adc0,0x1a6fa9040,0x11cff3d80,4.0,0
1713,0x1851ec480,0x184cc3980,0x1d2fd00,4.0,0
1714,0xbaf70280,0x1afbf8d00,0x115488f80,4.0,0
1715,0x1af09ccc0,0x1aa5f6540,0x556a980,4.0,0
1716,0x1a231df00,0x1a59f81c0,0x7ae5ec0,6.0,1
1717,0xaea97800,0x1a76019c0,0x109c961c0,4.0,0
1718,0x1ace0d4c0,0x1b62ddb00,0x1acd0fc0,4.0,0
1719,0x1ad0ddf40,0x1b303ef80,0x1e0e30c0,4.0,0
1720,0x1ac78f8c0,0x1b39a2180,0x1fe2d940,4.0,0
1721,0xbe959b80,0x1a8024680,0x11697dd00,4.0,0
1722,0x1b3cf5cc0,0x1a9ba3200,0x1a756ec0,4.0,0
1723,0x1a7c073c0,0x1a56d5280,0x2ad2140,4.0,0
1724,0x1b6501440,0x1848469c0,0x32d47d80,4.0,0
1725,0xc0725700,0x1a9102480,0x169627380,4.0,0
1726,0x1b448c200,0xbd691440,0x10921d640,4.0,0
1727,0x1b3edf7c0,0x1a574bfc0,0x16994800,4.0,0
1728,0x1b0637480,0x1b2c55c40,0x2a628c0,4.0,0
1729,0x1a2899940,0x1a88ea700,0xa073e40,4.0,0
1730,0x1a8d93940,0x1b055b600,0x188c8f40,4.0,0
1731,0x1b1b04c80,0x1a94d6840,0x18fd24c0,4.0,0
1732,0x1b4abe800,0x1b4814480,0x2aac80,4.0,0
1733,0x1af6fc200,0x1a7d56cc0,0x8baaec0,4.0,0
1734,0x1b1036f80,0x1a2c65180,0x13c53e00,4.0,0
1735,0x1a1ad9c40,0xadeb4880,0x10c46d4c0,4.0,0
1736,0x1b522c300,0x1acb9e7c0,0x199b24c0,4.0,0
1737,0x1aa899f00,0x1afbac000,0x5335f00,4.0,0
1738,0x1b4b66a00,0xb7dc52c0,0x1036a38c0,4.0,0
1739,0x1b36a6280,0x1b14f2e40,0x2254cc0,4.0,0
1740,0x1b0c16c80,0x1a2bac980,0x127ba500,4.0,0
1741,0xbc7cb2c0,0xaca13e80,0x10dd8c40,4.0,0
1742,0x1ac23adc0,0x1b3584ac0,0x1f7be700,4.0,0
1743,0xad14fe40,0x1a2db7240,0x10fcf8c00,4.0,0
1744,0xbc57e700,0x1b0d5c7c0,0x10c8220c0,4.0,0
1745,0xac401940,0x1b401e080,0x11841f9c0,4.0,0
1746,0xace72dc0,0x1a22565c0,0x10ec24800,4.0,0
1747,0x1a417e8c0,0x1a2f465c0,0x6e38d00,4.0,0
1748,0x1b568ea80,0x1b23e5b00,0x756b180,4.0,0
1749,0x1a90c2280,0x1ad34fa00,0x438d880,4.0,0
1750,0x1b346ec80,0xbee3dec0,0x10da53240,4.0,0
1751,0x1afbc5280,0xae18df80,0x101a48d00,4.0,0
1752,0x1b46ca6c0,0x185184180,0x3174e740,4.0,0
1753,0x1a4c15f80,0xae00e0c0,0x10ac1bf40,4.0,0
1754,0xab116480,0x184ee0200,0x12fff6680,4.0,0
1755,0x1a70f2f00,0x1a7e77100,0xe85e00,4.0,0
1756,0x1853f7b80,0x1a6f971c0,0x23c60a40,4.0,0
1757,0x1b27c8fc0,0x1aa577940,0x182bf680,4.0,0
1758,0xb7e01c80,0x1a85abe00,0x11fbaa280,4.0,0
1759,0x1abe99b80,0x1abc303c0,0x2a9840,4.0,0
1760,0x19f92d5c0,0x1b44cb500,0x2bde60c0,4.0,0
1761,0x1a68d8440,0x1a63b53c0,0xb6d780,4.0,0
1762,0x1b5345ac0,0x1a967bd00,0x1c53e7c0,4.0,0
1763,0x1a7666980,0x1b0e5f540,0x17839cc0,4.0,0
1764,0xb1dff800,0x1af34dc40,0x11eeb2440,4.0,0
1765,0x1a4639f80,0x1b3f7f480,0x17946b00,4.0,0
1766,0x184e79b00,0x1b2624200,0x3685d900,4.0,0
1767,0x1a97e9440,0xbade71c0,0x113a0e580,4.0,0
1768,0x1b1b323c0,0x1ac8243c0,0x1d316000,4.0,0
1769,0xbe4a0280,0x1a8592840,0x116132ac0,4.0,0
1770,0x1aa38e600,0x1ad2e6180,0x7168780,4.0,0
1771,0xba8f2940,0xab315180,0x11be78c0,4.0,0
1772,0x1b26a2380,0x1a7481900,0x15223a80,4.0,0
1773,0x1b17adb00,0xb9956000,0x108efbb00,4.0,0
1774,0x1ae651740,0xbc8d7680,0x112e861c0,4.0,0
1775,0x1a3d273c0,0x1aca09d00,0xf72eec0,4.0,0
1776,0x1b7bc2b80,0x1a9224800,0x1e9e6380,4.0,0
1777,0x1b112a0c0,0x1b2393680,0x32b9640,4.0,0
1778,0x1b0cc5540,0x17f7b4a80,0xcfb71fc0,4.0,0
1779,0x1a9736bc0,0x1b17d5d40,0x180e3680,4.0,0
1780,0x1acb8d6c0,0xb80abb40,0x114b26d80,4.0,0
1781,0xbd866200,0xac59d1c0,0x11dfb3c0,6.0,1
1782,0x1a4c43d80,0x1b37ed640,0x17baebc0,4.0,0
1783,0x1a1da53c0,0xb3de6140,0x112043280,4.0,0
1784,0xb0d39a00,0x1a7f99640,0x1172a0c40,4.0,0
1785,0x1a3db8980,0x1aec4f000,0xd1f7980,4.0,0
1786,0x1b36a4800,0x1b11512c0,0x27f5ac0,4.0,0
1787,0x1b5e851c0,0x1ac1d0b80,0x19f55a40,4.0,0
1788,0x1855f6c00,0x1adb77cc0,0x28e810c0,4.0,0
1789,0x1a42c8b80,0x1abcd3340,0xfe1b8c0,4.0,0
1790,0x1afa6f340,0x1a6414f80,0x9e7bcc0,4.0,0
1791,0xb1828040,0xbe8ebf00,0xf0c3f40,4.0,0
1792,0x1ae25e780,0x1ae8b6140,0xae86c0,4.0,0
1793,0x1a5394580,0x1a5badcc0,0x839940,4.0,0
1794,0xb80c5bc0,0xbc54f140,0x458aa80,4.0,0
1795,0xab0dda40,0x1854a7280,0x12e47a8c0,4.0,0
1796,0x1b75efcc0,0xbe56dc40,0x109082080,4.0,0
1797,0x1a747e440,0x1a2cbea40,0x58c0e00,4.0,0
1798,0xafa49280,0x1a7e48800,0x108401a80,4.0,0
1799,0x1b7bc4b80,0x1a5e03c80,0x125c7700,4.0,0
1800,0x1ae205e80,0x1845a1500,0x2a7a4b80,4.0,0
1801,0x1b3676cc0,0x1a7d34680,0x14b42a40,4.0,0
1802,0xbd4ec7c0,0x1afa40e80,0x112eac940,4.0,0
1803,0x1b2b2a200,0x1ae2b83c0,0x1c9921c0,4.0,0
1804,0x1a3a43b40,0x1b5217d80,0x168546c0,4.0,0
1805,0x19faf6700,0x1b181de80,0x2e2eb980,4.0,0
1806,0xb1cb4d00,0x1b6282780,0x107e36a80,4.0,0
1807,0x1a481ed80,0x1ae93a4c0,0xa124940,4.0,0
1808,0x1ab07d8c0,0x1a87d7300,0x37aabc0,4.0,0
1809,0xbce13180,0x1b5d97480,0x109384500,4.0,0
1810,0x1b3a32480,0x1ae485bc0,0x1deb7f40,4.0,0
1811,0x1b3b83700,0x1b1aac140,0x212f640,4.0,0
1812,0x1b40bc800,0xbacb2b40,0x10ec0e340,4.0,0
1813,0x1b338fb80,0x1b3a25a80,0x9aa100,4.0,0
1814,0x1a7ef9380,0xba27a700,0x11dc83480,4.0,0
1815,0x18524d740,0x1b446a200,0x31627540,4.0,0
1816,0x1af6c4c00,0xbafdc400,0x115918800,4.0,0
1817,0x1a2ee2880,0xb0df53c0,0x112317b40,4.0,0
1818,0x1a7ed5280,0x1b3e31a80,0x140e4800,4.0,0
1819,0x1b2da97c0,0x1a9c82dc0,0x1b12ba00,4.0,0
1820,0xba69b800,0xbaf2cec0,0x9b76c0,4.0,0
1821,0x1a21e5c40,0xba24b540,0x1183ae900,4.0,0
1822,0x1ae4f2640,0x1a5628a00,0xb2dac40,4.0,0
1823,0x1a522ea00,0xaf8a1f00,0x10aa8f500,4.0,0
1824,0xb813ad00,0x1b66a6b80,0x10e79c680,4.0,0
1825,0x1b4bb6380,0x1a60e1180,0x12b57200,4.0,0
1826,0x1ab071780,0x1aebc4a80,0x5bb5d00,4.0,0
1827,0x1b67b22c0,0xbc082f80,0x10a730d40,4.0,0
1828,0xbb450600,0x1affcbe40,0x114b9b840,4.0,0
1829,0x185202a40,0x1b4ed9980,0x31cdb3c0,4.0,0
1830,0x1a60ef540,0x1b6595180,0x1057a4c0,4.0,0
1831,0x1af887b80,0x1b431f140,0x1bb98ac0,4.0,0
1832,0xba979580,0xbdd19400,0x7460180,4.0,0
1833,0xbae61540,0x1b4c68800,0x10e209d40,4.0,0
1834,0x1ab64ae80,0x1b20fed00,0x196b4380,4.0,0
1835,0x1a56305c0,0x185743680,0x20173340,4.0,0
1836,0x1aab6dbc0,0xb0fbf200,0x11a4d29c0,4.0,0
1837,0x1af837bc0,0xbdc09240,0x11243e980,4.0,0
1838,0x1a9dcdc00,0x1b35d05c0,0x1a81d9c0,4.0,0
1839,0xb7e96140,0x1b4b5d940,0x1035cb800,4.0,0
1840,0x1b01bb180,0xbed6d500,0x10ecd6480,4.0,0
1841,0xbcf39ac0,0x1a1eb7900,0x11d18e3c0,4.0,0
1842,0x1a6332f80,0xb7c1ddc0,0x111f2f240,4.0,0
1843,0x1a6094880,0x1b3312580,0x15386d00,4.0,0
1844,0x1ac0f6c00,0xaeacf2c0,0x102a39ec0,4.0,0
1845,0xbb596f00,0x1b0d51180,0x10b8c7e80,4.0,0
1846,0xb1f6a440,0xaebc0a80,0x1f4aaec0,4.0,0
1847,0x1ab5b52c0,0x1ae98e9c0,0x5c3bb00,4.0,0
1848,0xbead4e80,0x1aa909800,0x1143dd680,4.0,0
1849,0x1aa2821c0,0xbc022d00,0x1162a0cc0,4.0,0
1850,0x1a3693500,0x1adcd7780,0xea44280,4.0,0
1851,0x1a59e03c0,0x1ac56b100,0x9c8b2c0,4.0,0
1852,0x1b247c9c0,0x1b3d81f80,0x19fd640,4.0,0
1853,0x1aa67a340,0x1a2ed45c0,0x88ae680,4.0,0
1854,0x1ad897580,0x1a6da8480,0xb53f100,4.0,0
1855,0x1b5e56f00,0x1a46dd700,0x1188b800,4.0,0
1856,0x1b7bf6980,0xbeb63a00,0x109095380,4.0,0
1857,0xaeaad000,0xbcbe4940,0x12149940,4.0,0
1858,0x1b23b57c0,0x1a95b8880,0x1b60df40,4.0,0
1859,0x1b4aeaec0,0xaeae43c0,0x11a00ed00,4.0,0
1860,0x1acaffb80,0x1a96a6e00,0x5c59580,4.0,0
1861,0xbeaff540,0xbe893fc0,0x26ca80,4.0,0
1862,0x1ac654880,0x1a5da6840,0x9bf20c0,4.0,0
1863,0x1a19389c0,0x1a6e1b740,0x7723e80,4.0,0
1864,0x1af21b040,0x1aa7dfb80,0x55c4bc0,4.0,0
1865,0x1ab798440,0x1b0cd3580,0x1bb4b1c0,4.0,0
1866,0x1b7821340,0xba6ab800,0x10de8ab40,4.0,0
1867,0x1a3ec9680,0x1af927d00,0xc7eeb80,4.0,0
1868,0x1a9faa7c0,0x1ac9689c0,0x56c2e00,4.0,0
1869,0x1b0c212c0,0xb7ee4d40,0x1072c5f80,4.0,0
1870,0x1b2334e40,0x1ad703200,0x1f437c40,4.0,0
1871,0x1847af440,0x1af3b6800,0x2b419c40,4.0,0
1872,0x1a96d1c00,0x1a3cf3440,0xaa22840,4.0,0
1873,0xbd4ff140,0xb1e253c0,0xcada280,4.0,0
1874,0x1abed0cc0,0x1abbbf000,0x56fcc0,4.0,0
1875,0x1a4d27780,0x184df5840,0x200d2fc0,4.0,0
1876,0x1b35cfe00,0x1b75f8d00,0x4037300,4.0,0
1877,0x1a9d9f840,0x1a61686c0,0xfcf7e80,4.0,0
1878,0x1a3e2a540,0x1aa243200,0x9c69740,4.0,0
1879,0x1abaeee00,0xb9953580,0x1123bdb80,4.0,0
1880,0x1b2e46d80,0x1b56ac240,0x78eafc0,4.0,0
1881,0x1a8dc7b00,0x1b02f30c0,0x18f34bc0,4.0,0
1882,0xbd9b7a80,0x1ab0b6180,0x116901b00,4.0,0
1883,0x1a615fdc0,0x1b3bea240,0x15ab5f80,4.0,0
1884,0xac61fb40,0x1b58ed0c0,0x119ef2b80,4.0,0
1885,0x1afcdbf80,0xba83c9c0,0x1154e7640,4.0,0
1886,0xad3262c0,0x1af0cf3c0,0x1023e9100,4.0,0
1887,0x1a46431c0,0x1b176fec0,0x1512cf00,4.0,0
1888,0x1b19e7800,0x1b35f6300,0x2c11b00,4.0,0
1889,0x1b1aa6280,0x1a3d444c0,0x127e2640,4.0,0
1890,0xbc335300,0xbcd3ca00,0xe09900,4.0,0
1891,0x18575dd40,0xae209140,0x12b554c00,4.0,0
1892,0xaf965700,0x1a9988580,0x1060ed280,4.0,0
1893,0xadf16800,0x1b560ac40,0x11891c440,4.0,0
1894,0x1b27ef780,0x1add3b600,0x1fad4180,4.0,0
1895,0x1ad700200,0x1abac1500,0x6dc1700,4.0,0
1896,0xad208840,0x1b4832d00,0x119a3a540,4.0,0
1897,0x1a22f9600,0x1b356c2c0,0x117954c0,4.0,0
1898,0x1a6572ec0,0x1a6fc43c0,0xab6d00,4.0,0
1899,0x1ad5e0500,0x1a3040a00,0xe5a0f00,4.0,0
1900,0xbcbf7480,0x1a3800480,0x11f3f7000,4.0,0
1901,0x1b09ad3c0,0x1aae94740,0x1a739480,4.0,0
1902,0xb99dd840,0x1b3415580,0x10adc8dc0,4.0,0
1903,0x1a2a8f600,0xad2ce040,0x10f841640,4.0,0
1904,0x1ad750880,0x1b295a880,0x1fe0a000,4.0,0
1905,0x1abc16540,0x1b11b4bc0,0x1ada2e80,4.0,0
1906,0x1ae1d72c0,0xacb6f280,0x102ab8040,4.0,0
1907,0x1aef2dd00,0x1a7ad79c0,0x95fa4c0,4.0,0
1908,0x1b3dab800,0x1b117a500,0x2cd1d00,4.0,0
1909,0x1a356c640,0x1acadef80,0xffb29c0,4.0,0
1910,0x1a5bfab00,0x1af090840,0xab6a340,4.0,0
1911,0xbac0c480,0x1ad891340,0x11749d7c0,4.0,0
1912,0xba02d540,0x185429a80,0x13f404fc0,4.0,0
1913,0x1a7a87640,0xae038400,0x109abf240,4.0,0
1914,0x1a4478e80,0x1b348cb40,0x170f45c0,4.0,0
1915,0x1b134ae40,0xbc0a3300,0x10d3e9d40,4.0,0
1916,0xad046000,0x1a823d200,0x10527b200,4.0,0
1917,0x1af091a80,0x1ad977840,0x29e62c0,4.0,0
1918,0xb1cda7c0,0x1b0746080,0x101b9c740,4.0,0
1919,0xc04978c0,0x1ade52040,0x16dac5880,4.0,0
1920,0x1a952a940,0x1a81a4e00,0x148e740,6.0,1
1921,0x1a5490c00,0x1b6326c00,0x137b6000,4.0,0
1922,0x1b25c8080,0x1b2fe3900,0xa2b980,4.0,0
1923,0x1a42885c0,0x1ac8b7880,0x8a3fd40,4.0,0
1924,0x1aa5e7e00,0x1a5c19c00,0xf9fe200,4.0,0
1925,0x19f901800,0x1ae606900,0x31f07100,4.0,0
1926,0x1b38cf440,0x1b4d51c80,0x759e8c0,4.0,0
1927,0x1a2b22c80,0x1a4b619c0,0x6043540,4.0,0
1928,0x1b2a05740,0x1a89cf2c0,0x1a3ca580,4.0,0
1929,0x1b266bdc0,0x1b5aa25c0,0x7cc9800,4.0,0
1930,0x1a2ae6e00,0xac54cc00,0x10efaa200,4.0,0
1931,0xb1d8f8c0,0xbb6f9e00,0xab766c0,4.0,0
1932,0x1b04a2e40,0x1af9bd340,0x1fd1fd00,4.0,0
1933,0x1aadbf680,0x1b13a4600,0x1be1b080,4.0,0
1934,0x1a658d400,0x1a734df40,0x16c0b40,4.0,0
1935,0xbc377640,0x1ae6dcd40,0x1125abb00,4.0,0
1936,0x1ad917d40,0xbee6d280,0x11377afc0,4.0,0
1937,0x1aaf47940,0x1a6b69dc0,0xc42e480,4.0,0
1938,0x1a245eb80,0xba427f00,0x118079480,4.0,0
1939,0xbad18640,0x1ab66a9c0,0x111b72f80,4.0,0
1940,0xbaf7ab40,0x1b03d1e40,0x10acab500,4.0,0
1941,0x17f2dc2c0,0x1ac38bf80,0xd3157d40,4.0,0
1942,0x1ab5adac0,0x185723f40,0x2e28e580,4.0,0
1943,0x1af258940,0x1a443e200,0xb666b40,4.0,0
1944,0x1a857e200,0x1a7d4e740,0xf830540,4.0,0
1945,0xbc7f27c0,0x1a9489040,0x11537b780,4.0,0
1946,0xac73a340,0x1849300c0,0x128e0a380,4.0,0
1947,0xbe79fe40,0x1a719c180,0x119603fc0,4.0,0
1948,0x1af278400,0xba20d4c0,0x1150750c0,4.0,0
1949,0xbaeac780,0x1b3c29800,0x109285f80,4.0,0
1950,0x1b596f400,0xb8acde00,0x10d3a2a00,4.0,0
1951,0xc06f4540,0x1a9f11140,0x1699e5400,4.0,0
1952,0xba136080,0x1b22fde80,0x1083cbe00,4.0,0
1953,0x1aee9ef00,0x1ab04fc00,0x5ed1300,4.0,0
1954,0x1a5d7cdc0,0x1a736f540,0x2e13880,4.0,0
1955,0x1b52255c0,0x1b671a900,0x353fcc0,4.0,0
1956,0xbd585380,0xbdaf38c0,0xf76b40,4.0,0
1957,0x1a8f31880,0x1a759de80,0xfaac600,4.0,0
1958,0x1b3af4800,0x1b65ae200,0x5f5aa00,4.0,0
1959,0xba026080,0x1a24fca40,0x1184daac0,4.0,0
1960,0x1a4f87940,0xad382880,0x109c051c0,4.0,0
1961,0x1aa5aaa80,0xae3dec80,0x104674600,4.0,0
1962,0xc0669940,0x1af9e78c0,0x16ff8e180,4.0,0
1963,0x17f320e40,0x1b642dd40,0xc970d300,4.0,0
1964,0x1a6127dc0,0x1b67115c0,0x10636800,4.0,0
1965,0xbddb1580,0x1a27221c0,0x11fa93440,4.0,0
1966,0x19ffa73c0,0xafa20ac0,0x130587900,4.0,0
1967,0x1aaa57340,0x1a7cb7440,0xd6e0700,4.0,0
1968,0x1b08da980,0x18531b240,0x35bc1bc0,4.0,0
1969,0x1b1872080,0x1b51c2740,0x49b07c0,4.0,0
1970,0x1a55157c0,0x1ad7db640,0x82ce180,4.0,0
1971,0xbaf6a040,0x185026b40,0x13ff4cb00,4.0,0
1972,0x1a7babf00,0x1a06bd8c0,0x7d167c0,4.0,0
1973,0x1a760f9c0,0x1a1b2a740,0x6d25e80,4.0,0
1974,0x1b62f5ac0,0xac700a80,0x11a5f5040,4.0,0
1975,0x1a244d180,0x184822400,0x26c6f580,4.0,0
1976,0x185630300,0x1ab562c00,0x2e352f00,6.0,1
1977,0x1b37470c0,0xacf91c40,0x11f8d6c80,4.0,0
1978,0x1a1bd34c0,0x1b2cf2f00,0x13721bc0,4.0,0
1979,0x1a44be980,0x1a6121280,0x259fb00,4.0,0
1980,0xad1404c0,0x1b3dc5f00,0x11ec85bc0,4.0,0
1981,0x1a6c68480,0x1ad5798c0,0xb911c40,4.0,0
1982,0x1b2ba2a00,0x1b022a7c0,0x2988dc0,4.0,0
1983,0x1b3d9cd00,0x1a9908380,0x1a494e80,4.0,0
1984,0xbb465a00,0x1ac352d80,0x117737780,4.0,0
1985,0x1a500fac0,0x1b250b1c0,0x17504b00,4.0,0
1986,0x19f899400,0x1b599cb00,0x2a105f00,4.0,0
1987,0x1b2636d40,0x1a5ecf300,0x178f9e40,4.0,0
1988,0xab0d43c0,0x17f56a700,0x1d45be4c0,4.0,0
1989,0xbc02fa40,0x1b1f1fec0,0x10df30480,4.0,0
1990,0x1aed2a180,0x1a6dd6bc0,0x80fca40,6.0,1
1991,0x1b1a4c2c0,0x1adae5480,0x1c0a9640,4.0,0
1992,0xbddfd7c0,0xbd930380,0x4cd440,4.0,0
1993,0x1b3a560c0,0xbddf6cc0,0x10e7a0c00,4.0,0
1994,0x1a4855280,0x1b7b38a80,0x1336d800,4.0,0
1995,0x1b5be2f40,0x1b2d08780,0x76ea8c0,4.0,0
1996,0x1b0d88980,0x1a2cd63c0,0x1215ea40,4.0,0
1997,0x1a6f0d040,0x1a9e70380,0xf17d3c0,4.0,0
1998,0x1b1b24b80,0x1a06cdd40,0x11de96c0,4.0,0
1999,0xb3c5a700,0x1a643a5c0,0x1158602c0,4.0,0
2000,0x1ab8abb00,0x1b5f181c0,0x1e7b3ac0,4.0,0
2001,0x1b816a780,0xac44ef00,0x114524880,4.0,0
2002,0xbaf41cc0,0x1b002c4c0,0x10af6d800,4.0,0
2003,0x1ae6c3200,0xb9b400c0,0x117d832c0,4.0,0
2004,0xba815c00,0xbce0cc80,0x6619080,4.0,0
2005,0x1a5dccf80,0x1a4790d80,0x1a5c200,4.0,0
2006,0x17f048840,0x1b5c3e240,0xcac76a00,4.0,0
2007,0x1b05e0240,0x1af631040,0x1f3d1200,4.0,0
2008,0xace16600,0x1aa57a300,0x106b6c500,4.0,0
2009,0x1a6a12d00,0x1ab360880,0xd972580,4.0,0
2010,0x1a753dd80,0x1a2a80c40,0x5fbd1c0,4.0,0
2011,0x1a45ad000,0x184eeb740,0x20b46740,4.0,0
2012,0x1a437b040,0xac5bb040,0x1086c0000,4.0,0
2013,0x1a71e6ac0,0x1b42c4bc0,0x13322100,4.0,0
2014,0x1a9637dc0,0x1b7eef200,0x1e8d8fc0,4.0,0
2015,0x1b7c6a180,0x1b3b078c0,0x476d940,4.0,0
2016,0xbda6f3c0,0xafaca940,0x120a5a80,4.0,0
2017,0x1a3c1b7c0,0xb805b0c0,0x11bc40700,4.0,0
2018,0x1ad9cfe00,0x1b0f029c0,0x1d6cd7c0,4.0,0
2019,0xbab16180,0x1a2c36a00,0x118720b80,4.0,0
2020,0xac45a640,0xaea1e100,0x2e44740,4.0,0
2021,0x1a5feb7c0,0x1a8b66ec0,0xd48d900,4.0,0
2022,0x18575f340,0x1b49f0a00,0x31eaf940,4.0,0
2023,0xba719f00,0x1a7b8a940,0x11dc93640,4.0,0
2024,0x1a5bf5d00,0x1a3459c00,0x6fac100,6.0,1
2025,0xbed99200,0x1ab49dac0,0x1159048c0,4.0,0
2026,0x1a4aff840,0x1b3c27200,0x176d8a40,4.0,0
2027,0x1a8814200,0xbe5cc880,0x116dd8a80,4.0,0
2028,0x1a4191280,0x1ae61fcc0,0xa78ee40,4.0,0
2029,0xb1ed4480,0xb818e040,0x9f5a4c0,4.0,0
2030,0x1acb99ec0,0xbaca4600,0x11673d8c0,4.0,0
2031,0x1a637f900,0x1a6d712c0,0xe0ebc0,4.0,0
2032,0x1b7967f40,0x1a8b050c0,0x1f262f80,4.0,0
2033,0x1b18ac380,0x1aa87cd80,0x1b0d0e00,4.0,0
2034,0xbacd0a80,0x1b0a95500,0x10a645f80,4.0,0
2035,0x1ac0d7780,0xab396100,0x107341680,4.0,0
2036,0x1b3db6600,0x1b042df40,0x399b940,4.0,0
2037,0x1af61dfc0,0x1b399f940,0x1cf82680,4.0,0
2038,0x1abaa8940,0x1ac064ec0,0x7acc780,4.0,0
2039,0x1a19b52c0,0x1afac2680,0xe377440,4.0,0
2040,0xbb5d4ac0,0xb7de84c0,0xc83ce00,4.0,0
2041,0xefdac140,0x1b174d300,0x15eae1240,4.0,0
2042,0x1ab99b6c0,0x1a8824340,0x31bf580,4.0,0
2043,0x184d56bc0,0x1ae697940,0x2abc1280,4.0,0
2044,0x1b5a69000,0xafa91040,0x11a0f8040,4.0,0
2045,0xb3d40980,0x1a8a8df00,0x11b7cd680,4.0,0
2046,0x184fb9640,0xbc2ef280,0x138d564c0,4.0,0
2047,0x1adc231c0,0x1b3e665c0,0x1e245400,4.0,0
2048,0x1ac523340,0xb0f0e540,0x11ca2d600,4.0,0
2049,0x1a536e340,0x1aafdae00,0xfcb4d40,4.0,0
2050,0x1b5013a40,0x1af86aac0,0x1a879080,4.0,0
2051,0x1b1a90f00,0xad191040,0x11cb01f40,4.0,0
2052,0x1a6922a40,0xbe40aec0,0x118d28480,4.0,0
2053,0x1a9938980,0x1b0ff0380,0x196c8a00,4.0,0
2054,0x1b21c2d80,0x1a9f12c40,0x1bed01c0,4.0,0
2055,0x1a6f3da00,0x1a6f31840,0xc240,4.0,0
2056,0xba301100,0x1a6f4db40,0x11cc4ca40,4.0,0
2057,0x1b7aa3b40,0xacb89800,0x11b12a340,4.0,0
2058,0x1ae396e80,0xbda62700,0x1139f4980,4.0,0
2059,0xbac9b140,0x1aa28aec0,0x110e11f80,4.0,0
2060,0x1b147a740,0xba365b00,0x10b71fc40,4.0,0
2061,0x1b113ddc0,0x1ae978dc0,0x1f845000,4.0,0
2062,0xbc8bfd80,0xbc1cbf80,0x974200,4.0,0
2063,0x1a8c6a380,0xbb498100,0x1138f2280,4.0,0
2064,0xba0d44c0,0x1acbfc6c0,0x116b28200,4.0,0
2065,0x1b7e02f00,0x1a5cc2f00,0x122c0000,4.0,0
2066,0x1a28f2180,0x1affd7e00,0xd725f80,4.0,0
2067,0x1b433bf40,0x1a7e39bc0,0x13d02480,4.0,0
2068,0x1b5936cc0,0x1a41b98c0,0x1188f400,4.0,0
2069,0x17f64df80,0x1ae03ea40,0xd16735c0,4.0,0
2070,0x1ac4f1540,0x1a4616980,0x82e7cc0,4.0,0
2071,0xae358280,0xbe99c640,0x10ac44c0,4.0,0
2072,0x1a9989500,0x1b0ac2dc0,0x1934b8c0,4.0,0
2073,0x1b7b4de40,0x1b6144380,0x1a09dc0,4.0,0
2074,0x1aac8c500,0x1b54dbfc0,0x1f857ac0,4.0,0
2075,0xbe7e2240,0xb884ec40,0x6face00,4.0,0
2076,0xac9d6ac0,0x1b65bc000,0x11ac6aac0,4.0,0
2077,0x1b032fa00,0x1b587d840,0x5b52240,4.0,0
2078,0x1a24ebf80,0x1b75bed80,0x15155200,4.0,0
2079,0xbded4940,0xbd618440,0x8ccd00,4.0,0
2080,0x1aa446440,0x1a8e52840,0x2a14c00,4.0,0
2081,0x1af963340,0x1ab95c600,0x403f540,4.0,0
2082,0x17f64f640,0x1aa1e3280,0xd57ac4c0,4.0,0
2083,0xb3c771c0,0x1b3011300,0x100c662c0,4.0,0
2084,0x1acf07b80,0x1afa93140,0x3594ac0,4.0,0
2085,0xacd7ed40,0xba34c0c0,0x16e32d80,4.0,0
2086,0x1b24ceb00,0xb1d81fc0,0x10394f4c0,4.0,0
2087,0x1aa98a700,0x1a2ae2000,0x8368700,4.0,0
2088,0x1b13dfdc0,0xacf1e580,0x11dcc1840,4.0,0
2089,0x18544b380,0x1a24f72c0,0x270bc140,4.0,0
2090,0xbc8ce540,0x1a45e9600,0x118d27340,4.0,0
2091,0x1a3eaef00,0x1b588c000,0x16622f00,4.0,0
2092,0x1daaca600,0x1b2603940,0x68cc9f40,4.0,0
2093,0x1b1d94840,0x1a21415c0,0x13cd5d80,4.0,0
2094,0x1b064c6c0,0xbcb5b1c0,0x10cd17700,4.0,0
2095,0x1abde1a00,0x184837b40,0x2f5d6140,4.0,0
2096,0xba080a00,0x1a1c88d80,0x11bc08780,4.0,0
2097,0x1ab49e140,0xacd21080,0x1079bf1c0,4.0,0
2098,0x1aa9d7000,0x1a3ce3300,0x9534300,4.0,0
2099,0x1a19d1380,0x1b5d03b80,0x144d2800,4.0,0
2100,0xb3c58480,0xaccea100,0x1f0b2580,4.0,0
2101,0x1b41abc40,0x1aacf4f80,0x1ed5f3c0,4.0,0
2102,0xab2660c0,0x1a507b380,0x10e21d340,4.0,0
2103,0xb819bf80,0x17f1f1e80,0x1c706a100,4.0,0
2104,0x1ab602900,0xac5ad300,0x1073afa00,4.0,0
2105,0x18450e140,0x1ad4f0e40,0x291fef00,4.0,0
2106,0x1aca25900,0x1a3101080,0xfb24980,4.0,0
2107,0x1a9a07e40,0x1ac67af40,0x5c7d100,4.0,0
2108,0xbeac19c0,0x1a1c26680,0x11f6e7f40,4.0,0
2109,0x1ad3e1500,0x1aae01080,0x7de0580,4.0,0
2110,0x1a3b75840,0x1b81e6f00,0x1ba93740,4.0,0
2111,0xbdf0bbc0,0x1ac53b280,0x111a30940,4.0,0
2112,0x1853dac80,0xafb2bd00,0x12a8f1180,4.0,0
2113,0xbaa11300,0x1a8cf6cc0,0x1126e7fc0,4.0,0
2114,0x17f70e040,0xaf97b680,0x1d0e756c0,4.0,0
2115,0xbc37b840,0x1afb344c0,0x11384fc80,4.0,0
2116,0xefea4780,0x1852554c0,0x16acf1340,4.0,0
2117,0xba319440,0xab270880,0x11169cc0,4.0,0
2118,0x1a395a840,0xbd8a03c0,0x11e1fab80,4.0,0
2119,0x1a6d2e700,0x1adb82140,0xb6ac640,4.0,0
2120,0x1b390f6c0,0xb0def880,0x1034e0e40,4.0,0
2121,0x184a09f80,0x1a6fbf000,0x225b6f80,4.0,0
2122,0x1a83ec900,0xad290dc0,0x10517c4c0,4.0,0
2123,0xbadbcf40,0x1a2ba02c0,0x11861cd80,4.0,0
2124,0x1aa2bb440,0x1a52ca440,0xf071000,4.0,0
2125,0x1abdc6340,0x1ac254cc0,0x7f92f80,4.0,0
2126,0x1a2d3c340,0x1b532cf40,0x17e10c00,4.0,0
2127,0x17f7b4f40,0x18573c000,0xfa088f40,4.0,0
2128,0xac7cec40,0x1b06d6240,0x11c118e00,4.0,0
2129,0x1a88bdcc0,0x1ada0fc80,0x52b2040,4.0,0
2130,0x1a9feb8c0,0x1acb67500,0x548cdc0,4.0,0
2131,0x1a3a89140,0x1a9ff6080,0xa57f1c0,4.0,0
2132,0x1aad019c0,0x1a3361580,0x9e60c40,4.0,0
2133,0x1b0812900,0xba5ca200,0x10add8b00,4.0,0
2134,0x1ad39f940,0x1b6165000,0x1b2fa940,4.0,0
2135,0x17f36d340,0x1a7139040,0xd8254300,4.0,0
2136,0x1a2d70880,0xb82112c0,0x11af61a40,4.0,0
2137,0xbe91d040,0xad374180,0x13a691c0,4.0,0
2138,0x1a918b080,0xaeb83f80,0x107a08f00,4.0,0
2139,0x1aa48d440,0x1b186b500,0x1bce6140,4.0,0
2140,0x1a823b3c0,0x1b4dbd7c0,0x1cf86400,4.0,0
2141,0x1a40051c0,0xad303700,0x1093066c0,4.0,0
2142,0xab170700,0x1a1845100,0x10a935600,4.0,0
2143,0xad3df700,0x1a6c77340,0x10bfa8440,4.0,0
2144,0x1b0b3f340,0xbd4fb3c0,0x10dfc4080,4.0,0
2145,0x1b32ac000,0x184795c00,0x37539c00,4.0,0
2146,0x1a3436900,0xba39a140,0x1197ac840,4.0,0
2147,0xbef63c80,0x1acca22c0,0x1123c1e40,4.0,0
2148,0x1b7825700,0x17f24e580,0xc8a6b280,4.0,0
2149,0xba335500,0x1aa04f040,0x11037a540,4.0,0
2150,0xbcfce5c0,0x185640840,0x13998ed80,4.0,0
2151,0x1afdad080,0x1b66d3e40,0x19b7eec0,4.0,0
2152,0xac689b40,0x1a2f540c0,0x10e9ddb80,4.0,0
2153,0x1a60e0000,0x1a7670bc0,0x1690bc0,4.0,0
2154,0x1a5ec5040,0xae0b6440,0x10be73400,4.0,0
2155,0x1b75010c0,0xbe925400,0x109c244c0,4.0,0
2156,0x1aabdac00,0x1a2790280,0x8c4ae80,4.0,0
2157,0x1b442bb40,0xbcf29300,0x108b02840,4.0,0
2158,0x1a2bfa380,0x1a4019240,0x6be31c0,4.0,0
2159,0x1a6f30680,0x1b1aa36c0,0x17593040,6.0,1
2160,0x1b37c8640,0x1a0401680,0x133c90c0,4.0,0
2161,0x1b0e7e300,0x1b5769f40,0x5917c40,4.0,0
2162,0x1b43e57c0,0x184bb9f80,0x3085c840,4.0,0
2163,0x1a8951200,0xbed4eec0,0x11641fcc0,4.0,0
2164,0x17f64c540,0x1a7923700,0xd8f6f240,4.0,0
2165,0x1a1e29f40,0x1b24cfb00,0x13ae6440,4.0,0
2166,0x1a66eef80,0xab1c7fc0,0x10d729040,4.0,0
2167,0x1af02d940,0xaeb52ac0,0x101b7f380,4.0,0
2168,0x1b1abb0c0,0xbda55940,0x10c0ee980,4.0,0
2169,0xba08f680,0x1b5da5100,0x10fd2a780,4.0,0
2170,0xad2b5dc0,0x1a85f5780,0x105740a40,4.0,0
2171,0x1a8f55540,0xbcedf9c0,0x11418ac80,4.0,0
2172,0xbeeb2a00,0x1a380b080,0x11d6b9a80,4.0,0
2173,0x1b254cd00,0x1aa10edc0,0x184420c0,4.0,0
2174,0x1a6b8f2c0,0x1b7ea2380,0x1152d140,4.0,0
2175,0xb8bb0480,0xb1bbf900,0x900fd80,4.0,0
2176,0xb9839a00,0x1b1adf780,0x1082e6d80,4.0,0
2177,0x1b4370840,0x1b0c581c0,0x4f28980,4.0,0
2178,0xab11f740,0xbcaf2a80,0x17beddc0,4.0,0
2179,0x1a8a330c0,0x1adcb5c80,0x5686c40,4.0,0
2180,0x1a9695180,0x1a93c8000,0x55d180,4.0,0
2181,0x1a6e0f780,0x1ae0ee100,0x8ee1680,4.0,0
2182,0xb98d7fc0,0xb82ce0c0,0x1a19f00,4.0,0
2183,0xb7de6bc0,0x1aff2f080,0x1182c9b40,4.0,0
2184,0xae1cda40,0x1a2323280,0x10c2ee8c0,4.0,0
2185,0xb812f1c0,0xae27f800,0x163509c0,4.0,0
2186,0x1a8d3ca00,0x1b34d8700,0x1b9e4d00,4.0,0
2187,0xba2091c0,0x1b0a52400,0x10a85b5c0,4.0,0
2188,0xc049c780,0x1a8c89ec0,0x168815940,4.0,0
2189,0x1daa851c0,0x1a2922a40,0x783a7b80,4.0,0
2190,0xbe59d240,0x1a1d06680,0x11f89b4c0,4.0,0
2191,0x239389380,0xade02c40,0x294d8bfc0,4.0,0
2192,0xb3cc7e00,0x1b3cbebc0,0x1000795c0,4.0,0
2193,0x1b3aa6e40,0xc0692540,0x173c34b00,4.0,0
2194,0x1b5a2f640,0x1a2964f00,0x1734b940,4.0,0
2195,0x1b56941c0,0x1a554f800,0x103db9c0,4.0,0
2196,0x1aa151f00,0x1a292e940,0x887f640,4.0,0
2197,0x1b2262900,0x1a85c5ec0,0x1a7a77c0,4.0,0
2198,0x1b5efaa40,0x1a9fd4500,0x1c12ef40,4.0,0
2199,0x1b7919f80,0x1ab7a4480,0x1cebdb00,4.0,0
2200,0x1aa71c780,0xbee3a140,0x1149266c0,4.0,0
2201,0x1a8f07c80,0xbad50180,0x112257d00,4.0,0
2202,0x1a3120840,0x1b8124e40,0x1b004600,4.0,0
2203,0x1a8f5a580,0x1b8193fc0,0x10ec9a40,4.0,0
2204,0xbe735d40,0x1a8b69780,0x116c5cac0,4.0,0
2205,0xbc608a00,0x1ac4cef80,0x1102c6580,4.0,0
2206,0x1a93dbe00,0x19fd6ed80,0x36eb5380,4.0,0
2207,0x1af31cc00,0xbdb03c00,0x11281f000,4.0,0
2208,0x1b2cb8980,0x1a924da40,0x1bef53c0,4.0,0
2209,0x1a8e50180,0xae1dafc0,0x106f8ae40,4.0,0
2210,0x1aa7d7940,0xaeb1c340,0x104ccba00,4.0,0
2211,0x1b2ce67c0,0x1b2c94840,0x72f80,4.0,0
2212,0x1a5ec1cc0,0xbd85a100,0x11869bdc0,4.0,0
2213,0xb1df8700,0x1a2301700,0x113ef9000,4.0,0
2214,0x1b3fcc600,0x184c23680,0x373ef080,4.0,0
2215,0x1abe10b80,0xaebaad80,0x1055ba600,4.0,0
2216,0x1a686b7c0,0x1b313d800,0x15956fc0,4.0,0
2217,0xbabf5f00,0x1a84f7000,0x112f02f00,4.0,0
2218,0x1b12ed640,0x1a43fa480,0x151172c0,4.0,0
2219,0xb0e3dfc0,0xba762380,0xa95fc40,4.0,0
2220,0xbd6f6c00,0xbc371a00,0x1587600,4.0,0
2221,0xad3db340,0xbcc19a00,0x11fc2940,4.0,0
2222,0x1a472e780,0x184de5f40,0x20acb8c0,4.0,0
2223,0x1b2b64640,0x1b580c100,0x7368740,4.0,0
2224,0xb0d5c980,0x1a1ef97c0,0x1113a5e40,4.0,0
2225,0xbd9a6100,0x1af0ba2c0,0x11291c3c0,4.0,0
2226,0x1a4c8cb00,0x1a4a338c0,0x6bf3c0,4.0,0
2227,0xc07c7b00,0xad3f07c0,0x6d437cc0,4.0,0
2228,0x1aea2b9c0,0x1a8d9c200,0x67b7bc0,4.0,0
2229,0x1a9ddfec0,0x1a8f3cfc0,0x12e3100,4.0,0
2230,0x1a664a8c0,0x1b4015a40,0x1265f280,4.0,0
2231,0x1abed3d40,0xbd81c080,0x1166cfdc0,4.0,0
2232,0x1addde240,0x1a7373c40,0xaeade00,4.0,0
2233,0x1b2b3b0c0,0x1a560f8c0,0x17d34800,4.0,0
2234,0xad2fa100,0x19fe75080,0x132c8f180,4.0,0
2235,0x1a209fc40,0xb19ead00,0x113975140,4.0,0
2236,0x1a3234a80,0x1aa367f80,0x9153500,4.0,0
2237,0x1ac1de740,0x1a5d88240,0x9c56500,4.0,0
2238,0xbe4a9ec0,0x1a5287d80,0x11b62e340,4.0,0
2239,0x1a221f340,0xb8000840,0x11a21fb00,4.0,0
2240,0x1a54eb540,0x1abe4c440,0xeaa7100,4.0,0
2241,0x1a1cbab00,0x1a8d9d040,0x9127b40,4.0,0
2242,0x1aeca4d40,0x1a92b9600,0x7e1db40,4.0,0
2243,0x1b087b840,0x1a3c15700,0x1346ef40,4.0,0
2244,0x1b0bc0840,0xab051700,0x11bb91f40,4.0,0
2245,0x1ab6bc700,0x1b562f100,0x1e093600,4.0,0
2246,0x1b3f20180,0x1b59b5440,0x66955c0,4.0,0
2247,0x1a7593180,0x1a81893c0,0xf41a240,4.0,0
2248,0x1a31b40c0,0xbac8b240,0x119d3f280,4.0,0
2249,0xb815dc80,0xbd64e1c0,0x5713d40,4.0,0
2250,0x1b67f3300,0x1acfc6900,0x1a835a00,4.0,0
2251,0x1a4fc1ec0,0x19f84bd80,0x3b78a340,4.0,0
2252,0xab088880,0x1af5c5600,0x10454de80,4.0,0
2253,0x1a405efc0,0x1a31b7780,0x71e9840,4.0,0
2254,0xaf961380,0x1a4ea3340,0x10b7c20c0,4.0,0
2255,0xb3f58fc0,0xaf8328c0,0x1c76a700,4.0,0
2256,0x1af114780,0x1ae577b00,0x1463c80,4.0,0
2257,0xb0e18940,0x1a4a434c0,0x11445bd80,4.0,0
2258,0xb7ed3100,0x1b5b90180,0x102543080,4.0,0
2259,0xbe5aac00,0x1acc9f940,0x112935540,4.0,0
2260,0x1b529b880,0xbdd73300,0x108fe8b80,4.0,0
2261,0xc06bca40,0x1af646a00,0x16f0fa040,4.0,0
2262,0x1ad39e740,0x1ae911c00,0x3a8fb40,4.0,0
2263,0x1b63f3e00,0x1ae976800,0x18a85600,4.0,0
2264,0x1ada8fe40,0x1a843ba80,0x5eb44c0,4.0,0
2265,0x1a044c9c0,0x1aa7c7140,0xa38b880,4.0,0
2266,0x1b3f6d380,0xbc89d8c0,0x10f7f0b40,4.0,0
2267,0x1a8a9df00,0x1afb4bc40,0x71d6340,4.0,0
2268,0x1b1481ec0,0x1ab721ec0,0x1a3a0000,4.0,0
2269,0x1b11283c0,0x1aad7e280,0x1bc56140,4.0,0
2270,0x1ae9e9200,0x1a5b04380,0xb2ed180,6.0,1
2271,0x1a878ab40,0x1a47889c0,0xc002280,4.0,0
2272,0x1b24a0e80,0x1ad29f480,0x1f63fa00,4.0,0
2273,0xbe407e80,0x1aed7ffc0,0x110978140,4.0,0
2274,0x1a9374600,0x1ad3d8a80,0x40acc80,6.0,1
2275,0xb8b93900,0x1a4a99ec0,0x11c10a7c0,4.0,0
2276,0x1a45c0d80,0x1a9ae3380,0xdf23e00,4.0,0
2277,0xbcc218c0,0x1afcca500,0x1130ebdc0,4.0,0
2278,0x184f5ff80,0x1aed836c0,0x2a2dc940,4.0,0
2279,0xae8d6d00,0x1aaf33dc0,0x1047e50c0,4.0,0
2280,0x1b5d2a180,0x1a3e5c700,0x16376680,4.0,0
2281,0x1b3a65f40,0x1b01db500,0x3bbea40,4.0,0
2282,0x1a5d19fc0,0x1a2a47e40,0x775e180,4.0,0
2283,0x1a61b2140,0x1b5dc0e80,0x13c72fc0,4.0,0
2284,0xbe98ed00,0x1b5efe500,0x10b770800,4.0,0
2285,0xbe526100,0xb1f71f40,0xfa57e40,4.0,0
2286,0x1a1f478c0,0x1ae379c80,0xfc3e440,4.0,0
2287,0x1a46f5900,0x1b2f52740,0x169a7e40,4.0,0
2288,0x1a1b5d100,0x1aa050780,0xbb0d680,4.0,0
2289,0x1a815d700,0x1a923c740,0x1361040,4.0,0
2290,0x1b584e240,0x1a8c2e040,0x1d460200,4.0,0
2291,0x1ac0fb600,0x1dab79fc0,0x76b829c0,4.0,0
2292,0xbedc03c0,0x1a528bec0,0x11bf4bd00,4.0,0
2293,0x1af3884c0,0x1ae720340,0x14a8780,4.0,0
2294,0x1b2b7a5c0,0x1b2a78200,0x1027c0,4.0,0
2295,0xb7e73100,0xba823740,0xd650640,4.0,0
2296,0x1b4c3f900,0x1b1969040,0x5556940,4.0,0
2297,0x1a544fc40,0x19fb7e8c0,0x3af31480,4.0,0
2298,0x1b2f1be80,0x1aa225dc0,0x18d3e340,4.0,0
2299,0x1b5fca740,0x1a5935bc0,0x106ffc80,4.0,0
2300,0x1a65af2c0,0x1a34d8880,0x5177a40,4.0,0
2301,0x1a58a3b00,0xbe7e9b80,0x11bf4a080,4.0,0
2302,0xba259500,0x1a8bbe400,0x1129e7100,4.0,0
2303,0x17f1d9300,0x1b033f600,0xcf2e6500,4.0,0
2304,0x1b1033b80,0x1a6a7ba00,0x17a48180,4.0,0
2305,0x1b7fa0d40,0x1ad50bdc0,0x1aaab080,4.0,0
2306,0x1ae2cda40,0x1aa728340,0x45e5900,4.0,0
2307,0x1acb10dc0,0xbc1b4e00,0x110aa43c0,4.0,0
2308,0x1add1e240,0x1a2324280,0xfe3a0c0,4.0,0
2309,0x1b2519140,0x1a6ddd800,0x148c4940,4.0,0
2310,0x1b31c0480,0x1b041d280,0x35dd600,4.0,0
2311,0x1b4730f40,0x1aea8ad80,0x1adba2c0,4.0,0
2312,0xc07ff2c0,0xb18a8b80,0x71f57940,4.0,0
2313,0x1ae493640,0x1a1e72180,0xfae17c0,4.0,0
2314,0xc0674940,0xbdeb1dc0,0x7d8c5480,4.0,0
2315,0xb0f50d40,0x1adf70c40,0x11d020100,4.0,0
2316,0x1ac9e6640,0xba143840,0x1168a5e00,4.0,0
2317,0xaf9a07c0,0x1a32e8b40,0x10cb48c80,4.0,0
2318,0x1b17bbc40,0x1b1514ac0,0x2af680,4.0,0
2319,0xbadab140,0x1a8c7a7c0,0x1121d1680,4.0,0
2320,0xb9806500,0x1af878ec0,0x11607ebc0,4.0,0
2321,0x1b4dab5c0,0xbd67af40,0x109bd1a80,4.0,0
2322,0x19fd0b200,0x1a7d46380,0x3804d180,4.0,0
2323,0x1af106d80,0x1acd6e440,0x3c689c0,4.0,0
2324,0x1a848e600,0xaccc3ec0,0x10484d8c0,4.0,0
2325,0xbb716c40,0xb1cd7ac0,0xabc1680,4.0,0
2326,0x17f6ec140,0x1ad32bb80,0xd25c7ac0,4.0,0
2327,0x1af189840,0x1a6241440,0x93c8c00,4.0,0
2328,0x1abf5c740,0x1a4361ec0,0xfc3d980,4.0,0
2329,0x1a64d75c0,0x1b311d080,0x155ca540,4.0,0
2330,0x1ad06fc80,0x1aac0e300,0x7c61f80,4.0,0
2331,0x1a75d1cc0,0x1a047a2c0,0x71abe00,4.0,0
2332,0x1b380cb40,0x1845ed4c0,0x37de1f80,4.0,0
2333,0x1a1dece00,0xbd8da780,0x11c536980,4.0,0
2334,0x1b0f8cf80,0x1b23a4f40,0x2c280c0,6.0,1
2335,0x1b2cf2f40,0x1adfcc480,0x1f33ebc0,4.0,0
2336,0xacc36e00,0x1ae728500,0x102b1eb00,4.0,0
2337,0xbdb8e400,0x1a70f8040,0x11ab76440,4.0,0
2338,0x1b4893880,0xbc463180,0x108cf0900,4.0,0
2339,0x1b2a8a480,0x1a3a66ec0,0x110eca40,4.0,0
2340,0x1b3b5e040,0x1ab685100,0x18ddb140,4.0,0
2341,0x1a4165980,0xbdd191c0,0x119c7c840,4.0,0
2342,0x184d1bc80,0x1b1f141c0,0x3520fd40,4.0,0
2343,0x1b593b600,0xbeec53c0,0x10b7fe5c0,4.0,0
2344,0xb7f1d080,0x1a2a9dbc0,0x115580b40,4.0,0
2345,0x1a2f64480,0x1a8394d00,0xacf0980,4.0,0
2346,0x1ac2d0ec0,0x1a88a2140,0x4a72f80,4.0,0
2347,0xbe796fc0,0x1a6767a00,0x1180f15c0,4.0,0
2348,0x1a831a600,0x1a70abdc0,0xf3b1bc0,4.0,0
2349,0xac766180,0x19fecb5c0,0x1339ad440,4.0,0
2350,0x1b7e74d40,0x1a9a180c0,0x1e46cd80,4.0,0
2351,0x1abbdca40,0x1a6661b40,0xddbd100,4.0,0
2352,0x1b6565600,0xad3e1e40,0x11b684840,4.0,0
2353,0x1ac37db80,0x1b1a82e80,0x1d9ff500,6.0,1
2354,0x1b4f5efc0,0x1a5293040,0x11dcdf80,4.0,0
2355,0x1b390ed40,0x1aef48040,0x1d646d00,4.0,0
2356,0x1aec83140,0x1b65de6c0,0x1895d780,4.0,0
2357,0xb0dd0200,0x1ac6e3dc0,0x11cb33fc0,4.0,0
2358,0xba9878c0,0x1a2526800,0x118ca10c0,4.0,0
2359,0x1b3c0b1c0,0xad34e940,0x11ef45880,4.0,0
2360,0x1a3be93c0,0xab0ca640,0x108b23580,4.0,0
2361,0x1afc5b680,0x1ae2de280,0x1e85400,4.0,0
2362,0x1a44c1780,0xba389640,0x11e7481c0,4.0,0
2363,0x1b2e6ac80,0x1ab3ffdc0,0x19d95140,4.0,0
2364,0x1a2d0a440,0xad2f7e00,0x10fffda40,4.0,0
2365,0xc06b9380,0x17f4a4180,0x1bf21d200,4.0,0
2366,0x1b1912ec0,0x1b2f56dc0,0x3644300,4.0,0
2367,0x1a5c8fcc0,0x1aeb024c0,0xb78d800,4.0,0
2368,0x1a2b46c40,0xbd4e7880,0x11ffa14c0,4.0,0
2369,0x1a6aca380,0xbdcd3c00,0x11b619f80,4.0,0
2370,0x1b422f8c0,0x1b77430c0,0x356c800,4.0,0
2371,0x1ab29cc40,0x1a9b3da00,0x29a1640,4.0,0
2372,0x1b5a667c0,0x1afd68e40,0x1a70e980,4.0,0
2373,0x1b46457c0,0x1aa928080,0x1ef6d740,4.0,0
2374,0x1b0eb4640,0x1aeedc980,0x1e068fc0,4.0,0
2375,0x1b29ef9c0,0xbaa3da00,0x1083d23c0,4.0,0
2376,0x1aaafbfc0,0x1a9390040,0x396bf80,4.0,0
2377,0xbe442c80,0xb9b89780,0x7fcbb00,4.0,0
2378,0xaea566c0,0x185101900,0x12bb57fc0,4.0,0
2379,0x17f74c540,0x1a6063b00,0xd972fe40,4.0,0
2380,0xc06c5700,0x1a67e78c0,0x166122fc0,4.0,0
2381,0x1a5e91c80,0x18499a600,0x2170ba80,4.0,0
2382,0x1b7563680,0x1aa746940,0x1d225fc0,4.0,0
2383,0x1adce1ac0,0xb7e1c2c0,0x11a2fd800,4.0,0
2384,0x1848631c0,0x1b3315e40,0x37b76f80,4.0,0
2385,0xbcff9f00,0x1b3d9da80,0x10f264580,4.0,0
2386,0xbb745f40,0xb0d2fb40,0xba6a400,4.0,0
2387,0x1a3e1f480,0xbb4f5700,0x118aea380,4.0,0
2388,0x1b4e1e9c0,0x184fcfc80,0x301d1540,4.0,0
2389,0x1b7523780,0xb812e000,0x10f40d780,4.0,0
2390,0xb8191600,0x1b099d140,0x10880c740,4.0,0
2391,0x1a54aaa40,0x1b5257600,0x106fdc40,4.0,0
2392,0xafa201c0,0xbd9536c0,0x12373700,4.0,0
2393,0x1a92c3d80,0xbc9a1880,0x115b62500,4.0,0
2394,0x1aab87000,0xb0cad2c0,0x11a72a2c0,4.0,0
2395,0x1a819a380,0x1b1f0e700,0x19e94480,4.0,0
2396,0x1ab6a6b80,0x1ac450000,0x72f6b80,4.0,0
2397,0xb7debd00,0x1a974e200,0x11eaa5f00,4.0,0
2398,0xab0f0940,0xbc17e800,0x1718e140,4.0,0
2399,0xab2f1500,0x1b5328b40,0x11e1d9e40,4.0,0
2400,0x1854da640,0xbc816400,0x139ccc240,4.0,0
2401,0x1af5505c0,0x1afd03580,0x853040,4.0,0
2402,0x1a8a0bf40,0x1b1f94a80,0x1959f5c0,4.0,0
2403,0x1a481dc80,0x1a3cb5900,0x74a8580,4.0,0
2404,0x1af3ef700,0xb8912400,0x117afd300,4.0,0
2405,0x1aea38940,0xbecd0d00,0x1106e8440,4.0,0
2406,0xbaf8f580,0x1b2b08380,0x108487600,4.0,0
2407,0x1b52e6300,0xbd4d9740,0x10863f440,4.0,0
2408,0x1a468da40,0x1a4a34080,0xcb9ac0,4.0,0
2409,0xbcc75fc0,0xba46ca40,0x6819580,4.0,0
2410,0x1a98f3340,0x1b7c5e340,0x1e4ad000,4.0,0
2411,0x1a59d2180,0x1b3bbeec0,0x1626cf40,4.0,0
2412,0xb8194340,0x1b5629e80,0x10d7bddc0,4.0,0
2413,0x1a3798100,0x1a7f7fc80,0x48e7d80,4.0,0
2414,0x184a05680,0xba19f600,0x13eb9a080,4.0,0
2415,0xbca4d7c0,0x17f60bd00,0x1c3c46ac0,4.0,0
2416,0x1ac724a00,0xbed60dc0,0x112a447c0,4.0,0
2417,0xb9bfb280,0x1b349b940,0x10af60bc0,4.0,0
2418,0xad373840,0x1b0fdbf40,0x11dca8700,4.0,0
2419,0x1b5d76280,0xaf845f40,0x11a533dc0,4.0,0
2420,0x1b23cc340,0x1aacf3bc0,0x18f3f880,4.0,0
2421,0x184d6ac40,0x1aa69d8c0,0x2ebf7480,4.0,0
2422,0x1a3c85f40,0xbccb0f80,0x11f0350c0,4.0,0
2423,0x19fb2c000,0x1a6f38980,0x39414980,4.0,0
2424,0x1b5b34000,0x1b2010fc0,0x7b24fc0,4.0,0
2425,0x1b28dc400,0x1a596c380,0x171b0780,4.0,0
2426,0x1b1fb4300,0x184ed3580,0x35167680,4.0,0
2427,0x1b7f4f240,0xadcc6640,0x11a389400,4.0,0
2428,0x1b2988400,0x1b827b340,0xabf3740,4.0,0
2429,0xbdf70300,0x1b2ab9ac0,0x10f5c99c0,4.0,0
2430,0x1aa3fa940,0x1ac72dac0,0x64d7380,4.0,0
2431,0x1b01507c0,0x1b4e89340,0x4fd9480,4.0,0
2432,0xadec4880,0x1a422ea40,0x109cea2c0,4.0,0
2433,0xba92ecc0,0xaca330c0,0x1631dc00,4.0,0
2434,0xb1a7e980,0x1ab26af40,0x11a8146c0,4.0,0
2435,0x1a976d000,0x1abe85d00,0x29e8d00,4.0,0
2436,0x1b4ac8b00,0x1a6a1bc80,0x120d3780,4.0,0
2437,0x1b49485c0,0x17f773a40,0xcbe3bf80,4.0,0
2438,0x1b751bc00,0xafbb0600,0x118eaba00,4.0,0
2439,0x1a47f13c0,0xae357c00,0x10a4a6fc0,4.0,0
2440,0x1ad1555c0,0x1b54f27c0,0x185a7200,4.0,0
2441,0x1b7e6af80,0x1a5594900,0x12bfe680,4.0,0
2442,0x1b2850d40,0xad008200,0x11f858f40,4.0,0
2443,0x1a8130f40,0x1abe63180,0x3f53ec0,4.0,0
2444,0x1b5895540,0xbed2b240,0x10b5be700,4.0,0
2445,0x1a4da7c40,0x1a6119ec0,0x2cbe280,4.0,0
2446,0xade8ed40,0x1b3b1d400,0x11e593940,4.0,0
2447,0xefd9c200,0xb0d4e5c0,0x5f0d27c0,4.0,0
2448,0x1b60b6e40,0x1ae802ec0,0x188b4080,4.0,0
2449,0x1b0edb6c0,0x1b0371800,0xdaaec0,4.0,0
2450,0x1a0492e00,0x19fa6c6c0,0x3fefe8c0,4.0,0
2451,0xb8b69500,0x1b35e6900,0x10be8fc00,4.0,0
2452,0x1a5913340,0x1b5beeac0,0x102fd980,4.0,0
2453,0x1b0e9f340,0xbc832f40,0x10c6adc00,4.0,0
2454,0x1b05330c0,0x1b39fa740,0x3cc9780,4.0,0
2455,0x1b5871b80,0x1a43136c0,0x11b62d40,4.0,0
2456,0x1afb77f00,0x1b3d66b00,0x1c611400,4.0,0
2457,0x1a7ccbfc0,0x1a8852c80,0xf499340,4.0,0
2458,0x1b00f0d00,0x1aea22f00,0x1ead2200,4.0,0
2459,0x1b32dae00,0x1ac611280,0x1f4cbc80,4.0,0
2460,0xb0e48180,0x1b64a7a40,0x106aefbc0,4.0,0
2461,0xbedda140,0xc06d1ec0,0x7eb0bf80,4.0,0
2462,0x1b044fe40,0x1b12e9340,0x16a6d00,4.0,0
2463,0x1ad8fd480,0xba594c80,0x117d69800,4.0,0
2464,0x1a6031240,0x1a4c63b40,0x2c52900,4.0,0
2465,0x1a3a47480,0x1a534f040,0x69084c0,4.0,0
2466,0x1a435b240,0x1a44ed980,0x7b6bc0,4.0,0
2467,0x184d59980,0x1a8093580,0x2cdcac00,4.0,0
2468,0xbac99480,0xb3e2ecc0,0x92b7840,4.0,0
2469,0x1aa570500,0x1af6bf540,0x53cf040,4.0,0
2470,0x1a87c3400,0x1a6a6d080,0xedae480,4.0,0
2471,0xbaf3fc00,0x1b6760340,0x10c85ff40,4.0,0
2472,0x1a07f8b80,0x1a042ebc0,0x3d6040,4.0,0
2473,0xbc2a8fc0,0x1af9748c0,0x113bdc700,4.0,0
2474,0x1ad4dbb00,0x17f73ddc0,0xd23e66c0,4.0,0
2475,0xb8a6cb40,0x1b201fc80,0x10aa737c0,4.0,0
2476,0xbda4d800,0x1b2383c80,0x10f9ce480,4.0,0
2477,0x24833bb40,0x1aae05640,0x3e2d3ed00,4.0,0
2478,0x1a9af7fc0,0xb9b12fc0,0x1101e5000,4.0,0
2479,0x1b7bbb2c0,0x1ae74d200,0x19cf60c0,4.0,0
2480,0x1b11c4b40,0x19fa26780,0x2ebe2cc0,4.0,0
2481,0x1b1ec1280,0x1b3944d80,0x2785f00,4.0,0
2482,0x1a3b9f100,0x1af15fc00,0xcac0d00,4.0,0
2483,0x1a2662300,0x1a252a580,0x348680,4.0,0
2484,0xadf5c8c0,0x1ab73d800,0x1068610c0,4.0,0
2485,0xab1dab00,0x1aaa55d00,0x101b8f600,4.0,0
2486,0xab110880,0xc07c5700,0x6b6d5f80,4.0,0
2487,0x1a7641040,0x1afe52440,0x8813400,4.0,0
2488,0x1a754a300,0x1ab6a4000,0xc3ee300,4.0,0
2489,0x1a5c51d00,0xb1a99e00,0x1146c8300,4.0,0
2490,0x1a8f26dc0,0x1a6c85840,0xe3a3580,4.0,0
2491,0x1ac2f5a80,0x1a30db5c0,0xf22ef40,4.0,0
2492,0x1b802e4c0,0xb818e5c0,0x1001a0100,4.0,0
2493,0xbe879c00,0xacff6480,0x1278f880,4.0,0
2494,0x18564e580,0x1a9b4aec0,0x2cd04b40,4.0,0
2495,0x1b47226c0,0x1aff9d0c0,0x1b8bf600,4.0,0
2496,0xc07ea640,0xbe89c940,0x7ef76f00,4.0,0
2497,0x1a9d6ce40,0x1aa9bf780,0x34d39c0,4.0,0
2498,0xb8bcb540,0xbde78180,0x55b34c0,4.0,0
2499,0x1abb0ed00,0x1a4ba4e00,0xf0aa300,4.0,0
2500,0x1b4a9b980,0x1a27a8800,0x16d33180,4.0,0
2501,0xb9b3cb00,0x1ab4f6240,0x112fca940,4.0,0
2502,0x1a95a3f40,0x1b3bcbb40,0x1ae68400,4.0,0
2503,0x1a1fd3680,0x1af713240,0xe8c04c0,4.0,0
2504,0x1a57b3b40,0x1a6049380,0x37fa8c0,4.0,0
2505,0xbeef1040,0xbe873900,0x682940,4.0,0
2506,0x1ab8f3bc0,0x1b3848ac0,0x180bb100,4.0,0
2507,0x1ae744ec0,0x1a99ad080,0x7ee9e40,4.0,0
2508,0x1a60c1080,0x184a34ac0,0x22af5a40,4.0,0
2509,0x1af982500,0x1a4e9a600,0xb718300,4.0,0
2510,0x1a96449c0,0xba00ebc0,0x11364a200,4.0,0
2511,0xb19c1700,0x1b0465000,0x101da4700,4.0,0
2512,0x1b547c500,0x1a3453540,0x1602f040,4.0,0
2513,0x1a1b68780,0x1b60f8a40,0x17b90dc0,4.0,0
2514,0x1acfb16c0,0xacbdf4c0,0x10046e200,4.0,0
2515,0x19fc88880,0xace08080,0x133280800,4.0,0
2516,0x1ac5afcc0,0x1ad6b2380,0x131df40,4.0,0
2517,0x1b1ff22c0,0x1b4778c00,0x588aec0,4.0,0
2518,0x1a77c2f00,0x1b23ea940,0x15428640,4.0,0
2519,0x1aa316e40,0xbd709a40,0x11741f400,4.0,0
2520,0x1b7857cc0,0x1b186ae80,0x603d240,4.0,0
2521,0x1b6205380,0xc06ae880,0x1764abb00,4.0,0
2522,0xaca24940,0x1aadd4240,0x1067f0b00,4.0,0
2523,0x1b13a7900,0x1b0a239c0,0x19840c0,4.0,0
2524,0x1aa8cdd40,0xbe59ae00,0x114d57340,4.0,0
2525,0x1b3ce3000,0xbcec8700,0x10f22b700,4.0,0
2526,0x1b03c2a00,0xb9b71700,0x1098b3d00,4.0,0
2527,0x1a9426700,0x1abcc8f00,0x28ee800,4.0,0
2528,0x1afb87c40,0x1a9afaec0,0x617d280,4.0,0
2529,0x1a8a4c980,0xb890b340,0x110347ac0,4.0,0
2530,0xac9f5380,0x1a8799200,0x104e6c180,4.0,0
2531,0x1a937b3c0,0x1a6bf7040,0xf88c380,4.0,0
2532,0x1b4270580,0x1daa92680,0x6e8e2300,6.0,1
2533,0x1daa94c80,0x1a1ebe480,0x7b42a800,4.0,0
2534,0x1b1807fc0,0x1a9f36ac0,0x18731500,4.0,0
2535,0x1ab5c3f00,0x1aeda4c80,0x5867380,4.0,0
2536,0x1a1ce5980,0x1a7c53280,0x60b6b00,4.0,0
2537,0x1b679f500,0x1ac6492c0,0x1a1d67c0,4.0,0
2538,0x1b164c4c0,0x1adfd1e00,0x1c99dac0,4.0,0
2539,0xbc987cc0,0x1a2ba5200,0x11e222ec0,4.0,0
2540,0xb1ab3c00,0x1b5dfecc0,0x10474d0c0,4.0,0
2541,0x1b3a47900,0xac502600,0x11ff45f00,4.0,0
2542,0x1a9e533c0,0xbc8fd040,0x1156ae380,4.0,0
2543,0x1b46e5540,0xbae24000,0x10e8c1540,4.0,0
2544,0xbd813f00,0x1a3676ec0,0x11ee651c0,4.0,0
2545,0x17f4e9340,0x1a585e280,0xdacb71c0,4.0,0
2546,0x1aa2340c0,0x1a89ee700,0x2bda7c0,4.0,0
2547,0x1aa87a2c0,0x1a492f640,0xe155480,4.0,0
2548,0x1a860bd80,0x1aa499f40,0x22922c0,4.0,0
2549,0x1a5358b00,0x19fa37d40,0x3a96f640,4.0,0
2550,0x1b2ff5a40,0x1aed40a00,0x1c2b5040,4.0,0
2551,0x1adc669c0,0x1b30463c0,0x1ec20a00,4.0,0
2552,0x1b54fec80,0x1aa890ec0,0x1fc6e240,4.0,0
2553,0xb0f58680,0xba54e140,0xaa167c0,4.0,0
2554,0x184c87cc0,0x1a7cf0340,0x23077f80,4.0,0
2555,0x1ae7a0380,0xb8316900,0x1164b6a80,4.0,0
2556,0x1a477a000,0xab376c80,0x10f40cc80,4.0,0
2557,0x17f492f00,0x1ac9373c0,0xd3da5cc0,4.0,0
2558,0xba06ecc0,0x1b3d03440,0x109d6d880,4.0,0
2559,0x1ab3c2400,0xafb7cbc0,0x1048befc0,4.0,0
2560,0x1b5f9f300,0x1aaa35740,0x1f5aa440,4.0,0
2561,0xab06ae40,0x1a665e3c0,0x10d634d80,4.0,0
2562,0xbad1be80,0x1a9e0e140,0x113315fc0,4.0,0
2563,0x1a9af8a40,0x1dabbfc00,0x73147640,6.0,1
2564,0xbaa48080,0x1ad275540,0x11783d5c0,4.0,0
2565,0x1b7e82980,0x1ac34cac0,0x1bdce340,4.0,0
2566,0xb8a9df40,0xb8144340,0xbd9c00,4.0,0
2567,0x1a581ce80,0xba77bbc0,0x11ff67540,4.0,0
2568,0x1b562a240,0xba0c5540,0x10f6ef700,4.0,0
2569,0x1aa27fd00,0x1b2f3bf00,0x18d44200,4.0,0
2570,0x1b086f880,0x184e45080,0x3462a800,4.0,0
2571,0x1aa33d800,0xae3d18c0,0x1040ec0c0,4.0,0
2572,0x1a59fbd40,0x1a995b740,0xc0a0a00,4.0,0
2573,0x1a69d0c80,0x1aebb0a00,0x8260680,4.0,0
2574,0x1a43a3b80,0x1b01b7080,0x14214b00,4.0,0
2575,0x1a94c1600,0xb1baaec0,0x118f6b8c0,4.0,0
2576,0xae2b7800,0xc0788440,0x6e53fc40,4.0,0
2577,0x1a5250280,0xb99ce680,0x11cb9e400,4.0,0
2578,0x1b13cd580,0x1ad16ccc0,0x1c2a1940,4.0,0
2579,0x1b0b30280,0x1aa725640,0x1ac154c0,4.0,0
2580,0x185107200,0x1ae83dc00,0x2b93ae00,4.0,0
2581,0x1b4ddc100,0x1a198c140,0x15450040,4.0,0
2582,0x1b7d35f80,0x1b7c1dfc0,0x128040,4.0,0
2583,0x1b7b15d00,0x1b51451c0,0x2a50cc0,4.0,0
2584,0x1a9ebe500,0xbe607a40,0x1178b9f40,4.0,0
2585,0x1ae50c0c0,0x1a0752d80,0xe25ed40,4.0,0
2586,0x1a45a9ac0,0x184c6e900,0x209c73c0,4.0,0
2587,0x1b33eb640,0x1a8b10800,0x1b8fbe40,4.0,0
2588,0x1a7255040,0xbab6e300,0x11d93b340,4.0,0
2589,0xbeb05240,0x1a9a1dbc0,0x117118980,4.0,0
2590,0xba8e7380,0x1a5431840,0x11fcd6bc0,4.0,0
2591,0x1a860fa80,0xbb499b80,0x113296100,4.0,0
2592,0x1ac9f0c80,0x1ac3cad40,0xa3a1c0,4.0,0
2593,0x1a6575200,0xade22240,0x10bb57040,4.0,0
2594,0x1b7f5ba00,0x1b54ca4c0,0x2b91ec0,4.0,0
2595,0x1acd92880,0x184dedc40,0x2807f4c0,4.0,0
2596,0x1aa9920c0,0x1a80b3980,0x2921940,4.0,0
2597,0x17f6e4d80,0x1aa4ad040,0xd5249dc0,4.0,0
2598,0x1a7f5c940,0xbead7ac0,0x11958b380,4.0,0
2599,0x1a627c200,0x1b023ee40,0x16042c40,4.0,0
2600,0x1a19ea500,0x1b33ad300,0x12a47600,4.0,0
2601,0x1afad5c00,0x1a4bb8fc0,0xb16d3c0,4.0,0
2602,0x1b04a5c00,0x1a934c240,0x197e9e40,4.0,0
2603,0x1aba34800,0x1b631fc40,0x1d92b440,4.0,0
2604,0xaceb8540,0x1a79a4a40,0x10b71cf00,4.0,0
2605,0x1a61c7800,0x1b4d43900,0x12c84100,4.0,0
2606,0x1ab9fa280,0x1ad3fc2c0,0x6a06040,4.0,0
2607,0x1a9e8d480,0x184f55f00,0x2d1d8b80,4.0,0
2608,0x1b75eb000,0xba8ec6c0,0x10dd076c0,4.0,0
2609,0x1b7d23140,0x1b59d1a00,0x24f2b40,4.0,0
2610,0xbde8bb80,0x1ac89a9c0,0x111611240,4.0,0
2611,0x1b2c49640,0xbdae0c40,0x10f6a9a00,4.0,0
2612,0x1b34b8380,0x1b0473400,0x30cb780,4.0,0
2613,0x1a486acc0,0x1a1958cc0,0x5132000,4.0,0
2614,0x1aac3cec0,0x1a970bec0,0x3b37000,4.0,0
2615,0x1b07bcb40,0x1ab24c3c0,0x1b5f0880,4.0,0
2616,0x1a2f431c0,0x1a671d740,0x485e680,6.0,1
2617,0x1ae170380,0xbafe0dc0,0x114e90e40,4.0,0
2618,0x1addd4980,0x17f2c8b80,0xd2f1c200,4.0,0
2619,0x1ae7b7a00,0x1b42f5f00,0x1a542500,4.0,0
2620,0x1a66b25c0,0x1b2da4240,0x14b16780,4.0,0
2621,0xba68c800,0x1b0417840,0x10a29b040,4.0,0
2622,0x1a662b500,0x19f976c80,0x39f5d980,4.0,0
2623,0x1ad8b1780,0x1a46a0500,0x9e11280,4.0,0
2624,0x1acc29340,0xb9b618c0,0x115748b80,4.0,0
2625,0x1b8396f00,0x1b610fec0,0xe2991c0,4.0,0
2626,0x1b77bf2c0,0xbaf6d580,0x10d8d2740,4.0,0
2627,0x1b04cdb40,0x1b2901640,0x2dccd00,4.0,0
2628,0x1a8f23980,0x1b395d800,0x1b67e180,4.0,0
2629,0xaf9fb300,0xbb72b840,0x14ed0b40,4.0,0
2630,0x1a34f36c0,0x1a9ac6e40,0xae35880,4.0,0
2631,0x1a3e5bc00,0x1a4fa28c0,0x71f94c0,4.0,0
2632,0x1ae54f580,0xbd4a5f80,0x1131eaa00,4.0,0
2633,0xbcd1f680,0xb88f4f40,0x45eb9c0,4.0,0
2634,0x1af043b40,0x1a98170c0,0x6854b80,4.0,0
2635,0xab0b7e40,0xbeab3100,0x15a04f40,4.0,0
2636,0x1a3246300,0x1ab0d1640,0x8297540,4.0,0
2637,0x1ab3bc980,0x1a7c95800,0xcf29180,4.0,0
2638,0xad37f2c0,0x185493100,0x1287ec3c0,4.0,0
2639,0xbd7ded00,0x1b4d20640,0x109afeb40,4.0,0
2640,0xbd9ba9c0,0x1a987cc00,0x1141c65c0,4.0,0
2641,0x1b1abb500,0x1aa520c80,0x1bf9b980,4.0,0
2642,0xb1c70180,0xab28d040,0x1aefd1c0,4.0,0
2643,0xbc8b22c0,0x1a95b9b00,0x115d0b9c0,4.0,0
2644,0xb89ce840,0x1b4d52600,0x10c49ce40,4.0,0
2645,0x1a21c9340,0x1a4b14f40,0x6addc00,4.0,0
2646,0x1a4ca3440,0xaebc7f40,0x10a764b00,4.0,0
2647,0x1a7edb800,0xbaf5fa00,0x11d184200,4.0,0
2648,0xae368f00,0x1a373ae80,0x10d452180,4.0,0
2649,0x1b31e9940,0x1a9073a40,0x1a19a300,4.0,0
2650,0x1ababcf40,0xba831780,0x11128d8c0,4.0,0
2651,0x1a3818b40,0x1ad128240,0xe930900,4.0,0
2652,0xbc61adc0,0x1ad7fa4c0,0x1111e0900,4.0,0
2653,0xae31ba40,0xab2c4080,0x51dfac0,4.0,0
2654,0x1aad185c0,0xae9a5740,0x1044bd280,4.0,0
2655,0xadee56c0,0x1b4959fc0,0x1197bc900,4.0,0
2656,0x1ad1af380,0xbdab3c00,0x110b1cf80,4.0,0
2657,0x1a5b05c40,0x1ad846500,0x8343940,4.0,0
2658,0x1a2e2fc40,0x1a79d7f40,0x57f8300,4.0,0
2659,0x1b5a25040,0xadeb44c0,0x118491480,4.0,0
2660,0xbcbe5540,0xac67b380,0x10d9e6c0,4.0,0
2661,0x1a7389400,0x1a647c980,0x17f5d80,4.0,0
2662,0x1daac8300,0xba4bcc00,0x160e74f00,4.0,0
2663,0x184dff380,0xb1ad2200,0x13572d180,4.0,0
2664,0x1af12fa80,0x1b0473cc0,0x1f55c640,4.0,0
2665,0x1a2cf6c40,0xae2b6a00,0x10ce40640,4.0,0
2666,0x1a5ef5440,0xbc3fb780,0x119d0e3c0,4.0,0
2667,0x1acdc3c40,0x1a4e6e200,0x83ade40,4.0,0
2668,0x1b0c99c80,0x1a6c316c0,0x160a8a40,4.0,0
2669,0x1abedd2c0,0x1a263c240,0x98e1080,4.0,0
2670,0x1aa563e00,0x1ae0f8980,0x459b780,4.0,0
2671,0x1b5b01200,0x1b627e180,0x397f380,4.0,0
2672,0x1a8b14580,0x1a1b4ae80,0x905eb00,4.0,0
2673,0xba0b96c0,0x1a9d69200,0x113dd04c0,4.0,0
2674,0x1a7947dc0,0x1a66b9700,0x1ffeac0,4.0,0
2675,0x1ac5dd6c0,0x1a9121300,0x54fc5c0,4.0,0
2676,0x1a3357a80,0x1b1d8cac0,0x12edb040,4.0,0
2677,0x1ae108c80,0x1a2faad80,0xcea2100,4.0,0
2678,0xbc13b6c0,0x1ab44d040,0x117576680,4.0,0
2679,0x1b4b0cf80,0x1b353a140,0x7e36ec0,4.0,0
2680,0x1a254bd00,0x1b5c28bc0,0x179636c0,4.0,0
2681,0x1b31d5b40,0x1a6866180,0x159b3ac0,4.0,0
2682,0xb1ecd380,0x1a64247c0,0x117ae9440,4.0,0
2683,0x1aa23e380,0x1b11ec000,0x1b3d2380,6.0,1
2684,0x1ac3c0e80,0x1b4540640,0x186808c0,4.0,0
2685,0x1b2393240,0x1b4d48c80,0x6edbec0,4.0,0
2686,0x1a937e000,0x1ae3d8480,0x70a6480,4.0,0
2687,0x1b1451e40,0xba20e580,0x10b65fbc0,4.0,0
2688,0xb3ec5300,0x1a20e6500,0x111e23600,4.0,0
2689,0x19fd8a780,0x1b47fc0c0,0x2ba76740,4.0,0
2690,0x1a73c4c00,0xbd904e40,0x11aac0240,4.0,0
2691,0x1a3da83c0,0x1a8a86680,0xb72e540,4.0,0
2692,0x1a38c4900,0x1b0ad6040,0x13212940,4.0,0
2693,0x1a9e55440,0x1a7ccffc0,0xe29ab80,4.0,0
2694,0x1a2bad080,0x1a4ded3c0,0x6640340,4.0,0
2695,0x1a1e95140,0x1a351ddc0,0x2b88c80,4.0,0
2696,0xb18edfc0,0x1b3bd5c80,0x102338340,4.0,0
2697,0x1a88edf40,0xefeaf340,0x147642c00,4.0,0
2698,0x1b831f440,0x1b17502c0,0x944f680,4.0,0
2699,0x1b1204340,0xbd71d2c0,0x10c519180,4.0,0
2700,0xb80eb940,0x1a9adb580,0x111a30cc0,4.0,0
2701,0x1a66f7f80,0x1b38bd940,0x15e4a6c0,4.0,0
2702,0x1b621ea00,0x1b676edc0,0x5707c0,4.0,0
2703,0x1aa7ffec0,0x1aa9f1d00,0xe0e3c0,4.0,0
2704,0x184c7a2c0,0x1a9015680,0x2dc6f440,4.0,0
2705,0xbc36edc0,0x1a44c8ec0,0x1187a6300,4.0,0
2706,0x1b322d4c0,0x1a7845180,0x14a68540,4.0,0
2707,0x1abb73540,0x1b5715e00,0x1ec66b40,4.0,0
2708,0xaf87b200,0x1b3d33980,0x11c548b80,4.0,0
2709,0x1a386fdc0,0x19f857280,0x3c038f40,4.0,0
2710,0x19ff45d80,0x1a426ff00,0x3bd2a280,4.0,0
2711,0x1a1800040,0x17f60bd40,0xdee0bd00,4.0,0
2712,0x1b6269bc0,0x1a8d11f80,0x1ef78440,6.0,1
2713,0x17f624080,0xbcd18000,0x1c3b3c080,4.0,0
2714,0x185187280,0x1ae8b33c0,0x2b934140,4.0,0
2715,0xb0d60300,0xbd93fbc0,0xd45f8c0,4.0,0
2716,0xbb6ef940,0x1ab7de280,0x110131bc0,4.0,0
2717,0x1a5430500,0x1b365c380,0x1626c680,4.0,0
2718,0x1a83d8040,0x1ae79a3c0,0x6442380,4.0,0
2719,0x1a4593080,0x1a54dc300,0x114f380,4.0,0
2720,0x1b63d4a40,0x1a802fe80,0x1e3fb4c0,4.0,0
2721,0x1a85ca1c0,0xad1c9f40,0x105403e80,4.0,0
2722,0xbb475000,0xbcc7e700,0x780b700,4.0,0
2723,0xbd93fd40,0xacb1b200,0x11224f40,4.0,0
2724,0x1acf210c0,0x1adac2b00,0x15e3bc0,4.0,0
2725,0x1aa3464c0,0xbdf45e40,0x117c03a80,4.0,0
2726,0x1b0156a40,0x1aa76b500,0x1a63df40,4.0,0
2727,0x1a8242b80,0xbc5ef600,0x1147add80,4.0,0
2728,0xbad744c0,0x1a58f1c00,0x11f5858c0,4.0,0
2729,0xacc32600,0xbddc8740,0x111fa140,4.0,0
2730,0x1b2dc8fc0,0xba58d900,0x1088456c0,4.0,0
2731,0x1a286b300,0x1b0206900,0x12a6da00,4.0,0
2732,0x184d8db80,0x1a68c0800,0x2254d380,4.0,0
2733,0x1a9ceec80,0xbc2e5bc0,0x115e0b740,4.0,0
2734,0x1b3bc5bc0,0xbc504d40,0x10fec1680,4.0,0
2735,0xbee27ec0,0xba2c0640,0x4ce7880,4.0,0
2736,0x1b3a41bc0,0x1b00e0080,0x3aa1b40,4.0,0
2737,0x1a63f5580,0x1a8b65bc0,0xe890e40,4.0,0
2738,0x1a92cd7c0,0xc056f2c0,0x1697a2500,4.0,0
2739,0x1b2f34e00,0x1b4612880,0x6926680,4.0,0
2740,0x1a3e4edc0,0xbca212c0,0x11f46ff00,4.0,0
2741,0x1a56496c0,0x1b2b10800,0x17d59ec0,4.0,0
2742,0x1ac2967c0,0x1ac3f7240,0x161580,4.0,0
2743,0x1a58a0e00,0x1a47c2c80,0x1f62280,4.0,0
2744,0x1b010ce40,0x1ac568440,0x1c464a00,4.0,0
2745,0x1b38e13c0,0x1a9b60e00,0x1a381dc0,4.0,0
2746,0xbcde9d40,0x1b4d716c0,0x108098b80,4.0,0
2747,0xaf89a700,0x1b55e9900,0x11ad73e00,4.0,0
2748,0x1a22bbec0,0x1a8b053c0,0xa9bed00,4.0,0
2749,0x1daafe4c0,0x1b42a5ac0,0x6e85be00,4.0,0
2750,0x1b3d16100,0x1a8c343c0,0x1b1222c0,4.0,0
2751,0xbdfa9100,0x1adc9ccc0,0x110335dc0,4.0,0
2752,0x1b7f38440,0xae1d8680,0x119ee02c0,4.0,0
2753,0xbcd72880,0x1a7090c00,0x11bde2480,4.0,0
2754,0x1a56fc940,0x1ae7e6680,0xb11afc0,4.0,0
2755,0x1a232e480,0x1a7970700,0x5a5e380,4.0,0
2756,0x1b0311940,0x1a5d9bb40,0x15e8a200,4.0,0
2757,0xbeba6f40,0xb8a05140,0x61a3e00,4.0,0
2758,0x1b05b7d80,0x1a4dcfd40,0x148780c0,4.0,0
2759,0x1a5619dc0,0x1a734ebc0,0x2557600,4.0,0
2760,0x1aff5d180,0x1b74651c0,0x18b38040,4.0,0
2761,0x1af2d49c0,0x1ae7b8f00,0x156c6c0,4.0,0
2762,0x1b2c60880,0x1ad8eb100,0x1f48b980,4.0,0
2763,0xac422800,0x1b3b41780,0x11ff63f80,4.0,0
2764,0xbabf64c0,0x1a9f6fcc0,0x113499800,4.0,0
2765,0x1ae272240,0x1af1b65c0,0x13c4780,4.0,0
2766,0x1b17c8080,0x1855ec340,0x342243c0,4.0,0
2767,0xbc8e2280,0x1af58b500,0x113d69780,4.0,0
2768,0x1acaa09c0,0xb184fb00,0x11d2ef2c0,4.0,0
2769,0x1b5241100,0x1b05c2300,0x5783200,4.0,0
2770,0x1abf9b1c0,0x1b59935c0,0x1e608400,4.0,0
2771,0x1b7a9ca00,0x1a2737b00,0x15dab100,4.0,0
2772,0x1a23ba100,0x1b5fcc940,0x17c76840,4.0,0
2773,0x1a358ec40,0xbddaaec0,0x11e824280,4.0,0
2774,0x17f4c16c0,0x1a77cda40,0xd830cc80,4.0,0
2775,0x1b644fa80,0x1af5a8840,0x191e72c0,4.0,0
2776,0x1a56bdc00,0x1ac3ae480,0x9513880,4.0,0
2777,0xaddc6740,0x184f43480,0x1292853c0,4.0,0
2778,0x17f5bf580,0xbc5e2f40,0x1c305dac0,4.0,0
2779,0xb8369c00,0x1b355fa40,0x10b636640,4.0,0
2780,0x1b53d3c40,0xbc301e40,0x1090d2200,4.0,0
2781,0xbefed000,0xbc5cacc0,0x2a27cc0,4.0,0
2782,0x1a2d3d180,0xbd6ca280,0x11fbf7300,4.0,0
2783,0x1a2af71c0,0x1ae348b40,0xc9bfa80,4.0,0
2784,0x1a8a56d80,0x1b615c300,0x1eb0ae80,4.0,0
2785,0x1a4d94e40,0x1b2e15f40,0x16381100,4.0,0
2786,0x1b277a8c0,0xb1d45880,0x103a3f040,4.0,0
2787,0xac9aba80,0x1b2f589c0,0x11e6f3340,4.0,0
2788,0x1b60ad1c0,0xbeb456c0,0x108be8700,4.0,0
2789,0x1aa179880,0x1b5ef8880,0x1ff81000,4.0,0
2790,0xbc9df100,0x1a7254340,0x11bb8b240,4.0,0
2791,0x1ab9e6100,0xbe58cd00,0x115c6ac00,4.0,0
2792,0x1b1a277c0,0x1ae7f8840,0x1fddff80,4.0,0
2793,0x1a462e1c0,0xab1f6d40,0x10f7d8c80,4.0,0
2794,0x2481537c0,0x1b3961dc0,0x3fb832a00,4.0,0
2795,0x1aa214780,0x1b4d74400,0x1ef60380,4.0,0
2796,0xbd511c40,0x1b19d9780,0x10ccc8bc0,4.0,0
2797,0x1a82df0c0,0x1849f4dc0,0x2cb2bd00,4.0,0
2798,0xbcaada00,0xbef032c0,0x25ae8c0,4.0,0
2799,0x1ad581940,0xba0ec780,0x11756dec0,4.0,0
2800,0x1a5fe25c0,0xbdddb780,0x118239240,4.0,0
2801,0x1a3add700,0x1b7b80e80,0x1415d980,4.0,0
2802,0x1b101d000,0x1b5fbb180,0x4fa6180,4.0,0
2803,0x1aff64840,0x1add54200,0x2230a40,4.0,0
2804,0x1b1f6b840,0xbac9b100,0x10b3f0940,4.0,0
2805,0x1aa191a80,0x1b3a54980,0x19bc5300,4.0,0
2806,0x1a63e1440,0x1b46e2b80,0x12503fc0,4.0,0
2807,0x19fc9f680,0x1b622dc00,0x29eb2a80,4.0,0
2808,0xbefb2400,0x1a4391840,0x11ac23c40,4.0,0
2809,0x1acee3940,0x1a8d05bc0,0x43e6280,4.0,0
2810,0x1b6118640,0xbd5c70c0,0x10b4df680,4.0,0
2811,0x1a4703fc0,0x1b41f0280,0x106f3d40,4.0,0
2812,0x1adb81840,0x1aad4e080,0x76cf8c0,4.0,0
2813,0xae3ee040,0x1af0ad240,0x101343200,4.0,0
2814,0xbceff340,0xbe44d980,0x2ab2ac0,4.0,0
2815,0x1852549c0,0x184eba900,0x1cee0c0,4.0,0
2816,0x1b78dd140,0x1a23bd0c0,0x15b60180,4.0,0
2817,0x1b3ec6780,0x1ae584140,0x1db426c0,4.0,0
2818,0x1b679c240,0x1aa2b6000,0x1c52a240,4.0,0
2819,0x1a281d340,0x1aeb92ac0,0xc38f980,4.0,0
2820,0x1a8c44100,0x1ab519e00,0x395df00,4.0,0
2821,0x1a8a71440,0x1ad44a540,0x5e3b100,4.0,0
2822,0x1a6140980,0x1a87d4ac0,0xe694340,4.0,0
2823,0x1aa3bd140,0x1ad8cad80,0x7b77cc0,4.0,0
2824,0xbde0f340,0x1b56c4a80,0x1088cb9c0,4.0,0
2825,0xb3db5940,0x1a752e980,0x11489b0c0,4.0,0
2826,0x1b106cb40,0x185264900,0x34208240,4.0,0
2827,0x1a23a9c00,0x1a5079380,0x73d0f80,6.0,1
2828,0x1a96f79c0,0x1b433dc40,0x1d5ca580,4.0,0
2829,0x1b2c915c0,0xb8b1dd00,0x10a78c8c0,4.0,0
2830,0x1a1dfe600,0x1b1629f80,0x10bd7980,4.0,0
2831,0x1b7f15640,0xb1826740,0x106733100,4.0,0
2832,0xbaf54080,0x1b1c66dc0,0x10b332d40,4.0,0
2833,0x1abd0e880,0xba9832c0,0x11148da40,4.0,0
2834,0x1a2461dc0,0x1ad096c00,0xf4f71c0,4.0,0
2835,0x1a3a4fd80,0xac48fec0,0x10fec0340,4.0,0
2836,0x1855d4a00,0x1aa8e51c0,0x2fd31bc0,4.0,0
2837,0x1b5c7f400,0x1a3fa0380,0x163df780,4.0,0
2838,0xb99c7cc0,0xb0d64540,0x94a3980,4.0,0
2839,0xba272140,0x1a283b000,0x118a49140,4.0,0
2840,0x1a20cffc0,0x1aba56a80,0x9a99540,4.0,0
2841,0x1a898e980,0x1b1ca6b00,0x19528280,4.0,0
2842,0x1a9c003c0,0x1a915d580,0xd5d640,4.0,0
2843,0xc04d7e80,0x1b1e61d80,0x171ab6300,4.0,0
2844,0x1a39251c0,0x1af260440,0xcb45580,4.0,0
2845,0x1b28bca80,0x1a43487c0,0x16bf4d40,4.0,0
2846,0x1a6d15400,0x1b0f170c0,0x162024c0,4.0,0
2847,0x1a1ad2f00,0x19fe8b480,0x3e459b80,4.0,0
2848,0x1a9008ec0,0xb81a77c0,0x1111af900,4.0,0
2849,0x1ac548740,0xba13ec80,0x116476bc0,4.0,0
2850,0x1b7e083c0,0x1aebbd500,0x195b56c0,4.0,0
2851,0xbaac9b80,0x1b5720dc0,0x10fde9640,4.0,0
2852,0x1b7e0d6c0,0x1af1ccf80,0x18fc1940,4.0,0
2853,0x1b742c140,0x1af977380,0x18d5b2c0,4.0,0
2854,0xbda0a500,0x1ae347280,0x11394d780,4.0,0
2855,0x1b0dd7380,0x1b4fac4c0,0x427b740,4.0,0
2856,0x1856c1d40,0xbcf62d00,0x1399a3040,4.0,0
2857,0x1ad0de000,0x1a8a4d100,0x5a93100,4.0,0
2858,0x1a7972280,0x1a96ace80,0xefdec00,4.0,0
2859,0x1849d3e80,0xac50c480,0x128cdfa00,4.0,0
2860,0xafae2300,0x1b22d5900,0x11d837a00,4.0,0
2861,0x1ac56ec40,0x1a46d0700,0x83beb40,4.0,0
2862,0x1a9677a00,0x1ac466b80,0x5211180,4.0,0
2863,0x1a22a0b80,0x1b12a48c0,0x13004340,4.0,0
2864,0x17f7d8340,0x1acc0e2c0,0xd3bd6180,4.0,0
2865,0xb1e18540,0x1b5125700,0x104f3d240,4.0,0
2866,0x1a1c557c0,0x1b33ed0c0,0x12fb8700,4.0,0
2867,0x1b0cd14c0,0x17f586ec0,0xcf957a00,4.0,0
2868,0x1a8a45080,0xae1f0600,0x106bb5680,4.0,0
2869,0x1ae689240,0x1a3241580,0xd4c87c0,4.0,0
2870,0x1a34138c0,0x1a59a4600,0x6db7ec0,4.0,0
2871,0xba76fa40,0xb1c5e600,0xbb31c40,4.0,0
2872,0x1a41b9300,0x1aa37aa40,0xe2c3940,4.0,0
2873,0xbee94700,0x1aa6955c0,0x1148012c0,4.0,0
2874,0xbaf94900,0x1a8aea580,0x11257ec80,4.0,0
2875,0x1b28bba40,0x1af74ec00,0x1dff5640,4.0,0
2876,0x17f4e4e80,0x1a5b6f680,0xdaf8b800,4.0,0
2877,0x1b2244300,0x1a8ce6880,0x1aea2b80,4.0,0
2878,0xbd4b1200,0xbce0ee80,0x1abfc80,4.0,0
2879,0x19faf6140,0x1adc5e540,0x326a8400,4.0,0
2880,0xb0e9c140,0xbae706c0,0xa0ec780,4.0,0
2881,0x1a9a0ec40,0x1a6961940,0xf36f500,4.0,0
2882,0xbccf7780,0x1b7c4a100,0x10b0bd680,4.0,0
2883,0xbc36a800,0xae2a1800,0x121cb000,4.0,0
2884,0x1aeb16740,0xb3c0da40,0x11d71bd00,4.0,0
2885,0x1a2c86d80,0x1b0b4f000,0x127c9d80,4.0,0
2886,0x1b66eb040,0x19f803800,0x29ee8840,4.0,0
2887,0x1b11d4600,0xb18d4380,0x100900580,4.0,0
2888,0xab30d240,0x1847cad00,0x12f4c7f40,4.0,0
2889,0x1a9fe8940,0x18517ab40,0x2ce92200,4.0,0
2890,0x1a7efa280,0x1a2de9380,0x5313100,4.0,0
2891,0xbb4e8740,0x1a7569100,0x11c181640,4.0,0
2892,0x1a6cc3a00,0x1a73dca40,0x1f1f040,4.0,0
2893,0xba8ae9c0,0xb7c61c40,0xd4cf580,4.0,0
2894,0x17f54f8c0,0x1addf5b00,0xd28ba3c0,4.0,0
2895,0x1aa5ce180,0x1a4e7ca40,0xebb2bc0,4.0,0
2896,0x1ad1591c0,0x1b2b46e00,0x1fa1ffc0,4.0,0
2897,0x1a9c03380,0x1a5d34980,0xc137a00,4.0,0
2898,0x1b22d5f00,0x1ade9bb80,0x1fc4e480,4.0,0
2899,0x1a5f7a180,0x1a7277640,0x2d0d7c0,6.0,1
2900,0x1a65025c0,0xbe4c6f40,0x1181c4a80,4.0,0
2901,0x1b61eb640,0x1a3077640,0x1519c000,4.0,0
2902,0x1a5ab3740,0x1ad849c40,0x82fab00,4.0,0
2903,0x1a29ca9c0,0xbe99b980,0x11c051040,4.0,0
2904,0x1acc59940,0x1aad1e300,0x6147a40,4.0,0
2905,0xacbe3500,0x1b36bebc0,0x11fd5dec0,4.0,0
2906,0x1ac72c680,0xac6c6c40,0x1001eaac0,4.0,0
2907,0xbab21d00,0xbafe8080,0x4c9d80,4.0,0
2908,0x1a63806c0,0x1aea916c0,0x8911000,4.0,0
2909,0x1ae0c9cc0,0x1a485af80,0xa893340,4.0,0
2910,0x1a2dcb1c0,0x17f6bbe80,0xddb70f40,4.0,0
2911,0xacc5b9c0,0x1aea8f3c0,0x1026d4a00,4.0,0
2912,0x1b028dc80,0x1b0a69d40,0x8e41c0,4.0,0
2913,0x1b33e8d40,0xc07dcb80,0x1734346c0,4.0,0
2914,0x1a4d8f8c0,0x19feccec0,0x3b343600,4.0,0
2915,0xb3e35200,0xac506ec0,0x1fb33cc0,4.0,0
2916,0x1a537ce00,0xbde3d840,0x118d41640,4.0,0
2917,0x1aba98500,0x1a9254540,0x28cc040,4.0,0
2918,0x17f76e4c0,0x1ac887ec0,0xd3fe9a00,4.0,0
2919,0x1b435af00,0x1aa452e00,0x1e708100,4.0,0
2920,0x1b61cb1c0,0x1a6286400,0x1034d5c0,4.0,0
2921,0xadce9a00,0x1a8d81840,0x105168240,4.0,0
2922,0x1a522b040,0xaded6700,0x108cfd740,4.0,0
2923,0x17f3018c0,0x1a9915700,0xd6a14fc0,4.0,0
2924,0x1b1328dc0,0x1adf105c0,0x1cc38800,4.0,0
2925,0x1acd956c0,0xbcc34f80,0x1101a1940,4.0,0
2926,0x1ab657440,0x1b3bfc080,0x18dab4c0,4.0,0
2927,0x1a7433340,0x1a1d700c0,0x6943380,4.0,0
2928,0x1aaba9e00,0xba7fc080,0x110c55e80,4.0,0
2929,0xbefcfc40,0xb3f656c0,0xd0aaa80,4.0,0
2930,0x184f97f80,0xad07fe40,0x129fe81c0,4.0,0
2931,0x1b677f580,0x1a2058d80,0x14727800,4.0,0
2932,0x1a6c766c0,0x1a86a2a80,0xead4c40,4.0,0
2933,0xac523300,0x1a4529b80,0x10800a880,4.0,0
2934,0x1b3b4e940,0x1a46b8200,0x17df6b40,4.0,0
2935,0x1ad5a0980,0x1b01a3b00,0x1d403280,4.0,0
2936,0x1a8d63600,0x1b0161380,0x18c02580,4.0,0
2937,0x1b7490340,0x1acaf9640,0x1be69500,4.0,0
2938,0x1b29f8a80,0xbdbf1c40,0x10f2096c0,4.0,0
2939,0x1b4833d80,0xba1a1840,0x10e9925c0,4.0,0
2940,0xbd83f200,0xacc6d440,0x11452640,4.0,0
2941,0xbcb80800,0x1b5634640,0x109db4e40,4.0,0
2942,0x1a23944c0,0xbeff3b40,0x11cc67f80,4.0,0
2943,0x1b5fc9700,0xbd6d12c0,0x1089185c0,4.0,0
2944,0x1a8471c00,0x1a5091340,0xd4e0f40,4.0,0
2945,0x1b802b9c0,0x1a594eb80,0x1d965240,4.0,0
2946,0x1846271c0,0x1b4035f40,0x30612e80,4.0,0
2947,0xb0db0900,0xbe6e5880,0xeb55180,4.0,0
2948,0xbcb93a00,0xba8cec00,0x635d600,4.0,0
2949,0x1a9f37400,0x1b52d6340,0x1cde1740,4.0,0
2950,0x1b1a2ce00,0xc0490d80,0x171ebc380,4.0,0
2951,0x1ab904e80,0x1a07b5400,0xbeb1a80,4.0,0
2952,0x1ac6e9140,0xac5b61c0,0x10035f080,4.0,0
2953,0xb8193a80,0x1a556cbc0,0x11d4ff140,4.0,0
2954,0xbe452e00,0x1a70b1800,0x1194e3600,4.0,0
2955,0x1ae33d440,0x1b1618000,0x1f525440,4.0,0
2956,0xb9a75c40,0xad1eec40,0x14b9b000,4.0,0
2957,0x1ad0d7640,0x1ae6e2100,0x3635740,4.0,0
2958,0xb185d780,0x1a952ad40,0x118d77ac0,4.0,0
2959,0x1853af400,0x1a5c34380,0x20f9b780,6.0,1
2960,0x1ad1e00c0,0xad028dc0,0x1001c8d00,4.0,0
2961,0x1aa1a6f00,0x1ad352280,0x72f4d80,4.0,0
2962,0xbd495d00,0x1af2de840,0x11264b540,4.0,0
2963,0x1b255fb00,0x1b2367700,0x638c00,4.0,0
2964,0x1a4773440,0x1a29dbf00,0x6ea8b40,4.0,0
2965,0x1adac8a80,0x1b45c4280,0x19f0c800,4.0,0
2966,0x184e43c80,0xb98e0900,0x13d6a3580,4.0,0
2967,0x1b3e04680,0x1a99b7dc0,0x1a7b3b40,4.0,0
2968,0xacd41ac0,0x1a6682100,0x10abc3bc0,4.0,0
2969,0x1adb489c0,0x1adefc900,0x5b40c0,4.0,0
2970,0x1ac357900,0x1a230fe00,0xe058700,4.0,0
2971,0x1a599f900,0x1a04a5540,0x5d3ac40,4.0,0
2972,0xac7f7a40,0xb7d0ff80,0x1baf85c0,4.0,0
2973,0xbc415680,0x1ad9a81c0,0x111dbd740,4.0,0
2974,0xba7e0cc0,0x1ab506a80,0x1112e6640,4.0,0
2975,0x1b2200580,0x1ace55d80,0x1ec55800,4.0,0
2976,0x1a78b0840,0x1a2832480,0x5082cc0,4.0,0
2977,0x184b13000,0x184ffb540,0x4e8540,4.0,0
2978,0x1b0735cc0,0x1b17b7b00,0x10827c0,4.0,0
2979,0x1af7edc80,0xaf932140,0x100edfdc0,4.0,0
2980,0xbccd4a00,0xbca5b700,0x68fd00,4.0,0
2981,0xb3f233c0,0x1af8876c0,0x11c7a4500,4.0,0
2982,0xb1fe6000,0x1a87aaa40,0x11984ca40,4.0,0
2983,0xb98c7480,0xacd23ac0,0x155e4e40,4.0,0
2984,0xba59ab80,0xaca62e40,0x16ff85c0,4.0,0
2985,0x1b479f3c0,0x1b7f13480,0x388c740,4.0,0
2986,0xbe96bc40,0xbab1bd00,0x4270140,4.0,0
2987,0x1b6443a00,0x1a33dc680,0x1579fc80,4.0,0
2988,0xac755c80,0x1aa39a080,0x1064cfc00,4.0,0
2989,0x1af1a9880,0xba2e1940,0x1153481c0,4.0,0
2990,0x1b3cc5b00,0x1a78eee00,0x1442b500,4.0,0
2991,0xbca41700,0x1a2201340,0x11e840440,4.0,0
2992,0x1a8d46280,0x1a217e700,0xac38580,4.0,0
2993,0x19fe20880,0x19f9e6f80,0x7c6700,4.0,0
2994,0x1b1d5b240,0x1ad299500,0x1cfc2740,4.0,0
2995,0x1b173e0c0,0xbde22c40,0x10c91cc80,4.0,0
2996,0x1aedfec00,0x1a58e5480,0xb51b880,6.0,1
2997,0x1a0791300,0x1aede0c00,0xea71f00,4.0,0
2998,0x1ac4b4ec0,0xba78f7c0,0x11633b900,4.0,0
2999,0xac8f2700,0x17f070a40,0x1d3882d40,4.0,0
