anchor_id,anchor_pa,probe_id,probe_pa,pa_xor,rep,mean_curr_mA,std_curr_mA,throughput_cps,n_samples,is_calib
0,0xbc1b7000,-1,0x1ac7de000,0x3972bf000,0,264.00,0.00,80.8,404,1
0,0xbc1b7000,0,0x1a3243000,0x11f3f4000,0,258.95,1.85,62.0,311,0
0,0xbc1b7000,0,0x1a3243000,0x11f3f4000,1,258.60,1.91,62.0,311,0
0,0xbc1b7000,0,0x1a3243000,0x11f3f4000,2,258.83,1.82,62.1,311,0
0,0xbc1b7000,0,0x1a3243000,0x11f3f4000,3,258.95,1.76,61.9,310,0
0,0xbc1b7000,0,0x1a3243000,0x11f3f4000,4,258.56,1.92,62.0,311,0
0,0xbc1b7000,0,0x1a3243000,0x11f3f4000,5,258.50,1.94,62.0,311,0
0,0xbc1b7000,0,0x1a3243000,0x11f3f4000,6,258.38,1.96,62.0,311,0
0,0xbc1b7000,0,0x1a3243000,0x11f3f4000,7,258.70,1.87,62.0,311,0
0,0xbc1b7000,0,0x1a3243000,0x11f3f4000,8,258.64,1.90,62.0,311,0
0,0xbc1b7000,0,0x1a3243000,0x11f3f4000,9,258.50,1.94,62.0,311,0
0,0xbc1b7000,1,0xbcaea000,0xb5d000,0,263.35,1.47,80.4,403,0
0,0xbc1b7000,1,0xbcaea000,0xb5d000,1,264.00,0.00,80.5,403,0
0,0xbc1b7000,1,0xbcaea000,0xb5d000,2,264.00,0.00,80.4,402,0
0,0xbc1b7000,1,0xbcaea000,0xb5d000,3,264.00,0.00,80.4,403,0
0,0xbc1b7000,1,0xbcaea000,0xb5d000,4,264.00,0.00,80.5,403,0
0,0xbc1b7000,1,0xbcaea000,0xb5d000,5,264.00,0.00,80.1,401,0
0,0xbc1b7000,1,0xbcaea000,0xb5d000,6,264.00,0.00,80.3,402,0
0,0xbc1b7000,1,0xbcaea000,0xb5d000,7,264.00,0.00,80.5,403,0
0,0xbc1b7000,1,0xbcaea000,0xb5d000,8,264.00,0.00,80.4,403,0
0,0xbc1b7000,1,0xbcaea000,0xb5d000,9,264.00,0.00,80.2,401,0
0,0xbc1b7000,2,0x1a968b000,0x11573c000,0,254.35,2.44,61.2,306,0
0,0xbc1b7000,2,0x1a968b000,0x11573c000,1,253.11,1.79,61.2,306,0
0,0xbc1b7000,2,0x1a968b000,0x11573c000,2,253.48,1.93,61.2,306,0
0,0xbc1b7000,2,0x1a968b000,0x11573c000,3,253.28,1.87,61.2,306,0
0,0xbc1b7000,2,0x1a968b000,0x11573c000,4,253.10,1.79,61.2,306,0
0,0xbc1b7000,2,0x1a968b000,0x11573c000,5,253.39,1.90,61.2,306,0
0,0xbc1b7000,2,0x1a968b000,0x11573c000,6,252.89,1.66,61.2,306,0
0,0xbc1b7000,2,0x1a968b000,0x11573c000,7,253.29,1.87,61.2,306,0
0,0xbc1b7000,2,0x1a968b000,0x11573c000,8,254.03,2.00,61.0,306,0
0,0xbc1b7000,2,0x1a968b000,0x11573c000,9,253.78,1.99,61.2,306,0
0,0xbc1b7000,3,0x1ab151000,0x1170e6000,0,256.45,1.26,76.3,382,0
0,0xbc1b7000,3,0x1ab151000,0x1170e6000,1,257.13,1.80,76.2,382,0
0,0xbc1b7000,3,0x1ab151000,0x1170e6000,2,256.54,1.37,76.3,382,0
0,0xbc1b7000,3,0x1ab151000,0x1170e6000,3,256.40,1.20,76.2,382,0
0,0xbc1b7000,3,0x1ab151000,0x1170e6000,4,257.29,1.87,76.3,382,0
0,0xbc1b7000,3,0x1ab151000,0x1170e6000,5,257.42,1.92,76.2,382,0
0,0xbc1b7000,3,0x1ab151000,0x1170e6000,6,256.91,1.68,76.3,382,0
0,0xbc1b7000,3,0x1ab151000,0x1170e6000,7,257.30,1.87,76.2,382,0
0,0xbc1b7000,3,0x1ab151000,0x1170e6000,8,256.91,1.68,76.3,382,0
0,0xbc1b7000,3,0x1ab151000,0x1170e6000,9,257.09,1.78,76.3,382,0
0,0xbc1b7000,4,0x1a1ae2000,0x11db55000,0,263.33,1.52,80.3,402,0
0,0xbc1b7000,4,0x1a1ae2000,0x11db55000,1,264.00,0.00,80.4,402,0
0,0xbc1b7000,4,0x1a1ae2000,0x11db55000,2,264.00,0.00,80.4,402,0
0,0xbc1b7000,4,0x1a1ae2000,0x11db55000,3,264.00,0.00,80.6,403,0
0,0xbc1b7000,4,0x1a1ae2000,0x11db55000,4,264.00,0.00,80.5,403,0
0,0xbc1b7000,4,0x1a1ae2000,0x11db55000,5,264.00,0.00,80.5,403,0
0,0xbc1b7000,4,0x1a1ae2000,0x11db55000,6,264.00,0.00,80.6,403,0
0,0xbc1b7000,4,0x1a1ae2000,0x11db55000,7,264.00,0.00,80.6,404,0
0,0xbc1b7000,4,0x1a1ae2000,0x11db55000,8,264.00,0.00,80.5,403,0
0,0xbc1b7000,4,0x1a1ae2000,0x11db55000,9,264.00,0.00,80.6,403,0
0,0xbc1b7000,5,0xbcd24000,0xc93000,0,264.00,0.00,80.3,402,0
0,0xbc1b7000,5,0xbcd24000,0xc93000,1,264.00,0.00,80.5,403,0
0,0xbc1b7000,5,0xbcd24000,0xc93000,2,264.00,0.00,80.5,403,0
0,0xbc1b7000,5,0xbcd24000,0xc93000,3,264.00,0.00,80.3,402,0
0,0xbc1b7000,5,0xbcd24000,0xc93000,4,264.00,0.00,80.4,403,0
0,0xbc1b7000,5,0xbcd24000,0xc93000,5,264.00,0.00,80.5,403,0
0,0xbc1b7000,5,0xbcd24000,0xc93000,6,264.00,0.00,80.6,403,0
0,0xbc1b7000,5,0xbcd24000,0xc93000,7,264.00,0.00,80.6,404,0
0,0xbc1b7000,5,0xbcd24000,0xc93000,8,264.00,0.00,80.6,403,0
0,0xbc1b7000,5,0xbcd24000,0xc93000,9,264.00,0.00,80.4,402,0
0,0xbc1b7000,6,0x1ac388000,0x11023f000,0,264.00,0.00,80.4,402,0
0,0xbc1b7000,6,0x1ac388000,0x11023f000,1,264.00,0.00,80.5,403,0
0,0xbc1b7000,6,0x1ac388000,0x11023f000,2,264.00,0.00,80.5,403,0
0,0xbc1b7000,6,0x1ac388000,0x11023f000,3,264.00,0.00,80.5,403,0
0,0xbc1b7000,6,0x1ac388000,0x11023f000,4,264.00,0.00,80.5,403,0
0,0xbc1b7000,6,0x1ac388000,0x11023f000,5,264.00,0.00,80.2,402,0
0,0xbc1b7000,6,0x1ac388000,0x11023f000,6,264.00,0.00,80.2,401,0
0,0xbc1b7000,6,0x1ac388000,0x11023f000,7,264.00,0.00,80.2,401,0
0,0xbc1b7000,6,0x1ac388000,0x11023f000,8,264.00,0.00,80.2,402,0
0,0xbc1b7000,6,0x1ac388000,0x11023f000,9,264.00,0.00,80.1,401,0
0,0xbc1b7000,7,0xbb0fe000,0x7149000,0,264.00,0.00,80.2,401,0
0,0xbc1b7000,7,0xbb0fe000,0x7149000,1,264.00,0.00,80.2,402,0
0,0xbc1b7000,7,0xbb0fe000,0x7149000,2,264.00,0.00,80.4,402,0
0,0xbc1b7000,7,0xbb0fe000,0x7149000,3,264.00,0.00,80.2,401,0
0,0xbc1b7000,7,0xbb0fe000,0x7149000,4,264.00,0.00,80.2,402,0
0,0xbc1b7000,7,0xbb0fe000,0x7149000,5,264.00,0.00,80.3,402,0
0,0xbc1b7000,7,0xbb0fe000,0x7149000,6,264.00,0.00,80.4,403,0
0,0xbc1b7000,7,0xbb0fe000,0x7149000,7,264.00,0.00,80.3,402,0
0,0xbc1b7000,7,0xbb0fe000,0x7149000,8,264.00,0.00,80.1,401,0
0,0xbc1b7000,7,0xbb0fe000,0x7149000,9,264.00,0.00,80.3,402,0
0,0xbc1b7000,8,0x1b5ab4000,0x109b03000,0,257.96,2.10,76.3,382,0
0,0xbc1b7000,8,0x1b5ab4000,0x109b03000,1,257.76,1.99,76.2,382,0
0,0xbc1b7000,8,0x1b5ab4000,0x109b03000,2,257.34,1.89,76.3,382,0
0,0xbc1b7000,8,0x1b5ab4000,0x109b03000,3,257.77,1.99,76.2,382,0
0,0xbc1b7000,8,0x1b5ab4000,0x109b03000,4,257.48,1.93,76.3,382,0
0,0xbc1b7000,8,0x1b5ab4000,0x109b03000,5,257.27,1.86,76.3,382,0
0,0xbc1b7000,8,0x1b5ab4000,0x109b03000,6,257.62,1.96,76.3,382,0
0,0xbc1b7000,8,0x1b5ab4000,0x109b03000,7,257.13,1.80,76.3,382,0
0,0xbc1b7000,8,0x1b5ab4000,0x109b03000,8,256.93,1.69,76.3,382,0
0,0xbc1b7000,8,0x1b5ab4000,0x109b03000,9,257.95,2.00,76.2,382,0
0,0xbc1b7000,9,0xbac6a000,0x6ddd000,0,263.43,1.40,80.4,402,0
0,0xbc1b7000,9,0xbac6a000,0x6ddd000,1,264.00,0.00,80.1,401,0
0,0xbc1b7000,9,0xbac6a000,0x6ddd000,2,264.00,0.00,80.4,402,0
0,0xbc1b7000,9,0xbac6a000,0x6ddd000,3,264.00,0.00,80.2,401,0
0,0xbc1b7000,9,0xbac6a000,0x6ddd000,4,264.00,0.00,80.2,401,0
0,0xbc1b7000,9,0xbac6a000,0x6ddd000,5,264.00,0.00,80.4,403,0
0,0xbc1b7000,9,0xbac6a000,0x6ddd000,6,264.00,0.00,80.5,403,0
0,0xbc1b7000,9,0xbac6a000,0x6ddd000,7,264.00,0.00,80.3,402,0
0,0xbc1b7000,9,0xbac6a000,0x6ddd000,8,264.00,0.00,80.5,403,0
0,0xbc1b7000,9,0xbac6a000,0x6ddd000,9,264.00,0.00,80.5,403,0
0,0xbc1b7000,-1,0x1ac7de000,0x3972bf000,0,264.00,0.00,80.9,405,1
0,0xbc1b7000,10,0x1adde6000,0x111c51000,0,264.00,0.00,80.5,403,0
0,0xbc1b7000,10,0x1adde6000,0x111c51000,1,264.00,0.00,80.3,402,0
0,0xbc1b7000,10,0x1adde6000,0x111c51000,2,264.00,0.00,80.3,402,0
0,0xbc1b7000,10,0x1adde6000,0x111c51000,3,264.00,0.00,80.3,402,0
0,0xbc1b7000,10,0x1adde6000,0x111c51000,4,264.00,0.00,80.3,402,0
0,0xbc1b7000,10,0x1adde6000,0x111c51000,5,264.00,0.00,80.3,402,0
0,0xbc1b7000,10,0x1adde6000,0x111c51000,6,264.00,0.00,80.4,403,0
0,0xbc1b7000,10,0x1adde6000,0x111c51000,7,264.00,0.00,80.4,402,0
0,0xbc1b7000,10,0x1adde6000,0x111c51000,8,264.00,0.00,80.4,402,0
0,0xbc1b7000,10,0x1adde6000,0x111c51000,9,264.00,0.00,80.4,402,0
0,0xbc1b7000,11,0x1b6831000,0x10a986000,0,264.00,0.00,80.3,402,0
0,0xbc1b7000,11,0x1b6831000,0x10a986000,1,264.00,0.00,80.5,403,0
0,0xbc1b7000,11,0x1b6831000,0x10a986000,2,264.00,0.00,80.4,402,0
0,0xbc1b7000,11,0x1b6831000,0x10a986000,3,264.00,0.00,80.5,403,0
0,0xbc1b7000,11,0x1b6831000,0x10a986000,4,264.00,0.00,80.3,402,0
0,0xbc1b7000,11,0x1b6831000,0x10a986000,5,264.00,0.00,80.3,402,0
0,0xbc1b7000,11,0x1b6831000,0x10a986000,6,264.00,0.00,80.4,403,0
0,0xbc1b7000,11,0x1b6831000,0x10a986000,7,264.00,0.00,80.3,402,0
0,0xbc1b7000,11,0x1b6831000,0x10a986000,8,264.00,0.00,80.2,401,0
0,0xbc1b7000,11,0x1b6831000,0x10a986000,9,264.00,0.00,80.5,403,0
0,0xbc1b7000,12,0x1a89b1000,0x114806000,0,258.35,2.05,76.3,382,0
0,0xbc1b7000,12,0x1a89b1000,0x114806000,1,258.28,1.98,76.2,382,0
0,0xbc1b7000,12,0x1a89b1000,0x114806000,2,258.05,2.00,76.3,382,0
0,0xbc1b7000,12,0x1a89b1000,0x114806000,3,257.96,2.00,76.3,382,0
0,0xbc1b7000,12,0x1a89b1000,0x114806000,4,258.46,1.95,76.2,382,0
0,0xbc1b7000,12,0x1a89b1000,0x114806000,5,257.63,1.97,76.3,382,0
0,0xbc1b7000,12,0x1a89b1000,0x114806000,6,257.30,1.87,76.3,382,0
0,0xbc1b7000,12,0x1a89b1000,0x114806000,7,257.70,1.98,76.2,382,0
0,0xbc1b7000,12,0x1a89b1000,0x114806000,8,257.89,2.00,76.1,381,0
0,0xbc1b7000,12,0x1a89b1000,0x114806000,9,258.27,1.98,76.3,382,0
0,0xbc1b7000,13,0xc0633000,0x7c784000,0,259.42,1.41,62.4,312,0
0,0xbc1b7000,13,0xc0633000,0x7c784000,1,259.38,1.45,61.9,310,0
0,0xbc1b7000,13,0xc0633000,0x7c784000,2,259.54,1.28,62.4,313,0
0,0xbc1b7000,13,0xc0633000,0x7c784000,3,259.42,1.40,62.4,313,0
0,0xbc1b7000,13,0xc0633000,0x7c784000,4,259.35,1.48,62.2,312,0
0,0xbc1b7000,13,0xc0633000,0x7c784000,5,259.23,1.58,62.3,312,0
0,0xbc1b7000,13,0xc0633000,0x7c784000,6,259.04,1.71,62.4,313,0
0,0xbc1b7000,13,0xc0633000,0x7c784000,7,259.47,1.35,62.4,312,0
0,0xbc1b7000,13,0xc0633000,0x7c784000,8,259.45,1.38,62.5,313,0
0,0xbc1b7000,13,0xc0633000,0x7c784000,9,259.44,1.39,62.4,313,0
0,0xbc1b7000,14,0x1a64bb000,0x11a50c000,0,259.76,0.96,62.2,311,0
0,0xbc1b7000,14,0x1a64bb000,0x11a50c000,1,259.51,1.31,62.4,313,0
0,0xbc1b7000,14,0x1a64bb000,0x11a50c000,2,259.55,1.26,62.3,312,0
0,0xbc1b7000,14,0x1a64bb000,0x11a50c000,3,259.47,1.35,62.4,312,0
0,0xbc1b7000,14,0x1a64bb000,0x11a50c000,4,259.42,1.40,62.4,313,0
0,0xbc1b7000,14,0x1a64bb000,0x11a50c000,5,259.58,1.23,62.4,312,0
0,0xbc1b7000,14,0x1a64bb000,0x11a50c000,6,259.55,1.26,62.4,313,0
0,0xbc1b7000,14,0x1a64bb000,0x11a50c000,7,259.60,1.19,62.4,313,0
0,0xbc1b7000,14,0x1a64bb000,0x11a50c000,8,259.47,1.35,62.4,312,0
0,0xbc1b7000,14,0x1a64bb000,0x11a50c000,9,259.62,1.18,62.4,312,0
0,0xbc1b7000,15,0x1a8e3a000,0x114f8d000,0,263.50,1.32,80.4,402,0
0,0xbc1b7000,15,0x1a8e3a000,0x114f8d000,1,264.00,0.00,80.4,403,0
0,0xbc1b7000,15,0x1a8e3a000,0x114f8d000,2,264.00,0.00,80.3,402,0
0,0xbc1b7000,15,0x1a8e3a000,0x114f8d000,3,264.00,0.00,80.2,401,0
0,0xbc1b7000,15,0x1a8e3a000,0x114f8d000,4,264.00,0.00,80.4,402,0
0,0xbc1b7000,15,0x1a8e3a000,0x114f8d000,5,264.00,0.00,80.5,403,0
0,0xbc1b7000,15,0x1a8e3a000,0x114f8d000,6,264.00,0.00,80.3,402,0
0,0xbc1b7000,15,0x1a8e3a000,0x114f8d000,7,264.00,0.00,80.4,403,0
0,0xbc1b7000,15,0x1a8e3a000,0x114f8d000,8,264.00,0.00,80.6,403,0
0,0xbc1b7000,15,0x1a8e3a000,0x114f8d000,9,264.00,0.00,80.5,403,0
0,0xbc1b7000,16,0x1b7d59000,0x10bcee000,0,264.00,0.00,80.0,401,0
0,0xbc1b7000,16,0x1b7d59000,0x10bcee000,1,264.00,0.00,80.0,401,0
0,0xbc1b7000,16,0x1b7d59000,0x10bcee000,2,264.00,0.00,80.0,400,0
0,0xbc1b7000,16,0x1b7d59000,0x10bcee000,3,264.00,0.00,79.9,400,0
0,0xbc1b7000,16,0x1b7d59000,0x10bcee000,4,264.00,0.00,80.0,400,0
0,0xbc1b7000,16,0x1b7d59000,0x10bcee000,5,264.00,0.00,79.6,399,0
0,0xbc1b7000,16,0x1b7d59000,0x10bcee000,6,264.00,0.00,80.0,400,0
0,0xbc1b7000,16,0x1b7d59000,0x10bcee000,7,264.00,0.00,80.0,400,0
0,0xbc1b7000,16,0x1b7d59000,0x10bcee000,8,264.00,0.00,79.9,400,0
0,0xbc1b7000,16,0x1b7d59000,0x10bcee000,9,264.00,0.00,80.1,401,0
0,0xbc1b7000,17,0x1a276e000,0x11e6d9000,0,264.00,0.00,80.2,402,0
0,0xbc1b7000,17,0x1a276e000,0x11e6d9000,1,264.00,0.00,80.4,403,0
0,0xbc1b7000,17,0x1a276e000,0x11e6d9000,2,264.00,0.00,80.5,403,0
0,0xbc1b7000,17,0x1a276e000,0x11e6d9000,3,264.00,0.00,80.3,402,0
0,0xbc1b7000,17,0x1a276e000,0x11e6d9000,4,264.00,0.00,80.3,402,0
0,0xbc1b7000,17,0x1a276e000,0x11e6d9000,5,264.00,0.00,80.5,403,0
0,0xbc1b7000,17,0x1a276e000,0x11e6d9000,6,264.00,0.00,80.3,402,0
0,0xbc1b7000,17,0x1a276e000,0x11e6d9000,7,264.00,0.00,80.3,402,0
0,0xbc1b7000,17,0x1a276e000,0x11e6d9000,8,264.00,0.00,80.2,402,0
0,0xbc1b7000,17,0x1a276e000,0x11e6d9000,9,264.00,0.00,80.5,403,0
0,0xbc1b7000,18,0xb73d1000,0xb266000,0,264.00,0.00,80.4,403,0
0,0xbc1b7000,18,0xb73d1000,0xb266000,1,264.00,0.00,80.4,403,0
0,0xbc1b7000,18,0xb73d1000,0xb266000,2,264.00,0.00,80.6,403,0
0,0xbc1b7000,18,0xb73d1000,0xb266000,3,264.00,0.00,80.4,402,0
0,0xbc1b7000,18,0xb73d1000,0xb266000,4,264.00,0.00,80.5,403,0
0,0xbc1b7000,18,0xb73d1000,0xb266000,5,264.00,0.00,80.5,403,0
0,0xbc1b7000,18,0xb73d1000,0xb266000,6,264.00,0.00,80.0,400,0
0,0xbc1b7000,18,0xb73d1000,0xb266000,7,264.00,0.00,80.3,402,0
0,0xbc1b7000,18,0xb73d1000,0xb266000,8,264.00,0.00,80.3,402,0
0,0xbc1b7000,18,0xb73d1000,0xb266000,9,264.00,0.00,80.5,403,0
0,0xbc1b7000,19,0x1a3cec000,0x11fd5b000,0,264.00,0.00,79.9,400,0
0,0xbc1b7000,19,0x1a3cec000,0x11fd5b000,1,264.00,0.00,79.9,400,0
0,0xbc1b7000,19,0x1a3cec000,0x11fd5b000,2,264.00,0.00,79.9,400,0
0,0xbc1b7000,19,0x1a3cec000,0x11fd5b000,3,264.00,0.00,79.5,398,0
0,0xbc1b7000,19,0x1a3cec000,0x11fd5b000,4,264.00,0.00,79.9,400,0
0,0xbc1b7000,19,0x1a3cec000,0x11fd5b000,5,264.00,0.00,80.0,401,0
0,0xbc1b7000,19,0x1a3cec000,0x11fd5b000,6,264.00,0.00,79.7,399,0
0,0xbc1b7000,19,0x1a3cec000,0x11fd5b000,7,264.00,0.00,80.0,401,0
0,0xbc1b7000,19,0x1a3cec000,0x11fd5b000,8,264.00,0.00,79.9,400,0
0,0xbc1b7000,19,0x1a3cec000,0x11fd5b000,9,264.00,0.00,80.0,401,0
0,0xbc1b7000,-1,0x1ac7de000,0x3972bf000,0,264.00,0.00,80.8,405,1
0,0xbc1b7000,20,0x1a3c88000,0x11fd3f000,0,258.50,2.06,76.3,382,0
0,0xbc1b7000,20,0x1a3c88000,0x11fd3f000,1,258.23,1.99,76.2,382,0
0,0xbc1b7000,20,0x1a3c88000,0x11fd3f000,2,258.44,1.95,76.1,381,0
0,0xbc1b7000,20,0x1a3c88000,0x11fd3f000,3,257.43,1.92,76.3,382,0
0,0xbc1b7000,20,0x1a3c88000,0x11fd3f000,4,257.77,1.99,76.3,382,0
0,0xbc1b7000,20,0x1a3c88000,0x11fd3f000,5,258.20,1.99,76.2,382,0
0,0xbc1b7000,20,0x1a3c88000,0x11fd3f000,6,258.00,2.00,76.3,382,0
0,0xbc1b7000,20,0x1a3c88000,0x11fd3f000,7,258.53,1.93,76.3,382,0
0,0xbc1b7000,20,0x1a3c88000,0x11fd3f000,8,257.88,2.00,76.3,382,0
0,0xbc1b7000,20,0x1a3c88000,0x11fd3f000,9,258.02,2.00,76.2,382,0
0,0xbc1b7000,21,0x1b0131000,0x10c086000,0,263.42,1.41,80.4,402,0
0,0xbc1b7000,21,0x1b0131000,0x10c086000,1,264.00,0.00,80.3,402,0
0,0xbc1b7000,21,0x1b0131000,0x10c086000,2,264.00,0.00,80.3,402,0
0,0xbc1b7000,21,0x1b0131000,0x10c086000,3,264.00,0.00,80.2,401,0
0,0xbc1b7000,21,0x1b0131000,0x10c086000,4,264.00,0.00,80.2,402,0
0,0xbc1b7000,21,0x1b0131000,0x10c086000,5,264.00,0.00,80.1,401,0
0,0xbc1b7000,21,0x1b0131000,0x10c086000,6,264.00,0.00,80.2,401,0
0,0xbc1b7000,21,0x1b0131000,0x10c086000,7,264.00,0.00,80.3,402,0
0,0xbc1b7000,21,0x1b0131000,0x10c086000,8,264.00,0.00,80.3,402,0
0,0xbc1b7000,21,0x1b0131000,0x10c086000,9,264.00,0.00,80.4,402,0
0,0xbc1b7000,22,0xbcb50000,0xae7000,0,256.43,1.40,79.2,397,0
0,0xbc1b7000,22,0xbcb50000,0xae7000,1,256.00,0.00,79.2,397,0
0,0xbc1b7000,22,0xbcb50000,0xae7000,2,256.00,0.00,79.2,397,0
0,0xbc1b7000,22,0xbcb50000,0xae7000,3,256.00,0.00,79.2,397,0
0,0xbc1b7000,22,0xbcb50000,0xae7000,4,256.00,0.00,79.2,396,0
0,0xbc1b7000,22,0xbcb50000,0xae7000,5,256.00,0.00,79.2,397,0
0,0xbc1b7000,22,0xbcb50000,0xae7000,6,256.00,0.00,79.2,397,0
0,0xbc1b7000,22,0xbcb50000,0xae7000,7,256.00,0.00,79.0,396,0
0,0xbc1b7000,22,0xbcb50000,0xae7000,8,256.00,0.00,79.1,396,0
0,0xbc1b7000,22,0xbcb50000,0xae7000,9,256.00,0.00,79.0,395,0
0,0xbc1b7000,23,0x1ac69a000,0x11072d000,0,263.25,1.84,80.4,403,0
0,0xbc1b7000,23,0x1ac69a000,0x11072d000,1,264.00,0.00,80.6,404,0
0,0xbc1b7000,23,0x1ac69a000,0x11072d000,2,264.00,0.00,80.6,404,0
0,0xbc1b7000,23,0x1ac69a000,0x11072d000,3,264.00,0.00,80.6,403,0
0,0xbc1b7000,23,0x1ac69a000,0x11072d000,4,264.00,0.00,80.4,402,0
0,0xbc1b7000,23,0x1ac69a000,0x11072d000,5,264.00,0.00,80.3,402,0
0,0xbc1b7000,23,0x1ac69a000,0x11072d000,6,264.00,0.00,80.4,403,0
0,0xbc1b7000,23,0x1ac69a000,0x11072d000,7,264.00,0.00,80.4,403,0
0,0xbc1b7000,23,0x1ac69a000,0x11072d000,8,264.00,0.00,80.4,402,0
0,0xbc1b7000,23,0x1ac69a000,0x11072d000,9,264.00,0.00,80.4,402,0
0,0xbc1b7000,24,0xbba15000,0x7ba2000,0,264.00,0.00,79.9,400,0
0,0xbc1b7000,24,0xbba15000,0x7ba2000,1,264.00,0.00,80.0,401,0
0,0xbc1b7000,24,0xbba15000,0x7ba2000,2,264.00,0.00,79.9,400,0
0,0xbc1b7000,24,0xbba15000,0x7ba2000,3,264.00,0.00,80.0,400,0
0,0xbc1b7000,24,0xbba15000,0x7ba2000,4,264.00,0.00,79.9,400,0
0,0xbc1b7000,24,0xbba15000,0x7ba2000,5,264.00,0.00,79.9,400,0
0,0xbc1b7000,24,0xbba15000,0x7ba2000,6,264.00,0.00,80.1,401,0
0,0xbc1b7000,24,0xbba15000,0x7ba2000,7,264.00,0.00,79.9,400,0
0,0xbc1b7000,24,0xbba15000,0x7ba2000,8,264.00,0.00,80.1,401,0
0,0xbc1b7000,24,0xbba15000,0x7ba2000,9,264.00,0.00,80.0,400,0
0,0xbc1b7000,25,0x1a5e5d000,0x119fea000,0,258.65,2.04,76.3,382,0
0,0xbc1b7000,25,0x1a5e5d000,0x119fea000,1,258.27,1.98,76.2,382,0
0,0xbc1b7000,25,0x1a5e5d000,0x119fea000,2,258.43,1.95,76.2,381,0
0,0xbc1b7000,25,0x1a5e5d000,0x119fea000,3,258.37,1.96,76.1,381,0
0,0xbc1b7000,25,0x1a5e5d000,0x119fea000,4,258.07,2.00,76.3,382,0
0,0xbc1b7000,25,0x1a5e5d000,0x119fea000,5,258.71,1.87,76.3,382,0
0,0xbc1b7000,25,0x1a5e5d000,0x119fea000,6,258.16,1.99,76.3,382,0
0,0xbc1b7000,25,0x1a5e5d000,0x119fea000,7,258.17,1.99,76.2,382,0
0,0xbc1b7000,25,0x1a5e5d000,0x119fea000,8,258.25,1.98,76.3,382,0
0,0xbc1b7000,25,0x1a5e5d000,0x119fea000,9,258.53,1.93,76.2,382,0
0,0xbc1b7000,26,0x1b019f000,0x10c028000,0,259.03,1.71,61.8,310,0
0,0xbc1b7000,26,0x1b019f000,0x10c028000,1,258.55,1.92,61.8,309,0
0,0xbc1b7000,26,0x1b019f000,0x10c028000,2,258.77,1.85,61.8,309,0
0,0xbc1b7000,26,0x1b019f000,0x10c028000,3,258.90,1.78,61.8,310,0
0,0xbc1b7000,26,0x1b019f000,0x10c028000,4,258.81,1.83,61.8,310,0
0,0xbc1b7000,26,0x1b019f000,0x10c028000,5,258.91,1.78,61.6,309,0
0,0xbc1b7000,26,0x1b019f000,0x10c028000,6,259.04,1.71,61.8,309,0
0,0xbc1b7000,26,0x1b019f000,0x10c028000,7,259.07,1.69,61.8,310,0
0,0xbc1b7000,26,0x1b019f000,0x10c028000,8,258.76,1.85,61.8,309,0
0,0xbc1b7000,26,0x1b019f000,0x10c028000,9,258.68,1.88,61.7,309,0
0,0xbc1b7000,27,0x1af828000,0x11399f000,0,263.33,1.49,79.9,400,0
0,0xbc1b7000,27,0x1af828000,0x11399f000,1,264.00,0.00,80.0,401,0
0,0xbc1b7000,27,0x1af828000,0x11399f000,2,264.00,0.00,80.0,400,0
0,0xbc1b7000,27,0x1af828000,0x11399f000,3,264.00,0.00,80.1,401,0
0,0xbc1b7000,27,0x1af828000,0x11399f000,4,264.00,0.00,80.1,401,0
0,0xbc1b7000,27,0x1af828000,0x11399f000,5,264.00,0.00,80.0,400,0
0,0xbc1b7000,27,0x1af828000,0x11399f000,6,264.00,0.00,80.0,401,0
0,0xbc1b7000,27,0x1af828000,0x11399f000,7,264.00,0.00,79.9,400,0
0,0xbc1b7000,27,0x1af828000,0x11399f000,8,264.00,0.00,79.9,400,0
0,0xbc1b7000,27,0x1af828000,0x11399f000,9,264.00,0.00,79.9,400,0
0,0xbc1b7000,28,0x1af45a000,0x1135ed000,0,264.00,0.00,80.4,402,0
0,0xbc1b7000,28,0x1af45a000,0x1135ed000,1,264.00,0.00,80.5,403,0
0,0xbc1b7000,28,0x1af45a000,0x1135ed000,2,264.00,0.00,80.3,402,0
0,0xbc1b7000,28,0x1af45a000,0x1135ed000,3,264.00,0.00,80.3,402,0
0,0xbc1b7000,28,0x1af45a000,0x1135ed000,4,264.00,0.00,80.5,403,0
0,0xbc1b7000,28,0x1af45a000,0x1135ed000,5,264.00,0.00,80.4,402,0
0,0xbc1b7000,28,0x1af45a000,0x1135ed000,6,264.00,0.00,80.5,403,0
0,0xbc1b7000,28,0x1af45a000,0x1135ed000,7,264.00,0.00,80.4,402,0
0,0xbc1b7000,28,0x1af45a000,0x1135ed000,8,264.00,0.00,80.5,403,0
0,0xbc1b7000,28,0x1af45a000,0x1135ed000,9,264.00,0.00,80.4,402,0
0,0xbc1b7000,29,0x1afc68000,0x113ddf000,0,264.00,0.00,80.1,401,0
0,0xbc1b7000,29,0x1afc68000,0x113ddf000,1,264.00,0.00,80.4,403,0
0,0xbc1b7000,29,0x1afc68000,0x113ddf000,2,264.00,0.00,80.6,403,0
0,0xbc1b7000,29,0x1afc68000,0x113ddf000,3,264.00,0.00,80.4,403,0
0,0xbc1b7000,29,0x1afc68000,0x113ddf000,4,264.00,0.00,80.3,402,0
0,0xbc1b7000,29,0x1afc68000,0x113ddf000,5,264.00,0.00,80.4,402,0
0,0xbc1b7000,29,0x1afc68000,0x113ddf000,6,264.00,0.00,80.4,402,0
0,0xbc1b7000,29,0x1afc68000,0x113ddf000,7,264.00,0.00,80.4,403,0
0,0xbc1b7000,29,0x1afc68000,0x113ddf000,8,264.00,0.00,80.4,402,0
0,0xbc1b7000,29,0x1afc68000,0x113ddf000,9,264.00,0.00,80.3,402,0
0,0xbc1b7000,-1,0x1ac7de000,0x3972bf000,0,264.00,0.00,81.0,406,1
0,0xbc1b7000,30,0x1ad695000,0x111722000,0,264.00,0.00,80.0,400,0
0,0xbc1b7000,30,0x1ad695000,0x111722000,1,264.00,0.00,79.9,400,0
0,0xbc1b7000,30,0x1ad695000,0x111722000,2,264.00,0.00,79.8,399,0
0,0xbc1b7000,30,0x1ad695000,0x111722000,3,264.00,0.00,80.0,401,0
0,0xbc1b7000,30,0x1ad695000,0x111722000,4,264.00,0.00,80.0,400,0
0,0xbc1b7000,30,0x1ad695000,0x111722000,5,264.00,0.00,80.0,401,0
0,0xbc1b7000,30,0x1ad695000,0x111722000,6,264.00,0.00,79.9,400,0
0,0xbc1b7000,30,0x1ad695000,0x111722000,7,264.00,0.00,80.1,401,0
0,0xbc1b7000,30,0x1ad695000,0x111722000,8,264.00,0.00,80.0,401,0
0,0xbc1b7000,30,0x1ad695000,0x111722000,9,264.00,0.00,80.0,401,0
0,0xbc1b7000,31,0x1b262f000,0x10e798000,0,259.91,0.81,62.1,311,0
0,0xbc1b7000,31,0x1b262f000,0x10e798000,1,259.79,0.88,62.1,311,0
0,0xbc1b7000,31,0x1b262f000,0x10e798000,2,259.91,0.59,62.1,311,0
0,0xbc1b7000,31,0x1b262f000,0x10e798000,3,259.74,0.98,62.1,311,0
0,0xbc1b7000,31,0x1b262f000,0x10e798000,4,259.73,1.01,61.9,310,0
0,0xbc1b7000,31,0x1b262f000,0x10e798000,5,259.79,0.88,62.1,311,0
0,0xbc1b7000,31,0x1b262f000,0x10e798000,6,259.74,0.98,62.0,311,0
0,0xbc1b7000,31,0x1b262f000,0x10e798000,7,259.79,0.88,62.1,311,0
0,0xbc1b7000,31,0x1b262f000,0x10e798000,8,259.43,1.40,61.9,310,0
0,0xbc1b7000,31,0x1b262f000,0x10e798000,9,259.79,0.88,62.0,311,0
0,0xbc1b7000,32,0xb9f24000,0x5e93000,0,263.47,1.36,80.0,400,0
0,0xbc1b7000,32,0xb9f24000,0x5e93000,1,264.00,0.00,80.0,401,0
0,0xbc1b7000,32,0xb9f24000,0x5e93000,2,264.00,0.00,80.0,401,0
0,0xbc1b7000,32,0xb9f24000,0x5e93000,3,264.00,0.00,80.1,401,0
0,0xbc1b7000,32,0xb9f24000,0x5e93000,4,264.00,0.00,80.0,400,0
0,0xbc1b7000,32,0xb9f24000,0x5e93000,5,264.00,0.00,80.1,401,0
0,0xbc1b7000,32,0xb9f24000,0x5e93000,6,264.00,0.00,80.0,400,0
0,0xbc1b7000,32,0xb9f24000,0x5e93000,7,264.00,0.00,79.7,399,0
0,0xbc1b7000,32,0xb9f24000,0x5e93000,8,264.00,0.00,80.0,401,0
0,0xbc1b7000,32,0xb9f24000,0x5e93000,9,264.00,0.00,79.8,399,0
0,0xbc1b7000,33,0x1b64b3000,0x10a504000,0,259.70,1.43,61.8,309,0
0,0xbc1b7000,33,0x1b64b3000,0x10a504000,1,259.18,1.61,61.8,309,0
0,0xbc1b7000,33,0x1b64b3000,0x10a504000,2,259.25,1.56,61.8,309,0
0,0xbc1b7000,33,0x1b64b3000,0x10a504000,3,259.28,1.54,61.8,309,0
0,0xbc1b7000,33,0x1b64b3000,0x10a504000,4,259.41,1.42,61.8,310,0
0,0xbc1b7000,33,0x1b64b3000,0x10a504000,5,259.39,1.44,61.8,309,0
0,0xbc1b7000,33,0x1b64b3000,0x10a504000,6,259.52,1.30,61.8,309,0
0,0xbc1b7000,33,0x1b64b3000,0x10a504000,7,259.42,1.41,61.8,309,0
0,0xbc1b7000,33,0x1b64b3000,0x10a504000,8,259.30,1.52,61.8,309,0
0,0xbc1b7000,33,0x1b64b3000,0x10a504000,9,259.42,1.41,61.7,309,0
0,0xbc1b7000,34,0x1a5032000,0x119185000,0,258.68,1.88,76.1,381,0
0,0xbc1b7000,34,0x1a5032000,0x119185000,1,258.34,1.97,76.2,382,0
0,0xbc1b7000,34,0x1a5032000,0x119185000,2,258.35,1.97,76.2,382,0
0,0xbc1b7000,34,0x1a5032000,0x119185000,3,258.46,1.95,76.3,382,0
0,0xbc1b7000,34,0x1a5032000,0x119185000,4,258.72,1.86,76.2,382,0
0,0xbc1b7000,34,0x1a5032000,0x119185000,5,257.90,2.00,76.3,382,0
0,0xbc1b7000,34,0x1a5032000,0x119185000,6,258.05,2.00,76.2,382,0
0,0xbc1b7000,34,0x1a5032000,0x119185000,7,257.95,2.00,76.3,382,0
0,0xbc1b7000,34,0x1a5032000,0x119185000,8,257.80,1.99,76.3,382,0
0,0xbc1b7000,34,0x1a5032000,0x119185000,9,258.13,2.00,76.3,382,0
0,0xbc1b7000,35,0xba02a000,0x619d000,0,263.52,1.30,80.4,403,0
0,0xbc1b7000,35,0xba02a000,0x619d000,1,264.00,0.00,80.5,403,0
0,0xbc1b7000,35,0xba02a000,0x619d000,2,264.00,0.00,80.3,402,0
0,0xbc1b7000,35,0xba02a000,0x619d000,3,264.00,0.00,80.5,403,0
0,0xbc1b7000,35,0xba02a000,0x619d000,4,264.00,0.00,80.4,403,0
0,0xbc1b7000,35,0xba02a000,0x619d000,5,264.00,0.00,80.0,401,0
0,0xbc1b7000,35,0xba02a000,0x619d000,6,264.00,0.00,80.0,400,0
0,0xbc1b7000,35,0xba02a000,0x619d000,7,264.00,0.00,80.5,403,0
0,0xbc1b7000,35,0xba02a000,0x619d000,8,264.00,0.00,80.4,402,0
0,0xbc1b7000,35,0xba02a000,0x619d000,9,264.00,0.00,80.4,402,0
0,0xbc1b7000,36,0x1b0f7c000,0x10cecb000,0,259.02,1.86,76.2,382,0
0,0xbc1b7000,36,0x1b0f7c000,0x10cecb000,1,258.26,1.98,76.2,382,0
0,0xbc1b7000,36,0x1b0f7c000,0x10cecb000,2,258.12,2.00,76.3,382,0
0,0xbc1b7000,36,0x1b0f7c000,0x10cecb000,3,258.09,2.00,76.3,382,0
0,0xbc1b7000,36,0x1b0f7c000,0x10cecb000,4,258.32,1.97,76.2,382,0
0,0xbc1b7000,36,0x1b0f7c000,0x10cecb000,5,258.23,1.99,76.1,381,0
0,0xbc1b7000,36,0x1b0f7c000,0x10cecb000,6,258.73,1.86,76.2,382,0
0,0xbc1b7000,36,0x1b0f7c000,0x10cecb000,7,258.71,1.87,76.3,382,0
0,0xbc1b7000,36,0x1b0f7c000,0x10cecb000,8,257.94,2.00,76.2,382,0
0,0xbc1b7000,36,0x1b0f7c000,0x10cecb000,9,258.42,1.96,76.3,382,0
0,0xbc1b7000,37,0x1b134c000,0x10d2fb000,0,263.41,1.41,80.4,403,0
0,0xbc1b7000,37,0x1b134c000,0x10d2fb000,1,264.00,0.00,80.4,402,0
0,0xbc1b7000,37,0x1b134c000,0x10d2fb000,2,264.00,0.00,80.5,403,0
0,0xbc1b7000,37,0x1b134c000,0x10d2fb000,3,264.00,0.00,80.4,402,0
0,0xbc1b7000,37,0x1b134c000,0x10d2fb000,4,264.00,0.00,80.5,403,0
0,0xbc1b7000,37,0x1b134c000,0x10d2fb000,5,264.00,0.00,80.5,403,0
0,0xbc1b7000,37,0x1b134c000,0x10d2fb000,6,264.00,0.00,80.4,403,0
0,0xbc1b7000,37,0x1b134c000,0x10d2fb000,7,264.00,0.00,80.3,402,0
0,0xbc1b7000,37,0x1b134c000,0x10d2fb000,8,264.00,0.00,80.3,402,0
0,0xbc1b7000,37,0x1b134c000,0x10d2fb000,9,264.00,0.00,80.4,402,0
0,0xbc1b7000,38,0x19f8b0000,0x123907000,0,264.00,0.00,80.4,403,0
0,0xbc1b7000,38,0x19f8b0000,0x123907000,1,264.00,0.00,80.4,403,0
0,0xbc1b7000,38,0x19f8b0000,0x123907000,2,264.00,0.00,80.5,403,0
0,0xbc1b7000,38,0x19f8b0000,0x123907000,3,264.00,0.00,80.5,403,0
0,0xbc1b7000,38,0x19f8b0000,0x123907000,4,264.00,0.00,80.4,402,0
0,0xbc1b7000,38,0x19f8b0000,0x123907000,5,264.00,0.00,80.5,403,0
0,0xbc1b7000,38,0x19f8b0000,0x123907000,6,264.00,0.00,80.5,403,0
0,0xbc1b7000,38,0x19f8b0000,0x123907000,7,264.00,0.00,80.4,403,0
0,0xbc1b7000,38,0x19f8b0000,0x123907000,8,264.00,0.00,80.5,403,0
0,0xbc1b7000,38,0x19f8b0000,0x123907000,9,264.00,0.00,80.6,404,0
0,0xbc1b7000,39,0x1ae2e2000,0x112355000,0,258.31,2.10,76.1,381,0
0,0xbc1b7000,39,0x1ae2e2000,0x112355000,1,257.91,2.00,76.2,382,0
0,0xbc1b7000,39,0x1ae2e2000,0x112355000,2,258.63,1.90,76.2,382,0
0,0xbc1b7000,39,0x1ae2e2000,0x112355000,3,258.08,2.00,76.3,382,0
0,0xbc1b7000,39,0x1ae2e2000,0x112355000,4,258.31,1.98,76.3,382,0
0,0xbc1b7000,39,0x1ae2e2000,0x112355000,5,257.72,1.98,76.3,382,0
0,0xbc1b7000,39,0x1ae2e2000,0x112355000,6,257.69,1.98,76.3,382,0
0,0xbc1b7000,39,0x1ae2e2000,0x112355000,7,257.77,1.99,76.3,382,0
0,0xbc1b7000,39,0x1ae2e2000,0x112355000,8,257.59,1.96,76.3,382,0
0,0xbc1b7000,39,0x1ae2e2000,0x112355000,9,258.08,2.00,76.3,382,0
0,0xbc1b7000,-1,0x1ac7de000,0x3972bf000,0,263.56,1.26,80.8,405,1
0,0xbc1b7000,40,0xb8b2f000,0x4a98000,0,259.94,0.99,62.3,312,0
0,0xbc1b7000,40,0xb8b2f000,0x4a98000,1,259.54,1.28,62.1,311,0
0,0xbc1b7000,40,0xb8b2f000,0x4a98000,2,259.72,1.02,62.3,312,0
0,0xbc1b7000,40,0xb8b2f000,0x4a98000,3,259.60,1.20,62.3,312,0
0,0xbc1b7000,40,0xb8b2f000,0x4a98000,4,259.63,1.16,62.4,313,0
0,0xbc1b7000,40,0xb8b2f000,0x4a98000,5,259.69,1.07,62.4,312,0
0,0xbc1b7000,40,0xb8b2f000,0x4a98000,6,259.64,1.14,62.5,313,0
0,0xbc1b7000,40,0xb8b2f000,0x4a98000,7,259.45,1.38,62.4,312,0
0,0xbc1b7000,40,0xb8b2f000,0x4a98000,8,259.71,1.05,62.3,312,0
0,0xbc1b7000,40,0xb8b2f000,0x4a98000,9,259.51,1.31,62.4,312,0
0,0xbc1b7000,41,0x1ad748000,0x1116ff000,0,263.51,1.31,80.2,402,0
0,0xbc1b7000,41,0x1ad748000,0x1116ff000,1,264.00,0.00,80.6,403,0
0,0xbc1b7000,41,0x1ad748000,0x1116ff000,2,264.00,0.00,80.5,403,0
0,0xbc1b7000,41,0x1ad748000,0x1116ff000,3,264.00,0.00,80.5,403,0
0,0xbc1b7000,41,0x1ad748000,0x1116ff000,4,264.00,0.00,80.2,402,0
0,0xbc1b7000,41,0x1ad748000,0x1116ff000,5,264.00,0.00,80.5,403,0
0,0xbc1b7000,41,0x1ad748000,0x1116ff000,6,264.00,0.00,80.3,402,0
0,0xbc1b7000,41,0x1ad748000,0x1116ff000,7,264.00,0.00,80.6,403,0
0,0xbc1b7000,41,0x1ad748000,0x1116ff000,8,264.00,0.00,80.5,403,0
0,0xbc1b7000,41,0x1ad748000,0x1116ff000,9,264.00,0.00,80.6,404,0
0,0xbc1b7000,42,0x1ad3c6000,0x111271000,0,258.93,1.91,76.3,382,0
0,0xbc1b7000,42,0x1ad3c6000,0x111271000,1,258.55,1.92,76.2,382,0
0,0xbc1b7000,42,0x1ad3c6000,0x111271000,2,258.27,1.98,76.3,382,0
0,0xbc1b7000,42,0x1ad3c6000,0x111271000,3,258.81,1.83,76.3,382,0
0,0xbc1b7000,42,0x1ad3c6000,0x111271000,4,258.26,1.98,76.3,382,0
0,0xbc1b7000,42,0x1ad3c6000,0x111271000,5,258.06,2.00,76.3,382,0
0,0xbc1b7000,42,0x1ad3c6000,0x111271000,6,258.77,1.85,76.2,381,0
0,0xbc1b7000,42,0x1ad3c6000,0x111271000,7,258.43,1.95,76.1,381,0
0,0xbc1b7000,42,0x1ad3c6000,0x111271000,8,258.64,1.90,76.3,382,0
0,0xbc1b7000,42,0x1ad3c6000,0x111271000,9,257.95,2.00,76.2,382,0
0,0xbc1b7000,43,0x1add46000,0x111cf1000,0,263.49,1.33,80.4,403,0
0,0xbc1b7000,43,0x1add46000,0x111cf1000,1,264.00,0.00,80.4,403,0
0,0xbc1b7000,43,0x1add46000,0x111cf1000,2,264.00,0.00,80.3,402,0
0,0xbc1b7000,43,0x1add46000,0x111cf1000,3,264.00,0.00,80.4,402,0
0,0xbc1b7000,43,0x1add46000,0x111cf1000,4,264.00,0.00,80.6,403,0
0,0xbc1b7000,43,0x1add46000,0x111cf1000,5,264.00,0.00,80.5,403,0
0,0xbc1b7000,43,0x1add46000,0x111cf1000,6,264.00,0.00,80.5,403,0
0,0xbc1b7000,43,0x1add46000,0x111cf1000,7,264.00,0.00,80.3,402,0
0,0xbc1b7000,43,0x1add46000,0x111cf1000,8,264.00,0.00,80.3,402,0
0,0xbc1b7000,43,0x1add46000,0x111cf1000,9,264.00,0.00,80.2,402,0
0,0xbc1b7000,44,0x1aa2e7000,0x116350000,0,256.21,1.43,61.2,306,0
0,0xbc1b7000,44,0x1aa2e7000,0x116350000,1,255.65,1.13,61.2,306,0
0,0xbc1b7000,44,0x1aa2e7000,0x116350000,2,255.73,1.01,61.2,306,0
0,0xbc1b7000,44,0x1aa2e7000,0x116350000,3,255.58,1.22,61.2,306,0
0,0xbc1b7000,44,0x1aa2e7000,0x116350000,4,255.50,1.32,61.2,306,0
0,0xbc1b7000,44,0x1aa2e7000,0x116350000,5,255.48,1.35,61.2,306,0
0,0xbc1b7000,44,0x1aa2e7000,0x116350000,6,255.19,1.61,61.2,306,0
0,0xbc1b7000,44,0x1aa2e7000,0x116350000,7,255.56,1.26,61.2,306,0
0,0xbc1b7000,44,0x1aa2e7000,0x116350000,8,255.66,1.12,61.2,306,0
0,0xbc1b7000,44,0x1aa2e7000,0x116350000,9,255.70,1.05,61.2,306,0
0,0xbc1b7000,45,0xbd1ae000,0x1019000,0,263.03,2.13,80.0,400,0
0,0xbc1b7000,45,0xbd1ae000,0x1019000,1,264.00,0.00,79.7,399,0
0,0xbc1b7000,45,0xbd1ae000,0x1019000,2,264.00,0.00,79.8,400,0
0,0xbc1b7000,45,0xbd1ae000,0x1019000,3,264.00,0.00,80.1,401,0
0,0xbc1b7000,45,0xbd1ae000,0x1019000,4,264.00,0.00,80.0,401,0
0,0xbc1b7000,45,0xbd1ae000,0x1019000,5,264.00,0.00,80.2,401,0
0,0xbc1b7000,45,0xbd1ae000,0x1019000,6,264.00,0.00,80.0,400,0
0,0xbc1b7000,45,0xbd1ae000,0x1019000,7,264.00,0.00,79.9,400,0
0,0xbc1b7000,45,0xbd1ae000,0x1019000,8,264.00,0.00,80.0,400,0
0,0xbc1b7000,45,0xbd1ae000,0x1019000,9,264.00,0.00,80.0,401,0
0,0xbc1b7000,46,0xbea5e000,0x2be9000,0,264.00,0.00,80.3,402,0
0,0xbc1b7000,46,0xbea5e000,0x2be9000,1,264.00,0.00,80.4,403,0
0,0xbc1b7000,46,0xbea5e000,0x2be9000,2,264.00,0.00,80.3,402,0
0,0xbc1b7000,46,0xbea5e000,0x2be9000,3,264.00,0.00,80.5,403,0
0,0xbc1b7000,46,0xbea5e000,0x2be9000,4,264.00,0.00,80.2,402,0
0,0xbc1b7000,46,0xbea5e000,0x2be9000,5,264.00,0.00,80.2,402,0
0,0xbc1b7000,46,0xbea5e000,0x2be9000,6,264.00,0.00,80.4,402,0
0,0xbc1b7000,46,0xbea5e000,0x2be9000,7,264.00,0.00,80.4,402,0
0,0xbc1b7000,46,0xbea5e000,0x2be9000,8,264.00,0.00,80.4,402,0
0,0xbc1b7000,46,0xbea5e000,0x2be9000,9,264.00,0.00,80.4,403,0
0,0xbc1b7000,47,0x1a9972000,0x1158c5000,0,264.00,0.00,80.3,402,0
0,0xbc1b7000,47,0x1a9972000,0x1158c5000,1,264.00,0.00,80.4,403,0
0,0xbc1b7000,47,0x1a9972000,0x1158c5000,2,264.00,0.00,80.4,402,0
0,0xbc1b7000,47,0x1a9972000,0x1158c5000,3,264.00,0.00,80.4,403,0
0,0xbc1b7000,47,0x1a9972000,0x1158c5000,4,264.00,0.00,80.3,402,0
0,0xbc1b7000,47,0x1a9972000,0x1158c5000,5,264.00,0.00,80.3,402,0
0,0xbc1b7000,47,0x1a9972000,0x1158c5000,6,264.00,0.00,80.4,403,0
0,0xbc1b7000,47,0x1a9972000,0x1158c5000,7,264.00,0.00,80.2,402,0
0,0xbc1b7000,47,0x1a9972000,0x1158c5000,8,264.00,0.00,80.4,402,0
0,0xbc1b7000,47,0x1a9972000,0x1158c5000,9,264.00,0.00,80.4,403,0
0,0xbc1b7000,48,0xbe889000,0x293e000,0,264.00,0.00,80.4,402,0
0,0xbc1b7000,48,0xbe889000,0x293e000,1,264.00,0.00,80.4,402,0
0,0xbc1b7000,48,0xbe889000,0x293e000,2,264.00,0.00,80.1,401,0
0,0xbc1b7000,48,0xbe889000,0x293e000,3,264.00,0.00,80.4,403,0
0,0xbc1b7000,48,0xbe889000,0x293e000,4,264.00,0.00,80.4,403,0
0,0xbc1b7000,48,0xbe889000,0x293e000,5,264.00,0.00,80.3,402,0
0,0xbc1b7000,48,0xbe889000,0x293e000,6,264.00,0.00,80.3,402,0
0,0xbc1b7000,48,0xbe889000,0x293e000,7,264.00,0.00,80.5,403,0
0,0xbc1b7000,48,0xbe889000,0x293e000,8,264.00,0.00,80.5,403,0
0,0xbc1b7000,48,0xbe889000,0x293e000,9,264.00,0.00,80.4,402,0
0,0xbc1b7000,49,0xbe4a3000,0x2514000,0,252.94,2.25,52.8,264,0
0,0xbc1b7000,49,0xbe4a3000,0x2514000,1,252.00,0.00,52.9,265,0
0,0xbc1b7000,49,0xbe4a3000,0x2514000,2,252.00,0.00,52.9,265,0
0,0xbc1b7000,49,0xbe4a3000,0x2514000,3,252.00,0.00,52.9,265,0
0,0xbc1b7000,49,0xbe4a3000,0x2514000,4,252.00,0.00,52.9,265,0
0,0xbc1b7000,49,0xbe4a3000,0x2514000,5,252.00,0.00,52.9,265,0
0,0xbc1b7000,49,0xbe4a3000,0x2514000,6,252.27,1.01,52.9,265,0
0,0xbc1b7000,49,0xbe4a3000,0x2514000,7,252.00,0.00,52.9,265,0
0,0xbc1b7000,49,0xbe4a3000,0x2514000,8,252.00,0.00,52.9,265,0
0,0xbc1b7000,49,0xbe4a3000,0x2514000,9,252.00,0.00,52.9,265,0
0,0xbc1b7000,-1,0x1ac7de000,0x3972bf000,0,263.05,2.33,81.1,406,1
0,0xbc1b7000,50,0x1ad5f0000,0x111447000,0,264.00,0.00,80.5,403,0
0,0xbc1b7000,50,0x1ad5f0000,0x111447000,1,264.00,0.00,80.1,401,0
0,0xbc1b7000,50,0x1ad5f0000,0x111447000,2,264.00,0.00,80.4,402,0
0,0xbc1b7000,50,0x1ad5f0000,0x111447000,3,264.00,0.00,80.3,402,0
0,0xbc1b7000,50,0x1ad5f0000,0x111447000,4,264.00,0.00,80.5,403,0
0,0xbc1b7000,50,0x1ad5f0000,0x111447000,5,264.00,0.00,80.6,404,0
0,0xbc1b7000,50,0x1ad5f0000,0x111447000,6,264.00,0.00,80.3,402,0
0,0xbc1b7000,50,0x1ad5f0000,0x111447000,7,264.00,0.00,80.5,403,0
0,0xbc1b7000,50,0x1ad5f0000,0x111447000,8,264.00,0.00,80.5,403,0
0,0xbc1b7000,50,0x1ad5f0000,0x111447000,9,264.00,0.00,80.6,403,0
0,0xbc1b7000,51,0x1a0c4d000,0x11cdfa000,0,264.00,0.00,80.4,402,0
0,0xbc1b7000,51,0x1a0c4d000,0x11cdfa000,1,264.00,0.00,80.3,402,0
0,0xbc1b7000,51,0x1a0c4d000,0x11cdfa000,2,264.00,0.00,80.5,403,0
0,0xbc1b7000,51,0x1a0c4d000,0x11cdfa000,3,264.00,0.00,80.3,402,0
0,0xbc1b7000,51,0x1a0c4d000,0x11cdfa000,4,264.00,0.00,80.3,402,0
0,0xbc1b7000,51,0x1a0c4d000,0x11cdfa000,5,264.00,0.00,80.4,402,0
0,0xbc1b7000,51,0x1a0c4d000,0x11cdfa000,6,264.00,0.00,80.4,402,0
0,0xbc1b7000,51,0x1a0c4d000,0x11cdfa000,7,264.00,0.00,80.6,403,0
0,0xbc1b7000,51,0x1a0c4d000,0x11cdfa000,8,264.00,0.00,80.5,403,0
0,0xbc1b7000,51,0x1a0c4d000,0x11cdfa000,9,264.00,0.00,80.4,402,0
0,0xbc1b7000,52,0xbcbde000,0xa69000,0,256.40,1.29,78.7,394,0
0,0xbc1b7000,52,0xbcbde000,0xa69000,1,256.00,0.00,79.1,396,0
0,0xbc1b7000,52,0xbcbde000,0xa69000,2,256.00,0.00,79.1,396,0
0,0xbc1b7000,52,0xbcbde000,0xa69000,3,256.00,0.00,79.1,396,0
0,0xbc1b7000,52,0xbcbde000,0xa69000,4,256.00,0.00,79.1,396,0
0,0xbc1b7000,52,0xbcbde000,0xa69000,5,256.00,0.00,79.1,396,0
0,0xbc1b7000,52,0xbcbde000,0xa69000,6,256.00,0.00,78.9,395,0
0,0xbc1b7000,52,0xbcbde000,0xa69000,7,256.00,0.00,79.0,396,0
0,0xbc1b7000,52,0xbcbde000,0xa69000,8,256.00,0.00,79.0,396,0
0,0xbc1b7000,52,0xbcbde000,0xa69000,9,256.00,0.00,79.1,396,0
0,0xbc1b7000,53,0xb8d61000,0x4cd6000,0,263.22,1.88,80.3,402,0
0,0xbc1b7000,53,0xb8d61000,0x4cd6000,1,264.00,0.00,80.4,403,0
0,0xbc1b7000,53,0xb8d61000,0x4cd6000,2,264.00,0.00,80.4,402,0
0,0xbc1b7000,53,0xb8d61000,0x4cd6000,3,264.00,0.00,80.4,402,0
0,0xbc1b7000,53,0xb8d61000,0x4cd6000,4,264.00,0.00,80.4,403,0
0,0xbc1b7000,53,0xb8d61000,0x4cd6000,5,264.00,0.00,80.5,403,0
0,0xbc1b7000,53,0xb8d61000,0x4cd6000,6,264.00,0.00,80.4,403,0
0,0xbc1b7000,53,0xb8d61000,0x4cd6000,7,264.00,0.00,80.4,402,0
0,0xbc1b7000,53,0xb8d61000,0x4cd6000,8,264.00,0.00,80.5,403,0
0,0xbc1b7000,53,0xb8d61000,0x4cd6000,9,264.00,0.00,80.2,402,0
0,0xbc1b7000,54,0xbb283000,0x7334000,0,259.90,0.96,62.1,311,0
0,0xbc1b7000,54,0xbb283000,0x7334000,1,259.68,1.09,62.1,311,0
0,0xbc1b7000,54,0xbb283000,0x7334000,2,259.86,0.74,62.1,311,0
0,0xbc1b7000,54,0xbb283000,0x7334000,3,259.76,0.96,62.1,311,0
0,0xbc1b7000,54,0xbb283000,0x7334000,4,259.77,0.93,62.1,311,0
0,0xbc1b7000,54,0xbb283000,0x7334000,5,259.74,0.98,62.1,311,0
0,0xbc1b7000,54,0xbb283000,0x7334000,6,259.81,0.86,62.1,311,0
0,0xbc1b7000,54,0xbb283000,0x7334000,7,259.65,1.13,62.1,311,0
0,0xbc1b7000,54,0xbb283000,0x7334000,8,259.72,1.03,62.1,311,0
0,0xbc1b7000,54,0xbb283000,0x7334000,9,259.55,1.26,62.1,311,0
0,0xbc1b7000,55,0x1a78a5000,0x11b912000,0,263.40,1.43,80.1,401,0
0,0xbc1b7000,55,0x1a78a5000,0x11b912000,1,264.00,0.00,79.8,399,0
0,0xbc1b7000,55,0x1a78a5000,0x11b912000,2,264.00,0.00,79.9,400,0
0,0xbc1b7000,55,0x1a78a5000,0x11b912000,3,264.00,0.00,80.1,401,0
0,0xbc1b7000,55,0x1a78a5000,0x11b912000,4,264.00,0.00,80.0,401,0
0,0xbc1b7000,55,0x1a78a5000,0x11b912000,5,264.00,0.00,80.0,401,0
0,0xbc1b7000,55,0x1a78a5000,0x11b912000,6,264.00,0.00,80.1,401,0
0,0xbc1b7000,55,0x1a78a5000,0x11b912000,7,264.00,0.00,80.1,401,0
0,0xbc1b7000,55,0x1a78a5000,0x11b912000,8,264.00,0.00,79.9,400,0
0,0xbc1b7000,55,0x1a78a5000,0x11b912000,9,264.00,0.00,80.1,401,0
0,0xbc1b7000,56,0x1ac135000,0x110082000,0,264.00,0.00,80.1,401,0
0,0xbc1b7000,56,0x1ac135000,0x110082000,1,264.00,0.00,80.2,401,0
0,0xbc1b7000,56,0x1ac135000,0x110082000,2,264.00,0.00,80.1,401,0
0,0xbc1b7000,56,0x1ac135000,0x110082000,3,264.00,0.00,80.1,401,0
0,0xbc1b7000,56,0x1ac135000,0x110082000,4,264.00,0.00,79.9,400,0
0,0xbc1b7000,56,0x1ac135000,0x110082000,5,264.00,0.00,80.1,401,0
0,0xbc1b7000,56,0x1ac135000,0x110082000,6,264.00,0.00,80.0,401,0
0,0xbc1b7000,56,0x1ac135000,0x110082000,7,264.00,0.00,79.9,400,0
0,0xbc1b7000,56,0x1ac135000,0x110082000,8,264.00,0.00,80.0,400,0
0,0xbc1b7000,56,0x1ac135000,0x110082000,9,264.00,0.00,80.0,400,0
0,0xbc1b7000,57,0x1a4c10000,0x118da7000,0,264.00,0.00,80.5,403,0
0,0xbc1b7000,57,0x1a4c10000,0x118da7000,1,264.00,0.00,80.6,403,0
0,0xbc1b7000,57,0x1a4c10000,0x118da7000,2,264.00,0.00,80.6,403,0
0,0xbc1b7000,57,0x1a4c10000,0x118da7000,3,264.00,0.00,80.5,403,0
0,0xbc1b7000,57,0x1a4c10000,0x118da7000,4,264.00,0.00,80.6,403,0
0,0xbc1b7000,57,0x1a4c10000,0x118da7000,5,264.00,0.00,80.4,403,0
0,0xbc1b7000,57,0x1a4c10000,0x118da7000,6,264.00,0.00,80.1,401,0
0,0xbc1b7000,57,0x1a4c10000,0x118da7000,7,264.00,0.00,80.4,402,0
0,0xbc1b7000,57,0x1a4c10000,0x118da7000,8,264.00,0.00,80.6,403,0
0,0xbc1b7000,57,0x1a4c10000,0x118da7000,9,264.00,0.00,80.5,403,0
0,0xbc1b7000,58,0x1b685f000,0x10a9e8000,0,259.79,1.18,62.2,311,0
0,0xbc1b7000,58,0x1b685f000,0x10a9e8000,1,259.56,1.25,62.4,312,0
0,0xbc1b7000,58,0x1b685f000,0x10a9e8000,2,259.64,1.14,62.4,312,0
0,0xbc1b7000,58,0x1b685f000,0x10a9e8000,3,259.64,1.14,62.4,312,0
0,0xbc1b7000,58,0x1b685f000,0x10a9e8000,4,259.65,1.12,62.4,313,0
0,0xbc1b7000,58,0x1b685f000,0x10a9e8000,5,259.33,1.49,61.9,310,0
0,0xbc1b7000,58,0x1b685f000,0x10a9e8000,6,259.43,1.40,61.8,310,0
0,0xbc1b7000,58,0x1b685f000,0x10a9e8000,7,259.63,1.16,62.4,312,0
0,0xbc1b7000,58,0x1b685f000,0x10a9e8000,8,259.63,1.16,62.4,312,0
0,0xbc1b7000,58,0x1b685f000,0x10a9e8000,9,259.72,1.03,62.2,311,0
0,0xbc1b7000,59,0x1a3588000,0x11f43f000,0,258.43,1.95,76.2,382,0
0,0xbc1b7000,59,0x1a3588000,0x11f43f000,1,258.50,1.94,76.3,382,0
0,0xbc1b7000,59,0x1a3588000,0x11f43f000,2,257.74,1.98,76.3,382,0
0,0xbc1b7000,59,0x1a3588000,0x11f43f000,3,258.59,1.91,76.3,382,0
0,0xbc1b7000,59,0x1a3588000,0x11f43f000,4,257.92,2.00,76.3,382,0
0,0xbc1b7000,59,0x1a3588000,0x11f43f000,5,258.42,1.96,76.2,382,0
0,0xbc1b7000,59,0x1a3588000,0x11f43f000,6,258.19,1.99,76.2,382,0
0,0xbc1b7000,59,0x1a3588000,0x11f43f000,7,258.18,1.99,76.3,382,0
0,0xbc1b7000,59,0x1a3588000,0x11f43f000,8,258.28,1.98,76.3,382,0
0,0xbc1b7000,59,0x1a3588000,0x11f43f000,9,258.13,2.00,76.3,382,0
0,0xbc1b7000,-1,0x1ac7de000,0x3972bf000,0,263.48,1.35,80.8,405,1
0,0xbc1b7000,60,0x1b4809000,0x1089be000,0,264.00,0.00,80.6,403,0
0,0xbc1b7000,60,0x1b4809000,0x1089be000,1,264.00,0.00,80.3,402,0
0,0xbc1b7000,60,0x1b4809000,0x1089be000,2,264.00,0.00,80.5,403,0
0,0xbc1b7000,60,0x1b4809000,0x1089be000,3,264.00,0.00,80.4,403,0
0,0xbc1b7000,60,0x1b4809000,0x1089be000,4,264.00,0.00,80.4,403,0
0,0xbc1b7000,60,0x1b4809000,0x1089be000,5,264.00,0.00,80.6,404,0
0,0xbc1b7000,60,0x1b4809000,0x1089be000,6,264.00,0.00,80.5,403,0
0,0xbc1b7000,60,0x1b4809000,0x1089be000,7,264.00,0.00,80.5,403,0
0,0xbc1b7000,60,0x1b4809000,0x1089be000,8,264.00,0.00,80.4,402,0
0,0xbc1b7000,60,0x1b4809000,0x1089be000,9,264.00,0.00,80.4,403,0
0,0xbc1b7000,61,0xbaef2000,0x6f45000,0,256.40,1.33,79.2,396,0
0,0xbc1b7000,61,0xbaef2000,0x6f45000,1,256.00,0.00,79.2,396,0
0,0xbc1b7000,61,0xbaef2000,0x6f45000,2,256.00,0.00,79.1,396,0
0,0xbc1b7000,61,0xbaef2000,0x6f45000,3,256.00,0.00,78.8,394,0
0,0xbc1b7000,61,0xbaef2000,0x6f45000,4,256.00,0.00,79.2,396,0
0,0xbc1b7000,61,0xbaef2000,0x6f45000,5,256.00,0.00,79.2,396,0
0,0xbc1b7000,61,0xbaef2000,0x6f45000,6,256.00,0.00,79.1,396,0
0,0xbc1b7000,61,0xbaef2000,0x6f45000,7,256.00,0.00,79.1,396,0
0,0xbc1b7000,61,0xbaef2000,0x6f45000,8,256.00,0.00,79.2,396,0
0,0xbc1b7000,61,0xbaef2000,0x6f45000,9,256.00,0.00,79.2,396,0
0,0xbc1b7000,62,0x1b5b49000,0x109afe000,0,258.62,1.90,76.2,382,0
0,0xbc1b7000,62,0x1b5b49000,0x109afe000,1,258.17,1.99,76.2,382,0
0,0xbc1b7000,62,0x1b5b49000,0x109afe000,2,258.72,1.86,76.2,382,0
0,0xbc1b7000,62,0x1b5b49000,0x109afe000,3,258.67,1.88,76.2,382,0
0,0xbc1b7000,62,0x1b5b49000,0x109afe000,4,258.36,1.97,76.2,382,0
0,0xbc1b7000,62,0x1b5b49000,0x109afe000,5,258.96,1.75,76.2,382,0
0,0xbc1b7000,62,0x1b5b49000,0x109afe000,6,258.69,1.88,76.1,381,0
0,0xbc1b7000,62,0x1b5b49000,0x109afe000,7,258.94,1.76,76.2,382,0
0,0xbc1b7000,62,0x1b5b49000,0x109afe000,8,259.29,1.53,76.2,382,0
0,0xbc1b7000,62,0x1b5b49000,0x109afe000,9,257.42,1.92,76.2,382,0
0,0xbc1b7000,63,0x1a5a16000,0x119ba1000,0,263.53,1.28,80.5,403,0
0,0xbc1b7000,63,0x1a5a16000,0x119ba1000,1,264.00,0.00,80.5,403,0
0,0xbc1b7000,63,0x1a5a16000,0x119ba1000,2,264.00,0.00,80.6,403,0
0,0xbc1b7000,63,0x1a5a16000,0x119ba1000,3,264.00,0.00,80.5,403,0
0,0xbc1b7000,63,0x1a5a16000,0x119ba1000,4,264.00,0.00,80.5,403,0
0,0xbc1b7000,63,0x1a5a16000,0x119ba1000,5,264.00,0.00,80.5,403,0
0,0xbc1b7000,63,0x1a5a16000,0x119ba1000,6,264.00,0.00,80.5,403,0
0,0xbc1b7000,63,0x1a5a16000,0x119ba1000,7,264.00,0.00,80.5,403,0
0,0xbc1b7000,63,0x1a5a16000,0x119ba1000,8,264.00,0.00,80.3,402,0
0,0xbc1b7000,63,0x1a5a16000,0x119ba1000,9,264.00,0.00,80.3,402,0
0,0xbc1b7000,64,0x1aa450000,0x1165e7000,0,258.97,1.91,76.3,382,0
0,0xbc1b7000,64,0x1aa450000,0x1165e7000,1,258.49,1.94,76.2,382,0
0,0xbc1b7000,64,0x1aa450000,0x1165e7000,2,258.08,2.00,76.3,382,0
0,0xbc1b7000,64,0x1aa450000,0x1165e7000,3,258.70,1.87,76.2,382,0
0,0xbc1b7000,64,0x1aa450000,0x1165e7000,4,258.49,1.94,76.3,382,0
0,0xbc1b7000,64,0x1aa450000,0x1165e7000,5,258.57,1.92,76.3,382,0
0,0xbc1b7000,64,0x1aa450000,0x1165e7000,6,258.94,1.76,76.2,382,0
0,0xbc1b7000,64,0x1aa450000,0x1165e7000,7,258.74,1.86,76.2,382,0
0,0xbc1b7000,64,0x1aa450000,0x1165e7000,8,258.49,1.94,76.2,382,0
0,0xbc1b7000,64,0x1aa450000,0x1165e7000,9,259.10,1.67,76.2,382,0
0,0xbc1b7000,65,0x1a242c000,0x11e59b000,0,258.59,1.91,76.2,382,0
0,0xbc1b7000,65,0x1a242c000,0x11e59b000,1,258.77,1.85,76.0,381,0
0,0xbc1b7000,65,0x1a242c000,0x11e59b000,2,258.21,1.99,76.2,382,0
0,0xbc1b7000,65,0x1a242c000,0x11e59b000,3,258.94,1.76,76.2,382,0
0,0xbc1b7000,65,0x1a242c000,0x11e59b000,4,258.26,1.98,76.2,382,0
0,0xbc1b7000,65,0x1a242c000,0x11e59b000,5,257.53,1.94,76.2,382,0
0,0xbc1b7000,65,0x1a242c000,0x11e59b000,6,258.91,1.78,76.2,382,0
0,0xbc1b7000,65,0x1a242c000,0x11e59b000,7,258.57,1.92,76.2,382,0
0,0xbc1b7000,65,0x1a242c000,0x11e59b000,8,258.73,1.86,76.2,382,0
0,0xbc1b7000,65,0x1a242c000,0x11e59b000,9,257.76,1.99,76.2,382,0
0,0xbc1b7000,66,0x1afcbc000,0x113d0b000,0,263.49,1.33,80.4,403,0
0,0xbc1b7000,66,0x1afcbc000,0x113d0b000,1,264.00,0.00,80.5,403,0
0,0xbc1b7000,66,0x1afcbc000,0x113d0b000,2,264.00,0.00,80.5,403,0
0,0xbc1b7000,66,0x1afcbc000,0x113d0b000,3,264.00,0.00,80.4,403,0
0,0xbc1b7000,66,0x1afcbc000,0x113d0b000,4,264.00,0.00,80.3,402,0
0,0xbc1b7000,66,0x1afcbc000,0x113d0b000,5,264.00,0.00,80.6,403,0
0,0xbc1b7000,66,0x1afcbc000,0x113d0b000,6,264.00,0.00,80.6,404,0
0,0xbc1b7000,66,0x1afcbc000,0x113d0b000,7,264.00,0.00,80.5,403,0
0,0xbc1b7000,66,0x1afcbc000,0x113d0b000,8,264.00,0.00,80.6,403,0
0,0xbc1b7000,66,0x1afcbc000,0x113d0b000,9,264.00,0.00,80.5,403,0
0,0xbc1b7000,67,0x1a2c7f000,0x11edc8000,0,259.90,0.96,62.3,312,0
0,0xbc1b7000,67,0x1a2c7f000,0x11edc8000,1,259.68,1.09,62.3,312,0
0,0xbc1b7000,67,0x1a2c7f000,0x11edc8000,2,259.59,1.21,62.4,313,0
0,0xbc1b7000,67,0x1a2c7f000,0x11edc8000,3,259.51,1.31,62.3,312,0
0,0xbc1b7000,67,0x1a2c7f000,0x11edc8000,4,259.56,1.25,62.4,312,0
0,0xbc1b7000,67,0x1a2c7f000,0x11edc8000,5,259.58,1.23,62.3,312,0
0,0xbc1b7000,67,0x1a2c7f000,0x11edc8000,6,259.58,1.23,62.1,311,0
0,0xbc1b7000,67,0x1a2c7f000,0x11edc8000,7,259.59,1.22,62.2,311,0
0,0xbc1b7000,67,0x1a2c7f000,0x11edc8000,8,259.54,1.28,62.4,312,0
0,0xbc1b7000,67,0x1a2c7f000,0x11edc8000,9,259.68,1.09,62.3,312,0
0,0xbc1b7000,68,0x1b370a000,0x10f6bd000,0,258.45,1.95,76.3,382,0
0,0xbc1b7000,68,0x1b370a000,0x10f6bd000,1,258.59,1.91,76.3,382,0
0,0xbc1b7000,68,0x1b370a000,0x10f6bd000,2,258.50,1.94,76.3,382,0
0,0xbc1b7000,68,0x1b370a000,0x10f6bd000,3,258.51,1.93,76.2,382,0
0,0xbc1b7000,68,0x1b370a000,0x10f6bd000,4,258.30,1.98,76.3,382,0
0,0xbc1b7000,68,0x1b370a000,0x10f6bd000,5,258.63,1.90,76.3,382,0
0,0xbc1b7000,68,0x1b370a000,0x10f6bd000,6,259.15,1.64,76.2,382,0
0,0xbc1b7000,68,0x1b370a000,0x10f6bd000,7,257.49,1.93,76.2,382,0
0,0xbc1b7000,68,0x1b370a000,0x10f6bd000,8,257.92,2.00,76.2,382,0
0,0xbc1b7000,68,0x1b370a000,0x10f6bd000,9,258.15,1.99,76.1,381,0
0,0xbc1b7000,69,0x1af61f000,0x1137a8000,0,255.96,0.39,61.2,306,0
0,0xbc1b7000,69,0x1af61f000,0x1137a8000,1,255.93,0.51,61.2,306,0
0,0xbc1b7000,69,0x1af61f000,0x1137a8000,2,256.00,0.00,61.2,306,0
0,0xbc1b7000,69,0x1af61f000,0x1137a8000,3,255.99,0.23,61.2,306,0
0,0xbc1b7000,69,0x1af61f000,0x1137a8000,4,255.95,0.45,61.2,306,0
0,0xbc1b7000,69,0x1af61f000,0x1137a8000,5,256.00,0.00,61.2,306,0
0,0xbc1b7000,69,0x1af61f000,0x1137a8000,6,255.87,0.71,61.2,306,0
0,0xbc1b7000,69,0x1af61f000,0x1137a8000,7,255.74,0.99,61.1,306,0
0,0xbc1b7000,69,0x1af61f000,0x1137a8000,8,255.87,0.71,61.2,306,0
0,0xbc1b7000,69,0x1af61f000,0x1137a8000,9,255.82,0.84,61.2,306,0
0,0xbc1b7000,-1,0x1ac7de000,0x3972bf000,0,263.16,2.04,80.8,405,1
0,0xbc1b7000,70,0xbc70e000,0x6b9000,0,264.00,0.00,80.2,402,0
0,0xbc1b7000,70,0xbc70e000,0x6b9000,1,264.00,0.00,80.4,403,0
0,0xbc1b7000,70,0xbc70e000,0x6b9000,2,264.00,0.00,80.4,403,0
0,0xbc1b7000,70,0xbc70e000,0x6b9000,3,264.00,0.00,80.7,404,0
0,0xbc1b7000,70,0xbc70e000,0x6b9000,4,264.00,0.00,80.5,403,0
0,0xbc1b7000,70,0xbc70e000,0x6b9000,5,264.00,0.00,80.5,403,0
0,0xbc1b7000,70,0xbc70e000,0x6b9000,6,264.00,0.00,80.5,403,0
0,0xbc1b7000,70,0xbc70e000,0x6b9000,7,264.00,0.00,80.5,403,0
0,0xbc1b7000,70,0xbc70e000,0x6b9000,8,264.00,0.00,80.5,403,0
0,0xbc1b7000,70,0xbc70e000,0x6b9000,9,264.00,0.00,80.5,403,0
0,0xbc1b7000,71,0x1a0bbf000,0x11ca08000,0,259.85,1.05,62.0,311,0
0,0xbc1b7000,71,0x1a0bbf000,0x11ca08000,1,259.83,0.80,62.1,311,0
0,0xbc1b7000,71,0x1a0bbf000,0x11ca08000,2,259.78,0.91,62.1,311,0
0,0xbc1b7000,71,0x1a0bbf000,0x11ca08000,3,259.75,0.96,61.9,310,0
0,0xbc1b7000,71,0x1a0bbf000,0x11ca08000,4,259.81,0.86,62.1,311,0
0,0xbc1b7000,71,0x1a0bbf000,0x11ca08000,5,259.82,0.83,62.0,311,0
0,0xbc1b7000,71,0x1a0bbf000,0x11ca08000,6,259.68,1.09,62.0,311,0
0,0xbc1b7000,71,0x1a0bbf000,0x11ca08000,7,259.83,0.80,62.0,311,0
0,0xbc1b7000,71,0x1a0bbf000,0x11ca08000,8,259.82,0.83,62.1,311,0
0,0xbc1b7000,71,0x1a0bbf000,0x11ca08000,9,259.82,0.83,62.1,311,0
0,0xbc1b7000,72,0xb7ce3000,0xbd54000,0,259.78,0.91,62.1,311,0
0,0xbc1b7000,72,0xb7ce3000,0xbd54000,1,259.68,1.09,62.0,311,0
0,0xbc1b7000,72,0xb7ce3000,0xbd54000,2,259.77,0.93,62.1,311,0
0,0xbc1b7000,72,0xb7ce3000,0xbd54000,3,259.78,0.91,62.1,311,0
0,0xbc1b7000,72,0xb7ce3000,0xbd54000,4,259.85,0.77,62.1,311,0
0,0xbc1b7000,72,0xb7ce3000,0xbd54000,5,259.72,1.03,62.0,311,0
0,0xbc1b7000,72,0xb7ce3000,0xbd54000,6,259.88,0.67,62.0,310,0
0,0xbc1b7000,72,0xb7ce3000,0xbd54000,7,259.69,1.07,62.1,311,0
0,0xbc1b7000,72,0xb7ce3000,0xbd54000,8,259.67,1.11,62.1,311,0
0,0xbc1b7000,72,0xb7ce3000,0xbd54000,9,259.65,1.13,62.0,311,0
0,0xbc1b7000,73,0x1a5b6b000,0x119adc000,0,256.00,0.00,61.2,306,0
0,0xbc1b7000,73,0x1a5b6b000,0x119adc000,1,256.00,0.00,61.2,306,0
0,0xbc1b7000,73,0x1a5b6b000,0x119adc000,2,255.92,0.55,61.2,306,0
0,0xbc1b7000,73,0x1a5b6b000,0x119adc000,3,255.96,0.39,61.2,306,0
0,0xbc1b7000,73,0x1a5b6b000,0x119adc000,4,256.00,0.00,61.2,306,0
0,0xbc1b7000,73,0x1a5b6b000,0x119adc000,5,255.97,0.32,61.2,306,0
0,0xbc1b7000,73,0x1a5b6b000,0x119adc000,6,255.97,0.32,61.2,306,0
0,0xbc1b7000,73,0x1a5b6b000,0x119adc000,7,255.92,0.55,61.2,306,0
0,0xbc1b7000,73,0x1a5b6b000,0x119adc000,8,256.00,0.00,61.0,306,0
0,0xbc1b7000,73,0x1a5b6b000,0x119adc000,9,256.00,0.00,61.2,306,0
0,0xbc1b7000,74,0x1ae097000,0x112120000,0,255.86,0.74,61.2,306,0
0,0xbc1b7000,74,0x1ae097000,0x112120000,1,255.84,0.78,61.2,306,0
0,0xbc1b7000,74,0x1ae097000,0x112120000,2,255.62,1.17,61.2,306,0
0,0xbc1b7000,74,0x1ae097000,0x112120000,3,255.61,1.19,61.2,306,0
0,0xbc1b7000,74,0x1ae097000,0x112120000,4,255.56,1.26,61.2,306,0
0,0xbc1b7000,74,0x1ae097000,0x112120000,5,255.90,0.64,61.2,306,0
0,0xbc1b7000,74,0x1ae097000,0x112120000,6,255.92,0.55,61.1,306,0
0,0xbc1b7000,74,0x1ae097000,0x112120000,7,255.69,1.08,61.2,306,0
0,0xbc1b7000,74,0x1ae097000,0x112120000,8,255.63,1.15,61.2,306,0
0,0xbc1b7000,74,0x1ae097000,0x112120000,9,255.57,1.24,61.1,306,0
0,0xbc1b7000,75,0xbb444000,0x75f3000,0,256.00,0.00,66.2,331,0
0,0xbc1b7000,75,0xbb444000,0x75f3000,1,256.00,0.00,66.1,331,0
0,0xbc1b7000,75,0xbb444000,0x75f3000,2,256.00,0.00,66.2,331,0
0,0xbc1b7000,75,0xbb444000,0x75f3000,3,256.00,0.00,66.0,330,0
0,0xbc1b7000,75,0xbb444000,0x75f3000,4,256.00,0.00,66.2,332,0
0,0xbc1b7000,75,0xbb444000,0x75f3000,5,256.00,0.00,66.2,332,0
0,0xbc1b7000,75,0xbb444000,0x75f3000,6,256.00,0.00,66.2,331,0
0,0xbc1b7000,75,0xbb444000,0x75f3000,7,256.00,0.00,66.2,332,0
0,0xbc1b7000,75,0xbb444000,0x75f3000,8,256.00,0.00,66.2,332,0
0,0xbc1b7000,75,0xbb444000,0x75f3000,9,256.00,0.00,66.2,332,0
0,0xbc1b7000,76,0x1a0b75000,0x11cac2000,0,258.15,1.99,76.2,382,0
0,0xbc1b7000,76,0x1a0b75000,0x11cac2000,1,258.62,1.90,76.3,382,0
0,0xbc1b7000,76,0x1a0b75000,0x11cac2000,2,258.40,1.96,76.3,382,0
0,0xbc1b7000,76,0x1a0b75000,0x11cac2000,3,258.40,1.96,76.1,381,0
0,0xbc1b7000,76,0x1a0b75000,0x11cac2000,4,258.10,2.00,76.3,382,0
0,0xbc1b7000,76,0x1a0b75000,0x11cac2000,5,258.74,1.86,76.2,382,0
0,0xbc1b7000,76,0x1a0b75000,0x11cac2000,6,258.37,1.97,76.2,382,0
0,0xbc1b7000,76,0x1a0b75000,0x11cac2000,7,258.54,1.92,76.3,382,0
0,0xbc1b7000,76,0x1a0b75000,0x11cac2000,8,258.31,1.98,76.2,382,0
0,0xbc1b7000,76,0x1a0b75000,0x11cac2000,9,258.66,1.89,76.3,382,0
0,0xbc1b7000,77,0xbadd5000,0x6c62000,0,263.44,1.41,80.1,401,0
0,0xbc1b7000,77,0xbadd5000,0x6c62000,1,264.00,0.00,80.4,403,0
0,0xbc1b7000,77,0xbadd5000,0x6c62000,2,264.00,0.00,80.5,403,0
0,0xbc1b7000,77,0xbadd5000,0x6c62000,3,264.00,0.00,80.5,403,0
0,0xbc1b7000,77,0xbadd5000,0x6c62000,4,264.00,0.00,80.3,402,0
0,0xbc1b7000,77,0xbadd5000,0x6c62000,5,264.00,0.00,80.5,403,0
0,0xbc1b7000,77,0xbadd5000,0x6c62000,6,264.00,0.00,80.0,401,0
0,0xbc1b7000,77,0xbadd5000,0x6c62000,7,264.00,0.00,80.3,402,0
0,0xbc1b7000,77,0xbadd5000,0x6c62000,8,264.00,0.00,80.4,402,0
0,0xbc1b7000,77,0xbadd5000,0x6c62000,9,264.00,0.00,80.3,402,0
0,0xbc1b7000,78,0x1b7c96000,0x10bd21000,0,264.00,0.00,80.3,402,0
0,0xbc1b7000,78,0x1b7c96000,0x10bd21000,1,264.00,0.00,80.4,403,0
0,0xbc1b7000,78,0x1b7c96000,0x10bd21000,2,264.00,0.00,80.4,403,0
0,0xbc1b7000,78,0x1b7c96000,0x10bd21000,3,264.00,0.00,80.4,402,0
0,0xbc1b7000,78,0x1b7c96000,0x10bd21000,4,264.00,0.00,80.5,403,0
0,0xbc1b7000,78,0x1b7c96000,0x10bd21000,5,264.00,0.00,80.4,403,0
0,0xbc1b7000,78,0x1b7c96000,0x10bd21000,6,264.00,0.00,80.3,402,0
0,0xbc1b7000,78,0x1b7c96000,0x10bd21000,7,264.00,0.00,80.4,402,0
0,0xbc1b7000,78,0x1b7c96000,0x10bd21000,8,264.00,0.00,80.3,402,0
0,0xbc1b7000,78,0x1b7c96000,0x10bd21000,9,264.00,0.00,80.3,402,0
0,0xbc1b7000,79,0x1b5a1b000,0x109bac000,0,259.85,1.10,62.3,312,0
0,0xbc1b7000,79,0x1b5a1b000,0x109bac000,1,259.68,1.08,62.4,313,0
0,0xbc1b7000,79,0x1b5a1b000,0x109bac000,2,259.71,1.05,62.4,312,0
0,0xbc1b7000,79,0x1b5a1b000,0x109bac000,3,259.79,0.88,62.3,312,0
0,0xbc1b7000,79,0x1b5a1b000,0x109bac000,4,259.69,1.07,62.2,312,0
0,0xbc1b7000,79,0x1b5a1b000,0x109bac000,5,259.62,1.18,62.4,313,0
0,0xbc1b7000,79,0x1b5a1b000,0x109bac000,6,259.77,0.93,62.4,313,0
0,0xbc1b7000,79,0x1b5a1b000,0x109bac000,7,259.67,1.11,62.4,312,0
0,0xbc1b7000,79,0x1b5a1b000,0x109bac000,8,259.58,1.23,62.4,312,0
0,0xbc1b7000,79,0x1b5a1b000,0x109bac000,9,259.63,1.16,62.3,312,0
0,0xbc1b7000,-1,0x1ac7de000,0x3972bf000,0,263.58,1.23,81.0,406,1
0,0xbc1b7000,80,0x1ad9d3000,0x111864000,0,259.74,1.26,61.6,309,0
0,0xbc1b7000,80,0x1ad9d3000,0x111864000,1,259.18,1.61,61.8,309,0
0,0xbc1b7000,80,0x1ad9d3000,0x111864000,2,259.34,1.48,61.8,310,0
0,0xbc1b7000,80,0x1ad9d3000,0x111864000,3,259.12,1.66,61.8,309,0
0,0xbc1b7000,80,0x1ad9d3000,0x111864000,4,259.24,1.57,61.7,309,0
0,0xbc1b7000,80,0x1ad9d3000,0x111864000,5,258.95,1.76,61.7,309,0
0,0xbc1b7000,80,0x1ad9d3000,0x111864000,6,259.06,1.70,61.8,310,0
0,0xbc1b7000,80,0x1ad9d3000,0x111864000,7,259.23,1.58,61.8,310,0
0,0xbc1b7000,80,0x1ad9d3000,0x111864000,8,259.15,1.64,61.8,310,0
0,0xbc1b7000,80,0x1ad9d3000,0x111864000,9,259.18,1.61,61.8,309,0
0,0xbc1b7000,81,0x1ac837000,0x110980000,0,255.76,0.94,61.2,306,0
0,0xbc1b7000,81,0x1ac837000,0x110980000,1,255.53,1.29,61.2,306,0
0,0xbc1b7000,81,0x1ac837000,0x110980000,2,255.74,0.99,61.1,306,0
0,0xbc1b7000,81,0x1ac837000,0x110980000,3,255.80,0.86,61.1,306,0
0,0xbc1b7000,81,0x1ac837000,0x110980000,4,255.76,0.94,61.2,306,0
0,0xbc1b7000,81,0x1ac837000,0x110980000,5,255.50,1.32,61.2,306,0
0,0xbc1b7000,81,0x1ac837000,0x110980000,6,255.82,0.84,61.2,306,0
0,0xbc1b7000,81,0x1ac837000,0x110980000,7,255.78,0.92,61.2,306,0
0,0xbc1b7000,81,0x1ac837000,0x110980000,8,255.65,1.13,61.2,306,0
0,0xbc1b7000,81,0x1ac837000,0x110980000,9,255.74,0.99,61.2,306,0
0,0xbc1b7000,82,0xbed17000,0x2ca0000,0,259.15,1.64,62.1,311,0
0,0xbc1b7000,82,0xbed17000,0x2ca0000,1,259.83,0.80,62.1,311,0
0,0xbc1b7000,82,0xbed17000,0x2ca0000,2,259.94,0.50,62.0,311,0
0,0xbc1b7000,82,0xbed17000,0x2ca0000,3,259.76,0.96,62.1,311,0
0,0xbc1b7000,82,0xbed17000,0x2ca0000,4,259.85,0.77,62.1,311,0
0,0xbc1b7000,82,0xbed17000,0x2ca0000,5,259.77,0.94,61.9,310,0
0,0xbc1b7000,82,0xbed17000,0x2ca0000,6,259.86,0.74,62.0,311,0
0,0xbc1b7000,82,0xbed17000,0x2ca0000,7,259.87,0.71,62.0,311,0
0,0xbc1b7000,82,0xbed17000,0x2ca0000,8,259.79,0.88,62.1,311,0
0,0xbc1b7000,82,0xbed17000,0x2ca0000,9,259.95,0.45,62.0,311,0
0,0xbc1b7000,83,0xb8cbd000,0x4d0a000,0,256.00,0.00,79.0,396,0
0,0xbc1b7000,83,0xb8cbd000,0x4d0a000,1,256.00,0.00,79.0,396,0
0,0xbc1b7000,83,0xb8cbd000,0x4d0a000,2,256.00,0.00,79.1,396,0
0,0xbc1b7000,83,0xb8cbd000,0x4d0a000,3,256.00,0.00,79.0,396,0
0,0xbc1b7000,83,0xb8cbd000,0x4d0a000,4,256.00,0.00,79.1,396,0
0,0xbc1b7000,83,0xb8cbd000,0x4d0a000,5,256.00,0.00,79.0,396,0
0,0xbc1b7000,83,0xb8cbd000,0x4d0a000,6,256.00,0.00,79.0,396,0
0,0xbc1b7000,83,0xb8cbd000,0x4d0a000,7,256.00,0.00,79.1,396,0
0,0xbc1b7000,83,0xb8cbd000,0x4d0a000,8,256.00,0.00,78.8,395,0
0,0xbc1b7000,83,0xb8cbd000,0x4d0a000,9,256.00,0.00,78.6,394,0
0,0xbc1b7000,84,0x1b3256000,0x10f3e1000,0,263.26,1.85,80.4,402,0
0,0xbc1b7000,84,0x1b3256000,0x10f3e1000,1,264.00,0.00,80.5,403,0
0,0xbc1b7000,84,0x1b3256000,0x10f3e1000,2,264.00,0.00,80.4,403,0
0,0xbc1b7000,84,0x1b3256000,0x10f3e1000,3,264.00,0.00,80.3,402,0
0,0xbc1b7000,84,0x1b3256000,0x10f3e1000,4,264.00,0.00,80.2,402,0
0,0xbc1b7000,84,0x1b3256000,0x10f3e1000,5,264.00,0.00,80.4,403,0
0,0xbc1b7000,84,0x1b3256000,0x10f3e1000,6,264.00,0.00,79.7,399,0
0,0xbc1b7000,84,0x1b3256000,0x10f3e1000,7,264.00,0.00,80.3,402,0
0,0xbc1b7000,84,0x1b3256000,0x10f3e1000,8,264.00,0.00,80.4,402,0
0,0xbc1b7000,84,0x1b3256000,0x10f3e1000,9,264.00,0.00,80.4,402,0
0,0xbc1b7000,85,0x1ab06a000,0x1171dd000,0,264.00,0.00,79.7,399,0
0,0xbc1b7000,85,0x1ab06a000,0x1171dd000,1,264.00,0.00,79.9,400,0
0,0xbc1b7000,85,0x1ab06a000,0x1171dd000,2,264.00,0.00,79.8,400,0
0,0xbc1b7000,85,0x1ab06a000,0x1171dd000,3,264.00,0.00,79.9,400,0
0,0xbc1b7000,85,0x1ab06a000,0x1171dd000,4,264.00,0.00,80.1,401,0
0,0xbc1b7000,85,0x1ab06a000,0x1171dd000,5,264.00,0.00,80.1,401,0
0,0xbc1b7000,85,0x1ab06a000,0x1171dd000,6,264.00,0.00,80.1,401,0
0,0xbc1b7000,85,0x1ab06a000,0x1171dd000,7,264.00,0.00,80.1,401,0
0,0xbc1b7000,85,0x1ab06a000,0x1171dd000,8,264.00,0.00,80.0,401,0
0,0xbc1b7000,85,0x1ab06a000,0x1171dd000,9,264.00,0.00,80.0,401,0
0,0xbc1b7000,86,0x1ae0ab000,0x11211c000,0,256.27,1.06,61.2,306,0
0,0xbc1b7000,86,0x1ae0ab000,0x11211c000,1,256.00,0.00,61.1,306,0
0,0xbc1b7000,86,0x1ae0ab000,0x11211c000,2,256.00,0.00,61.2,306,0
0,0xbc1b7000,86,0x1ae0ab000,0x11211c000,3,256.00,0.00,61.0,306,0
0,0xbc1b7000,86,0x1ae0ab000,0x11211c000,4,256.00,0.00,61.2,306,0
0,0xbc1b7000,86,0x1ae0ab000,0x11211c000,5,255.99,0.23,61.1,306,0
0,0xbc1b7000,86,0x1ae0ab000,0x11211c000,6,255.97,0.32,61.1,306,0
0,0xbc1b7000,86,0x1ae0ab000,0x11211c000,7,255.95,0.45,61.1,306,0
0,0xbc1b7000,86,0x1ae0ab000,0x11211c000,8,255.91,0.60,61.2,306,0
0,0xbc1b7000,86,0x1ae0ab000,0x11211c000,9,255.92,0.55,61.1,306,0
0,0xbc1b7000,87,0x1a6c3c000,0x11ad8b000,0,257.47,1.93,76.3,382,0
0,0xbc1b7000,87,0x1a6c3c000,0x11ad8b000,1,257.92,2.00,76.2,382,0
0,0xbc1b7000,87,0x1a6c3c000,0x11ad8b000,2,258.18,1.99,76.2,382,0
0,0xbc1b7000,87,0x1a6c3c000,0x11ad8b000,3,257.70,1.98,76.3,382,0
0,0xbc1b7000,87,0x1a6c3c000,0x11ad8b000,4,257.87,2.00,76.3,382,0
0,0xbc1b7000,87,0x1a6c3c000,0x11ad8b000,5,257.81,1.99,76.2,381,0
0,0xbc1b7000,87,0x1a6c3c000,0x11ad8b000,6,258.51,1.93,76.1,381,0
0,0xbc1b7000,87,0x1a6c3c000,0x11ad8b000,7,257.64,1.97,76.2,382,0
0,0xbc1b7000,87,0x1a6c3c000,0x11ad8b000,8,257.97,2.00,76.3,382,0
0,0xbc1b7000,87,0x1a6c3c000,0x11ad8b000,9,257.84,1.99,76.3,382,0
0,0xbc1b7000,88,0x1afc0b000,0x113dbc000,0,259.01,1.73,61.8,310,0
0,0xbc1b7000,88,0x1afc0b000,0x113dbc000,1,259.06,1.70,61.8,309,0
0,0xbc1b7000,88,0x1afc0b000,0x113dbc000,2,258.96,1.75,61.7,309,0
0,0xbc1b7000,88,0x1afc0b000,0x113dbc000,3,258.82,1.82,61.7,309,0
0,0xbc1b7000,88,0x1afc0b000,0x113dbc000,4,258.68,1.88,61.7,309,0
0,0xbc1b7000,88,0x1afc0b000,0x113dbc000,5,258.51,1.93,61.6,308,0
0,0xbc1b7000,88,0x1afc0b000,0x113dbc000,6,258.63,1.90,61.8,309,0
0,0xbc1b7000,88,0x1afc0b000,0x113dbc000,7,259.15,1.64,61.8,310,0
0,0xbc1b7000,88,0x1afc0b000,0x113dbc000,8,259.08,1.68,61.6,309,0
0,0xbc1b7000,88,0x1afc0b000,0x113dbc000,9,259.08,1.68,61.7,309,0
0,0xbc1b7000,89,0x1ad1bc000,0x11100b000,0,263.52,1.30,80.3,402,0
0,0xbc1b7000,89,0x1ad1bc000,0x11100b000,1,264.00,0.00,80.4,402,0
0,0xbc1b7000,89,0x1ad1bc000,0x11100b000,2,264.00,0.00,80.4,403,0
0,0xbc1b7000,89,0x1ad1bc000,0x11100b000,3,264.00,0.00,80.6,403,0
0,0xbc1b7000,89,0x1ad1bc000,0x11100b000,4,264.00,0.00,80.5,403,0
0,0xbc1b7000,89,0x1ad1bc000,0x11100b000,5,264.00,0.00,80.5,403,0
0,0xbc1b7000,89,0x1ad1bc000,0x11100b000,6,264.00,0.00,80.5,403,0
0,0xbc1b7000,89,0x1ad1bc000,0x11100b000,7,264.00,0.00,80.5,403,0
0,0xbc1b7000,89,0x1ad1bc000,0x11100b000,8,264.00,0.00,80.4,403,0
0,0xbc1b7000,89,0x1ad1bc000,0x11100b000,9,264.00,0.00,80.4,403,0
0,0xbc1b7000,-1,0x1ac7de000,0x3972bf000,0,264.00,0.00,80.7,404,1
0,0xbc1b7000,90,0x1aa156000,0x1160e1000,0,264.00,0.00,80.2,401,0
0,0xbc1b7000,90,0x1aa156000,0x1160e1000,1,264.00,0.00,80.5,403,0
0,0xbc1b7000,90,0x1aa156000,0x1160e1000,2,264.00,0.00,80.4,402,0
0,0xbc1b7000,90,0x1aa156000,0x1160e1000,3,264.00,0.00,80.4,403,0
0,0xbc1b7000,90,0x1aa156000,0x1160e1000,4,264.00,0.00,80.3,402,0
0,0xbc1b7000,90,0x1aa156000,0x1160e1000,5,264.00,0.00,80.3,402,0
0,0xbc1b7000,90,0x1aa156000,0x1160e1000,6,264.00,0.00,80.4,403,0
0,0xbc1b7000,90,0x1aa156000,0x1160e1000,7,264.00,0.00,80.2,402,0
0,0xbc1b7000,90,0x1aa156000,0x1160e1000,8,264.00,0.00,80.4,402,0
0,0xbc1b7000,90,0x1aa156000,0x1160e1000,9,264.00,0.00,80.3,402,0
0,0xbc1b7000,91,0x1ac4c6000,0x110571000,0,264.00,0.00,79.9,400,0
0,0xbc1b7000,91,0x1ac4c6000,0x110571000,1,264.00,0.00,79.9,400,0
0,0xbc1b7000,91,0x1ac4c6000,0x110571000,2,264.00,0.00,79.8,400,0
0,0xbc1b7000,91,0x1ac4c6000,0x110571000,3,264.00,0.00,80.0,400,0
0,0xbc1b7000,91,0x1ac4c6000,0x110571000,4,264.00,0.00,79.9,400,0
0,0xbc1b7000,91,0x1ac4c6000,0x110571000,5,264.00,0.00,80.1,401,0
0,0xbc1b7000,91,0x1ac4c6000,0x110571000,6,264.00,0.00,80.0,400,0
0,0xbc1b7000,91,0x1ac4c6000,0x110571000,7,264.00,0.00,80.1,401,0
0,0xbc1b7000,91,0x1ac4c6000,0x110571000,8,264.00,0.00,80.1,401,0
0,0xbc1b7000,91,0x1ac4c6000,0x110571000,9,264.00,0.00,79.9,400,0
0,0xbc1b7000,92,0x1a115a000,0x11d0ed000,0,264.00,0.00,80.5,403,0
0,0xbc1b7000,92,0x1a115a000,0x11d0ed000,1,264.00,0.00,80.6,403,0
0,0xbc1b7000,92,0x1a115a000,0x11d0ed000,2,264.00,0.00,80.5,403,0
0,0xbc1b7000,92,0x1a115a000,0x11d0ed000,3,264.00,0.00,80.3,402,0
0,0xbc1b7000,92,0x1a115a000,0x11d0ed000,4,264.00,0.00,80.4,402,0
0,0xbc1b7000,92,0x1a115a000,0x11d0ed000,5,264.00,0.00,80.2,402,0
0,0xbc1b7000,92,0x1a115a000,0x11d0ed000,6,264.00,0.00,80.3,402,0
0,0xbc1b7000,92,0x1a115a000,0x11d0ed000,7,264.00,0.00,80.5,403,0
0,0xbc1b7000,92,0x1a115a000,0x11d0ed000,8,264.00,0.00,80.5,403,0
0,0xbc1b7000,92,0x1a115a000,0x11d0ed000,9,264.00,0.00,80.4,403,0
0,0xbc1b7000,93,0x1a7550000,0x11b4e7000,0,258.71,2.02,76.2,382,0
0,0xbc1b7000,93,0x1a7550000,0x11b4e7000,1,257.92,2.00,76.3,382,0
0,0xbc1b7000,93,0x1a7550000,0x11b4e7000,2,258.23,1.99,76.3,382,0
0,0xbc1b7000,93,0x1a7550000,0x11b4e7000,3,258.72,1.86,76.3,382,0
0,0xbc1b7000,93,0x1a7550000,0x11b4e7000,4,258.89,1.79,76.3,382,0
0,0xbc1b7000,93,0x1a7550000,0x11b4e7000,5,258.35,1.97,76.3,382,0
0,0xbc1b7000,93,0x1a7550000,0x11b4e7000,6,258.82,1.83,76.2,382,0
0,0xbc1b7000,93,0x1a7550000,0x11b4e7000,7,258.68,1.88,76.2,381,0
0,0xbc1b7000,93,0x1a7550000,0x11b4e7000,8,257.97,2.00,76.1,381,0
0,0xbc1b7000,93,0x1a7550000,0x11b4e7000,9,258.23,1.99,76.2,382,0
0,0xbc1b7000,94,0x1b1db5000,0x10dc02000,0,263.42,1.46,80.5,403,0
0,0xbc1b7000,94,0x1b1db5000,0x10dc02000,1,264.00,0.00,80.5,403,0
0,0xbc1b7000,94,0x1b1db5000,0x10dc02000,2,264.00,0.00,80.4,403,0
0,0xbc1b7000,94,0x1b1db5000,0x10dc02000,3,264.00,0.00,80.5,403,0
0,0xbc1b7000,94,0x1b1db5000,0x10dc02000,4,264.00,0.00,80.4,403,0
0,0xbc1b7000,94,0x1b1db5000,0x10dc02000,5,264.00,0.00,80.6,403,0
0,0xbc1b7000,94,0x1b1db5000,0x10dc02000,6,264.00,0.00,80.5,403,0
0,0xbc1b7000,94,0x1b1db5000,0x10dc02000,7,264.00,0.00,80.4,403,0
0,0xbc1b7000,94,0x1b1db5000,0x10dc02000,8,264.00,0.00,80.3,402,0
0,0xbc1b7000,94,0x1b1db5000,0x10dc02000,9,264.00,0.00,80.5,403,0
0,0xbc1b7000,95,0x1ab53c000,0x11748b000,0,264.00,0.00,80.1,401,0
0,0xbc1b7000,95,0x1ab53c000,0x11748b000,1,264.00,0.00,80.4,402,0
0,0xbc1b7000,95,0x1ab53c000,0x11748b000,2,264.00,0.00,80.4,402,0
0,0xbc1b7000,95,0x1ab53c000,0x11748b000,3,264.00,0.00,80.4,403,0
0,0xbc1b7000,95,0x1ab53c000,0x11748b000,4,264.00,0.00,80.4,402,0
0,0xbc1b7000,95,0x1ab53c000,0x11748b000,5,264.00,0.00,80.3,402,0
0,0xbc1b7000,95,0x1ab53c000,0x11748b000,6,264.00,0.00,80.4,403,0
0,0xbc1b7000,95,0x1ab53c000,0x11748b000,7,264.00,0.00,80.5,403,0
0,0xbc1b7000,95,0x1ab53c000,0x11748b000,8,264.00,0.00,80.3,402,0
0,0xbc1b7000,95,0x1ab53c000,0x11748b000,9,264.00,0.00,80.5,403,0
0,0xbc1b7000,96,0xb9cab000,0x5d1c000,0,260.01,0.75,62.3,312,0
0,0xbc1b7000,96,0xb9cab000,0x5d1c000,1,259.77,0.93,62.3,312,0
0,0xbc1b7000,96,0xb9cab000,0x5d1c000,2,259.73,1.00,62.2,312,0
0,0xbc1b7000,96,0xb9cab000,0x5d1c000,3,259.87,0.71,62.1,311,0
0,0xbc1b7000,96,0xb9cab000,0x5d1c000,4,259.69,1.07,62.4,312,0
0,0xbc1b7000,96,0xb9cab000,0x5d1c000,5,259.76,0.96,62.4,312,0
0,0xbc1b7000,96,0xb9cab000,0x5d1c000,6,259.63,1.16,62.4,313,0
0,0xbc1b7000,96,0xb9cab000,0x5d1c000,7,259.85,0.77,62.4,312,0
0,0xbc1b7000,96,0xb9cab000,0x5d1c000,8,259.82,0.83,62.4,313,0
0,0xbc1b7000,96,0xb9cab000,0x5d1c000,9,259.80,0.88,62.4,313,0
0,0xbc1b7000,97,0x1a9b22000,0x115a95000,0,263.47,1.35,80.5,403,0
0,0xbc1b7000,97,0x1a9b22000,0x115a95000,1,264.00,0.00,80.1,401,0
0,0xbc1b7000,97,0x1a9b22000,0x115a95000,2,264.00,0.00,80.5,403,0
0,0xbc1b7000,97,0x1a9b22000,0x115a95000,3,264.00,0.00,80.4,403,0
0,0xbc1b7000,97,0x1a9b22000,0x115a95000,4,264.00,0.00,80.2,401,0
0,0xbc1b7000,97,0x1a9b22000,0x115a95000,5,264.00,0.00,80.3,402,0
0,0xbc1b7000,97,0x1a9b22000,0x115a95000,6,264.00,0.00,80.5,403,0
0,0xbc1b7000,97,0x1a9b22000,0x115a95000,7,264.00,0.00,80.4,403,0
0,0xbc1b7000,97,0x1a9b22000,0x115a95000,8,264.00,0.00,80.4,403,0
0,0xbc1b7000,97,0x1a9b22000,0x115a95000,9,264.00,0.00,80.5,403,0
0,0xbc1b7000,98,0x1ae14d000,0x1120fa000,0,264.00,0.00,80.1,401,0
0,0xbc1b7000,98,0x1ae14d000,0x1120fa000,1,264.00,0.00,80.0,400,0
0,0xbc1b7000,98,0x1ae14d000,0x1120fa000,2,264.00,0.00,80.0,400,0
0,0xbc1b7000,98,0x1ae14d000,0x1120fa000,3,264.00,0.00,79.8,400,0
0,0xbc1b7000,98,0x1ae14d000,0x1120fa000,4,264.00,0.00,80.0,400,0
0,0xbc1b7000,98,0x1ae14d000,0x1120fa000,5,264.00,0.00,80.0,401,0
0,0xbc1b7000,98,0x1ae14d000,0x1120fa000,6,264.00,0.00,80.1,401,0
0,0xbc1b7000,98,0x1ae14d000,0x1120fa000,7,264.00,0.00,80.1,401,0
0,0xbc1b7000,98,0x1ae14d000,0x1120fa000,8,264.00,0.00,79.7,399,0
0,0xbc1b7000,98,0x1ae14d000,0x1120fa000,9,264.00,0.00,80.1,401,0
0,0xbc1b7000,99,0x1a4810000,0x1189a7000,0,259.17,1.72,76.2,382,0
0,0xbc1b7000,99,0x1a4810000,0x1189a7000,1,258.42,1.96,76.2,382,0
0,0xbc1b7000,99,0x1a4810000,0x1189a7000,2,258.77,1.84,76.2,382,0
0,0xbc1b7000,99,0x1a4810000,0x1189a7000,3,258.80,1.83,76.2,382,0
0,0xbc1b7000,99,0x1a4810000,0x1189a7000,4,258.88,1.80,76.2,382,0
0,0xbc1b7000,99,0x1a4810000,0x1189a7000,5,258.75,1.85,76.2,382,0
0,0xbc1b7000,99,0x1a4810000,0x1189a7000,6,258.00,2.00,76.2,382,0
0,0xbc1b7000,99,0x1a4810000,0x1189a7000,7,257.86,2.00,76.2,382,0
0,0xbc1b7000,99,0x1a4810000,0x1189a7000,8,258.91,1.78,76.2,382,0
0,0xbc1b7000,99,0x1a4810000,0x1189a7000,9,258.48,1.94,76.2,382,0
1,0x1a804b000,-1,0x1ac7de000,0x3972bf000,0,263.55,1.29,80.5,403,1
1,0x1a804b000,0,0x1a09f3000,0x89b8000,0,252.82,2.29,61.2,306,0
1,0x1a804b000,0,0x1a09f3000,0x89b8000,1,252.00,0.00,61.2,306,0
1,0x1a804b000,0,0x1a09f3000,0x89b8000,2,252.00,0.00,61.2,306,0
1,0x1a804b000,0,0x1a09f3000,0x89b8000,3,252.00,0.00,61.2,306,0
1,0x1a804b000,0,0x1a09f3000,0x89b8000,4,252.00,0.00,61.2,306,0
1,0x1a804b000,0,0x1a09f3000,0x89b8000,5,252.00,0.00,61.2,306,0
1,0x1a804b000,0,0x1a09f3000,0x89b8000,6,252.00,0.00,61.2,306,0
1,0x1a804b000,0,0x1a09f3000,0x89b8000,7,252.00,0.00,61.2,306,0
1,0x1a804b000,0,0x1a09f3000,0x89b8000,8,252.00,0.00,61.2,306,0
1,0x1a804b000,0,0x1a09f3000,0x89b8000,9,252.00,0.00,61.2,306,0
1,0x1a804b000,1,0x1a68f3000,0xe8b8000,0,258.06,2.29,62.0,310,0
1,0x1a804b000,1,0x1a68f3000,0xe8b8000,1,259.21,1.59,62.0,310,0
1,0x1a804b000,1,0x1a68f3000,0xe8b8000,2,259.25,1.56,61.7,309,0
1,0x1a804b000,1,0x1a68f3000,0xe8b8000,3,259.26,1.55,61.9,310,0
1,0x1a804b000,1,0x1a68f3000,0xe8b8000,4,259.20,1.60,61.9,310,0
1,0x1a804b000,1,0x1a68f3000,0xe8b8000,5,259.33,1.49,61.9,310,0
1,0x1a804b000,1,0x1a68f3000,0xe8b8000,6,259.24,1.57,62.0,311,0
1,0x1a804b000,1,0x1a68f3000,0xe8b8000,7,259.25,1.56,62.0,310,0
1,0x1a804b000,1,0x1a68f3000,0xe8b8000,8,259.05,1.71,62.0,310,0
1,0x1a804b000,1,0x1a68f3000,0xe8b8000,9,259.32,1.51,61.9,310,0
1,0x1a804b000,2,0x1a5362000,0xd329000,0,263.42,1.41,81.0,406,0
1,0x1a804b000,2,0x1a5362000,0xd329000,1,264.00,0.00,81.0,405,0
1,0x1a804b000,2,0x1a5362000,0xd329000,2,264.00,0.00,81.1,406,0
1,0x1a804b000,2,0x1a5362000,0xd329000,3,264.00,0.00,81.1,406,0
1,0x1a804b000,2,0x1a5362000,0xd329000,4,264.00,0.00,80.8,404,0
1,0x1a804b000,2,0x1a5362000,0xd329000,5,264.00,0.00,80.5,403,0
1,0x1a804b000,2,0x1a5362000,0xd329000,6,264.00,0.00,80.9,405,0
1,0x1a804b000,2,0x1a5362000,0xd329000,7,264.00,0.00,80.9,405,0
1,0x1a804b000,2,0x1a5362000,0xd329000,8,263.99,0.20,81.0,405,0
1,0x1a804b000,2,0x1a5362000,0xd329000,9,264.00,0.00,80.8,405,0
1,0x1a804b000,3,0xb86c8000,0x110683000,0,264.00,0.00,80.9,405,0
1,0x1a804b000,3,0xb86c8000,0x110683000,1,264.00,0.00,80.9,405,0
1,0x1a804b000,3,0xb86c8000,0x110683000,2,264.00,0.00,81.0,406,0
1,0x1a804b000,3,0xb86c8000,0x110683000,3,264.00,0.00,81.0,405,0
1,0x1a804b000,3,0xb86c8000,0x110683000,4,264.00,0.00,80.9,405,0
1,0x1a804b000,3,0xb86c8000,0x110683000,5,264.00,0.00,80.9,405,0
1,0x1a804b000,3,0xb86c8000,0x110683000,6,264.00,0.00,81.1,406,0
1,0x1a804b000,3,0xb86c8000,0x110683000,7,264.00,0.00,80.5,403,0
1,0x1a804b000,3,0xb86c8000,0x110683000,8,264.00,0.00,80.9,405,0
1,0x1a804b000,3,0xb86c8000,0x110683000,9,264.00,0.00,80.9,405,0
1,0x1a804b000,4,0x1ac3ef000,0x43a4000,0,259.83,1.08,61.8,309,0
1,0x1a804b000,4,0x1ac3ef000,0x43a4000,1,259.75,0.96,61.8,309,0
1,0x1a804b000,4,0x1ac3ef000,0x43a4000,2,259.79,0.89,61.8,309,0
1,0x1a804b000,4,0x1ac3ef000,0x43a4000,3,259.59,1.22,61.8,309,0
1,0x1a804b000,4,0x1ac3ef000,0x43a4000,4,259.65,1.13,61.8,309,0
1,0x1a804b000,4,0x1ac3ef000,0x43a4000,5,259.60,1.20,61.8,309,0
1,0x1a804b000,4,0x1ac3ef000,0x43a4000,6,259.56,1.25,61.7,309,0
1,0x1a804b000,4,0x1ac3ef000,0x43a4000,7,259.74,0.98,61.8,310,0
1,0x1a804b000,4,0x1ac3ef000,0x43a4000,8,259.64,1.15,61.8,310,0
1,0x1a804b000,4,0x1ac3ef000,0x43a4000,9,259.70,1.05,61.7,309,0
1,0x1a804b000,5,0xbd2f6000,0x1152bd000,0,263.43,1.40,79.3,397,0
1,0x1a804b000,5,0xbd2f6000,0x1152bd000,1,264.00,0.00,79.2,397,0
1,0x1a804b000,5,0xbd2f6000,0x1152bd000,2,264.00,0.00,79.6,399,0
1,0x1a804b000,5,0xbd2f6000,0x1152bd000,3,264.00,0.00,79.6,399,0
1,0x1a804b000,5,0xbd2f6000,0x1152bd000,4,264.00,0.00,79.6,399,0
1,0x1a804b000,5,0xbd2f6000,0x1152bd000,5,264.00,0.00,79.6,399,0
1,0x1a804b000,5,0xbd2f6000,0x1152bd000,6,264.00,0.00,79.6,399,0
1,0x1a804b000,5,0xbd2f6000,0x1152bd000,7,264.00,0.00,79.6,399,0
1,0x1a804b000,5,0xbd2f6000,0x1152bd000,8,264.00,0.00,79.6,399,0
1,0x1a804b000,5,0xbd2f6000,0x1152bd000,9,264.00,0.00,79.7,399,0
1,0x1a804b000,6,0x1b2f09000,0x1af42000,0,264.00,0.00,81.0,405,0
1,0x1a804b000,6,0x1b2f09000,0x1af42000,1,264.00,0.00,80.8,404,0
1,0x1a804b000,6,0x1b2f09000,0x1af42000,2,264.00,0.00,80.6,404,0
1,0x1a804b000,6,0x1b2f09000,0x1af42000,3,264.00,0.00,80.8,405,0
1,0x1a804b000,6,0x1b2f09000,0x1af42000,4,264.00,0.00,81.0,405,0
1,0x1a804b000,6,0x1b2f09000,0x1af42000,5,264.00,0.00,80.8,404,0
1,0x1a804b000,6,0x1b2f09000,0x1af42000,6,264.00,0.00,80.9,405,0
1,0x1a804b000,6,0x1b2f09000,0x1af42000,7,264.00,0.00,81.0,405,0
1,0x1a804b000,6,0x1b2f09000,0x1af42000,8,264.00,0.00,81.0,405,0
1,0x1a804b000,6,0x1b2f09000,0x1af42000,9,264.00,0.00,81.0,406,0
1,0x1a804b000,7,0xbaefd000,0x112eb6000,0,264.00,0.00,79.7,399,0
1,0x1a804b000,7,0xbaefd000,0x112eb6000,1,264.00,0.00,79.8,400,0
1,0x1a804b000,7,0xbaefd000,0x112eb6000,2,264.00,0.00,79.8,399,0
1,0x1a804b000,7,0xbaefd000,0x112eb6000,3,264.00,0.00,79.6,398,0
1,0x1a804b000,7,0xbaefd000,0x112eb6000,4,264.00,0.00,79.7,399,0
1,0x1a804b000,7,0xbaefd000,0x112eb6000,5,264.00,0.00,79.5,398,0
1,0x1a804b000,7,0xbaefd000,0x112eb6000,6,264.00,0.00,79.8,399,0
1,0x1a804b000,7,0xbaefd000,0x112eb6000,7,264.00,0.00,79.6,399,0
1,0x1a804b000,7,0xbaefd000,0x112eb6000,8,264.00,0.00,79.8,400,0
1,0x1a804b000,7,0xbaefd000,0x112eb6000,9,264.00,0.00,79.7,399,0
1,0x1a804b000,8,0x1a7150000,0xf11b000,0,264.00,0.00,79.8,399,0
1,0x1a804b000,8,0x1a7150000,0xf11b000,1,264.00,0.00,79.6,399,0
1,0x1a804b000,8,0x1a7150000,0xf11b000,2,264.00,0.00,79.7,399,0
1,0x1a804b000,8,0x1a7150000,0xf11b000,3,264.00,0.00,79.7,399,0
1,0x1a804b000,8,0x1a7150000,0xf11b000,4,264.00,0.00,79.8,400,0
1,0x1a804b000,8,0x1a7150000,0xf11b000,5,264.00,0.00,79.7,399,0
1,0x1a804b000,8,0x1a7150000,0xf11b000,6,264.00,0.00,79.7,399,0
1,0x1a804b000,8,0x1a7150000,0xf11b000,7,264.00,0.00,79.6,398,0
1,0x1a804b000,8,0x1a7150000,0xf11b000,8,264.00,0.00,79.5,398,0
1,0x1a804b000,8,0x1a7150000,0xf11b000,9,264.00,0.00,79.6,399,0
1,0x1a804b000,9,0xbcf43000,0x114f08000,0,259.63,1.33,61.9,310,0
1,0x1a804b000,9,0xbcf43000,0x114f08000,1,259.41,1.42,61.9,310,0
1,0x1a804b000,9,0xbcf43000,0x114f08000,2,259.33,1.49,62.0,310,0
1,0x1a804b000,9,0xbcf43000,0x114f08000,3,259.25,1.56,62.0,310,0
1,0x1a804b000,9,0xbcf43000,0x114f08000,4,259.41,1.42,62.0,310,0
1,0x1a804b000,9,0xbcf43000,0x114f08000,5,259.41,1.42,61.9,310,0
1,0x1a804b000,9,0xbcf43000,0x114f08000,6,259.54,1.28,62.0,310,0
1,0x1a804b000,9,0xbcf43000,0x114f08000,7,259.54,1.28,61.9,310,0
1,0x1a804b000,9,0xbcf43000,0x114f08000,8,259.47,1.36,62.0,310,0
1,0x1a804b000,9,0xbcf43000,0x114f08000,9,259.26,1.55,61.8,309,0
1,0x1a804b000,-1,0x1ac7de000,0x3972bf000,0,263.58,1.22,80.6,403,1
1,0x1a804b000,10,0x1a99c3000,0x1988000,0,259.52,1.52,61.7,309,0
1,0x1a804b000,10,0x1a99c3000,0x1988000,1,259.17,1.62,61.6,309,0
1,0x1a804b000,10,0x1a99c3000,0x1988000,2,259.44,1.38,61.8,309,0
1,0x1a804b000,10,0x1a99c3000,0x1988000,3,259.47,1.36,61.8,310,0
1,0x1a804b000,10,0x1a99c3000,0x1988000,4,259.48,1.34,61.8,309,0
1,0x1a804b000,10,0x1a99c3000,0x1988000,5,259.44,1.38,61.8,309,0
1,0x1a804b000,10,0x1a99c3000,0x1988000,6,259.24,1.57,61.8,309,0
1,0x1a804b000,10,0x1a99c3000,0x1988000,7,259.35,1.47,61.8,310,0
1,0x1a804b000,10,0x1a99c3000,0x1988000,8,259.28,1.54,61.8,309,0
1,0x1a804b000,10,0x1a99c3000,0x1988000,9,259.29,1.53,61.7,309,0
1,0x1a804b000,11,0x1b4ab6000,0x1cafd000,0,263.42,1.41,79.6,398,0
1,0x1a804b000,11,0x1b4ab6000,0x1cafd000,1,264.00,0.00,79.6,398,0
1,0x1a804b000,11,0x1b4ab6000,0x1cafd000,2,264.00,0.00,79.5,398,0
1,0x1a804b000,11,0x1b4ab6000,0x1cafd000,3,264.00,0.00,79.7,399,0
1,0x1a804b000,11,0x1b4ab6000,0x1cafd000,4,264.00,0.00,79.6,399,0
1,0x1a804b000,11,0x1b4ab6000,0x1cafd000,5,264.00,0.00,79.7,399,0
1,0x1a804b000,11,0x1b4ab6000,0x1cafd000,6,264.00,0.00,79.6,399,0
1,0x1a804b000,11,0x1b4ab6000,0x1cafd000,7,264.00,0.00,79.7,399,0
1,0x1a804b000,11,0x1b4ab6000,0x1cafd000,8,264.00,0.00,79.6,399,0
1,0x1a804b000,11,0x1b4ab6000,0x1cafd000,9,264.00,0.00,79.5,398,0
1,0x1a804b000,12,0x1a697f000,0xe934000,0,252.68,1.96,61.2,306,0
1,0x1a804b000,12,0x1a697f000,0xe934000,1,252.00,0.00,61.2,306,0
1,0x1a804b000,12,0x1a697f000,0xe934000,2,252.00,0.00,61.2,306,0
1,0x1a804b000,12,0x1a697f000,0xe934000,3,252.00,0.00,61.2,306,0
1,0x1a804b000,12,0x1a697f000,0xe934000,4,252.00,0.00,61.0,306,0
1,0x1a804b000,12,0x1a697f000,0xe934000,5,252.00,0.00,61.2,306,0
1,0x1a804b000,12,0x1a697f000,0xe934000,6,252.00,0.00,61.2,306,0
1,0x1a804b000,12,0x1a697f000,0xe934000,7,252.00,0.00,61.2,306,0
1,0x1a804b000,12,0x1a697f000,0xe934000,8,252.00,0.00,61.2,306,0
1,0x1a804b000,12,0x1a697f000,0xe934000,9,252.00,0.00,61.2,306,0
1,0x1a804b000,13,0x1a7fb4000,0xffff000,0,255.62,1.18,76.9,385,0
1,0x1a804b000,13,0x1a7fb4000,0xffff000,1,256.00,0.00,76.9,385,0
1,0x1a804b000,13,0x1a7fb4000,0xffff000,2,256.00,0.00,76.9,385,0
1,0x1a804b000,13,0x1a7fb4000,0xffff000,3,256.00,0.00,76.9,385,0
1,0x1a804b000,13,0x1a7fb4000,0xffff000,4,256.00,0.00,76.9,385,0
1,0x1a804b000,13,0x1a7fb4000,0xffff000,5,256.00,0.00,76.9,385,0
1,0x1a804b000,13,0x1a7fb4000,0xffff000,6,256.00,0.00,76.9,385,0
1,0x1a804b000,13,0x1a7fb4000,0xffff000,7,256.00,0.00,76.7,384,0
1,0x1a804b000,13,0x1a7fb4000,0xffff000,8,256.00,0.00,76.9,385,0
1,0x1a804b000,13,0x1a7fb4000,0xffff000,9,256.00,0.00,76.9,385,0
1,0x1a804b000,14,0x1a33dc000,0xb397000,0,256.00,0.00,76.9,385,0
1,0x1a804b000,14,0x1a33dc000,0xb397000,1,256.00,0.00,76.9,385,0
1,0x1a804b000,14,0x1a33dc000,0xb397000,2,256.00,0.00,76.9,385,0
1,0x1a804b000,14,0x1a33dc000,0xb397000,3,256.00,0.00,76.9,385,0
1,0x1a804b000,14,0x1a33dc000,0xb397000,4,256.00,0.00,76.9,385,0
1,0x1a804b000,14,0x1a33dc000,0xb397000,5,256.00,0.00,76.9,385,0
1,0x1a804b000,14,0x1a33dc000,0xb397000,6,256.00,0.00,76.9,385,0
1,0x1a804b000,14,0x1a33dc000,0xb397000,7,256.00,0.00,76.9,385,0
1,0x1a804b000,14,0x1a33dc000,0xb397000,8,256.00,0.00,76.9,385,0
1,0x1a804b000,14,0x1a33dc000,0xb397000,9,256.00,0.00,76.8,384,0
1,0x1a804b000,15,0x1a1486000,0x94cd000,0,263.19,1.90,80.7,404,0
1,0x1a804b000,15,0x1a1486000,0x94cd000,1,263.94,0.48,80.9,405,0
1,0x1a804b000,15,0x1a1486000,0x94cd000,2,264.00,0.00,80.9,405,0
1,0x1a804b000,15,0x1a1486000,0x94cd000,3,264.00,0.00,81.0,405,0
1,0x1a804b000,15,0x1a1486000,0x94cd000,4,264.00,0.00,80.8,405,0
1,0x1a804b000,15,0x1a1486000,0x94cd000,5,264.00,0.00,81.1,406,0
1,0x1a804b000,15,0x1a1486000,0x94cd000,6,264.00,0.00,80.9,405,0
1,0x1a804b000,15,0x1a1486000,0x94cd000,7,264.00,0.00,81.1,406,0
1,0x1a804b000,15,0x1a1486000,0x94cd000,8,264.00,0.00,81.0,406,0
1,0x1a804b000,15,0x1a1486000,0x94cd000,9,264.00,0.00,81.0,406,0
1,0x1a804b000,16,0x1b2fb0000,0x1affb000,0,264.00,0.00,79.7,399,0
1,0x1a804b000,16,0x1b2fb0000,0x1affb000,1,264.00,0.00,79.6,399,0
1,0x1a804b000,16,0x1b2fb0000,0x1affb000,2,264.00,0.00,79.4,398,0
1,0x1a804b000,16,0x1b2fb0000,0x1affb000,3,264.00,0.00,79.7,399,0
1,0x1a804b000,16,0x1b2fb0000,0x1affb000,4,264.00,0.00,79.7,399,0
1,0x1a804b000,16,0x1b2fb0000,0x1affb000,5,264.00,0.00,79.7,399,0
1,0x1a804b000,16,0x1b2fb0000,0x1affb000,6,264.00,0.00,79.7,399,0
1,0x1a804b000,16,0x1b2fb0000,0x1affb000,7,264.00,0.00,79.7,399,0
1,0x1a804b000,16,0x1b2fb0000,0x1affb000,8,264.00,0.00,79.7,399,0
1,0x1a804b000,16,0x1b2fb0000,0x1affb000,9,264.00,0.00,79.7,399,0
1,0x1a804b000,17,0x1b0cd2000,0x18c99000,0,256.40,1.32,65.6,329,0
1,0x1a804b000,17,0x1b0cd2000,0x18c99000,1,256.00,0.00,65.6,329,0
1,0x1a804b000,17,0x1b0cd2000,0x18c99000,2,256.00,0.00,65.6,329,0
1,0x1a804b000,17,0x1b0cd2000,0x18c99000,3,256.00,0.00,65.6,329,0
1,0x1a804b000,17,0x1b0cd2000,0x18c99000,4,256.00,0.00,65.5,328,0
1,0x1a804b000,17,0x1b0cd2000,0x18c99000,5,256.00,0.00,65.5,328,0
1,0x1a804b000,17,0x1b0cd2000,0x18c99000,6,256.00,0.00,65.6,329,0
1,0x1a804b000,17,0x1b0cd2000,0x18c99000,7,256.00,0.00,65.6,329,0
1,0x1a804b000,17,0x1b0cd2000,0x18c99000,8,256.00,0.00,65.6,329,0
1,0x1a804b000,17,0x1b0cd2000,0x18c99000,9,256.00,0.00,65.6,329,0
1,0x1a804b000,18,0x1a8054000,0x1f000,0,263.29,1.83,80.9,405,0
1,0x1a804b000,18,0x1a8054000,0x1f000,1,264.00,0.00,81.0,406,0
1,0x1a804b000,18,0x1a8054000,0x1f000,2,264.00,0.00,81.1,406,0
1,0x1a804b000,18,0x1a8054000,0x1f000,3,264.00,0.00,81.0,406,0
1,0x1a804b000,18,0x1a8054000,0x1f000,4,264.00,0.00,80.8,405,0
1,0x1a804b000,18,0x1a8054000,0x1f000,5,264.00,0.00,80.9,405,0
1,0x1a804b000,18,0x1a8054000,0x1f000,6,264.00,0.00,81.0,405,0
1,0x1a804b000,18,0x1a8054000,0x1f000,7,264.00,0.00,80.8,404,0
1,0x1a804b000,18,0x1a8054000,0x1f000,8,264.00,0.00,80.8,405,0
1,0x1a804b000,18,0x1a8054000,0x1f000,9,264.00,0.00,81.1,406,0
1,0x1a804b000,19,0x1aabb3000,0x2bf8000,0,259.68,1.35,61.8,309,0
1,0x1a804b000,19,0x1aabb3000,0x2bf8000,1,259.51,1.31,61.8,309,0
1,0x1a804b000,19,0x1aabb3000,0x2bf8000,2,259.50,1.33,61.8,310,0
1,0x1a804b000,19,0x1aabb3000,0x2bf8000,3,259.50,1.33,61.8,310,0
1,0x1a804b000,19,0x1aabb3000,0x2bf8000,4,259.43,1.40,61.8,309,0
1,0x1a804b000,19,0x1aabb3000,0x2bf8000,5,259.42,1.41,61.8,309,0
1,0x1a804b000,19,0x1aabb3000,0x2bf8000,6,259.35,1.47,61.8,309,0
1,0x1a804b000,19,0x1aabb3000,0x2bf8000,7,259.40,1.42,61.8,309,0
1,0x1a804b000,19,0x1aabb3000,0x2bf8000,8,259.13,1.65,61.7,309,0
1,0x1a804b000,19,0x1aabb3000,0x2bf8000,9,259.28,1.54,61.7,309,0
1,0x1a804b000,-1,0x1ac7de000,0x3972bf000,0,263.50,1.32,80.7,404,1
1,0x1a804b000,20,0x1a5e87000,0xdecc000,0,259.51,1.46,61.8,309,0
1,0x1a804b000,20,0x1a5e87000,0xdecc000,1,259.26,1.55,61.8,309,0
1,0x1a804b000,20,0x1a5e87000,0xdecc000,2,259.43,1.40,61.8,310,0
1,0x1a804b000,20,0x1a5e87000,0xdecc000,3,259.26,1.55,61.8,309,0
1,0x1a804b000,20,0x1a5e87000,0xdecc000,4,259.35,1.47,61.7,309,0
1,0x1a804b000,20,0x1a5e87000,0xdecc000,5,259.16,1.63,61.8,309,0
1,0x1a804b000,20,0x1a5e87000,0xdecc000,6,259.38,1.45,61.8,309,0
1,0x1a804b000,20,0x1a5e87000,0xdecc000,7,259.46,1.37,61.8,309,0
1,0x1a804b000,20,0x1a5e87000,0xdecc000,8,259.35,1.47,61.8,309,0
1,0x1a804b000,20,0x1a5e87000,0xdecc000,9,259.33,1.50,61.8,309,0
1,0x1a804b000,21,0xbcf2f000,0x114f64000,0,259.52,1.30,61.8,309,0
1,0x1a804b000,21,0xbcf2f000,0x114f64000,1,259.62,1.17,61.6,309,0
1,0x1a804b000,21,0xbcf2f000,0x114f64000,2,259.48,1.34,61.8,309,0
1,0x1a804b000,21,0xbcf2f000,0x114f64000,3,259.40,1.42,61.7,309,0
1,0x1a804b000,21,0xbcf2f000,0x114f64000,4,259.43,1.40,61.8,309,0
1,0x1a804b000,21,0xbcf2f000,0x114f64000,5,259.44,1.38,61.7,309,0
1,0x1a804b000,21,0xbcf2f000,0x114f64000,6,259.51,1.31,61.8,309,0
1,0x1a804b000,21,0xbcf2f000,0x114f64000,7,259.51,1.31,61.7,309,0
1,0x1a804b000,21,0xbcf2f000,0x114f64000,8,259.46,1.37,61.7,309,0
1,0x1a804b000,21,0xbcf2f000,0x114f64000,9,259.55,1.27,61.7,309,0
1,0x1a804b000,22,0x1b780b000,0x1f840000,0,259.09,1.67,61.6,309,0
1,0x1a804b000,22,0x1b780b000,0x1f840000,1,258.95,1.76,61.6,309,0
1,0x1a804b000,22,0x1b780b000,0x1f840000,2,258.89,1.79,61.7,309,0
1,0x1a804b000,22,0x1b780b000,0x1f840000,3,259.07,1.69,61.7,309,0
1,0x1a804b000,22,0x1b780b000,0x1f840000,4,259.29,1.53,61.5,308,0
1,0x1a804b000,22,0x1b780b000,0x1f840000,5,259.18,1.61,61.6,309,0
1,0x1a804b000,22,0x1b780b000,0x1f840000,6,259.13,1.65,61.7,309,0
1,0x1a804b000,22,0x1b780b000,0x1f840000,7,258.95,1.76,61.6,309,0
1,0x1a804b000,22,0x1b780b000,0x1f840000,8,259.13,1.65,61.7,309,0
1,0x1a804b000,22,0x1b780b000,0x1f840000,9,258.91,1.78,61.6,309,0
1,0x1a804b000,23,0x1a6f73000,0xef38000,0,252.41,1.22,52.2,262,0
1,0x1a804b000,23,0x1a6f73000,0xef38000,1,252.00,0.00,52.2,262,0
1,0x1a804b000,23,0x1a6f73000,0xef38000,2,252.00,0.00,52.0,260,0
1,0x1a804b000,23,0x1a6f73000,0xef38000,3,252.00,0.00,52.2,262,0
1,0x1a804b000,23,0x1a6f73000,0xef38000,4,252.00,0.00,52.2,262,0
1,0x1a804b000,23,0x1a6f73000,0xef38000,5,252.00,0.00,52.2,262,0
1,0x1a804b000,23,0x1a6f73000,0xef38000,6,252.00,0.00,52.2,262,0
1,0x1a804b000,23,0x1a6f73000,0xef38000,7,252.12,0.69,52.2,261,0
1,0x1a804b000,23,0x1a6f73000,0xef38000,8,252.00,0.00,52.2,262,0
1,0x1a804b000,23,0x1a6f73000,0xef38000,9,252.00,0.00,52.2,262,0
1,0x1a804b000,24,0x1a1684000,0x96cf000,0,262.97,2.31,80.9,405,0
1,0x1a804b000,24,0x1a1684000,0x96cf000,1,264.00,0.00,81.0,406,0
1,0x1a804b000,24,0x1a1684000,0x96cf000,2,264.00,0.00,80.9,405,0
1,0x1a804b000,24,0x1a1684000,0x96cf000,3,264.00,0.00,80.8,405,0
1,0x1a804b000,24,0x1a1684000,0x96cf000,4,264.00,0.00,80.9,405,0
1,0x1a804b000,24,0x1a1684000,0x96cf000,5,264.00,0.00,80.8,404,0
1,0x1a804b000,24,0x1a1684000,0x96cf000,6,264.00,0.00,80.9,405,0
1,0x1a804b000,24,0x1a1684000,0x96cf000,7,264.00,0.00,81.0,406,0
1,0x1a804b000,24,0x1a1684000,0x96cf000,8,264.00,0.00,81.0,406,0
1,0x1a804b000,24,0x1a1684000,0x96cf000,9,264.00,0.00,80.5,403,0
1,0x1a804b000,25,0x1b0671000,0x1863a000,0,264.00,0.00,80.9,405,0
1,0x1a804b000,25,0x1b0671000,0x1863a000,1,264.00,0.00,80.9,405,0
1,0x1a804b000,25,0x1b0671000,0x1863a000,2,264.00,0.00,81.0,405,0
1,0x1a804b000,25,0x1b0671000,0x1863a000,3,264.00,0.00,81.0,406,0
1,0x1a804b000,25,0x1b0671000,0x1863a000,4,264.00,0.00,81.1,406,0
1,0x1a804b000,25,0x1b0671000,0x1863a000,5,264.00,0.00,80.9,405,0
1,0x1a804b000,25,0x1b0671000,0x1863a000,6,264.00,0.00,81.0,405,0
1,0x1a804b000,25,0x1b0671000,0x1863a000,7,264.00,0.00,80.9,405,0
1,0x1a804b000,25,0x1b0671000,0x1863a000,8,264.00,0.00,81.1,406,0
1,0x1a804b000,25,0x1b0671000,0x1863a000,9,264.00,0.00,80.8,405,0
1,0x1a804b000,26,0x1b1c40000,0x19c0b000,0,264.00,0.00,81.1,406,0
1,0x1a804b000,26,0x1b1c40000,0x19c0b000,1,264.00,0.00,80.7,404,0
1,0x1a804b000,26,0x1b1c40000,0x19c0b000,2,264.00,0.00,80.7,404,0
1,0x1a804b000,26,0x1b1c40000,0x19c0b000,3,264.00,0.00,80.9,405,0
1,0x1a804b000,26,0x1b1c40000,0x19c0b000,4,264.00,0.00,80.9,405,0
1,0x1a804b000,26,0x1b1c40000,0x19c0b000,5,264.00,0.00,81.1,406,0
1,0x1a804b000,26,0x1b1c40000,0x19c0b000,6,264.00,0.00,80.9,405,0
1,0x1a804b000,26,0x1b1c40000,0x19c0b000,7,264.00,0.00,80.8,404,0
1,0x1a804b000,26,0x1b1c40000,0x19c0b000,8,264.00,0.00,81.0,406,0
1,0x1a804b000,26,0x1b1c40000,0x19c0b000,9,264.00,0.00,80.8,405,0
1,0x1a804b000,27,0x1aaf24000,0x2f6f000,0,264.00,0.00,79.6,399,0
1,0x1a804b000,27,0x1aaf24000,0x2f6f000,1,264.00,0.00,79.7,399,0
1,0x1a804b000,27,0x1aaf24000,0x2f6f000,2,264.00,0.00,79.5,398,0
1,0x1a804b000,27,0x1aaf24000,0x2f6f000,3,264.00,0.00,79.7,399,0
1,0x1a804b000,27,0x1aaf24000,0x2f6f000,4,264.00,0.00,79.4,398,0
1,0x1a804b000,27,0x1aaf24000,0x2f6f000,5,264.00,0.00,79.6,398,0
1,0x1a804b000,27,0x1aaf24000,0x2f6f000,6,264.00,0.00,79.5,398,0
1,0x1a804b000,27,0x1aaf24000,0x2f6f000,7,264.00,0.00,79.7,399,0
1,0x1a804b000,27,0x1aaf24000,0x2f6f000,8,264.00,0.00,79.5,398,0
1,0x1a804b000,27,0x1aaf24000,0x2f6f000,9,264.00,0.00,79.5,398,0
1,0x1a804b000,28,0x1a1a46000,0x9a0d000,0,264.00,0.00,79.5,398,0
1,0x1a804b000,28,0x1a1a46000,0x9a0d000,1,264.00,0.00,79.5,398,0
1,0x1a804b000,28,0x1a1a46000,0x9a0d000,2,264.00,0.00,79.6,399,0
1,0x1a804b000,28,0x1a1a46000,0x9a0d000,3,264.00,0.00,79.8,399,0
1,0x1a804b000,28,0x1a1a46000,0x9a0d000,4,264.00,0.00,79.6,399,0
1,0x1a804b000,28,0x1a1a46000,0x9a0d000,5,264.00,0.00,79.6,399,0
1,0x1a804b000,28,0x1a1a46000,0x9a0d000,6,264.00,0.00,79.8,399,0
1,0x1a804b000,28,0x1a1a46000,0x9a0d000,7,264.00,0.00,79.4,397,0
1,0x1a804b000,28,0x1a1a46000,0x9a0d000,8,264.00,0.00,79.7,399,0
1,0x1a804b000,28,0x1a1a46000,0x9a0d000,9,264.00,0.00,79.7,399,0
1,0x1a804b000,29,0x1a7e40000,0xfe0b000,0,256.38,1.31,76.9,385,0
1,0x1a804b000,29,0x1a7e40000,0xfe0b000,1,256.00,0.00,76.9,385,0
1,0x1a804b000,29,0x1a7e40000,0xfe0b000,2,256.00,0.00,76.9,385,0
1,0x1a804b000,29,0x1a7e40000,0xfe0b000,3,256.00,0.00,76.9,385,0
1,0x1a804b000,29,0x1a7e40000,0xfe0b000,4,256.00,0.00,76.9,385,0
1,0x1a804b000,29,0x1a7e40000,0xfe0b000,5,256.00,0.00,76.9,385,0
1,0x1a804b000,29,0x1a7e40000,0xfe0b000,6,256.00,0.00,76.7,384,0
1,0x1a804b000,29,0x1a7e40000,0xfe0b000,7,256.00,0.00,76.8,384,0
1,0x1a804b000,29,0x1a7e40000,0xfe0b000,8,256.00,0.00,76.9,385,0
1,0x1a804b000,29,0x1a7e40000,0xfe0b000,9,256.00,0.00,76.7,384,0
1,0x1a804b000,-1,0x1ac7de000,0x3972bf000,0,263.34,1.80,81.0,405,1
1,0x1a804b000,30,0x1af6c7000,0x768c000,0,259.86,0.98,61.9,310,0
1,0x1a804b000,30,0x1af6c7000,0x768c000,1,259.57,1.23,61.9,310,0
1,0x1a804b000,30,0x1af6c7000,0x768c000,2,259.54,1.28,61.9,310,0
1,0x1a804b000,30,0x1af6c7000,0x768c000,3,259.48,1.34,61.8,310,0
1,0x1a804b000,30,0x1af6c7000,0x768c000,4,259.53,1.28,61.8,309,0
1,0x1a804b000,30,0x1af6c7000,0x768c000,5,259.60,1.20,61.9,310,0
1,0x1a804b000,30,0x1af6c7000,0x768c000,6,259.55,1.27,61.9,310,0
1,0x1a804b000,30,0x1af6c7000,0x768c000,7,259.65,1.13,62.0,310,0
1,0x1a804b000,30,0x1af6c7000,0x768c000,8,259.60,1.20,61.9,310,0
1,0x1a804b000,30,0x1af6c7000,0x768c000,9,259.66,1.11,62.0,310,0
1,0x1a804b000,31,0x1a23ca000,0xa381000,0,263.49,1.34,79.7,399,0
1,0x1a804b000,31,0x1a23ca000,0xa381000,1,264.00,0.00,79.5,398,0
1,0x1a804b000,31,0x1a23ca000,0xa381000,2,264.00,0.00,79.6,398,0
1,0x1a804b000,31,0x1a23ca000,0xa381000,3,264.00,0.00,79.7,399,0
1,0x1a804b000,31,0x1a23ca000,0xa381000,4,264.00,0.00,79.6,399,0
1,0x1a804b000,31,0x1a23ca000,0xa381000,5,264.00,0.00,79.7,399,0
1,0x1a804b000,31,0x1a23ca000,0xa381000,6,264.00,0.00,79.5,398,0
1,0x1a804b000,31,0x1a23ca000,0xa381000,7,264.00,0.00,79.6,398,0
1,0x1a804b000,31,0x1a23ca000,0xa381000,8,264.00,0.00,79.8,400,0
1,0x1a804b000,31,0x1a23ca000,0xa381000,9,264.00,0.00,79.7,399,0
1,0x1a804b000,32,0x1ae6c4000,0x668f000,0,264.00,0.00,80.8,405,0
1,0x1a804b000,32,0x1ae6c4000,0x668f000,1,264.00,0.00,80.9,405,0
1,0x1a804b000,32,0x1ae6c4000,0x668f000,2,264.00,0.00,80.9,405,0
1,0x1a804b000,32,0x1ae6c4000,0x668f000,3,264.00,0.00,80.9,405,0
1,0x1a804b000,32,0x1ae6c4000,0x668f000,4,264.00,0.00,80.8,404,0
1,0x1a804b000,32,0x1ae6c4000,0x668f000,5,264.00,0.00,81.0,405,0
1,0x1a804b000,32,0x1ae6c4000,0x668f000,6,264.00,0.00,80.8,405,0
1,0x1a804b000,32,0x1ae6c4000,0x668f000,7,264.00,0.00,81.0,406,0
1,0x1a804b000,32,0x1ae6c4000,0x668f000,8,264.00,0.00,81.0,405,0
1,0x1a804b000,32,0x1ae6c4000,0x668f000,9,264.00,0.00,81.0,406,0
1,0x1a804b000,33,0x1b41ba000,0x1c1f1000,0,264.00,0.00,79.7,399,0
1,0x1a804b000,33,0x1b41ba000,0x1c1f1000,1,264.00,0.00,79.8,400,0
1,0x1a804b000,33,0x1b41ba000,0x1c1f1000,2,264.00,0.00,79.6,398,0
1,0x1a804b000,33,0x1b41ba000,0x1c1f1000,3,264.00,0.00,79.9,400,0
1,0x1a804b000,33,0x1b41ba000,0x1c1f1000,4,264.00,0.00,79.6,398,0
1,0x1a804b000,33,0x1b41ba000,0x1c1f1000,5,264.00,0.00,79.7,399,0
1,0x1a804b000,33,0x1b41ba000,0x1c1f1000,6,264.00,0.00,79.5,398,0
1,0x1a804b000,33,0x1b41ba000,0x1c1f1000,7,264.00,0.00,79.6,399,0
1,0x1a804b000,33,0x1b41ba000,0x1c1f1000,8,264.00,0.00,79.7,399,0
1,0x1a804b000,33,0x1b41ba000,0x1c1f1000,9,264.00,0.00,79.6,399,0
1,0x1a804b000,34,0xb8d15000,0x110d5e000,0,264.00,0.00,79.7,399,0
1,0x1a804b000,34,0xb8d15000,0x110d5e000,1,264.00,0.00,79.6,399,0
1,0x1a804b000,34,0xb8d15000,0x110d5e000,2,264.00,0.00,79.7,399,0
1,0x1a804b000,34,0xb8d15000,0x110d5e000,3,264.00,0.00,79.7,399,0
1,0x1a804b000,34,0xb8d15000,0x110d5e000,4,264.00,0.00,79.8,399,0
1,0x1a804b000,34,0xb8d15000,0x110d5e000,5,264.00,0.00,79.7,399,0
1,0x1a804b000,34,0xb8d15000,0x110d5e000,6,264.00,0.00,79.8,399,0
1,0x1a804b000,34,0xb8d15000,0x110d5e000,7,264.00,0.00,79.7,399,0
1,0x1a804b000,34,0xb8d15000,0x110d5e000,8,264.00,0.00,79.6,399,0
1,0x1a804b000,34,0xb8d15000,0x110d5e000,9,264.00,0.00,79.5,398,0
1,0x1a804b000,35,0x1a2365000,0xa32e000,0,256.39,1.33,76.9,385,0
1,0x1a804b000,35,0x1a2365000,0xa32e000,1,256.00,0.00,76.9,385,0
1,0x1a804b000,35,0x1a2365000,0xa32e000,2,256.00,0.00,76.9,385,0
1,0x1a804b000,35,0x1a2365000,0xa32e000,3,256.00,0.00,77.0,385,0
1,0x1a804b000,35,0x1a2365000,0xa32e000,4,256.00,0.00,76.9,385,0
1,0x1a804b000,35,0x1a2365000,0xa32e000,5,256.00,0.00,76.9,385,0
1,0x1a804b000,35,0x1a2365000,0xa32e000,6,256.00,0.00,76.9,385,0
1,0x1a804b000,35,0x1a2365000,0xa32e000,7,256.00,0.00,76.9,385,0
1,0x1a804b000,35,0x1a2365000,0xa32e000,8,256.00,0.00,76.9,385,0
1,0x1a804b000,35,0x1a2365000,0xa32e000,9,256.00,0.00,76.9,385,0
1,0x1a804b000,36,0x1aedf7000,0x6dbc000,0,258.74,1.86,61.7,309,0
1,0x1a804b000,36,0x1aedf7000,0x6dbc000,1,259.32,1.50,61.5,308,0
1,0x1a804b000,36,0x1aedf7000,0x6dbc000,2,259.16,1.63,61.6,309,0
1,0x1a804b000,36,0x1aedf7000,0x6dbc000,3,259.12,1.66,61.6,308,0
1,0x1a804b000,36,0x1aedf7000,0x6dbc000,4,259.20,1.60,61.7,309,0
1,0x1a804b000,36,0x1aedf7000,0x6dbc000,5,259.02,1.72,61.7,309,0
1,0x1a804b000,36,0x1aedf7000,0x6dbc000,6,259.30,1.52,61.7,309,0
1,0x1a804b000,36,0x1aedf7000,0x6dbc000,7,258.95,1.76,61.6,309,0
1,0x1a804b000,36,0x1aedf7000,0x6dbc000,8,258.93,1.77,61.6,309,0
1,0x1a804b000,36,0x1aedf7000,0x6dbc000,9,259.08,1.68,61.7,309,0
1,0x1a804b000,37,0xbe687000,0x1166cc000,0,256.00,0.00,60.8,304,0
1,0x1a804b000,37,0xbe687000,0x1166cc000,1,256.00,0.00,61.1,306,0
1,0x1a804b000,37,0xbe687000,0x1166cc000,2,256.00,0.00,61.1,306,0
1,0x1a804b000,37,0xbe687000,0x1166cc000,3,256.00,0.00,61.1,306,0
1,0x1a804b000,37,0xbe687000,0x1166cc000,4,256.00,0.00,60.9,305,0
1,0x1a804b000,37,0xbe687000,0x1166cc000,5,256.00,0.00,61.1,306,0
1,0x1a804b000,37,0xbe687000,0x1166cc000,6,256.00,0.00,61.1,306,0
1,0x1a804b000,37,0xbe687000,0x1166cc000,7,256.00,0.00,61.1,306,0
1,0x1a804b000,37,0xbe687000,0x1166cc000,8,256.00,0.00,61.1,306,0
1,0x1a804b000,37,0xbe687000,0x1166cc000,9,256.00,0.00,61.1,306,0
1,0x1a804b000,38,0x1ae2a8000,0x62e3000,0,263.00,2.17,79.2,397,0
1,0x1a804b000,38,0x1ae2a8000,0x62e3000,1,264.00,0.00,79.5,398,0
1,0x1a804b000,38,0x1ae2a8000,0x62e3000,2,264.00,0.00,79.3,397,0
1,0x1a804b000,38,0x1ae2a8000,0x62e3000,3,264.00,0.00,79.6,399,0
1,0x1a804b000,38,0x1ae2a8000,0x62e3000,4,264.00,0.00,79.6,399,0
1,0x1a804b000,38,0x1ae2a8000,0x62e3000,5,264.00,0.00,79.6,398,0
1,0x1a804b000,38,0x1ae2a8000,0x62e3000,6,264.00,0.00,79.3,397,0
1,0x1a804b000,38,0x1ae2a8000,0x62e3000,7,264.00,0.00,79.5,398,0
1,0x1a804b000,38,0x1ae2a8000,0x62e3000,8,264.00,0.00,79.6,398,0
1,0x1a804b000,38,0x1ae2a8000,0x62e3000,9,264.00,0.00,79.6,398,0
1,0x1a804b000,39,0x1b5eda000,0x1de91000,0,264.00,0.00,79.6,399,0
1,0x1a804b000,39,0x1b5eda000,0x1de91000,1,266.86,4.37,79.4,397,0
1,0x1a804b000,39,0x1b5eda000,0x1de91000,2,264.00,0.00,79.7,399,0
1,0x1a804b000,39,0x1b5eda000,0x1de91000,3,264.00,0.00,79.7,399,0
1,0x1a804b000,39,0x1b5eda000,0x1de91000,4,264.00,0.00,79.7,399,0
1,0x1a804b000,39,0x1b5eda000,0x1de91000,5,264.00,0.00,79.8,400,0
1,0x1a804b000,39,0x1b5eda000,0x1de91000,6,264.00,0.00,79.7,399,0
1,0x1a804b000,39,0x1b5eda000,0x1de91000,7,264.00,0.00,79.7,399,0
1,0x1a804b000,39,0x1b5eda000,0x1de91000,8,264.00,0.00,79.6,398,0
1,0x1a804b000,39,0x1b5eda000,0x1de91000,9,264.00,0.00,79.5,398,0
1,0x1a804b000,-1,0x1ac7de000,0x3972bf000,0,264.00,0.00,80.7,404,1
1,0x1a804b000,40,0x1b32dd000,0x1b296000,0,264.00,0.00,79.6,398,0
1,0x1a804b000,40,0x1b32dd000,0x1b296000,1,264.00,0.00,79.5,398,0
1,0x1a804b000,40,0x1b32dd000,0x1b296000,2,264.00,0.00,79.5,398,0
1,0x1a804b000,40,0x1b32dd000,0x1b296000,3,264.00,0.00,79.5,398,0
1,0x1a804b000,40,0x1b32dd000,0x1b296000,4,264.00,0.00,79.6,399,0
1,0x1a804b000,40,0x1b32dd000,0x1b296000,5,264.00,0.00,79.5,398,0
1,0x1a804b000,40,0x1b32dd000,0x1b296000,6,264.00,0.00,79.6,398,0
1,0x1a804b000,40,0x1b32dd000,0x1b296000,7,264.00,0.00,79.7,399,0
1,0x1a804b000,40,0x1b32dd000,0x1b296000,8,264.00,0.00,79.4,398,0
1,0x1a804b000,40,0x1b32dd000,0x1b296000,9,264.00,0.00,79.5,398,0
1,0x1a804b000,41,0x1dabfd000,0x72bb6000,0,256.36,1.25,76.9,385,0
1,0x1a804b000,41,0x1dabfd000,0x72bb6000,1,256.00,0.00,76.8,384,0
1,0x1a804b000,41,0x1dabfd000,0x72bb6000,2,256.00,0.00,76.9,385,0
1,0x1a804b000,41,0x1dabfd000,0x72bb6000,3,256.00,0.00,76.8,384,0
1,0x1a804b000,41,0x1dabfd000,0x72bb6000,4,256.00,0.00,76.9,385,0
1,0x1a804b000,41,0x1dabfd000,0x72bb6000,5,256.00,0.00,76.9,385,0
1,0x1a804b000,41,0x1dabfd000,0x72bb6000,6,256.00,0.00,77.0,385,0
1,0x1a804b000,41,0x1dabfd000,0x72bb6000,7,256.00,0.00,76.9,385,0
1,0x1a804b000,41,0x1dabfd000,0x72bb6000,8,256.00,0.00,76.9,385,0
1,0x1a804b000,41,0x1dabfd000,0x72bb6000,9,256.00,0.00,76.9,385,0
1,0x1a804b000,42,0x1b2241000,0x1a20a000,0,263.05,2.01,79.7,399,0
1,0x1a804b000,42,0x1b2241000,0x1a20a000,1,264.00,0.00,79.5,398,0
1,0x1a804b000,42,0x1b2241000,0x1a20a000,2,264.00,0.00,79.4,398,0
1,0x1a804b000,42,0x1b2241000,0x1a20a000,3,264.00,0.00,79.2,396,0
1,0x1a804b000,42,0x1b2241000,0x1a20a000,4,264.00,0.00,79.7,399,0
1,0x1a804b000,42,0x1b2241000,0x1a20a000,5,264.00,0.00,79.7,399,0
1,0x1a804b000,42,0x1b2241000,0x1a20a000,6,264.00,0.00,79.6,399,0
1,0x1a804b000,42,0x1b2241000,0x1a20a000,7,264.00,0.00,79.8,399,0
1,0x1a804b000,42,0x1b2241000,0x1a20a000,8,264.00,0.00,79.5,398,0
1,0x1a804b000,42,0x1b2241000,0x1a20a000,9,264.00,0.00,79.5,398,0
1,0x1a804b000,43,0x1a150d000,0x9546000,0,264.00,0.00,80.9,405,0
1,0x1a804b000,43,0x1a150d000,0x9546000,1,264.00,0.00,80.9,405,0
1,0x1a804b000,43,0x1a150d000,0x9546000,2,264.00,0.00,81.0,406,0
1,0x1a804b000,43,0x1a150d000,0x9546000,3,264.00,0.00,80.8,404,0
1,0x1a804b000,43,0x1a150d000,0x9546000,4,264.00,0.00,81.0,405,0
1,0x1a804b000,43,0x1a150d000,0x9546000,5,264.00,0.00,80.9,405,0
1,0x1a804b000,43,0x1a150d000,0x9546000,6,264.00,0.00,80.5,403,0
1,0x1a804b000,43,0x1a150d000,0x9546000,7,264.00,0.00,80.9,405,0
1,0x1a804b000,43,0x1a150d000,0x9546000,8,264.00,0.00,81.1,406,0
1,0x1a804b000,43,0x1a150d000,0x9546000,9,264.00,0.00,81.0,405,0
1,0x1a804b000,44,0xb92db000,0x111290000,0,256.34,1.25,61.1,306,0
1,0x1a804b000,44,0xb92db000,0x111290000,1,256.00,0.00,61.1,306,0
1,0x1a804b000,44,0xb92db000,0x111290000,2,256.00,0.00,61.1,306,0
1,0x1a804b000,44,0xb92db000,0x111290000,3,256.00,0.00,61.1,306,0
1,0x1a804b000,44,0xb92db000,0x111290000,4,256.00,0.00,61.1,306,0
1,0x1a804b000,44,0xb92db000,0x111290000,5,256.00,0.00,61.1,306,0
1,0x1a804b000,44,0xb92db000,0x111290000,6,256.00,0.00,61.0,305,0
1,0x1a804b000,44,0xb92db000,0x111290000,7,256.00,0.00,61.1,306,0
1,0x1a804b000,44,0xb92db000,0x111290000,8,256.00,0.00,61.0,305,0
1,0x1a804b000,44,0xb92db000,0x111290000,9,256.00,0.00,60.9,305,0
1,0x1a804b000,45,0x1b4daf000,0x1cde4000,0,258.54,1.93,61.6,309,0
1,0x1a804b000,45,0x1b4daf000,0x1cde4000,1,259.20,1.60,61.7,309,0
1,0x1a804b000,45,0x1b4daf000,0x1cde4000,2,259.09,1.67,61.7,309,0
1,0x1a804b000,45,0x1b4daf000,0x1cde4000,3,259.30,1.52,61.6,309,0
1,0x1a804b000,45,0x1b4daf000,0x1cde4000,4,259.03,1.71,61.6,309,0
1,0x1a804b000,45,0x1b4daf000,0x1cde4000,5,259.04,1.71,61.6,309,0
1,0x1a804b000,45,0x1b4daf000,0x1cde4000,6,259.03,1.71,61.6,309,0
1,0x1a804b000,45,0x1b4daf000,0x1cde4000,7,259.08,1.68,61.6,308,0
1,0x1a804b000,45,0x1b4daf000,0x1cde4000,8,259.03,1.71,61.6,309,0
1,0x1a804b000,45,0x1b4daf000,0x1cde4000,9,258.99,1.74,61.6,309,0
1,0x1a804b000,46,0x1a2925000,0xa96e000,0,263.47,1.36,79.9,400,0
1,0x1a804b000,46,0x1a2925000,0xa96e000,1,264.00,0.00,79.5,398,0
1,0x1a804b000,46,0x1a2925000,0xa96e000,2,264.00,0.00,79.5,398,0
1,0x1a804b000,46,0x1a2925000,0xa96e000,3,264.00,0.00,79.8,400,0
1,0x1a804b000,46,0x1a2925000,0xa96e000,4,264.00,0.00,79.8,399,0
1,0x1a804b000,46,0x1a2925000,0xa96e000,5,264.00,0.00,79.7,399,0
1,0x1a804b000,46,0x1a2925000,0xa96e000,6,264.00,0.00,79.7,399,0
1,0x1a804b000,46,0x1a2925000,0xa96e000,7,264.00,0.00,79.6,398,0
1,0x1a804b000,46,0x1a2925000,0xa96e000,8,264.00,0.00,79.7,399,0
1,0x1a804b000,46,0x1a2925000,0xa96e000,9,264.00,0.00,79.7,399,0
1,0x1a804b000,47,0x1a140a000,0x9441000,0,264.00,0.00,79.8,399,0
1,0x1a804b000,47,0x1a140a000,0x9441000,1,264.00,0.00,79.8,400,0
1,0x1a804b000,47,0x1a140a000,0x9441000,2,264.00,0.00,79.7,399,0
1,0x1a804b000,47,0x1a140a000,0x9441000,3,264.00,0.00,79.5,398,0
1,0x1a804b000,47,0x1a140a000,0x9441000,4,264.00,0.00,79.5,398,0
1,0x1a804b000,47,0x1a140a000,0x9441000,5,264.00,0.00,79.6,399,0
1,0x1a804b000,47,0x1a140a000,0x9441000,6,264.00,0.00,79.7,399,0
1,0x1a804b000,47,0x1a140a000,0x9441000,7,264.00,0.00,79.6,399,0
1,0x1a804b000,47,0x1a140a000,0x9441000,8,264.00,0.00,79.7,399,0
1,0x1a804b000,47,0x1a140a000,0x9441000,9,264.00,0.00,79.7,399,0
1,0x1a804b000,48,0x1adb32000,0x5b79000,0,264.00,0.00,79.6,399,0
1,0x1a804b000,48,0x1adb32000,0x5b79000,1,264.00,0.00,79.5,398,0
1,0x1a804b000,48,0x1adb32000,0x5b79000,2,264.00,0.00,79.6,398,0
1,0x1a804b000,48,0x1adb32000,0x5b79000,3,264.00,0.00,79.5,398,0
1,0x1a804b000,48,0x1adb32000,0x5b79000,4,264.00,0.00,79.5,398,0
1,0x1a804b000,48,0x1adb32000,0x5b79000,5,264.00,0.00,79.5,398,0
1,0x1a804b000,48,0x1adb32000,0x5b79000,6,264.00,0.00,79.3,397,0
1,0x1a804b000,48,0x1adb32000,0x5b79000,7,264.00,0.00,79.4,398,0
1,0x1a804b000,48,0x1adb32000,0x5b79000,8,264.00,0.00,79.7,399,0
1,0x1a804b000,48,0x1adb32000,0x5b79000,9,264.00,0.00,79.7,399,0
1,0x1a804b000,49,0x1aa90c000,0x2947000,0,264.00,0.00,79.3,397,0
1,0x1a804b000,49,0x1aa90c000,0x2947000,1,264.00,0.00,79.7,399,0
1,0x1a804b000,49,0x1aa90c000,0x2947000,2,264.00,0.00,79.8,400,0
1,0x1a804b000,49,0x1aa90c000,0x2947000,3,264.00,0.00,79.6,399,0
1,0x1a804b000,49,0x1aa90c000,0x2947000,4,264.00,0.00,79.6,398,0
1,0x1a804b000,49,0x1aa90c000,0x2947000,5,264.00,0.00,79.7,399,0
1,0x1a804b000,49,0x1aa90c000,0x2947000,6,264.00,0.00,79.7,399,0
1,0x1a804b000,49,0x1aa90c000,0x2947000,7,264.00,0.00,79.7,399,0
1,0x1a804b000,49,0x1aa90c000,0x2947000,8,264.00,0.00,79.7,399,0
1,0x1a804b000,49,0x1aa90c000,0x2947000,9,264.00,0.00,79.2,397,0
1,0x1a804b000,-1,0x1ac7de000,0x3972bf000,0,264.00,0.00,81.0,406,1
1,0x1a804b000,50,0xba981000,0x1129ca000,0,264.00,0.00,80.8,405,0
1,0x1a804b000,50,0xba981000,0x1129ca000,1,264.00,0.00,80.8,404,0
1,0x1a804b000,50,0xba981000,0x1129ca000,2,264.00,0.00,80.8,404,0
1,0x1a804b000,50,0xba981000,0x1129ca000,3,264.00,0.00,81.0,405,0
1,0x1a804b000,50,0xba981000,0x1129ca000,4,264.00,0.00,80.8,404,0
1,0x1a804b000,50,0xba981000,0x1129ca000,5,264.00,0.00,80.8,405,0
1,0x1a804b000,50,0xba981000,0x1129ca000,6,264.00,0.00,80.9,405,0
1,0x1a804b000,50,0xba981000,0x1129ca000,7,264.00,0.00,81.0,406,0
1,0x1a804b000,50,0xba981000,0x1129ca000,8,264.00,0.00,80.9,405,0
1,0x1a804b000,50,0xba981000,0x1129ca000,9,264.00,0.00,81.0,405,0
1,0x1a804b000,51,0x1b314b000,0x1b100000,0,259.82,1.10,61.6,309,0
1,0x1a804b000,51,0x1b314b000,0x1b100000,1,259.38,1.45,61.8,309,0
1,0x1a804b000,51,0x1b314b000,0x1b100000,2,259.22,1.58,61.7,309,0
1,0x1a804b000,51,0x1b314b000,0x1b100000,3,259.42,1.41,61.8,309,0
1,0x1a804b000,51,0x1b314b000,0x1b100000,4,259.55,1.27,61.8,310,0
1,0x1a804b000,51,0x1b314b000,0x1b100000,5,259.48,1.34,61.8,310,0
1,0x1a804b000,51,0x1b314b000,0x1b100000,6,259.38,1.45,61.8,309,0
1,0x1a804b000,51,0x1b314b000,0x1b100000,7,259.48,1.34,61.8,310,0
1,0x1a804b000,51,0x1b314b000,0x1b100000,8,259.37,1.46,61.8,309,0
1,0x1a804b000,51,0x1b314b000,0x1b100000,9,259.47,1.36,61.8,309,0
1,0x1a804b000,52,0x1a4a40000,0xca0b000,0,263.37,1.46,79.7,399,0
1,0x1a804b000,52,0x1a4a40000,0xca0b000,1,264.00,0.00,79.6,399,0
1,0x1a804b000,52,0x1a4a40000,0xca0b000,2,264.00,0.00,79.5,398,0
1,0x1a804b000,52,0x1a4a40000,0xca0b000,3,264.00,0.00,79.4,397,0
1,0x1a804b000,52,0x1a4a40000,0xca0b000,4,264.00,0.00,79.5,398,0
1,0x1a804b000,52,0x1a4a40000,0xca0b000,5,264.00,0.00,79.5,398,0
1,0x1a804b000,52,0x1a4a40000,0xca0b000,6,264.00,0.00,79.7,399,0
1,0x1a804b000,52,0x1a4a40000,0xca0b000,7,264.00,0.00,79.5,398,0
1,0x1a804b000,52,0x1a4a40000,0xca0b000,8,264.00,0.00,79.6,398,0
1,0x1a804b000,52,0x1a4a40000,0xca0b000,9,264.00,0.00,79.6,398,0
1,0x1a804b000,53,0x1aa00c000,0x2047000,0,264.00,0.00,79.3,397,0
1,0x1a804b000,53,0x1aa00c000,0x2047000,1,264.00,0.00,79.8,399,0
1,0x1a804b000,53,0x1aa00c000,0x2047000,2,264.00,0.00,79.6,399,0
1,0x1a804b000,53,0x1aa00c000,0x2047000,3,264.00,0.00,79.6,398,0
1,0x1a804b000,53,0x1aa00c000,0x2047000,4,264.00,0.00,79.7,399,0
1,0x1a804b000,53,0x1aa00c000,0x2047000,5,264.00,0.00,79.4,398,0
1,0x1a804b000,53,0x1aa00c000,0x2047000,6,264.00,0.00,79.4,398,0
1,0x1a804b000,53,0x1aa00c000,0x2047000,7,264.00,0.00,79.5,398,0
1,0x1a804b000,53,0x1aa00c000,0x2047000,8,264.00,0.00,79.4,398,0
1,0x1a804b000,53,0x1aa00c000,0x2047000,9,264.00,0.00,79.4,398,0
1,0x1a804b000,54,0x1a196f000,0x9924000,0,252.72,1.98,61.2,306,0
1,0x1a804b000,54,0x1a196f000,0x9924000,1,252.00,0.00,61.2,306,0
1,0x1a804b000,54,0x1a196f000,0x9924000,2,252.00,0.00,61.2,306,0
1,0x1a804b000,54,0x1a196f000,0x9924000,3,252.00,0.00,61.2,306,0
1,0x1a804b000,54,0x1a196f000,0x9924000,4,252.00,0.00,61.2,306,0
1,0x1a804b000,54,0x1a196f000,0x9924000,5,252.00,0.00,61.2,306,0
1,0x1a804b000,54,0x1a196f000,0x9924000,6,252.00,0.00,61.2,306,0
1,0x1a804b000,54,0x1a196f000,0x9924000,7,252.00,0.00,61.2,306,0
1,0x1a804b000,54,0x1a196f000,0x9924000,8,252.00,0.00,61.0,306,0
1,0x1a804b000,54,0x1a196f000,0x9924000,9,252.00,0.00,61.2,306,0
1,0x1a804b000,55,0x1a5855000,0xd81e000,0,262.80,2.57,80.9,405,0
1,0x1a804b000,55,0x1a5855000,0xd81e000,1,264.00,0.00,81.0,406,0
1,0x1a804b000,55,0x1a5855000,0xd81e000,2,264.00,0.00,80.9,405,0
1,0x1a804b000,55,0x1a5855000,0xd81e000,3,264.00,0.00,81.0,405,0
1,0x1a804b000,55,0x1a5855000,0xd81e000,4,264.00,0.00,80.8,405,0
1,0x1a804b000,55,0x1a5855000,0xd81e000,5,264.00,0.00,81.0,405,0
1,0x1a804b000,55,0x1a5855000,0xd81e000,6,264.00,0.00,81.1,406,0
1,0x1a804b000,55,0x1a5855000,0xd81e000,7,264.00,0.00,81.0,406,0
1,0x1a804b000,55,0x1a5855000,0xd81e000,8,264.00,0.00,81.0,405,0
1,0x1a804b000,55,0x1a5855000,0xd81e000,9,264.00,0.00,80.9,405,0
1,0x1a804b000,56,0x1a272e000,0xa765000,0,264.00,0.00,80.9,405,0
1,0x1a804b000,56,0x1a272e000,0xa765000,1,264.00,0.00,79.8,399,0
1,0x1a804b000,56,0x1a272e000,0xa765000,2,264.00,0.00,80.9,405,0
1,0x1a804b000,56,0x1a272e000,0xa765000,3,264.00,0.00,80.9,405,0
1,0x1a804b000,56,0x1a272e000,0xa765000,4,264.00,0.00,80.7,404,0
1,0x1a804b000,56,0x1a272e000,0xa765000,5,264.00,0.00,81.0,406,0
1,0x1a804b000,56,0x1a272e000,0xa765000,6,264.00,0.00,80.9,405,0
1,0x1a804b000,56,0x1a272e000,0xa765000,7,264.00,0.00,81.1,406,0
1,0x1a804b000,56,0x1a272e000,0xa765000,8,264.00,0.00,81.0,405,0
1,0x1a804b000,56,0x1a272e000,0xa765000,9,264.00,0.00,81.1,406,0
1,0x1a804b000,57,0x1b3542000,0x1b509000,0,264.00,0.00,79.5,398,0
1,0x1a804b000,57,0x1b3542000,0x1b509000,1,264.00,0.00,79.6,398,0
1,0x1a804b000,57,0x1b3542000,0x1b509000,2,264.00,0.00,79.6,398,0
1,0x1a804b000,57,0x1b3542000,0x1b509000,3,264.00,0.00,79.2,397,0
1,0x1a804b000,57,0x1b3542000,0x1b509000,4,264.00,0.00,79.6,399,0
1,0x1a804b000,57,0x1b3542000,0x1b509000,5,264.00,0.00,79.6,399,0
1,0x1a804b000,57,0x1b3542000,0x1b509000,6,264.00,0.00,79.3,397,0
1,0x1a804b000,57,0x1b3542000,0x1b509000,7,264.00,0.00,79.6,398,0
1,0x1a804b000,57,0x1b3542000,0x1b509000,8,264.00,0.00,79.6,399,0
1,0x1a804b000,57,0x1b3542000,0x1b509000,9,264.00,0.00,79.4,398,0
1,0x1a804b000,58,0x1b070b000,0x18740000,0,259.69,1.21,61.9,310,0
1,0x1a804b000,58,0x1b070b000,0x18740000,1,259.50,1.33,61.9,310,0
1,0x1a804b000,58,0x1b070b000,0x18740000,2,259.35,1.47,61.9,310,0
1,0x1a804b000,58,0x1b070b000,0x18740000,3,259.47,1.36,61.9,310,0
1,0x1a804b000,58,0x1b070b000,0x18740000,4,259.47,1.36,61.9,310,0
1,0x1a804b000,58,0x1b070b000,0x18740000,5,259.63,1.16,61.9,310,0
1,0x1a804b000,58,0x1b070b000,0x18740000,6,259.51,1.31,61.7,309,0
1,0x1a804b000,58,0x1b070b000,0x18740000,7,259.51,1.31,61.9,310,0
1,0x1a804b000,58,0x1b070b000,0x18740000,8,259.63,1.16,61.8,310,0
1,0x1a804b000,58,0x1b070b000,0x18740000,9,259.68,1.09,61.9,310,0
1,0x1a804b000,59,0x1a3906000,0xb94d000,0,256.00,0.00,65.6,329,0
1,0x1a804b000,59,0x1a3906000,0xb94d000,1,256.00,0.00,65.6,329,0
1,0x1a804b000,59,0x1a3906000,0xb94d000,2,256.00,0.00,65.6,329,0
1,0x1a804b000,59,0x1a3906000,0xb94d000,3,256.00,0.00,65.6,329,0
1,0x1a804b000,59,0x1a3906000,0xb94d000,4,256.00,0.00,65.6,329,0
1,0x1a804b000,59,0x1a3906000,0xb94d000,5,256.00,0.00,65.6,329,0
1,0x1a804b000,59,0x1a3906000,0xb94d000,6,256.00,0.00,65.6,329,0
1,0x1a804b000,59,0x1a3906000,0xb94d000,7,256.00,0.00,65.6,329,0
1,0x1a804b000,59,0x1a3906000,0xb94d000,8,256.00,0.00,65.4,328,0
1,0x1a804b000,59,0x1a3906000,0xb94d000,9,256.00,0.00,65.6,329,0
1,0x1a804b000,-1,0x1ac7de000,0x3972bf000,0,263.40,1.66,80.7,404,1
1,0x1a804b000,60,0xbe06c000,0x116027000,0,264.00,0.00,80.9,405,0
1,0x1a804b000,60,0xbe06c000,0x116027000,1,264.00,0.00,80.9,405,0
1,0x1a804b000,60,0xbe06c000,0x116027000,2,264.00,0.00,81.0,406,0
1,0x1a804b000,60,0xbe06c000,0x116027000,3,264.00,0.00,81.1,406,0
1,0x1a804b000,60,0xbe06c000,0x116027000,4,264.00,0.00,80.9,405,0
1,0x1a804b000,60,0xbe06c000,0x116027000,5,264.00,0.00,81.0,406,0
1,0x1a804b000,60,0xbe06c000,0x116027000,6,264.00,0.00,81.0,406,0
1,0x1a804b000,60,0xbe06c000,0x116027000,7,264.00,0.00,80.9,405,0
1,0x1a804b000,60,0xbe06c000,0x116027000,8,264.00,0.00,80.9,405,0
1,0x1a804b000,60,0xbe06c000,0x116027000,9,264.00,0.00,80.9,405,0
1,0x1a804b000,61,0x1a75c9000,0xf582000,0,264.00,0.00,79.5,398,0
1,0x1a804b000,61,0x1a75c9000,0xf582000,1,264.00,0.00,79.6,398,0
1,0x1a804b000,61,0x1a75c9000,0xf582000,2,264.00,0.00,79.6,399,0
1,0x1a804b000,61,0x1a75c9000,0xf582000,3,264.00,0.00,79.6,399,0
1,0x1a804b000,61,0x1a75c9000,0xf582000,4,264.00,0.00,79.4,397,0
1,0x1a804b000,61,0x1a75c9000,0xf582000,5,264.00,0.00,79.7,399,0
1,0x1a804b000,61,0x1a75c9000,0xf582000,6,264.00,0.00,79.7,399,0
1,0x1a804b000,61,0x1a75c9000,0xf582000,7,264.00,0.00,79.7,399,0
1,0x1a804b000,61,0x1a75c9000,0xf582000,8,264.00,0.00,79.7,399,0
1,0x1a804b000,61,0x1a75c9000,0xf582000,9,264.00,0.00,79.6,398,0
1,0x1a804b000,62,0x1a5463000,0xd428000,0,259.51,1.46,61.9,310,0
1,0x1a804b000,62,0x1a5463000,0xd428000,1,259.14,1.65,61.9,310,0
1,0x1a804b000,62,0x1a5463000,0xd428000,2,259.25,1.56,61.8,310,0
1,0x1a804b000,62,0x1a5463000,0xd428000,3,259.30,1.52,61.7,309,0
1,0x1a804b000,62,0x1a5463000,0xd428000,4,259.50,1.33,61.8,309,0
1,0x1a804b000,62,0x1a5463000,0xd428000,5,259.47,1.36,61.9,310,0
1,0x1a804b000,62,0x1a5463000,0xd428000,6,259.41,1.42,61.9,310,0
1,0x1a804b000,62,0x1a5463000,0xd428000,7,259.39,1.43,61.9,310,0
1,0x1a804b000,62,0x1a5463000,0xd428000,8,259.37,1.46,61.9,310,0
1,0x1a804b000,62,0x1a5463000,0xd428000,9,259.32,1.51,61.9,310,0
1,0x1a804b000,63,0x1b128a000,0x192c1000,0,256.00,0.00,65.6,329,0
1,0x1a804b000,63,0x1b128a000,0x192c1000,1,256.00,0.00,65.5,328,0
1,0x1a804b000,63,0x1b128a000,0x192c1000,2,256.00,0.00,65.7,329,0
1,0x1a804b000,63,0x1b128a000,0x192c1000,3,256.00,0.00,65.7,329,0
1,0x1a804b000,63,0x1b128a000,0x192c1000,4,256.00,0.00,65.6,329,0
1,0x1a804b000,63,0x1b128a000,0x192c1000,5,256.00,0.00,65.4,328,0
1,0x1a804b000,63,0x1b128a000,0x192c1000,6,256.00,0.00,65.6,329,0
1,0x1a804b000,63,0x1b128a000,0x192c1000,7,256.00,0.00,65.6,329,0
1,0x1a804b000,63,0x1b128a000,0x192c1000,8,256.00,0.00,65.6,329,0
1,0x1a804b000,63,0x1b128a000,0x192c1000,9,256.00,0.00,65.6,329,0
1,0x1a804b000,64,0x1a3035000,0xb07e000,0,263.20,1.86,80.5,403,0
1,0x1a804b000,64,0x1a3035000,0xb07e000,1,264.00,0.00,80.7,404,0
1,0x1a804b000,64,0x1a3035000,0xb07e000,2,264.00,0.00,80.9,405,0
1,0x1a804b000,64,0x1a3035000,0xb07e000,3,264.00,0.00,80.8,405,0
1,0x1a804b000,64,0x1a3035000,0xb07e000,4,264.00,0.00,81.0,405,0
1,0x1a804b000,64,0x1a3035000,0xb07e000,5,264.00,0.00,80.8,405,0
1,0x1a804b000,64,0x1a3035000,0xb07e000,6,264.00,0.00,80.8,404,0
1,0x1a804b000,64,0x1a3035000,0xb07e000,7,264.00,0.00,80.8,404,0
1,0x1a804b000,64,0x1a3035000,0xb07e000,8,264.00,0.00,80.6,404,0
1,0x1a804b000,64,0x1a3035000,0xb07e000,9,264.00,0.00,80.8,404,0
1,0x1a804b000,65,0x1abeef000,0x3ea4000,0,259.42,1.58,61.7,309,0
1,0x1a804b000,65,0x1abeef000,0x3ea4000,1,258.99,1.74,61.5,308,0
1,0x1a804b000,65,0x1abeef000,0x3ea4000,2,259.13,1.65,61.6,309,0
1,0x1a804b000,65,0x1abeef000,0x3ea4000,3,259.25,1.56,61.7,309,0
1,0x1a804b000,65,0x1abeef000,0x3ea4000,4,258.99,1.74,61.6,309,0
1,0x1a804b000,65,0x1abeef000,0x3ea4000,5,259.16,1.63,61.6,309,0
1,0x1a804b000,65,0x1abeef000,0x3ea4000,6,259.15,1.64,61.6,309,0
1,0x1a804b000,65,0x1abeef000,0x3ea4000,7,259.09,1.67,61.6,309,0
1,0x1a804b000,65,0x1abeef000,0x3ea4000,8,259.15,1.64,61.7,309,0
1,0x1a804b000,65,0x1abeef000,0x3ea4000,9,259.16,1.63,61.6,308,0
1,0x1a804b000,66,0x1b2d81000,0x1adca000,0,263.37,1.46,79.5,398,0
1,0x1a804b000,66,0x1b2d81000,0x1adca000,1,264.00,0.00,79.6,398,0
1,0x1a804b000,66,0x1b2d81000,0x1adca000,2,264.00,0.00,79.6,398,0
1,0x1a804b000,66,0x1b2d81000,0x1adca000,3,264.00,0.00,79.6,399,0
1,0x1a804b000,66,0x1b2d81000,0x1adca000,4,264.00,0.00,79.7,399,0
1,0x1a804b000,66,0x1b2d81000,0x1adca000,5,264.00,0.00,79.5,398,0
1,0x1a804b000,66,0x1b2d81000,0x1adca000,6,264.00,0.00,79.5,398,0
1,0x1a804b000,66,0x1b2d81000,0x1adca000,7,264.00,0.00,79.4,397,0
1,0x1a804b000,66,0x1b2d81000,0x1adca000,8,264.00,0.00,79.6,399,0
1,0x1a804b000,66,0x1b2d81000,0x1adca000,9,264.00,0.00,79.8,399,0
1,0x1a804b000,67,0x1b1dbe000,0x19df5000,0,264.00,0.00,79.3,397,0
1,0x1a804b000,67,0x1b1dbe000,0x19df5000,1,264.00,0.00,79.6,398,0
1,0x1a804b000,67,0x1b1dbe000,0x19df5000,2,264.00,0.00,79.7,399,0
1,0x1a804b000,67,0x1b1dbe000,0x19df5000,3,264.00,0.00,79.4,398,0
1,0x1a804b000,67,0x1b1dbe000,0x19df5000,4,264.00,0.00,79.7,399,0
1,0x1a804b000,67,0x1b1dbe000,0x19df5000,5,264.00,0.00,79.6,399,0
1,0x1a804b000,67,0x1b1dbe000,0x19df5000,6,264.00,0.00,79.8,399,0
1,0x1a804b000,67,0x1b1dbe000,0x19df5000,7,264.00,0.00,79.8,399,0
1,0x1a804b000,67,0x1b1dbe000,0x19df5000,8,264.00,0.00,79.8,400,0
1,0x1a804b000,67,0x1b1dbe000,0x19df5000,9,264.00,0.00,79.7,399,0
1,0x1a804b000,68,0xbace2000,0x112ca9000,0,259.12,1.78,76.3,382,0
1,0x1a804b000,68,0xbace2000,0x112ca9000,1,258.55,1.92,76.3,382,0
1,0x1a804b000,68,0xbace2000,0x112ca9000,2,258.55,1.92,76.3,382,0
1,0x1a804b000,68,0xbace2000,0x112ca9000,3,259.24,1.57,76.2,382,0
1,0x1a804b000,68,0xbace2000,0x112ca9000,4,258.58,1.92,76.3,382,0
1,0x1a804b000,68,0xbace2000,0x112ca9000,5,258.33,1.97,76.1,381,0
1,0x1a804b000,68,0xbace2000,0x112ca9000,6,258.94,1.76,76.3,382,0
1,0x1a804b000,68,0xbace2000,0x112ca9000,7,258.81,1.83,76.3,382,0
1,0x1a804b000,68,0xbace2000,0x112ca9000,8,258.72,1.86,76.3,382,0
1,0x1a804b000,68,0xbace2000,0x112ca9000,9,258.25,1.98,76.2,382,0
1,0x1a804b000,69,0x1a8821000,0x86a000,0,256.00,0.00,65.6,329,0
1,0x1a804b000,69,0x1a8821000,0x86a000,1,256.00,0.00,65.6,329,0
1,0x1a804b000,69,0x1a8821000,0x86a000,2,256.00,0.00,65.6,329,0
1,0x1a804b000,69,0x1a8821000,0x86a000,3,256.00,0.00,65.6,329,0
1,0x1a804b000,69,0x1a8821000,0x86a000,4,256.00,0.00,65.6,329,0
1,0x1a804b000,69,0x1a8821000,0x86a000,5,256.00,0.00,65.6,329,0
1,0x1a804b000,69,0x1a8821000,0x86a000,6,256.00,0.00,65.6,328,0
1,0x1a804b000,69,0x1a8821000,0x86a000,7,256.00,0.00,65.6,329,0
1,0x1a804b000,69,0x1a8821000,0x86a000,8,256.00,0.00,65.5,328,0
1,0x1a804b000,69,0x1a8821000,0x86a000,9,256.00,0.00,65.6,329,0
1,0x1a804b000,-1,0x1ac7de000,0x3972bf000,0,263.36,1.74,81.1,406,1
1,0x1a804b000,70,0x1af549000,0x7502000,0,256.38,1.31,76.9,385,0
1,0x1a804b000,70,0x1af549000,0x7502000,1,256.00,0.00,77.0,385,0
1,0x1a804b000,70,0x1af549000,0x7502000,2,256.00,0.00,76.9,385,0
1,0x1a804b000,70,0x1af549000,0x7502000,3,256.00,0.00,76.9,385,0
1,0x1a804b000,70,0x1af549000,0x7502000,4,256.00,0.00,76.9,385,0
1,0x1a804b000,70,0x1af549000,0x7502000,5,256.00,0.00,76.9,385,0
1,0x1a804b000,70,0x1af549000,0x7502000,6,256.00,0.00,76.9,385,0
1,0x1a804b000,70,0x1af549000,0x7502000,7,256.00,0.00,76.9,385,0
1,0x1a804b000,70,0x1af549000,0x7502000,8,256.00,0.00,76.9,385,0
1,0x1a804b000,70,0x1af549000,0x7502000,9,256.00,0.00,76.8,384,0
1,0x1a804b000,71,0x1a740b000,0xf440000,0,258.56,1.92,61.7,309,0
1,0x1a804b000,71,0x1a740b000,0xf440000,1,259.34,1.48,61.9,310,0
1,0x1a804b000,71,0x1a740b000,0xf440000,2,259.28,1.54,61.8,310,0
1,0x1a804b000,71,0x1a740b000,0xf440000,3,259.24,1.57,61.9,310,0
1,0x1a804b000,71,0x1a740b000,0xf440000,4,259.01,1.73,61.9,310,0
1,0x1a804b000,71,0x1a740b000,0xf440000,5,259.24,1.57,62.0,310,0
1,0x1a804b000,71,0x1a740b000,0xf440000,6,259.38,1.45,61.9,310,0
1,0x1a804b000,71,0x1a740b000,0xf440000,7,259.35,1.47,61.9,310,0
1,0x1a804b000,71,0x1a740b000,0xf440000,8,259.45,1.38,61.9,310,0
1,0x1a804b000,71,0x1a740b000,0xf440000,9,259.35,1.47,61.9,310,0
1,0x1a804b000,72,0x1a7ccf000,0xfc84000,0,258.93,1.77,61.6,309,0
1,0x1a804b000,72,0x1a7ccf000,0xfc84000,1,258.87,1.80,61.6,309,0
1,0x1a804b000,72,0x1a7ccf000,0xfc84000,2,258.84,1.81,61.5,308,0
1,0x1a804b000,72,0x1a7ccf000,0xfc84000,3,259.03,1.71,61.6,309,0
1,0x1a804b000,72,0x1a7ccf000,0xfc84000,4,258.76,1.85,61.7,309,0
1,0x1a804b000,72,0x1a7ccf000,0xfc84000,5,259.02,1.72,61.6,309,0
1,0x1a804b000,72,0x1a7ccf000,0xfc84000,6,258.79,1.84,61.6,308,0
1,0x1a804b000,72,0x1a7ccf000,0xfc84000,7,258.72,1.87,61.7,309,0
1,0x1a804b000,72,0x1a7ccf000,0xfc84000,8,258.81,1.83,61.7,309,0
1,0x1a804b000,72,0x1a7ccf000,0xfc84000,9,258.65,1.89,61.6,309,0
1,0x1a804b000,73,0x1a903b000,0x1070000,0,259.53,1.28,61.8,309,0
1,0x1a804b000,73,0x1a903b000,0x1070000,1,259.34,1.48,61.8,309,0
1,0x1a804b000,73,0x1a903b000,0x1070000,2,259.52,1.30,61.8,309,0
1,0x1a804b000,73,0x1a903b000,0x1070000,3,259.45,1.38,61.8,310,0
1,0x1a804b000,73,0x1a903b000,0x1070000,4,259.50,1.33,61.8,309,0
1,0x1a804b000,73,0x1a903b000,0x1070000,5,259.55,1.27,61.6,308,0
1,0x1a804b000,73,0x1a903b000,0x1070000,6,259.44,1.38,61.8,309,0
1,0x1a804b000,73,0x1a903b000,0x1070000,7,259.39,1.44,61.6,309,0
1,0x1a804b000,73,0x1a903b000,0x1070000,8,259.47,1.36,61.8,309,0
1,0x1a804b000,73,0x1a903b000,0x1070000,9,259.45,1.38,61.8,310,0
1,0x1a804b000,74,0x1a88ab000,0x8e0000,0,259.37,1.46,61.8,309,0
1,0x1a804b000,74,0x1a88ab000,0x8e0000,1,259.46,1.37,61.8,309,0
1,0x1a804b000,74,0x1a88ab000,0x8e0000,2,259.55,1.27,61.7,309,0
1,0x1a804b000,74,0x1a88ab000,0x8e0000,3,259.51,1.31,61.8,310,0
1,0x1a804b000,74,0x1a88ab000,0x8e0000,4,259.53,1.28,61.7,309,0
1,0x1a804b000,74,0x1a88ab000,0x8e0000,5,259.46,1.37,61.8,310,0
1,0x1a804b000,74,0x1a88ab000,0x8e0000,6,259.52,1.30,61.8,309,0
1,0x1a804b000,74,0x1a88ab000,0x8e0000,7,259.57,1.24,61.7,309,0
1,0x1a804b000,74,0x1a88ab000,0x8e0000,8,259.52,1.30,61.8,309,0
1,0x1a804b000,74,0x1a88ab000,0x8e0000,9,259.33,1.50,61.7,309,0
1,0x1a804b000,75,0x1ae80a000,0x6841000,0,263.47,1.36,79.7,399,0
1,0x1a804b000,75,0x1ae80a000,0x6841000,1,264.00,0.00,79.9,400,0
1,0x1a804b000,75,0x1ae80a000,0x6841000,2,264.00,0.00,79.7,399,0
1,0x1a804b000,75,0x1ae80a000,0x6841000,3,264.00,0.00,79.7,399,0
1,0x1a804b000,75,0x1ae80a000,0x6841000,4,264.00,0.00,79.6,399,0
1,0x1a804b000,75,0x1ae80a000,0x6841000,5,264.00,0.00,79.6,398,0
1,0x1a804b000,75,0x1ae80a000,0x6841000,6,264.00,0.00,79.8,400,0
1,0x1a804b000,75,0x1ae80a000,0x6841000,7,264.00,0.00,79.6,398,0
1,0x1a804b000,75,0x1ae80a000,0x6841000,8,264.00,0.00,79.4,397,0
1,0x1a804b000,75,0x1ae80a000,0x6841000,9,264.00,0.00,79.3,397,0
1,0x1a804b000,76,0x1a5e9c000,0xded7000,0,263.98,0.28,80.4,403,0
1,0x1a804b000,76,0x1a5e9c000,0xded7000,1,264.00,0.00,80.8,404,0
1,0x1a804b000,76,0x1a5e9c000,0xded7000,2,264.00,0.00,80.8,404,0
1,0x1a804b000,76,0x1a5e9c000,0xded7000,3,264.00,0.00,81.0,406,0
1,0x1a804b000,76,0x1a5e9c000,0xded7000,4,264.00,0.00,80.9,405,0
1,0x1a804b000,76,0x1a5e9c000,0xded7000,5,264.00,0.00,80.8,405,0
1,0x1a804b000,76,0x1a5e9c000,0xded7000,6,264.00,0.00,80.8,405,0
1,0x1a804b000,76,0x1a5e9c000,0xded7000,7,264.00,0.00,80.8,405,0
1,0x1a804b000,76,0x1a5e9c000,0xded7000,8,264.00,0.00,80.9,405,0
1,0x1a804b000,76,0x1a5e9c000,0xded7000,9,264.00,0.00,81.1,406,0
1,0x1a804b000,77,0x1ab162000,0x3129000,0,264.00,0.00,79.7,399,0
1,0x1a804b000,77,0x1ab162000,0x3129000,1,264.00,0.00,79.8,399,0
1,0x1a804b000,77,0x1ab162000,0x3129000,2,264.00,0.00,79.7,399,0
1,0x1a804b000,77,0x1ab162000,0x3129000,3,264.00,0.00,79.6,399,0
1,0x1a804b000,77,0x1ab162000,0x3129000,4,264.00,0.00,79.9,400,0
1,0x1a804b000,77,0x1ab162000,0x3129000,5,264.00,0.00,79.8,399,0
1,0x1a804b000,77,0x1ab162000,0x3129000,6,264.00,0.00,79.8,400,0
1,0x1a804b000,77,0x1ab162000,0x3129000,7,264.00,0.00,79.8,399,0
1,0x1a804b000,77,0x1ab162000,0x3129000,8,264.00,0.00,79.6,398,0
1,0x1a804b000,77,0x1ab162000,0x3129000,9,264.00,0.00,79.7,399,0
1,0x1a804b000,78,0xbc303000,0x114348000,0,259.54,1.47,62.0,310,0
1,0x1a804b000,78,0xbc303000,0x114348000,1,259.28,1.54,62.0,310,0
1,0x1a804b000,78,0xbc303000,0x114348000,2,259.43,1.40,62.0,310,0
1,0x1a804b000,78,0xbc303000,0x114348000,3,259.32,1.51,62.0,310,0
1,0x1a804b000,78,0xbc303000,0x114348000,4,259.56,1.25,62.0,311,0
1,0x1a804b000,78,0xbc303000,0x114348000,5,259.48,1.34,61.8,309,0
1,0x1a804b000,78,0xbc303000,0x114348000,6,259.55,1.27,61.9,310,0
1,0x1a804b000,78,0xbc303000,0x114348000,7,259.39,1.43,61.9,310,0
1,0x1a804b000,78,0xbc303000,0x114348000,8,259.38,1.45,62.0,310,0
1,0x1a804b000,78,0xbc303000,0x114348000,9,259.41,1.42,62.0,310,0
1,0x1a804b000,79,0x1b3161000,0x1b12a000,0,263.38,1.45,79.7,399,0
1,0x1a804b000,79,0x1b3161000,0x1b12a000,1,264.00,0.00,79.8,399,0
1,0x1a804b000,79,0x1b3161000,0x1b12a000,2,264.00,0.00,79.6,399,0
1,0x1a804b000,79,0x1b3161000,0x1b12a000,3,264.00,0.00,79.6,398,0
1,0x1a804b000,79,0x1b3161000,0x1b12a000,4,264.00,0.00,79.6,398,0
1,0x1a804b000,79,0x1b3161000,0x1b12a000,5,264.00,0.00,79.6,398,0
1,0x1a804b000,79,0x1b3161000,0x1b12a000,6,264.00,0.00,79.7,399,0
1,0x1a804b000,79,0x1b3161000,0x1b12a000,7,264.00,0.00,79.5,398,0
1,0x1a804b000,79,0x1b3161000,0x1b12a000,8,264.00,0.00,79.5,398,0
1,0x1a804b000,79,0x1b3161000,0x1b12a000,9,264.00,0.00,79.6,398,0
1,0x1a804b000,-1,0x1ac7de000,0x3972bf000,0,264.00,0.00,81.0,405,1
1,0x1a804b000,80,0x1b5a00000,0x1da4b000,0,264.00,0.00,79.7,399,0
1,0x1a804b000,80,0x1b5a00000,0x1da4b000,1,264.00,0.00,79.7,399,0
1,0x1a804b000,80,0x1b5a00000,0x1da4b000,2,264.00,0.00,79.8,399,0
1,0x1a804b000,80,0x1b5a00000,0x1da4b000,3,264.00,0.00,79.7,399,0
1,0x1a804b000,80,0x1b5a00000,0x1da4b000,4,264.00,0.00,79.7,399,0
1,0x1a804b000,80,0x1b5a00000,0x1da4b000,5,264.00,0.00,79.8,400,0
1,0x1a804b000,80,0x1b5a00000,0x1da4b000,6,264.00,0.00,79.8,399,0
1,0x1a804b000,80,0x1b5a00000,0x1da4b000,7,264.00,0.00,79.7,399,0
1,0x1a804b000,80,0x1b5a00000,0x1da4b000,8,264.00,0.00,79.8,400,0
1,0x1a804b000,80,0x1b5a00000,0x1da4b000,9,264.00,0.00,79.5,398,0
1,0x1a804b000,81,0x1a3461000,0xb42a000,0,264.00,0.00,81.0,405,0
1,0x1a804b000,81,0x1a3461000,0xb42a000,1,264.00,0.00,80.9,405,0
1,0x1a804b000,81,0x1a3461000,0xb42a000,2,264.00,0.00,80.8,404,0
1,0x1a804b000,81,0x1a3461000,0xb42a000,3,264.00,0.00,80.8,405,0
1,0x1a804b000,81,0x1a3461000,0xb42a000,4,264.00,0.00,80.9,405,0
1,0x1a804b000,81,0x1a3461000,0xb42a000,5,264.00,0.00,80.9,405,0
1,0x1a804b000,81,0x1a3461000,0xb42a000,6,264.00,0.00,81.0,406,0
1,0x1a804b000,81,0x1a3461000,0xb42a000,7,264.00,0.00,81.1,406,0
1,0x1a804b000,81,0x1a3461000,0xb42a000,8,264.00,0.00,81.1,406,0
1,0x1a804b000,81,0x1a3461000,0xb42a000,9,264.00,0.00,81.1,406,0
1,0x1a804b000,82,0xbb59a000,0x1135d1000,0,264.00,0.00,79.7,399,0
1,0x1a804b000,82,0xbb59a000,0x1135d1000,1,264.00,0.00,79.7,399,0
1,0x1a804b000,82,0xbb59a000,0x1135d1000,2,264.00,0.00,79.5,398,0
1,0x1a804b000,82,0xbb59a000,0x1135d1000,3,264.00,0.00,79.8,399,0
1,0x1a804b000,82,0xbb59a000,0x1135d1000,4,264.00,0.00,79.6,398,0
1,0x1a804b000,82,0xbb59a000,0x1135d1000,5,264.00,0.00,79.7,399,0
1,0x1a804b000,82,0xbb59a000,0x1135d1000,6,264.00,0.00,79.7,399,0
1,0x1a804b000,82,0xbb59a000,0x1135d1000,7,264.00,0.00,79.7,399,0
1,0x1a804b000,82,0xbb59a000,0x1135d1000,8,264.00,0.00,79.7,399,0
1,0x1a804b000,82,0xbb59a000,0x1135d1000,9,264.00,0.00,79.7,399,0
1,0x1a804b000,83,0x1a1cf1000,0x9cba000,0,264.00,0.00,79.8,399,0
1,0x1a804b000,83,0x1a1cf1000,0x9cba000,1,264.00,0.00,79.6,399,0
1,0x1a804b000,83,0x1a1cf1000,0x9cba000,2,264.00,0.00,79.6,398,0
1,0x1a804b000,83,0x1a1cf1000,0x9cba000,3,264.00,0.00,79.7,399,0
1,0x1a804b000,83,0x1a1cf1000,0x9cba000,4,264.00,0.00,79.5,398,0
1,0x1a804b000,83,0x1a1cf1000,0x9cba000,5,264.00,0.00,79.5,398,0
1,0x1a804b000,83,0x1a1cf1000,0x9cba000,6,264.00,0.00,79.7,399,0
1,0x1a804b000,83,0x1a1cf1000,0x9cba000,7,264.00,0.00,79.6,399,0
1,0x1a804b000,83,0x1a1cf1000,0x9cba000,8,264.00,0.00,79.6,399,0
1,0x1a804b000,83,0x1a1cf1000,0x9cba000,9,264.00,0.00,79.5,398,0
1,0x1a804b000,84,0x1adbfe000,0x5bb5000,0,264.00,0.00,79.6,398,0
1,0x1a804b000,84,0x1adbfe000,0x5bb5000,1,264.00,0.00,79.6,399,0
1,0x1a804b000,84,0x1adbfe000,0x5bb5000,2,264.00,0.00,79.5,398,0
1,0x1a804b000,84,0x1adbfe000,0x5bb5000,3,264.00,0.00,79.8,399,0
1,0x1a804b000,84,0x1adbfe000,0x5bb5000,4,264.00,0.00,79.6,399,0
1,0x1a804b000,84,0x1adbfe000,0x5bb5000,5,264.00,0.00,79.5,398,0
1,0x1a804b000,84,0x1adbfe000,0x5bb5000,6,264.00,0.00,79.7,399,0
1,0x1a804b000,84,0x1adbfe000,0x5bb5000,7,264.00,0.00,79.3,397,0
1,0x1a804b000,84,0x1adbfe000,0x5bb5000,8,264.00,0.00,79.5,398,0
1,0x1a804b000,84,0x1adbfe000,0x5bb5000,9,264.00,0.00,79.6,399,0
1,0x1a804b000,85,0x1afba5000,0x7bee000,0,264.00,0.00,79.7,399,0
1,0x1a804b000,85,0x1afba5000,0x7bee000,1,264.00,0.00,79.6,398,0
1,0x1a804b000,85,0x1afba5000,0x7bee000,2,264.00,0.00,79.7,399,0
1,0x1a804b000,85,0x1afba5000,0x7bee000,3,264.00,0.00,79.8,400,0
1,0x1a804b000,85,0x1afba5000,0x7bee000,4,264.00,0.00,79.9,400,0
1,0x1a804b000,85,0x1afba5000,0x7bee000,5,264.00,0.00,79.7,399,0
1,0x1a804b000,85,0x1afba5000,0x7bee000,6,264.00,0.00,79.7,399,0
1,0x1a804b000,85,0x1afba5000,0x7bee000,7,264.00,0.00,79.8,399,0
1,0x1a804b000,85,0x1afba5000,0x7bee000,8,264.00,0.00,79.9,400,0
1,0x1a804b000,85,0x1afba5000,0x7bee000,9,264.00,0.00,79.6,399,0
1,0x1a804b000,86,0x1a74d8000,0xf493000,0,256.33,1.21,76.7,384,0
1,0x1a804b000,86,0x1a74d8000,0xf493000,1,256.00,0.00,76.8,385,0
1,0x1a804b000,86,0x1a74d8000,0xf493000,2,256.00,0.00,76.9,385,0
1,0x1a804b000,86,0x1a74d8000,0xf493000,3,256.00,0.00,76.9,385,0
1,0x1a804b000,86,0x1a74d8000,0xf493000,4,256.00,0.00,76.9,385,0
1,0x1a804b000,86,0x1a74d8000,0xf493000,5,256.00,0.00,76.9,385,0
1,0x1a804b000,86,0x1a74d8000,0xf493000,6,256.00,0.00,76.9,385,0
1,0x1a804b000,86,0x1a74d8000,0xf493000,7,256.00,0.00,76.9,385,0
1,0x1a804b000,86,0x1a74d8000,0xf493000,8,256.00,0.00,76.9,385,0
1,0x1a804b000,86,0x1a74d8000,0xf493000,9,256.00,0.00,76.9,385,0
1,0x1a804b000,87,0x1afabe000,0x7af5000,0,263.14,1.95,79.3,397,0
1,0x1a804b000,87,0x1afabe000,0x7af5000,1,264.00,0.00,79.2,397,0
1,0x1a804b000,87,0x1afabe000,0x7af5000,2,264.00,0.00,79.2,397,0
1,0x1a804b000,87,0x1afabe000,0x7af5000,3,264.00,0.00,79.5,398,0
1,0x1a804b000,87,0x1afabe000,0x7af5000,4,264.00,0.00,79.5,398,0
1,0x1a804b000,87,0x1afabe000,0x7af5000,5,264.00,0.00,79.6,399,0
1,0x1a804b000,87,0x1afabe000,0x7af5000,6,264.00,0.00,79.6,399,0
1,0x1a804b000,87,0x1afabe000,0x7af5000,7,264.00,0.00,79.6,398,0
1,0x1a804b000,87,0x1afabe000,0x7af5000,8,264.00,0.00,79.6,399,0
1,0x1a804b000,87,0x1afabe000,0x7af5000,9,264.00,0.00,79.6,399,0
1,0x1a804b000,88,0xba768000,0x112723000,0,264.00,0.00,80.8,405,0
1,0x1a804b000,88,0xba768000,0x112723000,1,264.00,0.00,80.8,405,0
1,0x1a804b000,88,0xba768000,0x112723000,2,264.00,0.00,80.8,405,0
1,0x1a804b000,88,0xba768000,0x112723000,3,264.00,0.00,80.8,404,0
1,0x1a804b000,88,0xba768000,0x112723000,4,264.00,0.00,80.7,404,0
1,0x1a804b000,88,0xba768000,0x112723000,5,264.00,0.00,80.7,404,0
1,0x1a804b000,88,0xba768000,0x112723000,6,264.00,0.00,81.0,405,0
1,0x1a804b000,88,0xba768000,0x112723000,7,264.00,0.00,80.8,405,0
1,0x1a804b000,88,0xba768000,0x112723000,8,264.00,0.00,81.1,406,0
1,0x1a804b000,88,0xba768000,0x112723000,9,264.00,0.00,81.0,405,0
1,0x1a804b000,89,0x1dab75000,0x72b3e000,0,264.00,0.00,80.9,405,0
1,0x1a804b000,89,0x1dab75000,0x72b3e000,1,264.00,0.00,80.9,405,0
1,0x1a804b000,89,0x1dab75000,0x72b3e000,2,264.00,0.00,81.0,406,0
1,0x1a804b000,89,0x1dab75000,0x72b3e000,3,264.00,0.00,80.9,405,0
1,0x1a804b000,89,0x1dab75000,0x72b3e000,4,264.00,0.00,81.0,406,0
1,0x1a804b000,89,0x1dab75000,0x72b3e000,5,264.00,0.00,81.1,406,0
1,0x1a804b000,89,0x1dab75000,0x72b3e000,6,264.00,0.00,80.9,405,0
1,0x1a804b000,89,0x1dab75000,0x72b3e000,7,264.00,0.00,80.3,402,0
1,0x1a804b000,89,0x1dab75000,0x72b3e000,8,264.00,0.00,80.9,405,0
1,0x1a804b000,89,0x1dab75000,0x72b3e000,9,264.00,0.00,81.0,405,0
1,0x1a804b000,-1,0x1ac7de000,0x3972bf000,0,264.00,0.00,81.0,406,1
1,0x1a804b000,90,0x1b2c10000,0x1ac5b000,0,256.38,1.31,77.0,385,0
1,0x1a804b000,90,0x1b2c10000,0x1ac5b000,1,256.00,0.00,76.9,385,0
1,0x1a804b000,90,0x1b2c10000,0x1ac5b000,2,256.00,0.00,76.9,385,0
1,0x1a804b000,90,0x1b2c10000,0x1ac5b000,3,256.00,0.00,76.9,385,0
1,0x1a804b000,90,0x1b2c10000,0x1ac5b000,4,256.00,0.00,76.8,385,0
1,0x1a804b000,90,0x1b2c10000,0x1ac5b000,5,256.00,0.00,76.9,385,0
1,0x1a804b000,90,0x1b2c10000,0x1ac5b000,6,256.00,0.00,76.9,385,0
1,0x1a804b000,90,0x1b2c10000,0x1ac5b000,7,256.00,0.00,76.9,385,0
1,0x1a804b000,90,0x1b2c10000,0x1ac5b000,8,256.00,0.00,76.9,385,0
1,0x1a804b000,90,0x1b2c10000,0x1ac5b000,9,256.00,0.00,76.7,384,0
1,0x1a804b000,91,0x1ad4a4000,0x54ef000,0,263.12,1.98,80.8,405,0
1,0x1a804b000,91,0x1ad4a4000,0x54ef000,1,264.00,0.00,81.0,406,0
1,0x1a804b000,91,0x1ad4a4000,0x54ef000,2,264.00,0.00,81.0,405,0
1,0x1a804b000,91,0x1ad4a4000,0x54ef000,3,264.00,0.00,81.1,406,0
1,0x1a804b000,91,0x1ad4a4000,0x54ef000,4,264.00,0.00,81.0,405,0
1,0x1a804b000,91,0x1ad4a4000,0x54ef000,5,264.00,0.00,81.1,406,0
1,0x1a804b000,91,0x1ad4a4000,0x54ef000,6,264.00,0.00,80.9,405,0
1,0x1a804b000,91,0x1ad4a4000,0x54ef000,7,264.00,0.00,81.1,406,0
1,0x1a804b000,91,0x1ad4a4000,0x54ef000,8,264.00,0.00,81.1,406,0
1,0x1a804b000,91,0x1ad4a4000,0x54ef000,9,263.91,0.59,80.9,405,0
1,0x1a804b000,92,0x1a69f0000,0xe9bb000,0,256.38,1.34,76.9,385,0
1,0x1a804b000,92,0x1a69f0000,0xe9bb000,1,256.00,0.00,76.9,385,0
1,0x1a804b000,92,0x1a69f0000,0xe9bb000,2,256.00,0.00,76.8,385,0
1,0x1a804b000,92,0x1a69f0000,0xe9bb000,3,256.00,0.00,77.0,385,0
1,0x1a804b000,92,0x1a69f0000,0xe9bb000,4,256.00,0.00,76.9,385,0
1,0x1a804b000,92,0x1a69f0000,0xe9bb000,5,256.00,0.00,76.9,385,0
1,0x1a804b000,92,0x1a69f0000,0xe9bb000,6,256.00,0.00,76.9,385,0
1,0x1a804b000,92,0x1a69f0000,0xe9bb000,7,256.00,0.00,76.9,385,0
1,0x1a804b000,92,0x1a69f0000,0xe9bb000,8,256.00,0.00,76.9,385,0
1,0x1a804b000,92,0x1a69f0000,0xe9bb000,9,256.00,0.00,76.9,385,0
1,0x1a804b000,93,0x2390e9000,0x3910a2000,0,263.13,1.96,79.7,399,0
1,0x1a804b000,93,0x2390e9000,0x3910a2000,1,264.00,0.00,79.4,398,0
1,0x1a804b000,93,0x2390e9000,0x3910a2000,2,264.00,0.00,79.4,397,0
1,0x1a804b000,93,0x2390e9000,0x3910a2000,3,264.00,0.00,79.6,398,0
1,0x1a804b000,93,0x2390e9000,0x3910a2000,4,264.00,0.00,79.3,397,0
1,0x1a804b000,93,0x2390e9000,0x3910a2000,5,264.00,0.00,79.5,398,0
1,0x1a804b000,93,0x2390e9000,0x3910a2000,6,264.00,0.00,79.7,399,0
1,0x1a804b000,93,0x2390e9000,0x3910a2000,7,264.00,0.00,79.7,399,0
1,0x1a804b000,93,0x2390e9000,0x3910a2000,8,264.00,0.00,79.6,398,0
1,0x1a804b000,93,0x2390e9000,0x3910a2000,9,264.00,0.00,79.5,398,0
1,0x1a804b000,94,0xb8f0f000,0x110f44000,0,259.55,1.38,61.8,309,0
1,0x1a804b000,94,0xb8f0f000,0x110f44000,1,259.31,1.51,61.8,309,0
1,0x1a804b000,94,0xb8f0f000,0x110f44000,2,259.45,1.38,61.8,310,0
1,0x1a804b000,94,0xb8f0f000,0x110f44000,3,259.25,1.56,61.8,309,0
1,0x1a804b000,94,0xb8f0f000,0x110f44000,4,259.12,1.66,61.8,310,0
1,0x1a804b000,94,0xb8f0f000,0x110f44000,5,259.34,1.48,61.8,310,0
1,0x1a804b000,94,0xb8f0f000,0x110f44000,6,259.25,1.56,61.7,309,0
1,0x1a804b000,94,0xb8f0f000,0x110f44000,7,259.35,1.47,61.7,309,0
1,0x1a804b000,94,0xb8f0f000,0x110f44000,8,259.16,1.63,61.8,310,0
1,0x1a804b000,94,0xb8f0f000,0x110f44000,9,259.26,1.55,61.7,309,0
1,0x1a804b000,95,0x1a99b7000,0x19fc000,0,259.41,1.42,62.0,310,0
1,0x1a804b000,95,0x1a99b7000,0x19fc000,1,259.30,1.52,62.0,310,0
1,0x1a804b000,95,0x1a99b7000,0x19fc000,2,259.34,1.48,61.9,310,0
1,0x1a804b000,95,0x1a99b7000,0x19fc000,3,259.13,1.65,62.0,311,0
1,0x1a804b000,95,0x1a99b7000,0x19fc000,4,259.05,1.71,62.0,310,0
1,0x1a804b000,95,0x1a99b7000,0x19fc000,5,259.23,1.58,62.0,310,0
1,0x1a804b000,95,0x1a99b7000,0x19fc000,6,259.32,1.51,61.9,310,0
1,0x1a804b000,95,0x1a99b7000,0x19fc000,7,259.08,1.68,61.8,310,0
1,0x1a804b000,95,0x1a99b7000,0x19fc000,8,259.39,1.43,62.0,310,0
1,0x1a804b000,95,0x1a99b7000,0x19fc000,9,259.51,1.31,61.8,309,0
1,0x1a804b000,96,0x1abfa5000,0x3fee000,0,263.56,1.26,80.8,405,0
1,0x1a804b000,96,0x1abfa5000,0x3fee000,1,264.00,0.00,81.0,405,0
1,0x1a804b000,96,0x1abfa5000,0x3fee000,2,263.99,0.20,81.1,406,0
1,0x1a804b000,96,0x1abfa5000,0x3fee000,3,264.00,0.00,81.0,405,0
1,0x1a804b000,96,0x1abfa5000,0x3fee000,4,264.00,0.00,81.0,406,0
1,0x1a804b000,96,0x1abfa5000,0x3fee000,5,264.00,0.00,80.8,405,0
1,0x1a804b000,96,0x1abfa5000,0x3fee000,6,264.00,0.00,80.9,405,0
1,0x1a804b000,96,0x1abfa5000,0x3fee000,7,264.00,0.00,81.0,405,0
1,0x1a804b000,96,0x1abfa5000,0x3fee000,8,264.00,0.00,81.0,406,0
1,0x1a804b000,96,0x1abfa5000,0x3fee000,9,264.00,0.00,81.0,405,0
1,0x1a804b000,97,0x1a0d57000,0x8d1c000,0,252.72,2.01,61.2,306,0
1,0x1a804b000,97,0x1a0d57000,0x8d1c000,1,252.00,0.00,61.2,306,0
1,0x1a804b000,97,0x1a0d57000,0x8d1c000,2,252.00,0.00,61.0,306,0
1,0x1a804b000,97,0x1a0d57000,0x8d1c000,3,252.00,0.00,61.2,306,0
1,0x1a804b000,97,0x1a0d57000,0x8d1c000,4,252.00,0.00,61.2,306,0
1,0x1a804b000,97,0x1a0d57000,0x8d1c000,5,252.00,0.00,61.2,306,0
1,0x1a804b000,97,0x1a0d57000,0x8d1c000,6,252.00,0.00,61.2,306,0
1,0x1a804b000,97,0x1a0d57000,0x8d1c000,7,252.00,0.00,61.2,306,0
1,0x1a804b000,97,0x1a0d57000,0x8d1c000,8,252.00,0.00,61.2,306,0
1,0x1a804b000,97,0x1a0d57000,0x8d1c000,9,252.00,0.00,61.2,306,0
1,0x1a804b000,98,0x1a3026000,0xb06d000,0,262.79,2.63,79.7,399,0
1,0x1a804b000,98,0x1a3026000,0xb06d000,1,264.00,0.00,79.8,399,0
1,0x1a804b000,98,0x1a3026000,0xb06d000,2,264.00,0.00,79.7,399,0
1,0x1a804b000,98,0x1a3026000,0xb06d000,3,264.00,0.00,79.8,400,0
1,0x1a804b000,98,0x1a3026000,0xb06d000,4,264.00,0.00,79.8,400,0
1,0x1a804b000,98,0x1a3026000,0xb06d000,5,264.00,0.00,79.7,399,0
1,0x1a804b000,98,0x1a3026000,0xb06d000,6,264.00,0.00,79.7,399,0
1,0x1a804b000,98,0x1a3026000,0xb06d000,7,264.00,0.00,79.9,400,0
1,0x1a804b000,98,0x1a3026000,0xb06d000,8,264.00,0.00,79.6,399,0
1,0x1a804b000,98,0x1a3026000,0xb06d000,9,264.00,0.00,79.6,398,0
1,0x1a804b000,99,0x239176000,0x39113d000,0,264.00,0.00,80.9,405,0
1,0x1a804b000,99,0x239176000,0x39113d000,1,264.00,0.00,80.8,404,0
1,0x1a804b000,99,0x239176000,0x39113d000,2,264.00,0.00,80.9,405,0
1,0x1a804b000,99,0x239176000,0x39113d000,3,264.00,0.00,81.0,405,0
1,0x1a804b000,99,0x239176000,0x39113d000,4,264.00,0.00,80.8,405,0
1,0x1a804b000,99,0x239176000,0x39113d000,5,264.00,0.00,81.0,406,0
1,0x1a804b000,99,0x239176000,0x39113d000,6,264.00,0.00,80.9,405,0
1,0x1a804b000,99,0x239176000,0x39113d000,7,264.00,0.00,80.5,403,0
1,0x1a804b000,99,0x239176000,0x39113d000,8,264.00,0.00,80.9,405,0
1,0x1a804b000,99,0x239176000,0x39113d000,9,264.00,0.00,80.9,405,0
