mask_id,mask_name,anchor_pa,probe_pa,pa_xor,predicted,rep,mean_curr_mA,throughput_cps
0,random,0x19d411000,0x1a5caa000,0x388bb000,random,0,262.56,80.4
0,random,0x19d411000,0x1a5caa000,0x388bb000,random,1,262.83,80.4
0,random,0x19d411000,0x1a5caa000,0x388bb000,random,2,263.04,80.2
1,random,0x19d411000,0xadbfa000,0x130feb000,random,0,263.86,80.4
1,random,0x19d411000,0xadbfa000,0x130feb000,random,1,263.73,80.3
1,random,0x19d411000,0xadbfa000,0x130feb000,random,2,263.46,80.3
2,random,0x19d411000,0xbc3fa000,0x1217eb000,random,0,263.49,80.4
2,random,0x19d411000,0xbc3fa000,0x1217eb000,random,1,263.83,80.5
2,random,0x19d411000,0xbc3fa000,0x1217eb000,random,2,263.75,80.1
3,random,0x19d411000,0x1907e6000,0xd3f7000,random,0,262.90,80.5
3,random,0x19d411000,0x1907e6000,0xd3f7000,random,1,263.38,80.4
3,random,0x19d411000,0x1907e6000,0xd3f7000,random,2,262.65,80.3
4,random,0x19d411000,0x189992000,0x14d83000,random,0,256.25,79.2
4,random,0x19d411000,0x189992000,0x14d83000,random,1,256.00,79.3
4,random,0x19d411000,0x189992000,0x14d83000,random,2,256.00,79.2
5,random,0x19d411000,0xadc87000,0x130896000,random,0,262.66,80.3
5,random,0x19d411000,0xadc87000,0x130896000,random,1,263.42,80.5
5,random,0x19d411000,0xadc87000,0x130896000,random,2,263.25,80.4
6,random,0x19d411000,0x190573000,0xd162000,random,0,263.44,80.3
6,random,0x19d411000,0x190573000,0xd162000,random,1,262.79,80.4
6,random,0x19d411000,0x190573000,0xd162000,random,2,262.98,80.2
7,random,0x19d411000,0x1ab604000,0x36215000,random,0,263.85,80.3
7,random,0x19d411000,0x1ab604000,0x36215000,random,1,263.71,80.7
7,random,0x19d411000,0x1ab604000,0x36215000,random,2,263.89,80.6
8,random,0x19d411000,0xb1e58000,0x12ca49000,random,0,263.77,80.7
8,random,0x19d411000,0xb1e58000,0x12ca49000,random,1,263.91,80.6
8,random,0x19d411000,0xb1e58000,0x12ca49000,random,2,263.73,80.5
9,random,0x19d411000,0x1b4600000,0x29211000,random,0,263.77,80.7
9,random,0x19d411000,0x1b4600000,0x29211000,random,1,263.69,80.6
9,random,0x19d411000,0x1b4600000,0x29211000,random,2,263.70,80.6
10,random,0x19d411000,0xaccd6000,0x1318c7000,random,0,264.00,80.7
10,random,0x19d411000,0xaccd6000,0x1318c7000,random,1,263.74,80.6
10,random,0x19d411000,0xaccd6000,0x1318c7000,random,2,263.48,80.6
11,random,0x19d411000,0xbd80a000,0x120c1b000,random,0,263.32,80.1
11,random,0x19d411000,0xbd80a000,0x120c1b000,random,1,268.88,79.9
11,random,0x19d411000,0xbd80a000,0x120c1b000,random,2,275.82,79.8
12,random,0x19d411000,0x1b4fb2000,0x29ba3000,random,0,280.12,79.3
12,random,0x19d411000,0x1b4fb2000,0x29ba3000,random,1,283.54,79.3
12,random,0x19d411000,0x1b4fb2000,0x29ba3000,random,2,268.08,80.1
13,random,0x19d411000,0xad59d000,0x13018c000,random,0,257.67,62.2
13,random,0x19d411000,0xad59d000,0x13018c000,random,1,257.35,62.4
13,random,0x19d411000,0xad59d000,0x13018c000,random,2,257.73,62.4
14,random,0x19d411000,0x1b32de000,0x2e6cf000,random,0,263.01,80.0
14,random,0x19d411000,0x1b32de000,0x2e6cf000,random,1,263.71,80.0
14,random,0x19d411000,0x1b32de000,0x2e6cf000,random,2,263.42,80.1
15,random,0x19d411000,0x1b520f000,0x2861e000,random,0,264.00,80.4
15,random,0x19d411000,0x1b520f000,0x2861e000,random,1,264.00,80.2
15,random,0x19d411000,0x1b520f000,0x2861e000,random,2,264.00,80.4
16,random,0x19d411000,0xaea2b000,0x133e3a000,random,0,256.70,76.2
16,random,0x19d411000,0xaea2b000,0x133e3a000,random,1,256.00,76.2
16,random,0x19d411000,0xaea2b000,0x133e3a000,random,2,256.75,76.2
17,random,0x19d411000,0x1a8534000,0x35125000,random,0,256.00,79.1
17,random,0x19d411000,0x1a8534000,0x35125000,random,1,256.00,78.9
17,random,0x19d411000,0x1a8534000,0x35125000,random,2,256.00,79.1
18,random,0x19d411000,0x18a1c9000,0x175d8000,random,0,252.04,61.2
18,random,0x19d411000,0x18a1c9000,0x175d8000,random,1,252.00,61.2
18,random,0x19d411000,0x18a1c9000,0x175d8000,random,2,252.00,61.2
19,random,0x19d411000,0xaf90c000,0x132d1d000,random,0,262.55,80.4
19,random,0x19d411000,0xaf90c000,0x132d1d000,random,1,264.00,80.3
19,random,0x19d411000,0xaf90c000,0x132d1d000,random,2,264.00,80.6
20,random,0x19d411000,0x1b6a01000,0x2be10000,random,0,256.74,61.8
20,random,0x19d411000,0x1b6a01000,0x2be10000,random,1,256.00,61.8
20,random,0x19d411000,0x1b6a01000,0x2be10000,random,2,256.00,61.8
21,random,0x19d411000,0x1b6efa000,0x2baeb000,random,0,263.33,80.5
21,random,0x19d411000,0x1b6efa000,0x2baeb000,random,1,264.00,80.4
21,random,0x19d411000,0x1b6efa000,0x2baeb000,random,2,264.00,80.3
22,random,0x19d411000,0x193ab4000,0xeea5000,random,0,264.00,80.2
22,random,0x19d411000,0x193ab4000,0xeea5000,random,1,264.00,80.3
22,random,0x19d411000,0x193ab4000,0xeea5000,random,2,264.00,80.4
23,random,0x19d411000,0x1afb65000,0x32f74000,random,0,256.67,61.8
23,random,0x19d411000,0x1afb65000,0x32f74000,random,1,256.00,61.8
23,random,0x19d411000,0x1afb65000,0x32f74000,random,2,256.00,61.7
24,random,0x19d411000,0x1ae84c000,0x33c5d000,random,0,262.30,79.9
24,random,0x19d411000,0x1ae84c000,0x33c5d000,random,1,263.44,80.0
24,random,0x19d411000,0x1ae84c000,0x33c5d000,random,2,263.38,80.0
25,random,0x19d411000,0x1b3ce9000,0x2e8f8000,random,0,252.61,61.2
25,random,0x19d411000,0x1b3ce9000,0x2e8f8000,random,1,252.00,61.2
25,random,0x19d411000,0x1b3ce9000,0x2e8f8000,random,2,252.00,61.2
26,random,0x19d411000,0x1ab27b000,0x3666a000,random,0,255.46,79.3
26,random,0x19d411000,0x1ab27b000,0x3666a000,random,1,256.00,79.3
26,random,0x19d411000,0x1ab27b000,0x3666a000,random,2,256.00,79.2
27,random,0x19d411000,0x1a8834000,0x35c25000,random,0,263.00,80.5
27,random,0x19d411000,0x1a8834000,0x35c25000,random,1,264.00,80.4
27,random,0x19d411000,0x1a8834000,0x35c25000,random,2,264.00,80.3
28,random,0x19d411000,0x18838a000,0x1579b000,random,0,264.00,80.4
28,random,0x19d411000,0x18838a000,0x1579b000,random,1,264.00,80.5
28,random,0x19d411000,0x18838a000,0x1579b000,random,2,263.97,80.4
29,random,0x19d411000,0x186e64000,0x1ba75000,random,0,263.93,80.4
29,random,0x19d411000,0x186e64000,0x1ba75000,random,1,263.90,80.4
29,random,0x19d411000,0x186e64000,0x1ba75000,random,2,264.00,80.4
30,random,0x19d411000,0x1b6e99000,0x2ba88000,random,0,257.10,61.8
30,random,0x19d411000,0x1b6e99000,0x2ba88000,random,1,256.08,61.8
30,random,0x19d411000,0x1b6e99000,0x2ba88000,random,2,256.00,61.6
31,random,0x19d411000,0x1ab144000,0x36555000,random,0,263.08,80.4
31,random,0x19d411000,0x1ab144000,0x36555000,random,1,264.00,80.4
31,random,0x19d411000,0x1ab144000,0x36555000,random,2,263.96,80.5
32,random,0x19d411000,0xaf12c000,0x13253d000,random,0,264.00,80.3
32,random,0x19d411000,0xaf12c000,0x13253d000,random,1,264.00,80.5
32,random,0x19d411000,0xaf12c000,0x13253d000,random,2,264.00,80.5
33,random,0x19d411000,0x19ad9f000,0x798e000,random,0,256.31,79.1
33,random,0x19d411000,0x19ad9f000,0x798e000,random,1,256.00,78.9
33,random,0x19d411000,0x19ad9f000,0x798e000,random,2,256.00,79.1
34,random,0x19d411000,0xbd46f000,0x12007e000,random,0,262.85,80.4
34,random,0x19d411000,0xbd46f000,0x12007e000,random,1,264.00,80.1
34,random,0x19d411000,0xbd46f000,0x12007e000,random,2,264.00,80.4
35,random,0x19d411000,0xb1468000,0x12c079000,random,0,264.00,80.4
35,random,0x19d411000,0xb1468000,0x12c079000,random,1,264.00,80.4
35,random,0x19d411000,0xb1468000,0x12c079000,random,2,264.00,80.4
36,random,0x19d411000,0x1a5f87000,0x38b96000,random,0,264.00,79.8
36,random,0x19d411000,0x1a5f87000,0x38b96000,random,1,263.90,79.9
36,random,0x19d411000,0x1a5f87000,0x38b96000,random,2,263.95,80.1
37,random,0x19d411000,0x191e7b000,0xca6a000,random,0,264.00,80.3
37,random,0x19d411000,0x191e7b000,0xca6a000,random,1,264.00,80.3
37,random,0x19d411000,0x191e7b000,0xca6a000,random,2,264.00,80.3
38,random,0x19d411000,0x18b1be000,0x165af000,random,0,264.00,80.1
38,random,0x19d411000,0x18b1be000,0x165af000,random,1,264.00,80.0
38,random,0x19d411000,0x18b1be000,0x165af000,random,2,264.00,80.0
39,random,0x19d411000,0x187823000,0x1ac32000,random,0,264.00,80.5
39,random,0x19d411000,0x187823000,0x1ac32000,random,1,264.00,80.5
39,random,0x19d411000,0x187823000,0x1ac32000,random,2,264.00,80.4
40,random,0x19d411000,0x18f405000,0x12014000,random,0,258.05,62.4
40,random,0x19d411000,0x18f405000,0x12014000,random,1,257.87,62.2
40,random,0x19d411000,0x18f405000,0x12014000,random,2,257.90,62.4
41,random,0x19d411000,0xaf838000,0x132c29000,random,0,263.40,79.9
41,random,0x19d411000,0xaf838000,0x132c29000,random,1,264.00,80.0
41,random,0x19d411000,0xaf838000,0x132c29000,random,2,264.00,80.0
42,random,0x19d411000,0x18c34b000,0x1175a000,random,0,264.00,80.6
42,random,0x19d411000,0x18c34b000,0x1175a000,random,1,264.00,80.3
42,random,0x19d411000,0x18c34b000,0x1175a000,random,2,264.00,80.4
43,random,0x19d411000,0x18d286000,0x10697000,random,0,264.00,80.0
43,random,0x19d411000,0x18d286000,0x10697000,random,1,264.00,80.1
43,random,0x19d411000,0x18d286000,0x10697000,random,2,264.00,80.1
44,random,0x19d411000,0x19bb9a000,0x6f8b000,random,0,264.00,80.1
44,random,0x19d411000,0x19bb9a000,0x6f8b000,random,1,263.95,80.0
44,random,0x19d411000,0x19bb9a000,0x6f8b000,random,2,264.00,79.7
45,random,0x19d411000,0xb79a0000,0x12adb1000,random,0,264.00,80.4
45,random,0x19d411000,0xb79a0000,0x12adb1000,random,1,264.00,80.4
45,random,0x19d411000,0xb79a0000,0x12adb1000,random,2,264.00,80.4
46,random,0x19d411000,0x18b364000,0x16775000,random,0,264.00,80.5
46,random,0x19d411000,0x18b364000,0x16775000,random,1,264.00,80.5
46,random,0x19d411000,0x18b364000,0x16775000,random,2,264.00,80.4
47,random,0x19d411000,0x1a94a6000,0x340b7000,random,0,263.88,80.1
47,random,0x19d411000,0x1a94a6000,0x340b7000,random,1,264.00,80.0
47,random,0x19d411000,0x1a94a6000,0x340b7000,random,2,264.00,80.0
48,random,0x19d411000,0x1adbf5000,0x30fe4000,random,0,258.28,61.8
48,random,0x19d411000,0x1adbf5000,0x30fe4000,random,1,258.02,61.8
48,random,0x19d411000,0x1adbf5000,0x30fe4000,random,2,257.70,61.6
49,random,0x19d411000,0x19263d000,0xf22c000,random,0,252.30,61.2
49,random,0x19d411000,0x19263d000,0xf22c000,random,1,252.00,61.2
49,random,0x19d411000,0x19263d000,0xf22c000,random,2,252.00,61.2
50,random,0x19d411000,0x1b83a6000,0x257b7000,random,0,262.66,80.6
50,random,0x19d411000,0x1b83a6000,0x257b7000,random,1,264.00,80.5
50,random,0x19d411000,0x1b83a6000,0x257b7000,random,2,264.00,80.4
51,random,0x19d411000,0x1af24b000,0x3265a000,random,0,256.31,79.0
51,random,0x19d411000,0x1af24b000,0x3265a000,random,1,256.00,79.1
51,random,0x19d411000,0x1af24b000,0x3265a000,random,2,256.00,79.1
52,random,0x19d411000,0x1afa46000,0x32e57000,random,0,256.00,79.3
52,random,0x19d411000,0x1afa46000,0x32e57000,random,1,256.00,79.3
52,random,0x19d411000,0x1afa46000,0x32e57000,random,2,256.00,79.2
53,random,0x19d411000,0xb08f0000,0x12dce1000,random,0,263.04,79.8
53,random,0x19d411000,0xb08f0000,0x12dce1000,random,1,264.00,79.9
53,random,0x19d411000,0xb08f0000,0x12dce1000,random,2,264.00,80.0
54,random,0x19d411000,0x1a7d39000,0x3a928000,random,0,257.79,61.8
54,random,0x19d411000,0x1a7d39000,0x3a928000,random,1,256.74,61.7
54,random,0x19d411000,0x1a7d39000,0x3a928000,random,2,256.97,61.8
55,random,0x19d411000,0xb7e76000,0x12aa67000,random,0,263.35,80.3
55,random,0x19d411000,0xb7e76000,0x12aa67000,random,1,264.00,80.4
55,random,0x19d411000,0xb7e76000,0x12aa67000,random,2,264.00,80.4
56,random,0x19d411000,0x1915db000,0xc1ca000,random,0,264.00,80.2
56,random,0x19d411000,0x1915db000,0xc1ca000,random,1,264.00,80.4
56,random,0x19d411000,0x1915db000,0xc1ca000,random,2,264.00,80.4
57,random,0x19d411000,0x19a283000,0x7692000,random,0,256.32,78.8
57,random,0x19d411000,0x19a283000,0x7692000,random,1,256.00,79.1
57,random,0x19d411000,0x19a283000,0x7692000,random,2,256.00,79.1
58,random,0x19d411000,0x19491f000,0x9d0e000,random,0,256.00,79.1
58,random,0x19d411000,0x19491f000,0x9d0e000,random,1,256.00,79.1
58,random,0x19d411000,0x19491f000,0x9d0e000,random,2,256.00,78.7
59,random,0x19d411000,0xb1421000,0x12c030000,random,0,257.67,62.1
59,random,0x19d411000,0xb1421000,0x12c030000,random,1,258.91,62.1
59,random,0x19d411000,0xb1421000,0x12c030000,random,2,258.66,62.1
60,random,0x19d411000,0x19e1f7000,0x35e6000,random,0,256.00,79.1
60,random,0x19d411000,0x19e1f7000,0x35e6000,random,1,256.00,79.0
60,random,0x19d411000,0x19e1f7000,0x35e6000,random,2,256.00,77.8
61,random,0x19d411000,0x1b1cc7000,0x2c8d6000,random,0,263.09,80.5
61,random,0x19d411000,0x1b1cc7000,0x2c8d6000,random,1,264.00,80.2
61,random,0x19d411000,0x1b1cc7000,0x2c8d6000,random,2,264.00,80.5
62,random,0x19d411000,0x18ab42000,0x17f53000,random,0,264.00,80.0
62,random,0x19d411000,0x18ab42000,0x17f53000,random,1,264.00,80.0
62,random,0x19d411000,0x18ab42000,0x17f53000,random,2,264.00,80.0
63,random,0x19d411000,0x1ad151000,0x30540000,random,0,258.28,61.8
63,random,0x19d411000,0x1ad151000,0x30540000,random,1,257.46,61.8
63,random,0x19d411000,0x1ad151000,0x30540000,random,2,257.43,61.8
64,random,0x19d411000,0x1935ef000,0xe1fe000,random,0,263.08,80.0
64,random,0x19d411000,0x1935ef000,0xe1fe000,random,1,264.00,80.1
64,random,0x19d411000,0x1935ef000,0xe1fe000,random,2,264.00,79.6
65,random,0x19d411000,0xadcb3000,0x1308a2000,random,0,264.00,80.5
65,random,0x19d411000,0xadcb3000,0x1308a2000,random,1,264.00,80.2
65,random,0x19d411000,0xadcb3000,0x1308a2000,random,2,264.00,80.4
66,random,0x19d411000,0x18cd0c000,0x1191d000,random,0,256.32,79.1
66,random,0x19d411000,0x18cd0c000,0x1191d000,random,1,256.00,79.1
66,random,0x19d411000,0x18cd0c000,0x1191d000,random,2,256.00,79.1
67,random,0x19d411000,0xbd3b0000,0x1207a1000,random,0,263.04,80.6
67,random,0x19d411000,0xbd3b0000,0x1207a1000,random,1,264.00,80.6
67,random,0x19d411000,0xbd3b0000,0x1207a1000,random,2,264.00,80.4
68,random,0x19d411000,0x19d890000,0xc81000,random,0,264.00,80.4
68,random,0x19d411000,0x19d890000,0xc81000,random,1,264.00,80.4
68,random,0x19d411000,0x19d890000,0xc81000,random,2,264.00,80.3
69,random,0x19d411000,0x194fd9000,0x9bc8000,random,0,259.33,62.1
69,random,0x19d411000,0x194fd9000,0x9bc8000,random,1,259.19,62.1
69,random,0x19d411000,0x194fd9000,0x9bc8000,random,2,259.07,61.9
70,random,0x19d411000,0xbef6d000,0x123b7c000,random,0,254.30,61.2
70,random,0x19d411000,0xbef6d000,0x123b7c000,random,1,253.71,61.2
70,random,0x19d411000,0xbef6d000,0x123b7c000,random,2,253.28,61.2
71,random,0x19d411000,0xb99ea000,0x124dfb000,random,0,262.92,80.5
71,random,0x19d411000,0xb99ea000,0x124dfb000,random,1,264.00,80.4
71,random,0x19d411000,0xb99ea000,0x124dfb000,random,2,264.00,80.3
72,random,0x19d411000,0x1a7816000,0x3ac07000,random,0,264.00,80.1
72,random,0x19d411000,0x1a7816000,0x3ac07000,random,1,264.00,79.9
72,random,0x19d411000,0x1a7816000,0x3ac07000,random,2,264.00,79.8
73,random,0x19d411000,0x1901d1000,0xd5c0000,random,0,258.14,61.8
73,random,0x19d411000,0x1901d1000,0xd5c0000,random,1,257.27,61.7
73,random,0x19d411000,0x1901d1000,0xd5c0000,random,2,257.57,61.7
74,random,0x19d411000,0x1b5d39000,0x28928000,random,0,258.29,61.7
74,random,0x19d411000,0x1b5d39000,0x28928000,random,1,258.10,61.8
74,random,0x19d411000,0x1b5d39000,0x28928000,random,2,257.97,61.8
75,random,0x19d411000,0x189f39000,0x14b28000,random,0,258.49,62.2
75,random,0x19d411000,0x189f39000,0x14b28000,random,1,258.54,62.5
75,random,0x19d411000,0x189f39000,0x14b28000,random,2,258.20,62.5
76,random,0x19d411000,0x1957d7000,0x83c6000,random,0,263.50,80.6
76,random,0x19d411000,0x1957d7000,0x83c6000,random,1,264.00,80.6
76,random,0x19d411000,0x1957d7000,0x83c6000,random,2,264.00,80.5
77,random,0x19d411000,0xad099000,0x130488000,random,0,258.68,61.8
77,random,0x19d411000,0xad099000,0x130488000,random,1,258.34,61.8
77,random,0x19d411000,0xad099000,0x130488000,random,2,258.27,61.8
78,random,0x19d411000,0x1b04ed000,0x2d0fc000,random,0,258.57,62.2
78,random,0x19d411000,0x1b04ed000,0x2d0fc000,random,1,258.42,62.4
78,random,0x19d411000,0x1b04ed000,0x2d0fc000,random,2,258.47,62.4
79,random,0x19d411000,0x18c29c000,0x1168d000,random,0,263.26,80.1
79,random,0x19d411000,0x18c29c000,0x1168d000,random,1,264.00,80.0
79,random,0x19d411000,0x18c29c000,0x1168d000,random,2,264.00,80.0
80,random,0x19d411000,0x19bab8000,0x6ea9000,random,0,256.35,66.2
80,random,0x19d411000,0x19bab8000,0x6ea9000,random,1,256.00,66.2
80,random,0x19d411000,0x19bab8000,0x6ea9000,random,2,256.00,66.2
81,random,0x19d411000,0x1b13a2000,0x2c7b3000,random,0,262.91,80.1
81,random,0x19d411000,0x1b13a2000,0x2c7b3000,random,1,264.00,79.9
81,random,0x19d411000,0x1b13a2000,0x2c7b3000,random,2,264.00,79.9
82,random,0x19d411000,0x1b6870000,0x2bc61000,random,0,264.00,80.5
82,random,0x19d411000,0x1b6870000,0x2bc61000,random,1,264.00,80.3
82,random,0x19d411000,0x1b6870000,0x2bc61000,random,2,264.00,80.4
83,random,0x19d411000,0xafb03000,0x132f12000,random,0,264.00,80.0
83,random,0x19d411000,0xafb03000,0x132f12000,random,1,264.00,80.0
83,random,0x19d411000,0xafb03000,0x132f12000,random,2,264.00,80.1
84,random,0x19d411000,0x18ec95000,0x13884000,random,0,258.55,62.3
84,random,0x19d411000,0x18ec95000,0x13884000,random,1,258.37,62.4
84,random,0x19d411000,0x18ec95000,0x13884000,random,2,258.26,62.3
85,random,0x19d411000,0x1a92b9000,0x346a8000,random,0,252.30,61.2
85,random,0x19d411000,0x1a92b9000,0x346a8000,random,1,252.00,61.2
85,random,0x19d411000,0x1a92b9000,0x346a8000,random,2,252.00,61.2
86,random,0x19d411000,0x1b62f8000,0x2b6e9000,random,0,262.70,80.4
86,random,0x19d411000,0x1b62f8000,0x2b6e9000,random,1,264.00,80.4
86,random,0x19d411000,0x1b62f8000,0x2b6e9000,random,2,264.00,80.3
87,random,0x19d411000,0xb373b000,0x12e32a000,random,0,264.00,80.4
87,random,0x19d411000,0xb373b000,0x12e32a000,random,1,264.00,80.5
87,random,0x19d411000,0xb373b000,0x12e32a000,random,2,264.00,80.5
88,random,0x19d411000,0x18a0c6000,0x174d7000,random,0,264.00,80.0
88,random,0x19d411000,0x18a0c6000,0x174d7000,random,1,263.97,80.0
88,random,0x19d411000,0x18a0c6000,0x174d7000,random,2,264.00,80.0
89,random,0x19d411000,0x193ae6000,0xeef7000,random,0,264.00,80.6
89,random,0x19d411000,0x193ae6000,0xeef7000,random,1,264.00,80.4
89,random,0x19d411000,0x193ae6000,0xeef7000,random,2,264.00,80.3
90,random,0x19d411000,0x1b4fbd000,0x29bac000,random,0,252.65,61.2
90,random,0x19d411000,0x1b4fbd000,0x29bac000,random,1,252.00,61.2
90,random,0x19d411000,0x1b4fbd000,0x29bac000,random,2,252.00,61.0
91,random,0x19d411000,0x1a6fcc000,0x3bbdd000,random,0,262.71,80.2
91,random,0x19d411000,0x1a6fcc000,0x3bbdd000,random,1,264.00,80.5
91,random,0x19d411000,0x1a6fcc000,0x3bbdd000,random,2,264.00,80.5
92,random,0x19d411000,0x18e736000,0x13327000,random,0,264.00,80.5
92,random,0x19d411000,0x18e736000,0x13327000,random,1,264.00,80.6
92,random,0x19d411000,0x18e736000,0x13327000,random,2,264.00,80.3
93,random,0x19d411000,0x1889cf000,0x15dde000,random,0,264.00,80.4
93,random,0x19d411000,0x1889cf000,0x15dde000,random,1,264.00,80.4
93,random,0x19d411000,0x1889cf000,0x15dde000,random,2,264.00,80.5
94,random,0x19d411000,0x19b3ed000,0x67fc000,random,0,259.28,62.1
94,random,0x19d411000,0x19b3ed000,0x67fc000,random,1,259.24,62.1
94,random,0x19d411000,0x19b3ed000,0x67fc000,random,2,259.00,62.0
95,random,0x19d411000,0xb3fba000,0x12ebab000,random,0,263.45,80.3
95,random,0x19d411000,0xb3fba000,0x12ebab000,random,1,264.00,80.3
95,random,0x19d411000,0xb3fba000,0x12ebab000,random,2,264.00,80.4
96,random,0x19d411000,0x191fe2000,0xcbf3000,random,0,264.00,80.5
96,random,0x19d411000,0x191fe2000,0xcbf3000,random,1,264.00,80.4
96,random,0x19d411000,0x191fe2000,0xcbf3000,random,2,264.00,80.2
97,random,0x19d411000,0x1a6e08000,0x3ba19000,random,0,264.00,79.9
97,random,0x19d411000,0x1a6e08000,0x3ba19000,random,1,264.00,80.0
97,random,0x19d411000,0x1a6e08000,0x3ba19000,random,2,264.00,80.0
98,random,0x19d411000,0x1a22ce000,0x3f6df000,random,0,264.00,80.6
98,random,0x19d411000,0x1a22ce000,0x3f6df000,random,1,264.00,80.6
98,random,0x19d411000,0x1a22ce000,0x3f6df000,random,2,264.00,80.5
99,random,0x19d411000,0xba8a3000,0x127cb2000,random,0,264.00,80.3
99,random,0x19d411000,0xba8a3000,0x127cb2000,random,1,264.00,80.3
99,random,0x19d411000,0xba8a3000,0x127cb2000,random,2,264.00,80.5
100,random,0x19d411000,0x184cb0000,0x198a1000,random,0,256.33,79.0
100,random,0x19d411000,0x184cb0000,0x198a1000,random,1,256.00,79.2
100,random,0x19d411000,0x184cb0000,0x198a1000,random,2,256.03,79.1
101,random,0x19d411000,0x1a6155000,0x3b544000,random,0,252.14,61.2
101,random,0x19d411000,0x1a6155000,0x3b544000,random,1,252.00,61.2
101,random,0x19d411000,0x1a6155000,0x3b544000,random,2,252.00,61.2
102,random,0x19d411000,0xb3f7a000,0x12eb6b000,random,0,262.72,79.9
102,random,0x19d411000,0xb3f7a000,0x12eb6b000,random,1,264.00,80.1
102,random,0x19d411000,0xb3f7a000,0x12eb6b000,random,2,264.00,80.0
103,random,0x19d411000,0xb8e26000,0x125a37000,random,0,264.00,80.5
103,random,0x19d411000,0xb8e26000,0x125a37000,random,1,264.00,80.0
103,random,0x19d411000,0xb8e26000,0x125a37000,random,2,264.00,80.3
104,random,0x19d411000,0xbc2e3000,0x1216f2000,random,0,258.80,76.2
104,random,0x19d411000,0xbc2e3000,0x1216f2000,random,1,257.03,76.3
104,random,0x19d411000,0xbc2e3000,0x1216f2000,random,2,257.01,76.2
105,random,0x19d411000,0x1a19fc000,0x3cded000,random,0,263.43,80.4
105,random,0x19d411000,0x1a19fc000,0x3cded000,random,1,264.00,80.5
105,random,0x19d411000,0x1a19fc000,0x3cded000,random,2,264.00,80.4
106,random,0x19d411000,0x1b061d000,0x2d20c000,random,0,259.36,62.1
106,random,0x19d411000,0x1b061d000,0x2d20c000,random,1,259.27,62.1
106,random,0x19d411000,0x1b061d000,0x2d20c000,random,2,259.20,62.1
107,random,0x19d411000,0x191add000,0xcecc000,random,0,259.25,62.1
107,random,0x19d411000,0x191add000,0xcecc000,random,1,259.28,61.9
107,random,0x19d411000,0x191add000,0xcecc000,random,2,259.05,62.1
108,random,0x19d411000,0x1a8a78000,0x35e69000,random,0,263.22,79.9
108,random,0x19d411000,0x1a8a78000,0x35e69000,random,1,264.00,80.0
108,random,0x19d411000,0x1a8a78000,0x35e69000,random,2,264.00,80.0
109,random,0x19d411000,0x1a9a94000,0x34e85000,random,0,264.00,80.4
109,random,0x19d411000,0x1a9a94000,0x34e85000,random,1,264.00,80.4
109,random,0x19d411000,0x1a9a94000,0x34e85000,random,2,264.00,80.3
110,random,0x19d411000,0x19d288000,0x699000,random,0,264.00,79.8
110,random,0x19d411000,0x19d288000,0x699000,random,1,264.00,80.0
110,random,0x19d411000,0x19d288000,0x699000,random,2,264.00,80.1
111,random,0x19d411000,0x18b0b9000,0x164a8000,random,0,252.69,61.2
111,random,0x19d411000,0x18b0b9000,0x164a8000,random,1,252.00,61.2
111,random,0x19d411000,0x18b0b9000,0x164a8000,random,2,252.00,61.0
112,random,0x19d411000,0x1a3d05000,0x3e914000,random,0,258.01,62.1
112,random,0x19d411000,0x1a3d05000,0x3e914000,random,1,259.05,62.1
112,random,0x19d411000,0x1a3d05000,0x3e914000,random,2,259.29,62.1
113,random,0x19d411000,0xb31f7000,0x12e5e6000,random,0,257.42,76.2
113,random,0x19d411000,0xb31f7000,0x12e5e6000,random,1,257.46,76.2
113,random,0x19d411000,0xb31f7000,0x12e5e6000,random,2,257.55,76.3
114,random,0x19d411000,0x19c597000,0x1186000,random,0,263.40,80.3
114,random,0x19d411000,0x19c597000,0x1186000,random,1,264.00,80.4
114,random,0x19d411000,0x19c597000,0x1186000,random,2,264.00,80.5
115,random,0x19d411000,0xbaff4000,0x127be5000,random,0,264.00,79.9
115,random,0x19d411000,0xbaff4000,0x127be5000,random,1,264.00,80.0
115,random,0x19d411000,0xbaff4000,0x127be5000,random,2,264.00,79.8
116,random,0x19d411000,0x18e64a000,0x1325b000,random,0,256.34,77.6
116,random,0x19d411000,0x18e64a000,0x1325b000,random,1,256.00,78.9
116,random,0x19d411000,0x18e64a000,0x1325b000,random,2,256.00,79.1
117,random,0x19d411000,0x19b817000,0x6c06000,random,0,262.88,80.4
117,random,0x19d411000,0x19b817000,0x6c06000,random,1,264.00,80.3
117,random,0x19d411000,0x19b817000,0x6c06000,random,2,263.94,80.5
118,random,0x19d411000,0x195db2000,0x89a3000,random,0,264.00,80.0
118,random,0x19d411000,0x195db2000,0x89a3000,random,1,263.91,79.9
118,random,0x19d411000,0x195db2000,0x89a3000,random,2,263.86,80.0
119,random,0x19d411000,0x195820000,0x8c31000,random,0,263.95,80.4
119,random,0x19d411000,0x195820000,0x8c31000,random,1,264.00,80.5
119,random,0x19d411000,0x195820000,0x8c31000,random,2,264.00,80.5
120,random,0x19d411000,0x1ae00d000,0x3341c000,random,0,258.78,62.1
120,random,0x19d411000,0x1ae00d000,0x3341c000,random,1,257.80,62.4
120,random,0x19d411000,0x1ae00d000,0x3341c000,random,2,257.85,62.4
121,random,0x19d411000,0xb0483000,0x12d092000,random,0,263.00,80.4
121,random,0x19d411000,0xb0483000,0x12d092000,random,1,264.00,80.2
121,random,0x19d411000,0xb0483000,0x12d092000,random,2,263.96,80.3
122,random,0x19d411000,0x185775000,0x18364000,random,0,252.77,52.9
122,random,0x19d411000,0x185775000,0x18364000,random,1,252.00,52.9
122,random,0x19d411000,0x185775000,0x18364000,random,2,252.00,52.9
123,random,0x19d411000,0x185612000,0x18203000,random,0,262.63,80.4
123,random,0x19d411000,0x185612000,0x18203000,random,1,264.00,80.5
123,random,0x19d411000,0x185612000,0x18203000,random,2,264.00,80.3
124,random,0x19d411000,0x19bbd6000,0x6fc7000,random,0,263.99,80.2
124,random,0x19d411000,0x19bbd6000,0x6fc7000,random,1,264.00,80.2
124,random,0x19d411000,0x19bbd6000,0x6fc7000,random,2,264.00,80.3
125,random,0x19d411000,0x19dc71000,0x860000,random,0,257.85,61.8
125,random,0x19d411000,0x19dc71000,0x860000,random,1,256.26,61.7
125,random,0x19d411000,0x19dc71000,0x860000,random,2,256.78,61.8
126,random,0x19d411000,0xbe0a1000,0x1234b0000,random,0,257.71,62.4
126,random,0x19d411000,0xbe0a1000,0x1234b0000,random,1,257.10,62.4
126,random,0x19d411000,0xbe0a1000,0x1234b0000,random,2,257.62,62.3
127,random,0x19d411000,0xb9edb000,0x124aca000,random,0,256.01,76.3
127,random,0x19d411000,0xb9edb000,0x124aca000,random,1,256.13,76.2
127,random,0x19d411000,0xb9edb000,0x124aca000,random,2,256.00,76.3
128,random,0x19d411000,0xad7e3000,0x1303f2000,random,0,263.22,80.5
128,random,0x19d411000,0xad7e3000,0x1303f2000,random,1,264.00,80.1
128,random,0x19d411000,0xad7e3000,0x1303f2000,random,2,264.00,80.5
129,random,0x19d411000,0x18c6f3000,0x112e2000,random,0,263.85,80.3
129,random,0x19d411000,0x18c6f3000,0x112e2000,random,1,263.81,80.4
129,random,0x19d411000,0x18c6f3000,0x112e2000,random,2,264.00,80.5
130,random,0x19d411000,0xbe46b000,0x12307a000,random,0,264.00,80.2
130,random,0x19d411000,0xbe46b000,0x12307a000,random,1,264.00,80.4
130,random,0x19d411000,0xbe46b000,0x12307a000,random,2,263.86,80.3
131,random,0x19d411000,0x18d3c1000,0x107d0000,random,0,256.67,61.8
131,random,0x19d411000,0x18d3c1000,0x107d0000,random,1,256.00,61.8
131,random,0x19d411000,0x18d3c1000,0x107d0000,random,2,256.00,61.8
132,random,0x19d411000,0x1af958000,0x32d49000,random,0,256.00,79.1
132,random,0x19d411000,0x1af958000,0x32d49000,random,1,256.00,78.8
132,random,0x19d411000,0x1af958000,0x32d49000,random,2,256.00,78.7
133,random,0x19d411000,0xad8d3000,0x130cc2000,random,0,262.30,80.4
133,random,0x19d411000,0xad8d3000,0x130cc2000,random,1,263.79,80.5
133,random,0x19d411000,0xad8d3000,0x130cc2000,random,2,263.91,80.4
134,random,0x19d411000,0x1b3aa6000,0x2eeb7000,random,0,256.26,79.2
134,random,0x19d411000,0x1b3aa6000,0x2eeb7000,random,1,256.00,79.2
134,random,0x19d411000,0x1b3aa6000,0x2eeb7000,random,2,256.00,79.2
135,random,0x19d411000,0x1abc5c000,0x3684d000,random,0,261.38,80.0
135,random,0x19d411000,0x1abc5c000,0x3684d000,random,1,262.17,80.0
135,random,0x19d411000,0x1abc5c000,0x3684d000,random,2,262.48,80.0
136,random,0x19d411000,0x1aa42d000,0x3703c000,random,0,256.70,61.8
136,random,0x19d411000,0x1aa42d000,0x3703c000,random,1,256.00,61.8
136,random,0x19d411000,0x1aa42d000,0x3703c000,random,2,256.00,61.7
137,random,0x19d411000,0x1ad04c000,0x3045d000,random,0,261.33,79.9
137,random,0x19d411000,0x1ad04c000,0x3045d000,random,1,262.03,80.0
137,random,0x19d411000,0x1ad04c000,0x3045d000,random,2,262.61,80.1
138,random,0x19d411000,0x1866c2000,0x1b2d3000,random,0,263.29,80.3
138,random,0x19d411000,0x1866c2000,0x1b2d3000,random,1,263.32,80.5
138,random,0x19d411000,0x1866c2000,0x1b2d3000,random,2,263.03,80.4
139,random,0x19d411000,0x19a22e000,0x763f000,random,0,263.68,80.4
139,random,0x19d411000,0x19a22e000,0x763f000,random,1,263.34,80.4
139,random,0x19d411000,0x19a22e000,0x763f000,random,2,263.29,80.3
140,random,0x19d411000,0x19ddb0000,0x9a1000,random,0,260.86,80.0
140,random,0x19d411000,0x19ddb0000,0x9a1000,random,1,261.57,80.0
140,random,0x19d411000,0x19ddb0000,0x9a1000,random,2,261.07,79.9
141,random,0x19d411000,0x1a2659000,0x3f248000,random,0,252.56,61.0
141,random,0x19d411000,0x1a2659000,0x3f248000,random,1,252.00,61.2
141,random,0x19d411000,0x1a2659000,0x3f248000,random,2,252.00,61.2
142,random,0x19d411000,0x1a3f3d000,0x3eb2c000,random,0,252.00,61.2
142,random,0x19d411000,0x1a3f3d000,0x3eb2c000,random,1,252.00,61.2
142,random,0x19d411000,0x1a3f3d000,0x3eb2c000,random,2,252.00,61.2
143,random,0x19d411000,0x18863f000,0x1522e000,random,0,255.19,79.1
143,random,0x19d411000,0x18863f000,0x1522e000,random,1,256.00,79.2
143,random,0x19d411000,0x18863f000,0x1522e000,random,2,256.00,79.2
144,random,0x19d411000,0x1879eb000,0x1adfa000,random,0,262.39,80.5
144,random,0x19d411000,0x1879eb000,0x1adfa000,random,1,263.11,80.5
144,random,0x19d411000,0x1879eb000,0x1adfa000,random,2,263.37,80.5
145,random,0x19d411000,0x18705d000,0x1a44c000,random,0,256.54,61.7
145,random,0x19d411000,0x18705d000,0x1a44c000,random,1,256.17,61.7
145,random,0x19d411000,0x18705d000,0x1a44c000,random,2,256.00,61.8
146,random,0x19d411000,0xbccfa000,0x1218eb000,random,0,256.00,76.2
146,random,0x19d411000,0xbccfa000,0x1218eb000,random,1,256.00,76.2
146,random,0x19d411000,0xbccfa000,0x1218eb000,random,2,256.00,76.2
147,random,0x19d411000,0x193144000,0xe555000,random,0,260.78,80.2
147,random,0x19d411000,0x193144000,0xe555000,random,1,261.67,80.4
147,random,0x19d411000,0x193144000,0xe555000,random,2,261.43,80.4
148,random,0x19d411000,0x1a1583000,0x3c192000,random,0,261.46,80.4
148,random,0x19d411000,0x1a1583000,0x3c192000,random,1,261.62,80.4
148,random,0x19d411000,0x1a1583000,0x3c192000,random,2,261.22,80.3
149,random,0x19d411000,0x193f33000,0xeb22000,random,0,261.94,80.4
149,random,0x19d411000,0x193f33000,0xeb22000,random,1,262.17,80.2
149,random,0x19d411000,0x193f33000,0xeb22000,random,2,262.08,80.4
150,random,0x19d411000,0x1a9a72000,0x34e63000,random,0,260.15,79.9
150,random,0x19d411000,0x1a9a72000,0x34e63000,random,1,260.00,79.9
150,random,0x19d411000,0x1a9a72000,0x34e63000,random,2,260.35,80.0
151,random,0x19d411000,0x19445f000,0x904e000,random,0,261.13,80.4
151,random,0x19d411000,0x19445f000,0x904e000,random,1,261.24,80.5
151,random,0x19d411000,0x19445f000,0x904e000,random,2,261.89,80.3
152,random,0x19d411000,0x1a8d3c000,0x3592d000,random,0,262.00,80.4
152,random,0x19d411000,0x1a8d3c000,0x3592d000,random,1,262.43,80.5
152,random,0x19d411000,0x1a8d3c000,0x3592d000,random,2,262.42,80.4
153,random,0x19d411000,0x1ac23d000,0x3162c000,random,0,256.68,62.3
153,random,0x19d411000,0x1ac23d000,0x3162c000,random,1,256.00,62.1
153,random,0x19d411000,0x1ac23d000,0x3162c000,random,2,256.00,62.3
154,random,0x19d411000,0x196b81000,0xbf90000,random,0,256.00,62.3
154,random,0x19d411000,0x196b81000,0xbf90000,random,1,256.00,62.4
154,random,0x19d411000,0x196b81000,0xbf90000,random,2,256.00,62.4
155,random,0x19d411000,0x18b3e0000,0x167f1000,random,0,260.74,80.4
155,random,0x19d411000,0x18b3e0000,0x167f1000,random,1,261.49,80.4
155,random,0x19d411000,0x18b3e0000,0x167f1000,random,2,261.67,80.4
156,random,0x19d411000,0x190a37000,0xde26000,random,0,261.73,80.4
156,random,0x19d411000,0x190a37000,0xde26000,random,1,261.68,80.4
156,random,0x19d411000,0x190a37000,0xde26000,random,2,262.03,80.4
157,random,0x19d411000,0x184fa6000,0x19bb7000,random,0,255.11,79.1
157,random,0x19d411000,0x184fa6000,0x19bb7000,random,1,254.55,79.1
157,random,0x19d411000,0x184fa6000,0x19bb7000,random,2,254.59,78.9
158,random,0x19d411000,0x1b4db7000,0x299a6000,random,0,254.68,79.1
158,random,0x19d411000,0x1b4db7000,0x299a6000,random,1,254.62,79.1
158,random,0x19d411000,0x1b4db7000,0x299a6000,random,2,254.82,79.1
159,random,0x19d411000,0x19b48e000,0x609f000,random,0,259.75,80.0
159,random,0x19d411000,0x19b48e000,0x609f000,random,1,260.00,80.1
159,random,0x19d411000,0x19b48e000,0x609f000,random,2,260.00,80.0
160,random,0x19d411000,0xae8c0000,0x133cd1000,random,0,256.48,76.2
160,random,0x19d411000,0xae8c0000,0x133cd1000,random,1,256.00,76.3
160,random,0x19d411000,0xae8c0000,0x133cd1000,random,2,256.00,76.2
161,random,0x19d411000,0x1a19a0000,0x3cdb1000,random,0,254.06,79.2
161,random,0x19d411000,0x1a19a0000,0x3cdb1000,random,1,253.35,79.0
161,random,0x19d411000,0x1a19a0000,0x3cdb1000,random,2,253.56,79.2
162,random,0x19d411000,0x1a755f000,0x3a14e000,random,0,260.86,80.3
162,random,0x19d411000,0x1a755f000,0x3a14e000,random,1,261.85,80.4
162,random,0x19d411000,0x1a755f000,0x3a14e000,random,2,262.01,80.6
163,random,0x19d411000,0x187089000,0x1a498000,random,0,256.50,61.8
163,random,0x19d411000,0x187089000,0x1a498000,random,1,256.00,61.7
163,random,0x19d411000,0x187089000,0x1a498000,random,2,256.00,61.8
164,random,0x19d411000,0x1aa3d1000,0x377c0000,random,0,256.00,62.0
164,random,0x19d411000,0x1aa3d1000,0x377c0000,random,1,256.00,62.0
164,random,0x19d411000,0x1aa3d1000,0x377c0000,random,2,256.17,61.9
165,random,0x19d411000,0xbe56c000,0x12317d000,random,0,259.91,80.0
165,random,0x19d411000,0xbe56c000,0x12317d000,random,1,260.03,80.1
165,random,0x19d411000,0xbe56c000,0x12317d000,random,2,260.34,80.1
166,random,0x19d411000,0x1afdf4000,0x329e5000,random,0,254.83,78.9
166,random,0x19d411000,0x1afdf4000,0x329e5000,random,1,253.80,78.9
166,random,0x19d411000,0x1afdf4000,0x329e5000,random,2,253.39,79.0
167,random,0x19d411000,0x19bb87000,0x6f96000,random,0,259.72,80.2
167,random,0x19d411000,0x19bb87000,0x6f96000,random,1,260.00,80.2
167,random,0x19d411000,0x19bb87000,0x6f96000,random,2,260.00,80.1
168,random,0x19d411000,0x195ea9000,0x8ab8000,random,0,256.48,62.1
168,random,0x19d411000,0x195ea9000,0x8ab8000,random,1,256.00,62.0
168,random,0x19d411000,0x195ea9000,0x8ab8000,random,2,256.00,62.0
169,random,0x19d411000,0x1b35c6000,0x2e1d7000,random,0,259.91,79.9
169,random,0x19d411000,0x1b35c6000,0x2e1d7000,random,1,260.00,79.9
169,random,0x19d411000,0x1b35c6000,0x2e1d7000,random,2,260.00,80.0
170,random,0x19d411000,0xbbe31000,0x126a20000,random,0,256.46,62.3
170,random,0x19d411000,0xbbe31000,0x126a20000,random,1,256.14,62.2
170,random,0x19d411000,0xbbe31000,0x126a20000,random,2,256.00,62.3
171,random,0x19d411000,0x1b2969000,0x2fd78000,random,0,256.00,62.0
171,random,0x19d411000,0x1b2969000,0x2fd78000,random,1,256.00,62.0
171,random,0x19d411000,0x1b2969000,0x2fd78000,random,2,256.00,62.0
172,random,0x19d411000,0x19ceee000,0x1aff000,random,0,259.91,80.0
172,random,0x19d411000,0x19ceee000,0x1aff000,random,1,260.00,80.0
172,random,0x19d411000,0x19ceee000,0x1aff000,random,2,260.00,80.0
173,random,0x19d411000,0xb2cf2000,0x12f8e3000,random,0,256.38,76.3
173,random,0x19d411000,0xb2cf2000,0x12f8e3000,random,1,256.00,76.3
173,random,0x19d411000,0xb2cf2000,0x12f8e3000,random,2,256.00,76.3
174,random,0x19d411000,0x1b7731000,0x2a320000,random,0,256.00,61.7
174,random,0x19d411000,0x1b7731000,0x2a320000,random,1,256.00,61.7
174,random,0x19d411000,0x1b7731000,0x2a320000,random,2,256.06,61.6
175,random,0x19d411000,0x1a35e7000,0x3e1f6000,random,0,254.15,79.0
175,random,0x19d411000,0x1a35e7000,0x3e1f6000,random,1,252.99,79.0
175,random,0x19d411000,0x1a35e7000,0x3e1f6000,random,2,253.20,79.0
176,random,0x19d411000,0xb5aa8000,0x128eb9000,random,0,259.99,80.4
176,random,0x19d411000,0xb5aa8000,0x128eb9000,random,1,260.47,80.4
176,random,0x19d411000,0xb5aa8000,0x128eb9000,random,2,260.04,80.2
177,random,0x19d411000,0x1b6237000,0x2b626000,random,0,260.17,80.1
177,random,0x19d411000,0x1b6237000,0x2b626000,random,1,260.00,80.4
177,random,0x19d411000,0x1b6237000,0x2b626000,random,2,260.04,80.3
178,random,0x19d411000,0xbc3ff000,0x1217ee000,random,0,256.38,76.2
178,random,0x19d411000,0xbc3ff000,0x1217ee000,random,1,256.00,76.3
178,random,0x19d411000,0xbc3ff000,0x1217ee000,random,2,256.00,76.1
179,random,0x19d411000,0xacea5000,0x131ab4000,random,0,252.34,61.2
179,random,0x19d411000,0xacea5000,0x131ab4000,random,1,252.00,61.2
179,random,0x19d411000,0xacea5000,0x131ab4000,random,2,252.00,61.2
180,random,0x19d411000,0x1930f5000,0xe4e4000,random,0,255.91,61.8
180,random,0x19d411000,0x1930f5000,0xe4e4000,random,1,256.00,61.7
180,random,0x19d411000,0x1930f5000,0xe4e4000,random,2,256.00,61.7
181,random,0x19d411000,0x1a617c000,0x3b56d000,random,0,260.12,80.4
181,random,0x19d411000,0x1a617c000,0x3b56d000,random,1,260.26,80.4
181,random,0x19d411000,0x1a617c000,0x3b56d000,random,2,260.17,80.4
182,random,0x19d411000,0xb2b08000,0x12ff19000,random,0,260.18,80.0
182,random,0x19d411000,0xb2b08000,0x12ff19000,random,1,260.03,79.9
182,random,0x19d411000,0xb2b08000,0x12ff19000,random,2,260.00,79.9
183,random,0x19d411000,0x184cff000,0x198ee000,random,0,260.22,80.3
183,random,0x19d411000,0x184cff000,0x198ee000,random,1,260.02,80.4
183,random,0x19d411000,0x184cff000,0x198ee000,random,2,260.67,80.4
184,random,0x19d411000,0x199742000,0x4353000,random,0,260.00,79.9
184,random,0x19d411000,0x199742000,0x4353000,random,1,260.00,79.9
184,random,0x19d411000,0x199742000,0x4353000,random,2,260.75,79.9
185,random,0x19d411000,0xbc054000,0x121445000,random,0,260.71,80.5
185,random,0x19d411000,0xbc054000,0x121445000,random,1,260.34,80.6
185,random,0x19d411000,0xbc054000,0x121445000,random,2,260.60,80.4
186,random,0x19d411000,0x18d1ef000,0x105fe000,random,0,260.10,79.9
186,random,0x19d411000,0x18d1ef000,0x105fe000,random,1,260.00,79.8
186,random,0x19d411000,0x18d1ef000,0x105fe000,random,2,260.00,80.0
187,random,0x19d411000,0x1a8dcf000,0x359de000,random,0,260.87,80.1
187,random,0x19d411000,0x1a8dcf000,0x359de000,random,1,261.91,80.1
187,random,0x19d411000,0x1a8dcf000,0x359de000,random,2,261.27,80.1
188,random,0x19d411000,0xbcb2e000,0x121f3f000,random,0,256.37,76.3
188,random,0x19d411000,0xbcb2e000,0x121f3f000,random,1,256.00,76.3
188,random,0x19d411000,0xbcb2e000,0x121f3f000,random,2,256.00,76.2
189,random,0x19d411000,0xad570000,0x130161000,random,0,256.00,76.3
189,random,0x19d411000,0xad570000,0x130161000,random,1,256.00,76.2
189,random,0x19d411000,0xad570000,0x130161000,random,2,256.00,76.3
190,random,0x19d411000,0x18ade6000,0x179f7000,random,0,256.00,66.2
190,random,0x19d411000,0x18ade6000,0x179f7000,random,1,255.93,66.2
190,random,0x19d411000,0x18ade6000,0x179f7000,random,2,255.84,66.2
191,random,0x19d411000,0xadcdb000,0x1308ca000,random,0,256.00,76.3
191,random,0x19d411000,0xadcdb000,0x1308ca000,random,1,256.00,76.1
191,random,0x19d411000,0xadcdb000,0x1308ca000,random,2,256.00,76.3
192,random,0x19d411000,0x1a9925000,0x34d34000,random,0,252.18,61.2
192,random,0x19d411000,0x1a9925000,0x34d34000,random,1,252.00,61.2
192,random,0x19d411000,0x1a9925000,0x34d34000,random,2,252.00,61.2
193,random,0x19d411000,0x1af454000,0x32045000,random,0,259.51,80.0
193,random,0x19d411000,0x1af454000,0x32045000,random,1,260.00,79.8
193,random,0x19d411000,0x1af454000,0x32045000,random,2,260.00,80.0
194,random,0x19d411000,0xaf2bc000,0x1326ad000,random,0,261.75,80.4
194,random,0x19d411000,0xaf2bc000,0x1326ad000,random,1,265.39,79.8
194,random,0x19d411000,0xaf2bc000,0x1326ad000,random,2,262.71,80.2
195,random,0x19d411000,0x19b07e000,0x646f000,random,0,260.86,80.4
195,random,0x19d411000,0x19b07e000,0x646f000,random,1,260.47,80.2
195,random,0x19d411000,0x19b07e000,0x646f000,random,2,260.35,80.2
196,random,0x19d411000,0x19a6b1000,0x72a0000,random,0,252.50,61.2
196,random,0x19d411000,0x19a6b1000,0x72a0000,random,1,252.00,61.2
196,random,0x19d411000,0x19a6b1000,0x72a0000,random,2,252.00,61.1
197,random,0x19d411000,0x189387000,0x14796000,random,0,259.50,79.9
197,random,0x19d411000,0x189387000,0x14796000,random,1,260.00,80.0
197,random,0x19d411000,0x189387000,0x14796000,random,2,260.16,80.0
198,random,0x19d411000,0x1b3514000,0x2e105000,random,0,261.00,80.3
198,random,0x19d411000,0x1b3514000,0x2e105000,random,1,261.54,80.4
198,random,0x19d411000,0x1b3514000,0x2e105000,random,2,261.47,80.4
199,random,0x19d411000,0xbaccd000,0x1278dc000,random,0,252.99,61.2
199,random,0x19d411000,0xbaccd000,0x1278dc000,random,1,252.00,61.2
199,random,0x19d411000,0xbaccd000,0x1278dc000,random,2,252.26,61.0
200,random,0x19d411000,0x18581b000,0x18c0a000,random,0,260.13,80.3
200,random,0x19d411000,0x18581b000,0x18c0a000,random,1,260.82,80.3
200,random,0x19d411000,0x18581b000,0x18c0a000,random,2,260.89,80.3
201,random,0x19d411000,0x1aeaa8000,0x33eb9000,random,0,260.71,80.4
201,random,0x19d411000,0x1aeaa8000,0x33eb9000,random,1,261.49,80.4
201,random,0x19d411000,0x1aeaa8000,0x33eb9000,random,2,261.39,80.5
202,random,0x19d411000,0x1aaaa0000,0x37eb1000,random,0,255.64,79.2
202,random,0x19d411000,0x1aaaa0000,0x37eb1000,random,1,255.21,79.2
202,random,0x19d411000,0x1aaaa0000,0x37eb1000,random,2,255.27,79.2
203,random,0x19d411000,0x1a1419000,0x3c008000,random,0,256.00,62.4
203,random,0x19d411000,0x1a1419000,0x3c008000,random,1,256.00,62.4
203,random,0x19d411000,0x1a1419000,0x3c008000,random,2,256.00,62.4
204,random,0x19d411000,0x192f01000,0xfb10000,random,0,252.22,61.1
204,random,0x19d411000,0x192f01000,0xfb10000,random,1,252.00,61.2
204,random,0x19d411000,0x192f01000,0xfb10000,random,2,263.57,60.8
205,random,0x19d411000,0x1abae0000,0x36ef1000,random,0,270.87,78.1
205,random,0x19d411000,0x1abae0000,0x36ef1000,random,1,270.71,78.3
205,random,0x19d411000,0x1abae0000,0x36ef1000,random,2,255.90,79.2
206,random,0x19d411000,0xace5c000,0x131a4d000,random,0,256.00,76.2
206,random,0x19d411000,0xace5c000,0x131a4d000,random,1,256.00,76.2
206,random,0x19d411000,0xace5c000,0x131a4d000,random,2,256.00,76.2
207,random,0x19d411000,0x1b364c000,0x2e25d000,random,0,255.98,78.8
207,random,0x19d411000,0x1b364c000,0x2e25d000,random,1,256.43,76.9
207,random,0x19d411000,0x1b364c000,0x2e25d000,random,2,255.83,78.6
208,random,0x19d411000,0xb95a5000,0x1241b4000,random,0,256.00,61.7
208,random,0x19d411000,0xb95a5000,0x1241b4000,random,1,256.00,61.8
208,random,0x19d411000,0xb95a5000,0x1241b4000,random,2,256.00,61.8
209,random,0x19d411000,0xac748000,0x131359000,random,0,261.55,80.4
209,random,0x19d411000,0xac748000,0x131359000,random,1,262.17,80.2
209,random,0x19d411000,0xac748000,0x131359000,random,2,262.91,80.3
210,random,0x19d411000,0x186064000,0x1b475000,random,0,261.84,80.3
210,random,0x19d411000,0x186064000,0x1b475000,random,1,260.78,80.4
210,random,0x19d411000,0x186064000,0x1b475000,random,2,262.04,80.3
211,random,0x19d411000,0x186c65000,0x1b874000,random,0,256.60,62.1
211,random,0x19d411000,0x186c65000,0x1b874000,random,1,256.00,62.0
211,random,0x19d411000,0x186c65000,0x1b874000,random,2,256.00,62.1
212,random,0x19d411000,0x1a9266000,0x34677000,random,0,260.58,80.0
212,random,0x19d411000,0x1a9266000,0x34677000,random,1,261.29,79.8
212,random,0x19d411000,0x1a9266000,0x34677000,random,2,260.66,79.7
213,random,0x19d411000,0x1a2229000,0x3f638000,random,0,252.52,61.2
213,random,0x19d411000,0x1a2229000,0x3f638000,random,1,252.00,61.2
213,random,0x19d411000,0x1a2229000,0x3f638000,random,2,252.00,61.2
214,random,0x19d411000,0x188a73000,0x15e62000,random,0,260.78,80.4
214,random,0x19d411000,0x188a73000,0x15e62000,random,1,262.84,80.4
214,random,0x19d411000,0x188a73000,0x15e62000,random,2,262.85,80.4
215,random,0x19d411000,0xaccee000,0x1318ff000,random,0,263.03,80.0
215,random,0x19d411000,0xaccee000,0x1318ff000,random,1,262.93,80.0
215,random,0x19d411000,0xaccee000,0x1318ff000,random,2,263.56,80.0
216,random,0x19d411000,0x19c23f000,0x162e000,random,0,262.71,80.3
216,random,0x19d411000,0x19c23f000,0x162e000,random,1,262.68,80.3
216,random,0x19d411000,0x19c23f000,0x162e000,random,2,262.74,80.3
217,random,0x19d411000,0xaffe8000,0x132bf9000,random,0,263.56,80.3
217,random,0x19d411000,0xaffe8000,0x132bf9000,random,1,263.88,80.4
217,random,0x19d411000,0xaffe8000,0x132bf9000,random,2,263.87,80.4
218,random,0x19d411000,0x1af410000,0x32001000,random,0,262.61,80.2
218,random,0x19d411000,0x1af410000,0x32001000,random,1,262.67,80.4
218,random,0x19d411000,0x1af410000,0x32001000,random,2,262.46,80.4
219,random,0x19d411000,0x199f0a000,0x4b1b000,random,0,262.44,80.4
219,random,0x19d411000,0x199f0a000,0x4b1b000,random,1,262.91,80.4
219,random,0x19d411000,0x199f0a000,0x4b1b000,random,2,262.56,80.4
220,random,0x19d411000,0x19d1af000,0x5be000,random,0,263.95,80.5
220,random,0x19d411000,0x19d1af000,0x5be000,random,1,263.79,79.6
220,random,0x19d411000,0x19d1af000,0x5be000,random,2,264.00,80.1
221,random,0x19d411000,0x23b6cd000,0x3a62dc000,random,0,256.55,61.8
221,random,0x19d411000,0x23b6cd000,0x3a62dc000,random,1,256.00,61.8
221,random,0x19d411000,0x23b6cd000,0x3a62dc000,random,2,256.00,61.8
222,random,0x19d411000,0xb777b000,0x12a36a000,random,0,262.64,80.0
222,random,0x19d411000,0xb777b000,0x12a36a000,random,1,263.71,80.0
222,random,0x19d411000,0xb777b000,0x12a36a000,random,2,263.28,79.9
223,random,0x19d411000,0xae263000,0x133672000,random,0,263.49,80.4
223,random,0x19d411000,0xae263000,0x133672000,random,1,263.07,80.4
223,random,0x19d411000,0xae263000,0x133672000,random,2,263.17,80.2
224,random,0x19d411000,0x1af628000,0x32239000,random,0,262.60,79.9
224,random,0x19d411000,0x1af628000,0x32239000,random,1,262.92,80.0
224,random,0x19d411000,0x1af628000,0x32239000,random,2,262.66,79.9
225,random,0x19d411000,0x1b285f000,0x2fc4e000,random,0,256.27,66.0
225,random,0x19d411000,0x1b285f000,0x2fc4e000,random,1,256.00,66.2
225,random,0x19d411000,0x1b285f000,0x2fc4e000,random,2,256.00,66.2
226,random,0x19d411000,0xb7ed1000,0x12aac0000,random,0,256.00,61.8
226,random,0x19d411000,0xb7ed1000,0x12aac0000,random,1,256.00,61.8
226,random,0x19d411000,0xb7ed1000,0x12aac0000,random,2,256.00,61.8
227,random,0x19d411000,0x1907a8000,0xd3b9000,random,0,256.00,66.2
227,random,0x19d411000,0x1907a8000,0xd3b9000,random,1,256.00,66.1
227,random,0x19d411000,0x1907a8000,0xd3b9000,random,2,256.00,66.2
228,random,0x19d411000,0x184ab6000,0x19ea7000,random,0,260.47,80.0
228,random,0x19d411000,0x184ab6000,0x19ea7000,random,1,261.42,80.0
228,random,0x19d411000,0x184ab6000,0x19ea7000,random,2,261.38,79.9
229,random,0x19d411000,0x1a37cf000,0x3e3de000,random,0,263.72,80.3
229,random,0x19d411000,0x1a37cf000,0x3e3de000,random,1,263.89,80.5
229,random,0x19d411000,0x1a37cf000,0x3e3de000,random,2,264.00,80.6
230,random,0x19d411000,0x1888e1000,0x15cf0000,random,0,258.90,61.7
230,random,0x19d411000,0x1888e1000,0x15cf0000,random,1,256.14,61.8
230,random,0x19d411000,0x1888e1000,0x15cf0000,random,2,256.00,61.8
231,random,0x19d411000,0xbe831000,0x123c20000,random,0,256.01,62.1
231,random,0x19d411000,0xbe831000,0x123c20000,random,1,256.60,62.0
231,random,0x19d411000,0xbe831000,0x123c20000,random,2,256.54,62.1
232,random,0x19d411000,0x199546000,0x4157000,random,0,262.23,80.4
232,random,0x19d411000,0x199546000,0x4157000,random,1,263.60,80.3
232,random,0x19d411000,0x199546000,0x4157000,random,2,263.25,80.3
233,random,0x19d411000,0x1b0490000,0x2d081000,random,0,263.68,80.5
233,random,0x19d411000,0x1b0490000,0x2d081000,random,1,263.16,80.1
233,random,0x19d411000,0x1b0490000,0x2d081000,random,2,263.63,80.4
234,random,0x19d411000,0xbe224000,0x123635000,random,0,263.34,80.5
234,random,0x19d411000,0xbe224000,0x123635000,random,1,262.83,80.5
234,random,0x19d411000,0xbe224000,0x123635000,random,2,262.80,80.5
235,random,0x19d411000,0x1ab157000,0x36546000,random,0,263.47,80.5
235,random,0x19d411000,0x1ab157000,0x36546000,random,1,263.69,80.5
235,random,0x19d411000,0x1ab157000,0x36546000,random,2,263.74,80.5
236,random,0x19d411000,0xb76a5000,0x12a2b4000,random,0,256.71,62.4
236,random,0x19d411000,0xb76a5000,0x12a2b4000,random,1,256.00,62.4
236,random,0x19d411000,0xb76a5000,0x12a2b4000,random,2,256.00,62.2
237,random,0x19d411000,0x1ac3a2000,0x317b3000,random,0,256.00,79.1
237,random,0x19d411000,0x1ac3a2000,0x317b3000,random,1,256.00,78.9
237,random,0x19d411000,0x1ac3a2000,0x317b3000,random,2,256.00,79.0
238,random,0x19d411000,0x1a772c000,0x3a33d000,random,0,256.00,66.2
238,random,0x19d411000,0x1a772c000,0x3a33d000,random,1,256.00,66.2
238,random,0x19d411000,0x1a772c000,0x3a33d000,random,2,256.00,66.2
239,random,0x19d411000,0xb0937000,0x12dd26000,random,0,262.67,80.4
239,random,0x19d411000,0xb0937000,0x12dd26000,random,1,263.93,80.4
239,random,0x19d411000,0xb0937000,0x12dd26000,random,2,263.65,80.5
240,random,0x19d411000,0x1af48a000,0x3209b000,random,0,256.28,79.1
240,random,0x19d411000,0x1af48a000,0x3209b000,random,1,256.00,79.1
240,random,0x19d411000,0x1af48a000,0x3209b000,random,2,256.00,79.1
241,random,0x19d411000,0x1aa89f000,0x37c8e000,random,0,256.00,79.2
241,random,0x19d411000,0x1aa89f000,0x37c8e000,random,1,256.00,79.3
241,random,0x19d411000,0x1aa89f000,0x37c8e000,random,2,256.00,79.0
242,random,0x19d411000,0x19ab24000,0x7f35000,random,0,262.22,80.4
242,random,0x19d411000,0x19ab24000,0x7f35000,random,1,262.90,80.4
242,random,0x19d411000,0x19ab24000,0x7f35000,random,2,263.38,80.4
243,random,0x19d411000,0x1a167a000,0x3c26b000,random,0,261.86,80.0
243,random,0x19d411000,0x1a167a000,0x3c26b000,random,1,261.76,80.0
243,random,0x19d411000,0x1a167a000,0x3c26b000,random,2,262.80,80.0
244,random,0x19d411000,0xaf92d000,0x132d3c000,random,0,257.22,61.7
244,random,0x19d411000,0xaf92d000,0x132d3c000,random,1,256.79,61.8
244,random,0x19d411000,0xaf92d000,0x132d3c000,random,2,257.08,61.8
245,random,0x19d411000,0xb3c2f000,0x12e83e000,random,0,262.52,80.0
245,random,0x19d411000,0xb3c2f000,0x12e83e000,random,1,263.78,80.0
245,random,0x19d411000,0xb3c2f000,0x12e83e000,random,2,263.80,79.9
246,random,0x19d411000,0xb85cd000,0x1251dc000,random,0,257.94,62.0
246,random,0x19d411000,0xb85cd000,0x1251dc000,random,1,257.29,62.1
246,random,0x19d411000,0xb85cd000,0x1251dc000,random,2,256.90,62.1
247,random,0x19d411000,0x1ac8e6000,0x31cf7000,random,0,262.97,80.5
247,random,0x19d411000,0x1ac8e6000,0x31cf7000,random,1,263.70,80.4
247,random,0x19d411000,0x1ac8e6000,0x31cf7000,random,2,263.72,80.4
248,random,0x19d411000,0x1b21df000,0x2f5ce000,random,0,264.00,80.3
248,random,0x19d411000,0x1b21df000,0x2f5ce000,random,1,264.00,80.2
248,random,0x19d411000,0x1b21df000,0x2f5ce000,random,2,264.00,80.2
249,random,0x19d411000,0x19e39a000,0x378b000,random,0,256.30,66.2
249,random,0x19d411000,0x19e39a000,0x378b000,random,1,256.00,66.2
249,random,0x19d411000,0x19e39a000,0x378b000,random,2,256.00,66.2
250,random,0x19d411000,0x18d37a000,0x1076b000,random,0,262.29,79.8
250,random,0x19d411000,0x18d37a000,0x1076b000,random,1,263.34,79.9
250,random,0x19d411000,0x18d37a000,0x1076b000,random,2,263.52,80.0
251,random,0x19d411000,0x195e5f000,0x8a4e000,random,0,256.24,79.2
251,random,0x19d411000,0x195e5f000,0x8a4e000,random,1,256.00,79.3
251,random,0x19d411000,0x195e5f000,0x8a4e000,random,2,256.00,79.3
252,random,0x19d411000,0x1b6d70000,0x2b961000,random,0,262.36,80.4
252,random,0x19d411000,0x1b6d70000,0x2b961000,random,1,263.77,80.4
252,random,0x19d411000,0x1b6d70000,0x2b961000,random,2,263.82,80.4
253,random,0x19d411000,0x1af515000,0x32104000,random,0,256.77,62.2
253,random,0x19d411000,0x1af515000,0x32104000,random,1,256.00,62.1
253,random,0x19d411000,0x1af515000,0x32104000,random,2,256.35,62.2
254,random,0x19d411000,0xbe74a000,0x12335b000,random,0,262.96,80.1
254,random,0x19d411000,0xbe74a000,0x12335b000,random,1,264.00,80.3
254,random,0x19d411000,0xbe74a000,0x12335b000,random,2,263.90,80.3
255,random,0x19d411000,0x194667000,0x9276000,random,0,262.55,80.0
255,random,0x19d411000,0x194667000,0x9276000,random,1,262.53,80.0
255,random,0x19d411000,0x194667000,0x9276000,random,2,262.74,80.0
256,random,0x19d411000,0xb9601000,0x124210000,random,0,256.99,61.8
256,random,0x19d411000,0xb9601000,0x124210000,random,1,256.27,61.8
256,random,0x19d411000,0xb9601000,0x124210000,random,2,256.00,61.8
257,random,0x19d411000,0xaf308000,0x132719000,random,0,262.51,80.4
257,random,0x19d411000,0xaf308000,0x132719000,random,1,263.99,80.4
257,random,0x19d411000,0xaf308000,0x132719000,random,2,263.82,80.4
258,random,0x19d411000,0x1a5f1f000,0x38b0e000,random,0,263.97,80.2
258,random,0x19d411000,0x1a5f1f000,0x38b0e000,random,1,263.90,80.1
258,random,0x19d411000,0x1a5f1f000,0x38b0e000,random,2,264.00,80.5
259,random,0x19d411000,0xb9ed5000,0x124ac4000,random,0,258.71,62.1
259,random,0x19d411000,0xb9ed5000,0x124ac4000,random,1,258.14,62.1
259,random,0x19d411000,0xb9ed5000,0x124ac4000,random,2,258.17,62.1
260,random,0x19d411000,0xbb761000,0x126370000,random,0,257.27,62.1
260,random,0x19d411000,0xbb761000,0x126370000,random,1,257.44,62.1
260,random,0x19d411000,0xbb761000,0x126370000,random,2,257.31,62.1
261,random,0x19d411000,0x1ab90f000,0x36d1e000,random,0,256.00,79.1
261,random,0x19d411000,0x1ab90f000,0x36d1e000,random,1,256.00,79.1
261,random,0x19d411000,0x1ab90f000,0x36d1e000,random,2,256.00,79.1
262,random,0x19d411000,0x1b0db1000,0x2d9a0000,random,0,256.00,61.8
262,random,0x19d411000,0x1b0db1000,0x2d9a0000,random,1,256.00,61.9
262,random,0x19d411000,0x1b0db1000,0x2d9a0000,random,2,256.34,61.6
263,random,0x19d411000,0x191178000,0xc569000,random,0,262.52,79.9
263,random,0x19d411000,0x191178000,0xc569000,random,1,263.44,80.0
263,random,0x19d411000,0x191178000,0xc569000,random,2,263.34,79.9
264,random,0x19d411000,0x1a4c6e000,0x3987f000,random,0,264.00,80.4
264,random,0x19d411000,0x1a4c6e000,0x3987f000,random,1,264.00,80.4
264,random,0x19d411000,0x1a4c6e000,0x3987f000,random,2,263.89,80.3
265,random,0x19d411000,0x19da43000,0xe52000,random,0,256.30,66.2
265,random,0x19d411000,0x19da43000,0xe52000,random,1,256.00,66.2
265,random,0x19d411000,0x19da43000,0xe52000,random,2,256.00,66.2
266,random,0x19d411000,0x185257000,0x18646000,random,0,262.60,80.3
266,random,0x19d411000,0x185257000,0x18646000,random,1,263.78,80.3
266,random,0x19d411000,0x185257000,0x18646000,random,2,263.76,80.4
267,random,0x19d411000,0x18ea37000,0x13e26000,random,0,256.29,79.0
267,random,0x19d411000,0x18ea37000,0x13e26000,random,1,256.00,78.9
267,random,0x19d411000,0x18ea37000,0x13e26000,random,2,256.00,79.1
268,random,0x19d411000,0x1908b4000,0xdca5000,random,0,256.00,79.1
268,random,0x19d411000,0x1908b4000,0xdca5000,random,1,256.00,79.1
268,random,0x19d411000,0x1908b4000,0xdca5000,random,2,256.00,79.1
269,random,0x19d411000,0x1a9a93000,0x34e82000,random,0,262.38,80.0
269,random,0x19d411000,0x1a9a93000,0x34e82000,random,1,263.68,79.9
269,random,0x19d411000,0x1a9a93000,0x34e82000,random,2,263.62,80.0
270,random,0x19d411000,0x1a45b0000,0x391a1000,random,0,263.84,80.4
270,random,0x19d411000,0x1a45b0000,0x391a1000,random,1,263.87,80.4
270,random,0x19d411000,0x1a45b0000,0x391a1000,random,2,263.96,80.3
271,random,0x19d411000,0x188cc7000,0x158d6000,random,0,264.00,80.1
271,random,0x19d411000,0x188cc7000,0x158d6000,random,1,264.00,80.4
271,random,0x19d411000,0x188cc7000,0x158d6000,random,2,264.00,80.3
272,random,0x19d411000,0xb2173000,0x12f562000,random,0,256.82,76.2
272,random,0x19d411000,0xb2173000,0x12f562000,random,1,256.04,76.3
272,random,0x19d411000,0xb2173000,0x12f562000,random,2,256.00,76.2
273,random,0x19d411000,0xac4fb000,0x1310ea000,random,0,262.86,80.0
273,random,0x19d411000,0xac4fb000,0x1310ea000,random,1,263.98,80.0
273,random,0x19d411000,0xac4fb000,0x1310ea000,random,2,264.00,79.9
274,random,0x19d411000,0x1a7451000,0x3a040000,random,0,257.40,62.2
274,random,0x19d411000,0x1a7451000,0x3a040000,random,1,257.06,62.4
274,random,0x19d411000,0x1a7451000,0x3a040000,random,2,256.15,62.3
275,random,0x19d411000,0x1abd63000,0x36972000,random,0,262.86,80.4
275,random,0x19d411000,0x1abd63000,0x36972000,random,1,263.77,80.3
275,random,0x19d411000,0x1abd63000,0x36972000,random,2,263.87,80.4
276,random,0x19d411000,0x1a5012000,0x38403000,random,0,263.71,80.4
276,random,0x19d411000,0x1a5012000,0x38403000,random,1,263.76,80.4
276,random,0x19d411000,0x1a5012000,0x38403000,random,2,263.98,80.3
277,random,0x19d411000,0x193fdc000,0xebcd000,random,0,263.32,80.0
277,random,0x19d411000,0x193fdc000,0xebcd000,random,1,263.37,80.0
277,random,0x19d411000,0x193fdc000,0xebcd000,random,2,263.61,80.0
278,random,0x19d411000,0xb3760000,0x12e371000,random,0,263.99,80.4
278,random,0x19d411000,0xb3760000,0x12e371000,random,1,263.91,80.4
278,random,0x19d411000,0xb3760000,0x12e371000,random,2,264.00,80.3
279,random,0x19d411000,0x1b6cc1000,0x2b8d0000,random,0,257.03,61.8
279,random,0x19d411000,0x1b6cc1000,0x2b8d0000,random,1,256.50,61.7
279,random,0x19d411000,0x1b6cc1000,0x2b8d0000,random,2,256.26,61.8
280,random,0x19d411000,0x1b1085000,0x2c494000,random,0,257.75,62.1
280,random,0x19d411000,0x1b1085000,0x2c494000,random,1,257.88,62.1
280,random,0x19d411000,0x1b1085000,0x2c494000,random,2,257.86,62.0
281,random,0x19d411000,0x1ab9a2000,0x36db3000,random,0,263.17,80.4
281,random,0x19d411000,0x1ab9a2000,0x36db3000,random,1,264.00,80.3
281,random,0x19d411000,0x1ab9a2000,0x36db3000,random,2,263.98,80.3
282,random,0x19d411000,0x1b302f000,0x2e43e000,random,0,256.30,79.1
282,random,0x19d411000,0x1b302f000,0x2e43e000,random,1,256.00,79.1
282,random,0x19d411000,0x1b302f000,0x2e43e000,random,2,256.00,79.1
283,random,0x19d411000,0x1960c3000,0xb4d2000,random,0,262.71,80.3
283,random,0x19d411000,0x1960c3000,0xb4d2000,random,1,264.00,80.2
283,random,0x19d411000,0x1960c3000,0xb4d2000,random,2,264.00,80.1
284,random,0x19d411000,0x1a3e40000,0x3ea51000,random,0,264.00,80.4
284,random,0x19d411000,0x1a3e40000,0x3ea51000,random,1,264.00,80.3
284,random,0x19d411000,0x1a3e40000,0x3ea51000,random,2,264.00,80.4
285,random,0x19d411000,0x1a00c9000,0x3d4d8000,random,0,257.68,62.3
285,random,0x19d411000,0x1a00c9000,0x3d4d8000,random,1,257.26,62.3
285,random,0x19d411000,0x1a00c9000,0x3d4d8000,random,2,257.06,62.4
286,random,0x19d411000,0x1ab83a000,0x36c2b000,random,0,263.13,80.4
286,random,0x19d411000,0x1ab83a000,0x36c2b000,random,1,264.00,80.4
286,random,0x19d411000,0x1ab83a000,0x36c2b000,random,2,264.00,80.4
287,random,0x19d411000,0x193a0d000,0xee1c000,random,0,257.74,62.5
287,random,0x19d411000,0x193a0d000,0xee1c000,random,1,256.67,62.4
287,random,0x19d411000,0x193a0d000,0xee1c000,random,2,257.05,62.2
288,random,0x19d411000,0x1ade5d000,0x30a4c000,random,0,257.02,61.8
288,random,0x19d411000,0x1ade5d000,0x30a4c000,random,1,256.96,61.8
288,random,0x19d411000,0x1ade5d000,0x30a4c000,random,2,257.11,61.8
289,random,0x19d411000,0xb12be000,0x12c6af000,random,0,263.30,80.0
289,random,0x19d411000,0xb12be000,0x12c6af000,random,1,264.00,80.1
289,random,0x19d411000,0xb12be000,0x12c6af000,random,2,264.00,80.0
290,random,0x19d411000,0x18919e000,0x1458f000,random,0,256.30,66.2
290,random,0x19d411000,0x18919e000,0x1458f000,random,1,256.00,66.2
290,random,0x19d411000,0x18919e000,0x1458f000,random,2,256.00,66.2
291,random,0x19d411000,0xb862d000,0x12523c000,random,0,252.77,61.2
291,random,0x19d411000,0xb862d000,0x12523c000,random,1,252.18,61.2
291,random,0x19d411000,0xb862d000,0x12523c000,random,2,252.00,61.2
292,random,0x19d411000,0x18aec0000,0x17ad1000,random,0,262.87,80.3
292,random,0x19d411000,0x18aec0000,0x17ad1000,random,1,264.00,80.3
292,random,0x19d411000,0x18aec0000,0x17ad1000,random,2,263.98,80.3
293,random,0x19d411000,0x19f85e000,0x2c4f000,random,0,256.31,79.2
293,random,0x19d411000,0x19f85e000,0x2c4f000,random,1,256.00,79.2
293,random,0x19d411000,0x19f85e000,0x2c4f000,random,2,256.00,79.2
294,random,0x19d411000,0x1b6117000,0x2b506000,random,0,262.89,80.4
294,random,0x19d411000,0x1b6117000,0x2b506000,random,1,264.00,80.6
294,random,0x19d411000,0x1b6117000,0x2b506000,random,2,264.00,80.5
295,random,0x19d411000,0x1acc3c000,0x3182d000,random,0,264.00,80.4
295,random,0x19d411000,0x1acc3c000,0x3182d000,random,1,264.00,80.3
295,random,0x19d411000,0x1acc3c000,0x3182d000,random,2,264.00,80.5
296,random,0x19d411000,0x19d971000,0xd60000,random,0,252.63,61.1
296,random,0x19d411000,0x19d971000,0xd60000,random,1,252.00,61.1
296,random,0x19d411000,0x19d971000,0xd60000,random,2,252.00,61.2
297,random,0x19d411000,0x1b7e3e000,0x2aa2f000,random,0,262.50,80.4
297,random,0x19d411000,0x1b7e3e000,0x2aa2f000,random,1,263.96,80.4
297,random,0x19d411000,0x1b7e3e000,0x2aa2f000,random,2,264.00,80.5
298,random,0x19d411000,0x1b69fd000,0x2bdec000,random,0,252.63,61.2
298,random,0x19d411000,0x1b69fd000,0x2bdec000,random,1,252.00,61.2
298,random,0x19d411000,0x1b69fd000,0x2bdec000,random,2,252.00,61.2
299,random,0x19d411000,0xba1a2000,0x1275b3000,random,0,262.54,80.5
299,random,0x19d411000,0xba1a2000,0x1275b3000,random,1,264.00,80.4
299,random,0x19d411000,0xba1a2000,0x1275b3000,random,2,263.99,80.5
300,random,0x19d411000,0x1aade0000,0x379f1000,random,0,263.64,80.1
300,random,0x19d411000,0x1aade0000,0x379f1000,random,1,263.83,79.9
300,random,0x19d411000,0x1aade0000,0x379f1000,random,2,263.58,79.9
301,random,0x19d411000,0x1a5c02000,0x38813000,random,0,263.97,80.6
301,random,0x19d411000,0x1a5c02000,0x38813000,random,1,264.00,80.4
301,random,0x19d411000,0x1a5c02000,0x38813000,random,2,263.97,80.4
302,random,0x19d411000,0xbc0d1000,0x1214c0000,random,0,258.17,62.0
302,random,0x19d411000,0xbc0d1000,0x1214c0000,random,1,257.93,62.4
302,random,0x19d411000,0xbc0d1000,0x1214c0000,random,2,258.45,62.4
303,random,0x19d411000,0x18cf6c000,0x11b7d000,random,0,263.20,80.3
303,random,0x19d411000,0x18cf6c000,0x11b7d000,random,1,264.00,80.6
303,random,0x19d411000,0x18cf6c000,0x11b7d000,random,2,264.00,80.5
304,random,0x19d411000,0xb89c3000,0x125dd2000,random,0,264.00,80.0
304,random,0x19d411000,0xb89c3000,0x125dd2000,random,1,264.00,79.9
304,random,0x19d411000,0xb89c3000,0x125dd2000,random,2,264.00,79.8
305,random,0x19d411000,0x1a30e4000,0x3e4f5000,random,0,256.31,79.1
305,random,0x19d411000,0x1a30e4000,0x3e4f5000,random,1,256.00,79.1
305,random,0x19d411000,0x1a30e4000,0x3e4f5000,random,2,256.00,79.1
306,random,0x19d411000,0xbd0dc000,0x1204cd000,random,0,262.99,79.9
306,random,0x19d411000,0xbd0dc000,0x1204cd000,random,1,264.00,79.9
306,random,0x19d411000,0xbd0dc000,0x1204cd000,random,2,264.00,80.0
307,random,0x19d411000,0x192850000,0xfc41000,random,0,263.49,79.9
307,random,0x19d411000,0x192850000,0xfc41000,random,1,262.92,80.0
307,random,0x19d411000,0x192850000,0xfc41000,random,2,263.43,80.0
308,random,0x19d411000,0x1b41cf000,0x295de000,random,0,263.91,80.4
308,random,0x19d411000,0x1b41cf000,0x295de000,random,1,264.00,80.5
308,random,0x19d411000,0x1b41cf000,0x295de000,random,2,264.00,79.9
309,random,0x19d411000,0xb3129000,0x12e538000,random,0,258.42,61.8
309,random,0x19d411000,0xb3129000,0x12e538000,random,1,257.92,61.8
309,random,0x19d411000,0xb3129000,0x12e538000,random,2,258.07,61.8
310,random,0x19d411000,0x1afa20000,0x32e31000,random,0,256.00,66.2
310,random,0x19d411000,0x1afa20000,0x32e31000,random,1,256.00,66.2
310,random,0x19d411000,0x1afa20000,0x32e31000,random,2,256.00,66.2
311,random,0x19d411000,0x1ae124000,0x33535000,random,0,263.08,80.5
311,random,0x19d411000,0x1ae124000,0x33535000,random,1,264.00,80.4
311,random,0x19d411000,0x1ae124000,0x33535000,random,2,264.00,80.4
312,random,0x19d411000,0x190af0000,0xdee1000,random,0,264.00,80.4
312,random,0x19d411000,0x190af0000,0xdee1000,random,1,264.00,80.5
312,random,0x19d411000,0x190af0000,0xdee1000,random,2,264.00,80.2
313,random,0x19d411000,0xb9a1e000,0x124e0f000,random,0,264.00,80.4
313,random,0x19d411000,0xb9a1e000,0x124e0f000,random,1,264.00,80.5
313,random,0x19d411000,0xb9a1e000,0x124e0f000,random,2,264.00,80.5
314,random,0x19d411000,0x18d170000,0x10561000,random,0,264.00,79.9
314,random,0x19d411000,0x18d170000,0x10561000,random,1,263.89,79.9
314,random,0x19d411000,0x18d170000,0x10561000,random,2,263.84,79.9
315,random,0x19d411000,0x1b1a40000,0x2ce51000,random,0,256.29,79.2
315,random,0x19d411000,0x1b1a40000,0x2ce51000,random,1,256.00,79.2
315,random,0x19d411000,0x1b1a40000,0x2ce51000,random,2,256.00,79.2
316,random,0x19d411000,0x190d71000,0xd960000,random,0,256.56,61.8
316,random,0x19d411000,0x190d71000,0xd960000,random,1,256.87,61.8
316,random,0x19d411000,0x190d71000,0xd960000,random,2,257.27,61.8
317,random,0x19d411000,0x1b5ab9000,0x28ea8000,random,0,257.56,62.2
317,random,0x19d411000,0x1b5ab9000,0x28ea8000,random,1,258.15,62.2
317,random,0x19d411000,0x1b5ab9000,0x28ea8000,random,2,258.01,62.4
318,random,0x19d411000,0xae71e000,0x13330f000,random,0,263.28,80.4
318,random,0x19d411000,0xae71e000,0x13330f000,random,1,264.00,80.4
318,random,0x19d411000,0xae71e000,0x13330f000,random,2,264.00,80.5
319,random,0x19d411000,0x187a9d000,0x1ae8c000,random,0,252.63,61.2
319,random,0x19d411000,0x187a9d000,0x1ae8c000,random,1,252.00,61.2
319,random,0x19d411000,0x187a9d000,0x1ae8c000,random,2,252.00,61.2
320,random,0x19d411000,0x19506a000,0x847b000,random,0,255.55,79.1
320,random,0x19d411000,0x19506a000,0x847b000,random,1,256.00,79.1
320,random,0x19d411000,0x19506a000,0x847b000,random,2,256.00,79.1
321,random,0x19d411000,0x1945ca000,0x91db000,random,0,262.39,80.0
321,random,0x19d411000,0x1945ca000,0x91db000,random,1,263.34,79.9
321,random,0x19d411000,0x1945ca000,0x91db000,random,2,263.33,79.9
322,random,0x19d411000,0x1aca3d000,0x31e2c000,random,0,252.58,61.2
322,random,0x19d411000,0x1aca3d000,0x31e2c000,random,1,252.00,61.2
322,random,0x19d411000,0x1aca3d000,0x31e2c000,random,2,252.00,61.2
323,random,0x19d411000,0x1a0f7f000,0x3db6e000,random,0,262.58,80.4
323,random,0x19d411000,0x1a0f7f000,0x3db6e000,random,1,264.00,80.5
323,random,0x19d411000,0x1a0f7f000,0x3db6e000,random,2,264.00,80.5
324,random,0x19d411000,0xb0768000,0x12d379000,random,0,257.21,76.2
324,random,0x19d411000,0xb0768000,0x12d379000,random,1,257.07,76.2
324,random,0x19d411000,0xb0768000,0x12d379000,random,2,256.47,76.2
325,random,0x19d411000,0x1aba24000,0x36e35000,random,0,256.00,79.1
325,random,0x19d411000,0x1aba24000,0x36e35000,random,1,256.00,79.0
325,random,0x19d411000,0x1aba24000,0x36e35000,random,2,256.00,78.8
326,random,0x19d411000,0x192b46000,0xff57000,random,0,262.88,79.9
326,random,0x19d411000,0x192b46000,0xff57000,random,1,264.00,80.0
326,random,0x19d411000,0x192b46000,0xff57000,random,2,263.63,79.9
327,random,0x19d411000,0x1b0c31000,0x2d820000,random,0,252.59,61.2
327,random,0x19d411000,0x1b0c31000,0x2d820000,random,1,252.00,61.2
327,random,0x19d411000,0x1b0c31000,0x2d820000,random,2,252.00,61.2
328,random,0x19d411000,0x1acd70000,0x31961000,random,0,262.61,80.2
328,random,0x19d411000,0x1acd70000,0x31961000,random,1,264.00,80.5
328,random,0x19d411000,0x1acd70000,0x31961000,random,2,264.00,80.4
329,random,0x19d411000,0x194198000,0x9589000,random,0,264.00,80.5
329,random,0x19d411000,0x194198000,0x9589000,random,1,264.00,80.4
329,random,0x19d411000,0x194198000,0x9589000,random,2,264.00,80.2
330,random,0x19d411000,0xb73a8000,0x12a7b9000,random,0,264.00,79.8
330,random,0x19d411000,0xb73a8000,0x12a7b9000,random,1,264.00,79.9
330,random,0x19d411000,0xb73a8000,0x12a7b9000,random,2,264.00,80.0
331,random,0x19d411000,0xb33b1000,0x12e7a0000,random,0,259.34,62.1
331,random,0x19d411000,0xb33b1000,0x12e7a0000,random,1,258.78,62.1
331,random,0x19d411000,0xb33b1000,0x12e7a0000,random,2,258.51,62.1
332,random,0x19d411000,0xb82ba000,0x1256ab000,random,0,263.35,80.5
332,random,0x19d411000,0xb82ba000,0x1256ab000,random,1,264.00,80.4
332,random,0x19d411000,0xb82ba000,0x1256ab000,random,2,264.00,80.5
333,random,0x19d411000,0xb3d66000,0x12e977000,random,0,264.00,80.4
333,random,0x19d411000,0xb3d66000,0x12e977000,random,1,263.99,80.5
333,random,0x19d411000,0xb3d66000,0x12e977000,random,2,264.00,80.5
334,random,0x19d411000,0x1aaa9b000,0x37e8a000,random,0,264.00,80.2
334,random,0x19d411000,0x1aaa9b000,0x37e8a000,random,1,264.00,80.2
334,random,0x19d411000,0x1aaa9b000,0x37e8a000,random,2,264.00,80.3
335,random,0x19d411000,0xb896a000,0x125d7b000,random,0,257.38,76.3
335,random,0x19d411000,0xb896a000,0x125d7b000,random,1,256.21,76.3
335,random,0x19d411000,0xb896a000,0x125d7b000,random,2,256.29,76.3
336,random,0x19d411000,0x18a735000,0x17324000,random,0,252.26,61.2
336,random,0x19d411000,0x18a735000,0x17324000,random,1,252.00,61.2
336,random,0x19d411000,0x18a735000,0x17324000,random,2,252.00,61.2
337,random,0x19d411000,0x1a9747000,0x34356000,random,0,262.70,80.5
337,random,0x19d411000,0x1a9747000,0x34356000,random,1,264.00,80.2
337,random,0x19d411000,0x1a9747000,0x34356000,random,2,264.00,80.4
338,random,0x19d411000,0x1b7cc0000,0x2a8d1000,random,0,256.32,79.1
338,random,0x19d411000,0x1b7cc0000,0x2a8d1000,random,1,256.00,79.3
338,random,0x19d411000,0x1b7cc0000,0x2a8d1000,random,2,256.00,79.0
339,random,0x19d411000,0xbe93a000,0x123d2b000,random,0,256.55,76.3
339,random,0x19d411000,0xbe93a000,0x123d2b000,random,1,256.53,76.2
339,random,0x19d411000,0xbe93a000,0x123d2b000,random,2,256.45,76.3
340,random,0x19d411000,0x18e896000,0x13c87000,random,0,256.00,79.2
340,random,0x19d411000,0x18e896000,0x13c87000,random,1,256.00,79.2
340,random,0x19d411000,0x18e896000,0x13c87000,random,2,256.00,79.2
341,random,0x19d411000,0x1b09ef000,0x2ddfe000,random,0,256.00,66.2
341,random,0x19d411000,0x1b09ef000,0x2ddfe000,random,1,256.00,65.7
341,random,0x19d411000,0x1b09ef000,0x2ddfe000,random,2,256.00,65.7
342,random,0x19d411000,0x1b2abf000,0x2feae000,random,0,262.44,79.6
342,random,0x19d411000,0x1b2abf000,0x2feae000,random,1,263.95,79.6
342,random,0x19d411000,0x1b2abf000,0x2feae000,random,2,263.81,80.0
343,random,0x19d411000,0x1a0096000,0x3d487000,random,0,256.29,79.1
343,random,0x19d411000,0x1a0096000,0x3d487000,random,1,256.00,79.2
343,random,0x19d411000,0x1a0096000,0x3d487000,random,2,256.00,79.0
344,random,0x19d411000,0x1a5297000,0x38686000,random,0,262.85,80.4
344,random,0x19d411000,0x1a5297000,0x38686000,random,1,264.00,80.4
344,random,0x19d411000,0x1a5297000,0x38686000,random,2,264.00,80.4
345,random,0x19d411000,0x188aff000,0x15eee000,random,0,264.00,80.4
345,random,0x19d411000,0x188aff000,0x15eee000,random,1,264.00,80.5
345,random,0x19d411000,0x188aff000,0x15eee000,random,2,264.00,80.5
346,random,0x19d411000,0x196e5f000,0xba4e000,random,0,264.00,80.4
346,random,0x19d411000,0x196e5f000,0xba4e000,random,1,264.00,80.4
346,random,0x19d411000,0x196e5f000,0xba4e000,random,2,264.00,80.3
347,random,0x19d411000,0x1b3117000,0x2e506000,random,0,256.31,79.1
347,random,0x19d411000,0x1b3117000,0x2e506000,random,1,256.00,78.8
347,random,0x19d411000,0x1b3117000,0x2e506000,random,2,256.00,79.3
348,random,0x19d411000,0x187487000,0x1a096000,random,0,262.23,80.0
348,random,0x19d411000,0x187487000,0x1a096000,random,1,264.00,80.1
348,random,0x19d411000,0x187487000,0x1a096000,random,2,263.93,80.0
349,random,0x19d411000,0x1a628b000,0x3b69a000,random,0,263.96,80.3
349,random,0x19d411000,0x1a628b000,0x3b69a000,random,1,264.00,80.4
349,random,0x19d411000,0x1a628b000,0x3b69a000,random,2,264.00,80.3
350,random,0x19d411000,0xac5f7000,0x1311e6000,random,0,264.00,79.8
350,random,0x19d411000,0xac5f7000,0x1311e6000,random,1,264.00,80.0
350,random,0x19d411000,0xac5f7000,0x1311e6000,random,2,264.00,79.7
351,random,0x19d411000,0x19ba02000,0x6e13000,random,0,256.31,79.1
351,random,0x19d411000,0x19ba02000,0x6e13000,random,1,256.00,79.1
351,random,0x19d411000,0x19ba02000,0x6e13000,random,2,256.00,79.1
352,random,0x19d411000,0x1b755e000,0x2a14f000,random,0,256.00,79.2
352,random,0x19d411000,0x1b755e000,0x2a14f000,random,1,256.00,79.1
352,random,0x19d411000,0x1b755e000,0x2a14f000,random,2,256.00,79.2
353,random,0x19d411000,0xba3df000,0x1277ce000,random,0,263.04,80.4
353,random,0x19d411000,0xba3df000,0x1277ce000,random,1,264.00,80.5
353,random,0x19d411000,0xba3df000,0x1277ce000,random,2,264.00,80.5
354,random,0x19d411000,0xbec42000,0x123853000,random,0,264.00,80.4
354,random,0x19d411000,0xbec42000,0x123853000,random,1,264.00,80.4
354,random,0x19d411000,0xbec42000,0x123853000,random,2,264.00,80.3
355,random,0x19d411000,0xb0a81000,0x12de90000,random,0,258.72,61.9
355,random,0x19d411000,0xb0a81000,0x12de90000,random,1,258.60,62.1
355,random,0x19d411000,0xb0a81000,0x12de90000,random,2,258.28,62.1
356,random,0x19d411000,0x1a1f7d000,0x3cb6c000,random,0,258.20,62.4
356,random,0x19d411000,0x1a1f7d000,0x3cb6c000,random,1,258.26,62.4
356,random,0x19d411000,0x1a1f7d000,0x3cb6c000,random,2,258.51,62.4
357,random,0x19d411000,0x1930a4000,0xe4b5000,random,0,256.00,79.2
357,random,0x19d411000,0x1930a4000,0xe4b5000,random,1,256.00,79.2
357,random,0x19d411000,0x1930a4000,0xe4b5000,random,2,256.00,79.2
358,random,0x19d411000,0x18e99e000,0x13d8f000,random,0,262.94,80.4
358,random,0x19d411000,0x18e99e000,0x13d8f000,random,1,264.00,80.4
358,random,0x19d411000,0x18e99e000,0x13d8f000,random,2,264.00,80.4
359,random,0x19d411000,0x193c77000,0xe866000,random,0,264.00,80.2
359,random,0x19d411000,0x193c77000,0xe866000,random,1,264.00,80.3
359,random,0x19d411000,0x193c77000,0xe866000,random,2,264.00,80.4
360,random,0x19d411000,0x1a834b000,0x3575a000,random,0,264.00,80.4
360,random,0x19d411000,0x1a834b000,0x3575a000,random,1,264.00,80.3
360,random,0x19d411000,0x1a834b000,0x3575a000,random,2,263.97,80.3
361,random,0x19d411000,0x1b24e1000,0x2f0f0000,random,0,259.09,62.1
361,random,0x19d411000,0x1b24e1000,0x2f0f0000,random,1,258.70,62.1
361,random,0x19d411000,0x1b24e1000,0x2f0f0000,random,2,258.62,62.0
362,random,0x19d411000,0x1b17a7000,0x2c3b6000,random,0,256.00,79.1
362,random,0x19d411000,0x1b17a7000,0x2c3b6000,random,1,256.00,79.1
362,random,0x19d411000,0x1b17a7000,0x2c3b6000,random,2,256.00,79.1
363,random,0x19d411000,0x1a817e000,0x3556f000,random,0,263.07,80.4
363,random,0x19d411000,0x1a817e000,0x3556f000,random,1,264.00,80.1
363,random,0x19d411000,0x1a817e000,0x3556f000,random,2,264.00,80.3
364,random,0x19d411000,0x19bf30000,0x6b21000,random,0,264.00,80.3
364,random,0x19d411000,0x19bf30000,0x6b21000,random,1,264.00,80.4
364,random,0x19d411000,0x19bf30000,0x6b21000,random,2,264.00,80.4
365,random,0x19d411000,0x1a51cb000,0x385da000,random,0,264.00,80.4
365,random,0x19d411000,0x1a51cb000,0x385da000,random,1,264.00,80.3
365,random,0x19d411000,0x1a51cb000,0x385da000,random,2,264.00,80.5
366,random,0x19d411000,0x1957ee000,0x83ff000,random,0,263.97,79.9
366,random,0x19d411000,0x1957ee000,0x83ff000,random,1,263.94,80.0
366,random,0x19d411000,0x1957ee000,0x83ff000,random,2,264.00,80.0
367,random,0x19d411000,0x1a5374000,0x38765000,random,0,263.44,80.0
367,random,0x19d411000,0x1a5374000,0x38765000,random,1,263.99,79.9
367,random,0x19d411000,0x1a5374000,0x38765000,random,2,263.65,79.9
368,random,0x19d411000,0xb0310000,0x12d701000,random,0,256.82,76.2
368,random,0x19d411000,0xb0310000,0x12d701000,random,1,256.22,76.3
368,random,0x19d411000,0xb0310000,0x12d701000,random,2,256.35,76.2
369,random,0x19d411000,0x1967bd000,0xb3ac000,random,0,258.59,62.1
369,random,0x19d411000,0x1967bd000,0xb3ac000,random,1,258.88,62.1
369,random,0x19d411000,0x1967bd000,0xb3ac000,random,2,258.83,62.1
370,random,0x19d411000,0x1a9d11000,0x34900000,random,0,258.57,62.0
370,random,0x19d411000,0x1a9d11000,0x34900000,random,1,258.68,62.1
370,random,0x19d411000,0x1a9d11000,0x34900000,random,2,258.64,62.1
371,random,0x19d411000,0xb58dd000,0x128ccc000,random,0,258.01,62.4
371,random,0x19d411000,0xb58dd000,0x128ccc000,random,1,258.40,62.4
371,random,0x19d411000,0xb58dd000,0x128ccc000,random,2,258.28,62.2
372,random,0x19d411000,0x19007c000,0xd46d000,random,0,256.00,78.9
372,random,0x19d411000,0x19007c000,0xd46d000,random,1,256.00,78.8
372,random,0x19d411000,0x19007c000,0xd46d000,random,2,256.00,79.1
373,random,0x19d411000,0x1a569f000,0x3828e000,random,0,262.65,79.9
373,random,0x19d411000,0x1a569f000,0x3828e000,random,1,263.90,79.9
373,random,0x19d411000,0x1a569f000,0x3828e000,random,2,264.00,79.9
374,random,0x19d411000,0x1885a7000,0x151b6000,random,0,256.31,79.2
374,random,0x19d411000,0x1885a7000,0x151b6000,random,1,256.00,79.2
374,random,0x19d411000,0x1885a7000,0x151b6000,random,2,256.00,79.2
375,random,0x19d411000,0x1b2423000,0x2f032000,random,0,256.00,79.1
375,random,0x19d411000,0x1b2423000,0x2f032000,random,1,256.00,79.1
375,random,0x19d411000,0x1b2423000,0x2f032000,random,2,256.00,78.9
376,random,0x19d411000,0x1ab2ad000,0x366bc000,random,0,256.82,61.6
376,random,0x19d411000,0x1ab2ad000,0x366bc000,random,1,257.28,61.8
376,random,0x19d411000,0x1ab2ad000,0x366bc000,random,2,257.01,61.8
377,random,0x19d411000,0x1a0115000,0x3d504000,random,0,252.38,52.9
377,random,0x19d411000,0x1a0115000,0x3d504000,random,1,252.00,52.9
377,random,0x19d411000,0x1a0115000,0x3d504000,random,2,252.00,52.9
378,random,0x19d411000,0x1ae409000,0x33018000,random,0,257.66,62.1
378,random,0x19d411000,0x1ae409000,0x33018000,random,1,258.34,62.0
378,random,0x19d411000,0x1ae409000,0x33018000,random,2,258.68,62.1
379,random,0x19d411000,0x1af845000,0x32c54000,random,0,252.39,52.8
379,random,0x19d411000,0x1af845000,0x32c54000,random,1,252.00,52.8
379,random,0x19d411000,0x1af845000,0x32c54000,random,2,252.00,52.8
380,random,0x19d411000,0x18b729000,0x16338000,random,0,257.77,61.9
380,random,0x19d411000,0x18b729000,0x16338000,random,1,258.41,62.0
380,random,0x19d411000,0x18b729000,0x16338000,random,2,258.61,62.1
381,random,0x19d411000,0xbac2f000,0x12783e000,random,0,263.36,79.9
381,random,0x19d411000,0xbac2f000,0x12783e000,random,1,264.00,80.0
381,random,0x19d411000,0xbac2f000,0x12783e000,random,2,264.00,80.0
382,random,0x19d411000,0x191d15000,0xc904000,random,0,257.85,61.8
382,random,0x19d411000,0x191d15000,0xc904000,random,1,257.32,61.8
382,random,0x19d411000,0x191d15000,0xc904000,random,2,257.54,61.8
383,random,0x19d411000,0x18c016000,0x11407000,random,0,263.23,80.3
383,random,0x19d411000,0x18c016000,0x11407000,random,1,264.00,80.4
383,random,0x19d411000,0x18c016000,0x11407000,random,2,264.00,80.3
384,random,0x19d411000,0xbe0fc000,0x1234ed000,random,0,264.00,80.0
384,random,0x19d411000,0xbe0fc000,0x1234ed000,random,1,264.00,79.6
384,random,0x19d411000,0xbe0fc000,0x1234ed000,random,2,264.00,80.1
385,random,0x19d411000,0xafc35000,0x132824000,random,0,253.87,61.2
385,random,0x19d411000,0xafc35000,0x132824000,random,1,252.76,61.2
385,random,0x19d411000,0xafc35000,0x132824000,random,2,253.16,61.2
386,random,0x19d411000,0x1a1f09000,0x3cb18000,random,0,257.97,62.1
386,random,0x19d411000,0x1a1f09000,0x3cb18000,random,1,258.86,62.1
386,random,0x19d411000,0x1a1f09000,0x3cb18000,random,2,258.61,62.1
387,random,0x19d411000,0x18c3fc000,0x117ed000,random,0,256.00,79.1
387,random,0x19d411000,0x18c3fc000,0x117ed000,random,1,256.00,79.0
387,random,0x19d411000,0x18c3fc000,0x117ed000,random,2,256.00,79.1
388,random,0x19d411000,0xb71fc000,0x12a5ed000,random,0,263.04,80.4
388,random,0x19d411000,0xb71fc000,0x12a5ed000,random,1,264.00,80.2
388,random,0x19d411000,0xb71fc000,0x12a5ed000,random,2,264.00,80.5
389,random,0x19d411000,0x1ad9b6000,0x30da7000,random,0,256.31,79.1
389,random,0x19d411000,0x1ad9b6000,0x30da7000,random,1,256.00,79.1
389,random,0x19d411000,0x1ad9b6000,0x30da7000,random,2,256.00,79.1
390,random,0x19d411000,0xb35f9000,0x12e1e8000,random,0,253.90,61.2
390,random,0x19d411000,0xb35f9000,0x12e1e8000,random,1,253.11,61.2
390,random,0x19d411000,0xb35f9000,0x12e1e8000,random,2,253.63,61.2
391,random,0x19d411000,0x1936fd000,0xe2ec000,random,0,258.14,62.1
391,random,0x19d411000,0x1936fd000,0xe2ec000,random,1,259.36,62.1
391,random,0x19d411000,0x1936fd000,0xe2ec000,random,2,259.01,62.1
392,random,0x19d411000,0xb8b8a000,0x125f9b000,random,0,263.41,80.0
392,random,0x19d411000,0xb8b8a000,0x125f9b000,random,1,264.00,79.8
392,random,0x19d411000,0xb8b8a000,0x125f9b000,random,2,264.00,79.7
393,random,0x19d411000,0x199bf8000,0x4fe9000,random,0,256.34,66.2
393,random,0x19d411000,0x199bf8000,0x4fe9000,random,1,256.00,66.2
393,random,0x19d411000,0x199bf8000,0x4fe9000,random,2,256.00,66.2
394,random,0x19d411000,0x184803000,0x19c12000,random,0,262.74,80.5
394,random,0x19d411000,0x184803000,0x19c12000,random,1,264.00,80.4
394,random,0x19d411000,0x184803000,0x19c12000,random,2,264.00,80.5
395,random,0x19d411000,0x18b820000,0x16c31000,random,0,264.00,80.1
395,random,0x19d411000,0x18b820000,0x16c31000,random,1,263.76,79.9
395,random,0x19d411000,0x18b820000,0x16c31000,random,2,263.82,80.0
396,random,0x19d411000,0x18594c000,0x18d5d000,random,0,264.00,80.3
396,random,0x19d411000,0x18594c000,0x18d5d000,random,1,264.00,80.2
396,random,0x19d411000,0x18594c000,0x18d5d000,random,2,264.00,80.4
397,random,0x19d411000,0x199501000,0x4110000,random,0,252.64,61.1
397,random,0x19d411000,0x199501000,0x4110000,random,1,252.00,61.2
397,random,0x19d411000,0x199501000,0x4110000,random,2,252.00,61.2
398,random,0x19d411000,0x1adca4000,0x308b5000,random,0,255.61,66.2
398,random,0x19d411000,0x1adca4000,0x308b5000,random,1,256.00,66.2
398,random,0x19d411000,0x1adca4000,0x308b5000,random,2,256.00,66.2
399,random,0x19d411000,0x19623d000,0xb62c000,random,0,257.39,61.8
399,random,0x19d411000,0x19623d000,0xb62c000,random,1,258.05,61.8
399,random,0x19d411000,0x19623d000,0xb62c000,random,2,258.19,61.8
400,random,0x19d411000,0xbaa05000,0x127e14000,random,0,253.92,61.2
400,random,0x19d411000,0xbaa05000,0x127e14000,random,1,253.54,61.2
400,random,0x19d411000,0xbaa05000,0x127e14000,random,2,253.08,61.2
401,random,0x19d411000,0xb3389000,0x12e798000,random,0,257.70,61.7
401,random,0x19d411000,0xb3389000,0x12e798000,random,1,258.14,61.8
401,random,0x19d411000,0xb3389000,0x12e798000,random,2,258.54,61.8
402,random,0x19d411000,0x1b658d000,0x2b19c000,random,0,258.95,62.4
402,random,0x19d411000,0x1b658d000,0x2b19c000,random,1,258.75,62.4
402,random,0x19d411000,0x1b658d000,0x2b19c000,random,2,258.81,62.3
403,random,0x19d411000,0x187918000,0x1ad09000,random,0,263.35,80.3
403,random,0x19d411000,0x187918000,0x1ad09000,random,1,264.00,80.4
403,random,0x19d411000,0x187918000,0x1ad09000,random,2,264.00,80.4
404,random,0x19d411000,0x18aead000,0x17abc000,random,0,259.22,62.0
404,random,0x19d411000,0x18aead000,0x17abc000,random,1,259.34,62.0
404,random,0x19d411000,0x18aead000,0x17abc000,random,2,259.02,62.0
405,random,0x19d411000,0xbe9f5000,0x123de4000,random,0,258.58,61.7
405,random,0x19d411000,0xbe9f5000,0x123de4000,random,1,258.56,61.7
405,random,0x19d411000,0xbe9f5000,0x123de4000,random,2,258.77,61.8
406,random,0x19d411000,0x19fe4a000,0x2a5b000,random,0,256.00,79.1
406,random,0x19d411000,0x19fe4a000,0x2a5b000,random,1,256.00,79.1
406,random,0x19d411000,0x19fe4a000,0x2a5b000,random,2,256.00,79.1
407,random,0x19d411000,0x1b31af000,0x2e5be000,random,0,263.08,80.0
407,random,0x19d411000,0x1b31af000,0x2e5be000,random,1,264.00,80.1
407,random,0x19d411000,0x1b31af000,0x2e5be000,random,2,264.00,79.9
408,random,0x19d411000,0xb7718000,0x12a309000,random,0,264.00,80.5
408,random,0x19d411000,0xb7718000,0x12a309000,random,1,264.00,80.4
408,random,0x19d411000,0xb7718000,0x12a309000,random,2,264.00,80.5
409,random,0x19d411000,0x1ae123000,0x33532000,random,0,263.75,79.7
409,random,0x19d411000,0x1ae123000,0x33532000,random,1,263.83,79.6
409,random,0x19d411000,0x1ae123000,0x33532000,random,2,263.98,80.0
410,random,0x19d411000,0xb99c3000,0x124dd2000,random,0,256.97,76.3
410,random,0x19d411000,0xb99c3000,0x124dd2000,random,1,256.68,76.3
410,random,0x19d411000,0xb99c3000,0x124dd2000,random,2,256.53,76.2
411,random,0x19d411000,0x1ad861000,0x30c70000,random,0,258.79,62.1
411,random,0x19d411000,0x1ad861000,0x30c70000,random,1,259.04,62.1
411,random,0x19d411000,0x1ad861000,0x30c70000,random,2,258.93,62.1
412,random,0x19d411000,0x1a6049000,0x3b458000,random,0,252.29,61.2
412,random,0x19d411000,0x1a6049000,0x3b458000,random,1,252.00,61.2
412,random,0x19d411000,0x1a6049000,0x3b458000,random,2,252.00,61.2
413,random,0x19d411000,0x186561000,0x1b170000,random,0,256.09,61.8
413,random,0x19d411000,0x186561000,0x1b170000,random,1,257.02,61.8
413,random,0x19d411000,0x186561000,0x1b170000,random,2,257.17,61.7
414,random,0x19d411000,0x1b7987000,0x2ad96000,random,0,263.21,80.2
414,random,0x19d411000,0x1b7987000,0x2ad96000,random,1,264.00,80.3
414,random,0x19d411000,0x1b7987000,0x2ad96000,random,2,264.00,80.5
415,random,0x19d411000,0x1904c8000,0xd0d9000,random,0,256.33,66.2
415,random,0x19d411000,0x1904c8000,0xd0d9000,random,1,256.00,66.2
415,random,0x19d411000,0x1904c8000,0xd0d9000,random,2,256.00,66.2
416,random,0x19d411000,0xb0e39000,0x12da28000,random,0,257.74,61.8
416,random,0x19d411000,0xb0e39000,0x12da28000,random,1,258.25,61.8
416,random,0x19d411000,0xb0e39000,0x12da28000,random,2,258.46,61.8
417,random,0x19d411000,0xb3831000,0x12ec20000,random,0,258.63,61.8
417,random,0x19d411000,0xb3831000,0x12ec20000,random,1,258.55,61.8
417,random,0x19d411000,0xb3831000,0x12ec20000,random,2,258.64,61.8
418,random,0x19d411000,0x19bdd3000,0x69c2000,random,0,263.37,80.3
418,random,0x19d411000,0x19bdd3000,0x69c2000,random,1,264.00,80.4
418,random,0x19d411000,0x19bdd3000,0x69c2000,random,2,264.00,80.3
419,random,0x19d411000,0xbda22000,0x120e33000,random,0,264.00,79.9
419,random,0x19d411000,0xbda22000,0x120e33000,random,1,264.00,79.9
419,random,0x19d411000,0xbda22000,0x120e33000,random,2,264.00,79.8
420,random,0x19d411000,0x1940a0000,0x94b1000,random,0,264.00,80.4
420,random,0x19d411000,0x1940a0000,0x94b1000,random,1,263.95,80.4
420,random,0x19d411000,0x1940a0000,0x94b1000,random,2,264.00,80.4
421,random,0x19d411000,0x184725000,0x19334000,random,0,252.74,52.9
421,random,0x19d411000,0x184725000,0x19334000,random,1,252.00,52.9
421,random,0x19d411000,0x184725000,0x19334000,random,2,252.00,52.9
422,random,0x19d411000,0xb0ce0000,0x12d8f1000,random,0,262.71,80.2
422,random,0x19d411000,0xb0ce0000,0x12d8f1000,random,1,264.00,80.5
422,random,0x19d411000,0xb0ce0000,0x12d8f1000,random,2,264.00,80.5
423,random,0x19d411000,0x185d8f000,0x1899e000,random,0,264.00,80.4
423,random,0x19d411000,0x185d8f000,0x1899e000,random,1,264.00,80.4
423,random,0x19d411000,0x185d8f000,0x1899e000,random,2,264.00,80.4
424,random,0x19d411000,0x19a72c000,0x733d000,random,0,264.00,80.5
424,random,0x19d411000,0x19a72c000,0x733d000,random,1,264.00,80.6
424,random,0x19d411000,0x19a72c000,0x733d000,random,2,264.00,80.5
425,random,0x19d411000,0x196db6000,0xb9a7000,random,0,263.99,79.9
425,random,0x19d411000,0x196db6000,0xb9a7000,random,1,263.98,79.9
425,random,0x19d411000,0x196db6000,0xb9a7000,random,2,264.00,80.0
426,random,0x19d411000,0x18e6be000,0x132af000,random,0,264.00,80.3
426,random,0x19d411000,0x18e6be000,0x132af000,random,1,264.00,80.2
426,random,0x19d411000,0x18e6be000,0x132af000,random,2,264.00,80.5
427,random,0x19d411000,0x19d188000,0x599000,random,0,264.00,80.5
427,random,0x19d411000,0x19d188000,0x599000,random,1,264.00,80.4
427,random,0x19d411000,0x19d188000,0x599000,random,2,264.00,80.5
428,random,0x19d411000,0x1aefc6000,0x33bd7000,random,0,264.00,80.6
428,random,0x19d411000,0x1aefc6000,0x33bd7000,random,1,264.00,80.5
428,random,0x19d411000,0x1aefc6000,0x33bd7000,random,2,264.00,80.4
429,random,0x19d411000,0x1852ec000,0x186fd000,random,0,264.00,80.4
429,random,0x19d411000,0x1852ec000,0x186fd000,random,1,264.00,80.4
429,random,0x19d411000,0x1852ec000,0x186fd000,random,2,264.20,80.3
430,random,0x19d411000,0x1b20d5000,0x2f4c4000,random,0,252.65,61.2
430,random,0x19d411000,0x1b20d5000,0x2f4c4000,random,1,252.00,61.0
430,random,0x19d411000,0x1b20d5000,0x2f4c4000,random,2,252.00,61.2
431,random,0x19d411000,0x1a6862000,0x3bc73000,random,0,262.47,80.0
431,random,0x19d411000,0x1a6862000,0x3bc73000,random,1,263.74,80.0
431,random,0x19d411000,0x1a6862000,0x3bc73000,random,2,264.00,80.0
432,random,0x19d411000,0x1a2c7e000,0x3f86f000,random,0,264.00,80.4
432,random,0x19d411000,0x1a2c7e000,0x3f86f000,random,1,264.00,80.4
432,random,0x19d411000,0x1a2c7e000,0x3f86f000,random,2,264.00,80.4
433,random,0x19d411000,0x1b1531000,0x2c120000,random,0,258.35,61.8
433,random,0x19d411000,0x1b1531000,0x2c120000,random,1,257.26,61.8
433,random,0x19d411000,0x1b1531000,0x2c120000,random,2,256.39,61.7
434,random,0x19d411000,0x1ab28a000,0x3669b000,random,0,256.00,79.2
434,random,0x19d411000,0x1ab28a000,0x3669b000,random,1,256.00,79.2
434,random,0x19d411000,0x1ab28a000,0x3669b000,random,2,256.00,79.0
435,random,0x19d411000,0x1aac3a000,0x3782b000,random,0,256.00,79.2
435,random,0x19d411000,0x1aac3a000,0x3782b000,random,1,256.00,79.2
435,random,0x19d411000,0x1aac3a000,0x3782b000,random,2,256.00,79.2
436,random,0x19d411000,0x1b60fe000,0x2b4ef000,random,0,262.84,80.1
436,random,0x19d411000,0x1b60fe000,0x2b4ef000,random,1,264.00,79.9
436,random,0x19d411000,0x1b60fe000,0x2b4ef000,random,2,264.00,80.0
437,random,0x19d411000,0x1aafa3000,0x37bb2000,random,0,256.32,79.1
437,random,0x19d411000,0x1aafa3000,0x37bb2000,random,1,256.00,79.2
437,random,0x19d411000,0x1aafa3000,0x37bb2000,random,2,256.00,79.2
438,random,0x19d411000,0xb7cb8000,0x12a8a9000,random,0,263.09,80.3
438,random,0x19d411000,0xb7cb8000,0x12a8a9000,random,1,264.00,80.4
438,random,0x19d411000,0xb7cb8000,0x12a8a9000,random,2,264.00,80.2
439,random,0x19d411000,0x1a40b0000,0x394a1000,random,0,264.00,80.5
439,random,0x19d411000,0x1a40b0000,0x394a1000,random,1,264.00,80.4
439,random,0x19d411000,0x1a40b0000,0x394a1000,random,2,264.00,80.4
440,random,0x19d411000,0x1a2050000,0x3f441000,random,0,264.00,80.4
440,random,0x19d411000,0x1a2050000,0x3f441000,random,1,264.00,80.3
440,random,0x19d411000,0x1a2050000,0x3f441000,random,2,264.00,80.5
441,random,0x19d411000,0xb1768000,0x12c379000,random,0,264.00,80.0
441,random,0x19d411000,0xb1768000,0x12c379000,random,1,264.00,79.9
441,random,0x19d411000,0xb1768000,0x12c379000,random,2,264.00,80.1
442,random,0x19d411000,0xb1300000,0x12c711000,random,0,264.00,79.9
442,random,0x19d411000,0xb1300000,0x12c711000,random,1,264.00,80.0
442,random,0x19d411000,0xb1300000,0x12c711000,random,2,264.00,79.9
443,random,0x19d411000,0xae087000,0x133496000,random,0,257.40,76.1
443,random,0x19d411000,0xae087000,0x133496000,random,1,256.97,76.2
443,random,0x19d411000,0xae087000,0x133496000,random,2,256.48,76.3
444,random,0x19d411000,0x19d030000,0x421000,random,0,263.14,80.0
444,random,0x19d411000,0x19d030000,0x421000,random,1,264.00,79.9
444,random,0x19d411000,0x19d030000,0x421000,random,2,264.00,79.8
445,random,0x19d411000,0x1960ef000,0xb4fe000,random,0,264.00,80.3
445,random,0x19d411000,0x1960ef000,0xb4fe000,random,1,264.00,80.3
445,random,0x19d411000,0x1960ef000,0xb4fe000,random,2,264.00,80.4
446,random,0x19d411000,0xb2794000,0x12f385000,random,0,264.00,79.8
446,random,0x19d411000,0xb2794000,0x12f385000,random,1,264.00,79.9
446,random,0x19d411000,0xb2794000,0x12f385000,random,2,264.00,79.9
447,random,0x19d411000,0x1b1625000,0x2c234000,random,0,252.65,61.1
447,random,0x19d411000,0x1b1625000,0x2c234000,random,1,252.00,61.1
447,random,0x19d411000,0x1b1625000,0x2c234000,random,2,252.00,61.2
448,random,0x19d411000,0xbca35000,0x121e24000,random,0,257.86,62.1
448,random,0x19d411000,0xbca35000,0x121e24000,random,1,259.32,62.0
448,random,0x19d411000,0xbca35000,0x121e24000,random,2,259.05,62.1
449,random,0x19d411000,0xbcc98000,0x121889000,random,0,263.41,80.3
449,random,0x19d411000,0xbcc98000,0x121889000,random,1,264.00,80.5
449,random,0x19d411000,0xbcc98000,0x121889000,random,2,264.00,80.4
450,random,0x19d411000,0x1b33cb000,0x2e7da000,random,0,263.99,79.7
450,random,0x19d411000,0x1b33cb000,0x2e7da000,random,1,264.00,79.9
450,random,0x19d411000,0x1b33cb000,0x2e7da000,random,2,264.00,80.0
451,random,0x19d411000,0x191988000,0xcd99000,random,0,264.00,80.3
451,random,0x19d411000,0x191988000,0xcd99000,random,1,264.00,80.2
451,random,0x19d411000,0x191988000,0xcd99000,random,2,264.00,80.4
452,random,0x19d411000,0x1b5b56000,0x28f47000,random,0,264.00,80.5
452,random,0x19d411000,0x1b5b56000,0x28f47000,random,1,264.00,80.5
452,random,0x19d411000,0x1b5b56000,0x28f47000,random,2,264.00,80.5
453,random,0x19d411000,0x1917f6000,0xc3e7000,random,0,264.00,80.2
453,random,0x19d411000,0x1917f6000,0xc3e7000,random,1,264.00,80.1
453,random,0x19d411000,0x1917f6000,0xc3e7000,random,2,264.00,80.4
454,random,0x19d411000,0xb0868000,0x12dc79000,random,0,264.00,80.4
454,random,0x19d411000,0xb0868000,0x12dc79000,random,1,264.00,80.5
454,random,0x19d411000,0xb0868000,0x12dc79000,random,2,264.00,80.5
455,random,0x19d411000,0x196e0c000,0xba1d000,random,0,264.00,80.5
455,random,0x19d411000,0x196e0c000,0xba1d000,random,1,264.00,80.4
455,random,0x19d411000,0x196e0c000,0xba1d000,random,2,264.00,80.2
456,random,0x19d411000,0x1a96bb000,0x342aa000,random,0,264.00,80.2
456,random,0x19d411000,0x1a96bb000,0x342aa000,random,1,264.00,80.4
456,random,0x19d411000,0x1a96bb000,0x342aa000,random,2,264.00,80.4
457,random,0x19d411000,0x1a3f3a000,0x3eb2b000,random,0,264.00,80.4
457,random,0x19d411000,0x1a3f3a000,0x3eb2b000,random,1,264.00,80.5
457,random,0x19d411000,0x1a3f3a000,0x3eb2b000,random,2,264.00,80.5
458,random,0x19d411000,0x1b2ca4000,0x2f8b5000,random,0,264.00,80.4
458,random,0x19d411000,0x1b2ca4000,0x2f8b5000,random,1,264.00,80.5
458,random,0x19d411000,0x1b2ca4000,0x2f8b5000,random,2,264.00,80.3
459,random,0x19d411000,0xb3797000,0x12e386000,random,0,264.00,80.0
459,random,0x19d411000,0xb3797000,0x12e386000,random,1,264.00,80.1
459,random,0x19d411000,0xb3797000,0x12e386000,random,2,264.00,79.7
460,random,0x19d411000,0x1a6335000,0x3b724000,random,0,258.99,62.3
460,random,0x19d411000,0x1a6335000,0x3b724000,random,1,258.86,62.4
460,random,0x19d411000,0x1a6335000,0x3b724000,random,2,258.28,62.3
461,random,0x19d411000,0xba5f7000,0x1271e6000,random,0,263.29,79.7
461,random,0x19d411000,0xba5f7000,0x1271e6000,random,1,264.00,80.4
461,random,0x19d411000,0xba5f7000,0x1271e6000,random,2,264.00,80.6
462,random,0x19d411000,0x18cd3c000,0x1192d000,random,0,264.00,80.4
462,random,0x19d411000,0x18cd3c000,0x1192d000,random,1,264.00,80.5
462,random,0x19d411000,0x18cd3c000,0x1192d000,random,2,264.00,80.4
463,random,0x19d411000,0xae56e000,0x13317f000,random,0,264.00,80.0
463,random,0x19d411000,0xae56e000,0x13317f000,random,1,264.00,80.0
463,random,0x19d411000,0xae56e000,0x13317f000,random,2,264.00,80.1
464,random,0x19d411000,0x1a8102000,0x35513000,random,0,264.00,80.2
464,random,0x19d411000,0x1a8102000,0x35513000,random,1,264.00,80.4
464,random,0x19d411000,0x1a8102000,0x35513000,random,2,264.00,80.5
465,random,0x19d411000,0xbcc92000,0x121883000,random,0,264.00,80.4
465,random,0x19d411000,0xbcc92000,0x121883000,random,1,264.00,80.6
465,random,0x19d411000,0xbcc92000,0x121883000,random,2,264.00,80.4
466,random,0x19d411000,0x1b5bcc000,0x28fdd000,random,0,264.00,80.1
466,random,0x19d411000,0x1b5bcc000,0x28fdd000,random,1,264.00,80.0
466,random,0x19d411000,0x1b5bcc000,0x28fdd000,random,2,264.00,79.9
467,random,0x19d411000,0xb7de4000,0x12a9f5000,random,0,264.00,80.4
467,random,0x19d411000,0xb7de4000,0x12a9f5000,random,1,264.00,80.1
467,random,0x19d411000,0xb7de4000,0x12a9f5000,random,2,264.00,79.9
468,random,0x19d411000,0x1a8f48000,0x35b59000,random,0,264.00,79.9
468,random,0x19d411000,0x1a8f48000,0x35b59000,random,1,264.00,80.3
468,random,0x19d411000,0x1a8f48000,0x35b59000,random,2,264.00,80.5
469,random,0x19d411000,0x1a580e000,0x38c1f000,random,0,264.00,80.4
469,random,0x19d411000,0x1a580e000,0x38c1f000,random,1,264.00,80.4
469,random,0x19d411000,0x1a580e000,0x38c1f000,random,2,264.00,80.4
470,random,0x19d411000,0x190108000,0xd519000,random,0,264.00,80.4
470,random,0x19d411000,0x190108000,0xd519000,random,1,264.00,80.5
470,random,0x19d411000,0x190108000,0xd519000,random,2,264.00,80.4
471,random,0x19d411000,0x18fe67000,0x12a76000,random,0,264.00,80.5
471,random,0x19d411000,0x18fe67000,0x12a76000,random,1,264.00,80.5
471,random,0x19d411000,0x18fe67000,0x12a76000,random,2,264.00,80.4
472,random,0x19d411000,0x185c9c000,0x1888d000,random,0,264.00,80.0
472,random,0x19d411000,0x185c9c000,0x1888d000,random,1,264.00,79.7
472,random,0x19d411000,0x185c9c000,0x1888d000,random,2,264.00,80.1
473,random,0x19d411000,0xb8538000,0x125129000,random,0,264.00,79.9
473,random,0x19d411000,0xb8538000,0x125129000,random,1,264.00,80.0
473,random,0x19d411000,0xb8538000,0x125129000,random,2,264.00,80.1
474,random,0x19d411000,0xb2592000,0x12f183000,random,0,264.00,80.6
474,random,0x19d411000,0xb2592000,0x12f183000,random,1,264.00,80.3
474,random,0x19d411000,0xb2592000,0x12f183000,random,2,264.00,80.4
475,random,0x19d411000,0x1a19dc000,0x3cdcd000,random,0,264.00,79.8
475,random,0x19d411000,0x1a19dc000,0x3cdcd000,random,1,264.00,80.0
475,random,0x19d411000,0x1a19dc000,0x3cdcd000,random,2,264.00,80.0
476,random,0x19d411000,0x186a6f000,0x1be7e000,random,0,256.33,79.2
476,random,0x19d411000,0x186a6f000,0x1be7e000,random,1,256.00,79.1
476,random,0x19d411000,0x186a6f000,0x1be7e000,random,2,256.00,78.7
477,random,0x19d411000,0x1b55e6000,0x281f7000,random,0,263.06,80.2
477,random,0x19d411000,0x1b55e6000,0x281f7000,random,1,264.00,80.3
477,random,0x19d411000,0x1b55e6000,0x281f7000,random,2,264.00,80.4
478,random,0x19d411000,0x19a2cf000,0x76de000,random,0,264.00,80.4
478,random,0x19d411000,0x19a2cf000,0x76de000,random,1,264.00,80.3
478,random,0x19d411000,0x19a2cf000,0x76de000,random,2,264.00,80.5
479,random,0x19d411000,0x1b7f57000,0x2ab46000,random,0,264.00,80.6
479,random,0x19d411000,0x1b7f57000,0x2ab46000,random,1,264.00,80.5
479,random,0x19d411000,0x1b7f57000,0x2ab46000,random,2,264.00,80.5
480,random,0x19d411000,0x1b3591000,0x2e180000,random,0,259.68,62.1
480,random,0x19d411000,0x1b3591000,0x2e180000,random,1,259.40,62.1
480,random,0x19d411000,0x1b3591000,0x2e180000,random,2,259.26,61.9
481,random,0x19d411000,0x194223000,0x9632000,random,0,263.15,79.9
481,random,0x19d411000,0x194223000,0x9632000,random,1,264.00,79.9
481,random,0x19d411000,0x194223000,0x9632000,random,2,264.00,80.0
482,random,0x19d411000,0xaffac000,0x132bbd000,random,0,257.87,76.3
482,random,0x19d411000,0xaffac000,0x132bbd000,random,1,257.10,76.3
482,random,0x19d411000,0xaffac000,0x132bbd000,random,2,257.50,76.2
483,random,0x19d411000,0xbbc3b000,0x12682a000,random,0,263.42,80.4
483,random,0x19d411000,0xbbc3b000,0x12682a000,random,1,264.00,80.2
483,random,0x19d411000,0xbbc3b000,0x12682a000,random,2,264.00,80.3
484,random,0x19d411000,0x1a6b29000,0x3bf38000,random,0,259.26,62.4
484,random,0x19d411000,0x1a6b29000,0x3bf38000,random,1,259.01,62.2
484,random,0x19d411000,0x1a6b29000,0x3bf38000,random,2,258.85,62.3
485,random,0x19d411000,0x1a866a000,0x3527b000,random,0,263.31,79.7
485,random,0x19d411000,0x1a866a000,0x3527b000,random,1,264.00,80.0
485,random,0x19d411000,0x1a866a000,0x3527b000,random,2,264.00,79.9
486,random,0x19d411000,0x191d4b000,0xc95a000,random,0,264.00,80.5
486,random,0x19d411000,0x191d4b000,0xc95a000,random,1,264.00,80.5
486,random,0x19d411000,0x191d4b000,0xc95a000,random,2,264.00,80.5
487,random,0x19d411000,0x19516d000,0x857c000,random,0,257.88,61.8
487,random,0x19d411000,0x19516d000,0x857c000,random,1,257.75,61.8
487,random,0x19d411000,0x19516d000,0x857c000,random,2,257.57,61.8
488,random,0x19d411000,0x19152d000,0xc13c000,random,0,258.05,61.8
488,random,0x19d411000,0x19152d000,0xc13c000,random,1,257.40,61.8
488,random,0x19d411000,0x19152d000,0xc13c000,random,2,257.31,61.8
489,random,0x19d411000,0x18d8be000,0x10caf000,random,0,256.00,78.9
489,random,0x19d411000,0x18d8be000,0x10caf000,random,1,256.00,79.1
489,random,0x19d411000,0x18d8be000,0x10caf000,random,2,256.00,79.0
490,random,0x19d411000,0xbc44b000,0x12105a000,random,0,262.97,80.3
490,random,0x19d411000,0xbc44b000,0x12105a000,random,1,264.00,80.4
490,random,0x19d411000,0xbc44b000,0x12105a000,random,2,264.00,80.4
491,random,0x19d411000,0x1b4971000,0x29d60000,random,0,259.18,62.3
491,random,0x19d411000,0x1b4971000,0x29d60000,random,1,258.88,62.5
491,random,0x19d411000,0x1b4971000,0x29d60000,random,2,258.83,62.4
492,random,0x19d411000,0x1b688e000,0x2bc9f000,random,0,256.00,79.2
492,random,0x19d411000,0x1b688e000,0x2bc9f000,random,1,256.00,79.2
492,random,0x19d411000,0x1b688e000,0x2bc9f000,random,2,256.00,79.2
493,random,0x19d411000,0x189492000,0x14083000,random,0,263.08,80.4
493,random,0x19d411000,0x189492000,0x14083000,random,1,264.00,80.2
493,random,0x19d411000,0x189492000,0x14083000,random,2,264.00,80.5
494,random,0x19d411000,0x18b77c000,0x1636d000,random,0,256.34,79.2
494,random,0x19d411000,0x18b77c000,0x1636d000,random,1,256.00,79.2
494,random,0x19d411000,0x18b77c000,0x1636d000,random,2,256.00,79.2
495,random,0x19d411000,0x1a96a0000,0x342b1000,random,0,263.17,80.4
495,random,0x19d411000,0x1a96a0000,0x342b1000,random,1,264.00,80.3
495,random,0x19d411000,0x1a96a0000,0x342b1000,random,2,264.00,80.4
496,random,0x19d411000,0xc07ce000,0x15d3df000,random,0,264.00,80.4
496,random,0x19d411000,0xc07ce000,0x15d3df000,random,1,264.00,80.2
496,random,0x19d411000,0xc07ce000,0x15d3df000,random,2,264.00,80.4
497,random,0x19d411000,0x18a217000,0x17606000,random,0,264.00,80.4
497,random,0x19d411000,0x18a217000,0x17606000,random,1,264.00,80.4
497,random,0x19d411000,0x18a217000,0x17606000,random,2,264.00,80.2
498,random,0x19d411000,0xb0dc1000,0x12d9d0000,random,0,258.79,62.4
498,random,0x19d411000,0xb0dc1000,0x12d9d0000,random,1,258.44,62.4
498,random,0x19d411000,0xb0dc1000,0x12d9d0000,random,2,258.53,62.3
499,random,0x19d411000,0x1ad3d4000,0x307c5000,random,0,263.18,80.0
499,random,0x19d411000,0x1ad3d4000,0x307c5000,random,1,264.00,79.9
499,random,0x19d411000,0x1ad3d4000,0x307c5000,random,2,264.00,79.9
500,random,0x19d411000,0x1acb34000,0x31f25000,random,0,264.00,80.4
500,random,0x19d411000,0x1acb34000,0x31f25000,random,1,264.00,80.3
500,random,0x19d411000,0x1acb34000,0x31f25000,random,2,264.00,80.4
501,random,0x19d411000,0x1a6910000,0x3bd01000,random,0,264.00,80.1
501,random,0x19d411000,0x1a6910000,0x3bd01000,random,1,264.00,80.0
501,random,0x19d411000,0x1a6910000,0x3bd01000,random,2,264.00,79.8
502,random,0x19d411000,0x1861c5000,0x1b5d4000,random,0,258.28,61.8
502,random,0x19d411000,0x1861c5000,0x1b5d4000,random,1,256.92,61.6
502,random,0x19d411000,0x1861c5000,0x1b5d4000,random,2,257.56,61.8
503,random,0x19d411000,0x1af8e0000,0x32cf1000,random,0,263.36,80.7
503,random,0x19d411000,0x1af8e0000,0x32cf1000,random,1,264.00,80.4
503,random,0x19d411000,0x1af8e0000,0x32cf1000,random,2,264.00,80.5
504,random,0x19d411000,0x193290000,0xe681000,random,0,264.00,79.9
504,random,0x19d411000,0x193290000,0xe681000,random,1,264.00,79.9
504,random,0x19d411000,0x193290000,0xe681000,random,2,264.00,79.9
505,random,0x19d411000,0x1a11b2000,0x3c5a3000,random,0,264.00,80.5
505,random,0x19d411000,0x1a11b2000,0x3c5a3000,random,1,264.00,80.5
505,random,0x19d411000,0x1a11b2000,0x3c5a3000,random,2,264.00,80.5
506,random,0x19d411000,0xb110b000,0x12c51a000,random,0,264.00,79.9
506,random,0x19d411000,0xb110b000,0x12c51a000,random,1,264.00,80.0
506,random,0x19d411000,0xb110b000,0x12c51a000,random,2,264.00,80.0
507,random,0x19d411000,0x196e0e000,0xba1f000,random,0,264.00,80.5
507,random,0x19d411000,0x196e0e000,0xba1f000,random,1,264.00,80.5
507,random,0x19d411000,0x196e0e000,0xba1f000,random,2,264.00,80.6
508,random,0x19d411000,0xb2d15000,0x12f904000,random,0,259.08,61.8
508,random,0x19d411000,0xb2d15000,0x12f904000,random,1,258.41,61.8
508,random,0x19d411000,0xb2d15000,0x12f904000,random,2,258.47,61.8
509,random,0x19d411000,0x1af225000,0x32634000,random,0,252.31,61.2
509,random,0x19d411000,0x1af225000,0x32634000,random,1,252.00,61.2
509,random,0x19d411000,0x1af225000,0x32634000,random,2,252.00,61.2
510,random,0x19d411000,0x19a676000,0x7267000,random,0,262.61,79.9
510,random,0x19d411000,0x19a676000,0x7267000,random,1,264.00,80.1
510,random,0x19d411000,0x19a676000,0x7267000,random,2,264.00,79.9
511,random,0x19d411000,0x199f82000,0x4b93000,random,0,264.00,80.1
511,random,0x19d411000,0x199f82000,0x4b93000,random,1,264.00,80.0
511,random,0x19d411000,0x199f82000,0x4b93000,random,2,264.00,79.9
512,random,0x19d411000,0x18c317000,0x11706000,random,0,263.98,80.0
512,random,0x19d411000,0x18c317000,0x11706000,random,1,263.99,80.1
512,random,0x19d411000,0x18c317000,0x11706000,random,2,264.00,80.1
513,random,0x19d411000,0x1ac0b9000,0x314a8000,random,0,259.05,62.4
513,random,0x19d411000,0x1ac0b9000,0x314a8000,random,1,258.91,62.2
513,random,0x19d411000,0x1ac0b9000,0x314a8000,random,2,258.54,62.0
514,random,0x19d411000,0x192ac1000,0xfed0000,random,0,258.66,62.1
514,random,0x19d411000,0x192ac1000,0xfed0000,random,1,258.93,62.0
514,random,0x19d411000,0x192ac1000,0xfed0000,random,2,259.19,62.1
515,random,0x19d411000,0xbb1af000,0x1265be000,random,0,257.32,76.3
515,random,0x19d411000,0xbb1af000,0x1265be000,random,1,257.86,76.2
515,random,0x19d411000,0xbb1af000,0x1265be000,random,2,257.79,76.3
516,random,0x19d411000,0xb227a000,0x12f66b000,random,0,263.39,80.4
516,random,0x19d411000,0xb227a000,0x12f66b000,random,1,264.00,80.4
516,random,0x19d411000,0xb227a000,0x12f66b000,random,2,264.00,80.5
517,random,0x19d411000,0x1a591d000,0x38d0c000,random,0,258.49,61.8
517,random,0x19d411000,0x1a591d000,0x38d0c000,random,1,257.79,61.8
517,random,0x19d411000,0x1a591d000,0x38d0c000,random,2,257.67,61.8
518,random,0x19d411000,0x18e046000,0x13457000,random,0,256.00,79.2
518,random,0x19d411000,0x18e046000,0x13457000,random,1,256.00,79.3
518,random,0x19d411000,0x18e046000,0x13457000,random,2,256.00,79.1
519,random,0x19d411000,0x1abc2e000,0x3683f000,random,0,263.18,80.4
519,random,0x19d411000,0x1abc2e000,0x3683f000,random,1,264.00,80.4
519,random,0x19d411000,0x1abc2e000,0x3683f000,random,2,264.00,80.5
520,random,0x19d411000,0x1b02ea000,0x2d6fb000,random,0,264.00,80.4
520,random,0x19d411000,0x1b02ea000,0x2d6fb000,random,1,264.00,80.4
520,random,0x19d411000,0x1b02ea000,0x2d6fb000,random,2,264.00,80.4
521,random,0x19d411000,0x18a79c000,0x1738d000,random,0,264.00,79.5
521,random,0x19d411000,0x18a79c000,0x1738d000,random,1,264.00,80.0
521,random,0x19d411000,0x18a79c000,0x1738d000,random,2,264.00,80.0
522,random,0x19d411000,0x1a946e000,0x3407f000,random,0,264.00,80.6
522,random,0x19d411000,0x1a946e000,0x3407f000,random,1,264.00,80.5
522,random,0x19d411000,0x1a946e000,0x3407f000,random,2,264.00,80.2
523,random,0x19d411000,0x1b1888000,0x2cc99000,random,0,264.00,80.5
523,random,0x19d411000,0x1b1888000,0x2cc99000,random,1,264.00,80.5
523,random,0x19d411000,0x1b1888000,0x2cc99000,random,2,264.00,80.5
524,random,0x19d411000,0xaf4d7000,0x1320c6000,random,0,264.00,80.4
524,random,0x19d411000,0xaf4d7000,0x1320c6000,random,1,264.00,80.4
524,random,0x19d411000,0xaf4d7000,0x1320c6000,random,2,264.00,80.4
525,random,0x19d411000,0x1b1cf9000,0x2c8e8000,random,0,259.49,62.1
525,random,0x19d411000,0x1b1cf9000,0x2c8e8000,random,1,259.38,62.1
525,random,0x19d411000,0x1b1cf9000,0x2c8e8000,random,2,259.18,62.1
526,random,0x19d411000,0x1a3eb1000,0x3eaa0000,random,0,259.41,62.1
526,random,0x19d411000,0x1a3eb1000,0x3eaa0000,random,1,259.33,62.1
526,random,0x19d411000,0x1a3eb1000,0x3eaa0000,random,2,259.25,62.0
527,random,0x19d411000,0x1951c9000,0x85d8000,random,0,258.90,62.3
527,random,0x19d411000,0x1951c9000,0x85d8000,random,1,258.74,62.4
527,random,0x19d411000,0x1951c9000,0x85d8000,random,2,258.82,62.4
528,random,0x19d411000,0x184e99000,0x19a88000,random,0,259.24,62.0
528,random,0x19d411000,0x184e99000,0x19a88000,random,1,259.20,62.1
528,random,0x19d411000,0x184e99000,0x19a88000,random,2,259.19,62.1
529,random,0x19d411000,0x1b66b8000,0x2b2a9000,random,0,263.31,80.0
529,random,0x19d411000,0x1b66b8000,0x2b2a9000,random,1,264.00,80.0
529,random,0x19d411000,0x1b66b8000,0x2b2a9000,random,2,264.00,80.0
530,random,0x19d411000,0x18b526000,0x16137000,random,0,264.00,80.0
530,random,0x19d411000,0x18b526000,0x16137000,random,1,264.00,80.0
530,random,0x19d411000,0x18b526000,0x16137000,random,2,264.00,80.1
531,random,0x19d411000,0x1aeadd000,0x33ecc000,random,0,259.42,61.9
531,random,0x19d411000,0x1aeadd000,0x33ecc000,random,1,259.23,62.0
531,random,0x19d411000,0x1aeadd000,0x33ecc000,random,2,259.32,62.1
532,random,0x19d411000,0x1a5f51000,0x38b40000,random,0,252.30,61.2
532,random,0x19d411000,0x1a5f51000,0x38b40000,random,1,252.00,61.2
532,random,0x19d411000,0x1a5f51000,0x38b40000,random,2,252.00,61.2
533,random,0x19d411000,0xae858000,0x133c49000,random,0,262.80,80.5
533,random,0x19d411000,0xae858000,0x133c49000,random,1,264.00,80.5
533,random,0x19d411000,0xae858000,0x133c49000,random,2,264.00,80.7
534,random,0x19d411000,0x1a7346000,0x3a757000,random,0,263.99,80.1
534,random,0x19d411000,0x1a7346000,0x3a757000,random,1,264.00,80.0
534,random,0x19d411000,0x1a7346000,0x3a757000,random,2,264.00,80.1
535,random,0x19d411000,0x1b62f0000,0x2b6e1000,random,0,264.00,80.5
535,random,0x19d411000,0x1b62f0000,0x2b6e1000,random,1,264.00,80.3
535,random,0x19d411000,0x1b62f0000,0x2b6e1000,random,2,264.00,80.5
536,random,0x19d411000,0x1acabb000,0x31eaa000,random,0,256.33,79.2
536,random,0x19d411000,0x1acabb000,0x31eaa000,random,1,256.00,79.2
536,random,0x19d411000,0x1acabb000,0x31eaa000,random,2,256.00,79.2
537,random,0x19d411000,0x18645a000,0x1b04b000,random,0,256.00,66.2
537,random,0x19d411000,0x18645a000,0x1b04b000,random,1,256.00,66.2
537,random,0x19d411000,0x18645a000,0x1b04b000,random,2,256.00,66.2
538,random,0x19d411000,0x195fce000,0x8bdf000,random,0,262.99,80.0
538,random,0x19d411000,0x195fce000,0x8bdf000,random,1,264.00,80.0
538,random,0x19d411000,0x195fce000,0x8bdf000,random,2,264.00,80.0
539,random,0x19d411000,0x1910ac000,0xc4bd000,random,0,264.00,80.6
539,random,0x19d411000,0x1910ac000,0xc4bd000,random,1,264.00,80.3
539,random,0x19d411000,0x1910ac000,0xc4bd000,random,2,264.00,80.5
540,random,0x19d411000,0x1b26d4000,0x2f2c5000,random,0,264.00,80.2
540,random,0x19d411000,0x1b26d4000,0x2f2c5000,random,1,264.00,80.4
540,random,0x19d411000,0x1b26d4000,0x2f2c5000,random,2,264.00,80.3
541,random,0x19d411000,0x1af353000,0x32742000,random,0,264.00,80.6
541,random,0x19d411000,0x1af353000,0x32742000,random,1,264.00,80.4
541,random,0x19d411000,0x1af353000,0x32742000,random,2,264.00,80.4
542,random,0x19d411000,0xb9074000,0x124465000,random,0,264.00,80.4
542,random,0x19d411000,0xb9074000,0x124465000,random,1,264.00,80.3
542,random,0x19d411000,0xb9074000,0x124465000,random,2,264.00,80.5
543,random,0x19d411000,0x187975000,0x1ad64000,random,0,259.46,62.1
543,random,0x19d411000,0x187975000,0x1ad64000,random,1,259.15,62.1
543,random,0x19d411000,0x187975000,0x1ad64000,random,2,259.28,62.0
544,random,0x19d411000,0xbe688000,0x123299000,random,0,263.35,80.4
544,random,0x19d411000,0xbe688000,0x123299000,random,1,264.00,80.4
544,random,0x19d411000,0xbe688000,0x123299000,random,2,264.00,80.4
545,random,0x19d411000,0x1856cd000,0x182dc000,random,0,259.45,62.1
545,random,0x19d411000,0x1856cd000,0x182dc000,random,1,259.13,62.1
545,random,0x19d411000,0x1856cd000,0x182dc000,random,2,259.18,62.2
546,random,0x19d411000,0x1b49d2000,0x29dc3000,random,0,263.43,80.5
546,random,0x19d411000,0x1b49d2000,0x29dc3000,random,1,264.00,80.5
546,random,0x19d411000,0x1b49d2000,0x29dc3000,random,2,264.00,80.5
547,random,0x19d411000,0xbd7f0000,0x1203e1000,random,0,264.00,80.1
547,random,0x19d411000,0xbd7f0000,0x1203e1000,random,1,264.00,80.1
547,random,0x19d411000,0xbd7f0000,0x1203e1000,random,2,264.00,79.9
548,random,0x19d411000,0xb8721000,0x125330000,random,0,255.50,61.1
548,random,0x19d411000,0xb8721000,0x125330000,random,1,254.41,61.2
548,random,0x19d411000,0xb8721000,0x125330000,random,2,254.54,61.2
549,random,0x19d411000,0x18b9a1000,0x16db0000,random,0,252.00,61.2
549,random,0x19d411000,0x18b9a1000,0x16db0000,random,1,252.00,61.2
549,random,0x19d411000,0x18b9a1000,0x16db0000,random,2,252.00,61.2
550,random,0x19d411000,0x1af64d000,0x3225c000,random,0,252.00,52.7
550,random,0x19d411000,0x1af64d000,0x3225c000,random,1,252.00,52.9
550,random,0x19d411000,0x1af64d000,0x3225c000,random,2,252.00,52.9
551,random,0x19d411000,0x1a12b3000,0x3c6a2000,random,0,255.69,79.2
551,random,0x19d411000,0x1a12b3000,0x3c6a2000,random,1,256.00,79.2
551,random,0x19d411000,0x1a12b3000,0x3c6a2000,random,2,256.00,79.2
552,random,0x19d411000,0xb0120000,0x12d531000,random,0,263.02,80.1
552,random,0x19d411000,0xb0120000,0x12d531000,random,1,264.00,80.3
552,random,0x19d411000,0xb0120000,0x12d531000,random,2,264.00,80.4
553,random,0x19d411000,0xb38e8000,0x12ecf9000,random,0,264.00,80.5
553,random,0x19d411000,0xb38e8000,0x12ecf9000,random,1,264.00,80.5
553,random,0x19d411000,0xb38e8000,0x12ecf9000,random,2,264.00,80.5
554,random,0x19d411000,0x199e0a000,0x4a1b000,random,0,256.35,66.2
554,random,0x19d411000,0x199e0a000,0x4a1b000,random,1,256.00,66.2
554,random,0x19d411000,0x199e0a000,0x4a1b000,random,2,256.00,66.2
555,random,0x19d411000,0x1a4fdf000,0x39bce000,random,0,262.98,80.1
555,random,0x19d411000,0x1a4fdf000,0x39bce000,random,1,264.00,80.0
555,random,0x19d411000,0x1a4fdf000,0x39bce000,random,2,264.00,80.0
556,random,0x19d411000,0x19aa0d000,0x7e1c000,random,0,259.24,62.3
556,random,0x19d411000,0x19aa0d000,0x7e1c000,random,1,258.90,62.2
556,random,0x19d411000,0x19aa0d000,0x7e1c000,random,2,258.55,62.3
557,random,0x19d411000,0x184845000,0x19c54000,random,0,257.52,61.8
557,random,0x19d411000,0x184845000,0x19c54000,random,1,257.62,61.8
557,random,0x19d411000,0x184845000,0x19c54000,random,2,257.28,61.8
558,random,0x19d411000,0x1846a3000,0x192b2000,random,0,263.41,80.5
558,random,0x19d411000,0x1846a3000,0x192b2000,random,1,264.00,80.5
558,random,0x19d411000,0x1846a3000,0x192b2000,random,2,264.00,80.4
559,random,0x19d411000,0xb2750000,0x12f341000,random,0,264.00,79.9
559,random,0x19d411000,0xb2750000,0x12f341000,random,1,264.00,79.9
559,random,0x19d411000,0xb2750000,0x12f341000,random,2,264.00,80.0
560,random,0x19d411000,0x1b83cc000,0x257dd000,random,0,264.00,80.0
560,random,0x19d411000,0x1b83cc000,0x257dd000,random,1,264.00,79.8
560,random,0x19d411000,0x1b83cc000,0x257dd000,random,2,264.00,80.0
561,random,0x19d411000,0x18b6ad000,0x162bc000,random,0,252.67,61.2
561,random,0x19d411000,0x18b6ad000,0x162bc000,random,1,252.00,61.2
561,random,0x19d411000,0x18b6ad000,0x162bc000,random,2,252.00,61.2
562,random,0x19d411000,0x191f61000,0xcb70000,random,0,256.38,61.8
562,random,0x19d411000,0x191f61000,0xcb70000,random,1,257.91,61.8
562,random,0x19d411000,0x191f61000,0xcb70000,random,2,257.83,61.8
563,random,0x19d411000,0x1a6e2d000,0x3ba3c000,random,0,257.92,61.8
563,random,0x19d411000,0x1a6e2d000,0x3ba3c000,random,1,257.82,61.8
563,random,0x19d411000,0x1a6e2d000,0x3ba3c000,random,2,257.29,61.7
564,random,0x19d411000,0xb15be000,0x12c1af000,random,0,263.23,79.9
564,random,0x19d411000,0xb15be000,0x12c1af000,random,1,264.00,80.0
564,random,0x19d411000,0xb15be000,0x12c1af000,random,2,264.00,79.8
565,random,0x19d411000,0x1b63b6000,0x2b7a7000,random,0,264.00,80.3
565,random,0x19d411000,0x1b63b6000,0x2b7a7000,random,1,264.00,80.5
565,random,0x19d411000,0x1b63b6000,0x2b7a7000,random,2,264.00,80.5
566,random,0x19d411000,0xb70a9000,0x12a4b8000,random,0,259.22,62.1
566,random,0x19d411000,0xb70a9000,0x12a4b8000,random,1,259.00,62.4
566,random,0x19d411000,0xb70a9000,0x12a4b8000,random,2,258.90,62.4
567,random,0x19d411000,0xade04000,0x130a15000,random,0,256.92,76.3
567,random,0x19d411000,0xade04000,0x130a15000,random,1,256.81,76.3
567,random,0x19d411000,0xade04000,0x130a15000,random,2,257.10,76.3
568,random,0x19d411000,0x1856e0000,0x182f1000,random,0,263.31,80.4
568,random,0x19d411000,0x1856e0000,0x182f1000,random,1,264.00,80.6
568,random,0x19d411000,0x1856e0000,0x182f1000,random,2,264.00,80.4
569,random,0x19d411000,0x184f43000,0x19b52000,random,0,264.00,80.3
569,random,0x19d411000,0x184f43000,0x19b52000,random,1,264.00,80.4
569,random,0x19d411000,0x184f43000,0x19b52000,random,2,264.00,80.4
570,random,0x19d411000,0x19ce41000,0x1a50000,random,0,259.61,62.1
570,random,0x19d411000,0x19ce41000,0x1a50000,random,1,258.98,62.0
570,random,0x19d411000,0x19ce41000,0x1a50000,random,2,259.14,62.1
571,random,0x19d411000,0x1b4ec3000,0x29ad2000,random,0,263.42,80.5
571,random,0x19d411000,0x1b4ec3000,0x29ad2000,random,1,264.00,80.5
571,random,0x19d411000,0x1b4ec3000,0x29ad2000,random,2,264.00,80.5
572,random,0x19d411000,0x1b13a4000,0x2c7b5000,random,0,264.00,80.0
572,random,0x19d411000,0x1b13a4000,0x2c7b5000,random,1,264.00,80.3
572,random,0x19d411000,0x1b13a4000,0x2c7b5000,random,2,264.00,80.3
573,random,0x19d411000,0x18d64d000,0x1025c000,random,0,258.46,61.7
573,random,0x19d411000,0x18d64d000,0x1025c000,random,1,257.67,61.8
573,random,0x19d411000,0x18d64d000,0x1025c000,random,2,257.41,61.8
574,random,0x19d411000,0xb7b49000,0x12af58000,random,0,259.05,62.1
574,random,0x19d411000,0xb7b49000,0x12af58000,random,1,259.01,62.1
574,random,0x19d411000,0xb7b49000,0x12af58000,random,2,259.05,62.2
575,random,0x19d411000,0x19ca09000,0x1e18000,random,0,257.38,61.8
575,random,0x19d411000,0x19ca09000,0x1e18000,random,1,257.06,61.8
575,random,0x19d411000,0x19ca09000,0x1e18000,random,2,257.01,61.7
576,random,0x19d411000,0x18fe2b000,0x12a3a000,random,0,256.00,79.0
576,random,0x19d411000,0x18fe2b000,0x12a3a000,random,1,256.00,79.1
576,random,0x19d411000,0x18fe2b000,0x12a3a000,random,2,256.00,79.1
577,random,0x19d411000,0x1b7ddf000,0x2a9ce000,random,0,262.79,80.1
577,random,0x19d411000,0x1b7ddf000,0x2a9ce000,random,1,264.00,80.0
577,random,0x19d411000,0x1b7ddf000,0x2a9ce000,random,2,264.00,80.0
578,random,0x19d411000,0x1a2028000,0x3f439000,random,0,264.00,80.0
578,random,0x19d411000,0x1a2028000,0x3f439000,random,1,263.53,79.9
578,random,0x19d411000,0x1a2028000,0x3f439000,random,2,264.00,80.0
579,random,0x19d411000,0xbcbf0000,0x121fe1000,random,0,264.00,80.1
579,random,0x19d411000,0xbcbf0000,0x121fe1000,random,1,264.00,80.0
579,random,0x19d411000,0xbcbf0000,0x121fe1000,random,2,264.00,80.1
580,random,0x19d411000,0x18bb13000,0x16f02000,random,0,264.00,80.0
580,random,0x19d411000,0x18bb13000,0x16f02000,random,1,264.00,79.9
580,random,0x19d411000,0x18bb13000,0x16f02000,random,2,263.69,80.0
581,random,0x19d411000,0x196544000,0xb155000,random,0,263.95,80.5
581,random,0x19d411000,0x196544000,0xb155000,random,1,264.00,80.2
581,random,0x19d411000,0x196544000,0xb155000,random,2,264.00,80.4
582,random,0x19d411000,0x19d5b5000,0x1a4000,random,0,256.96,61.8
582,random,0x19d411000,0x19d5b5000,0x1a4000,random,1,256.00,61.8
582,random,0x19d411000,0x19d5b5000,0x1a4000,random,2,256.00,61.8
583,random,0x19d411000,0x19e1b5000,0x35a4000,random,0,252.27,61.2
583,random,0x19d411000,0x19e1b5000,0x35a4000,random,1,252.00,61.2
583,random,0x19d411000,0x19e1b5000,0x35a4000,random,2,252.00,61.2
584,random,0x19d411000,0xbcc55000,0x121844000,random,0,256.10,62.4
584,random,0x19d411000,0xbcc55000,0x121844000,random,1,257.22,62.4
584,random,0x19d411000,0xbcc55000,0x121844000,random,2,256.81,62.4
585,random,0x19d411000,0x1b3ccf000,0x2e8de000,random,0,262.44,80.0
585,random,0x19d411000,0x1b3ccf000,0x2e8de000,random,1,262.88,79.9
585,random,0x19d411000,0x1b3ccf000,0x2e8de000,random,2,262.97,79.8
586,random,0x19d411000,0x189d1d000,0x1490c000,random,0,257.94,62.0
586,random,0x19d411000,0x189d1d000,0x1490c000,random,1,257.61,62.1
586,random,0x19d411000,0x189d1d000,0x1490c000,random,2,257.47,62.1
587,random,0x19d411000,0x196574000,0xb165000,random,0,256.00,79.1
587,random,0x19d411000,0x196574000,0xb165000,random,1,256.00,79.1
587,random,0x19d411000,0x196574000,0xb165000,random,2,256.00,79.1
588,random,0x19d411000,0x1b5622000,0x28233000,random,0,261.60,79.9
588,random,0x19d411000,0x1b5622000,0x28233000,random,1,262.68,80.1
588,random,0x19d411000,0x1b5622000,0x28233000,random,2,262.64,80.0
589,random,0x19d411000,0x189ea4000,0x14ab5000,random,0,262.43,80.1
589,random,0x19d411000,0x189ea4000,0x14ab5000,random,1,262.33,80.1
589,random,0x19d411000,0x189ea4000,0x14ab5000,random,2,262.26,79.8
590,random,0x19d411000,0xbbaee000,0x126eff000,random,0,256.66,76.2
590,random,0x19d411000,0xbbaee000,0x126eff000,random,1,256.00,76.3
590,random,0x19d411000,0xbbaee000,0x126eff000,random,2,256.00,76.2
591,random,0x19d411000,0x1b64fe000,0x2b0ef000,random,0,262.25,80.4
591,random,0x19d411000,0x1b64fe000,0x2b0ef000,random,1,263.28,80.4
591,random,0x19d411000,0x1b64fe000,0x2b0ef000,random,2,263.32,80.3
592,random,0x19d411000,0x192660000,0xf271000,random,0,263.74,80.6
592,random,0x19d411000,0x192660000,0xf271000,random,1,263.97,80.4
592,random,0x19d411000,0x192660000,0xf271000,random,2,263.58,80.4
593,random,0x19d411000,0x18ca69000,0x11e78000,random,0,256.57,61.8
593,random,0x19d411000,0x18ca69000,0x11e78000,random,1,256.00,61.8
593,random,0x19d411000,0x18ca69000,0x11e78000,random,2,256.00,61.8
594,random,0x19d411000,0xb7142000,0x12a553000,random,0,261.51,79.5
594,random,0x19d411000,0xb7142000,0x12a553000,random,1,263.04,80.0
594,random,0x19d411000,0xb7142000,0x12a553000,random,2,262.67,80.0
595,random,0x19d411000,0x1aa66b000,0x3727a000,random,0,262.99,80.2
595,random,0x19d411000,0x1aa66b000,0x3727a000,random,1,262.94,80.4
595,random,0x19d411000,0x1aa66b000,0x3727a000,random,2,263.11,80.4
596,random,0x19d411000,0x18bcef000,0x168fe000,random,0,263.97,80.5
596,random,0x19d411000,0x18bcef000,0x168fe000,random,1,263.41,80.4
596,random,0x19d411000,0x18bcef000,0x168fe000,random,2,263.89,80.6
597,random,0x19d411000,0x19116f000,0xc57e000,random,0,262.49,80.3
597,random,0x19d411000,0x19116f000,0xc57e000,random,1,262.18,80.5
597,random,0x19d411000,0x19116f000,0xc57e000,random,2,262.57,80.5
598,random,0x19d411000,0x1b40bc000,0x294ad000,random,0,261.98,80.2
598,random,0x19d411000,0x1b40bc000,0x294ad000,random,1,262.52,80.1
598,random,0x19d411000,0x1b40bc000,0x294ad000,random,2,262.51,80.4
599,random,0x19d411000,0x18e4df000,0x130ce000,random,0,256.25,79.1
599,random,0x19d411000,0x18e4df000,0x130ce000,random,1,256.00,79.1
599,random,0x19d411000,0x18e4df000,0x130ce000,random,2,255.94,79.1
600,random,0x19d411000,0xb014f000,0x12d55e000,random,0,261.76,80.4
600,random,0x19d411000,0xb014f000,0x12d55e000,random,1,263.31,80.5
600,random,0x19d411000,0xb014f000,0x12d55e000,random,2,263.48,80.4
601,random,0x19d411000,0xb1945000,0x12cd54000,random,0,256.56,61.8
601,random,0x19d411000,0xb1945000,0x12cd54000,random,1,256.00,61.8
601,random,0x19d411000,0xb1945000,0x12cd54000,random,2,256.00,61.8
602,random,0x19d411000,0xadc4e000,0x13085f000,random,0,262.04,80.0
602,random,0x19d411000,0xadc4e000,0x13085f000,random,1,263.00,79.8
602,random,0x19d411000,0xadc4e000,0x13085f000,random,2,263.35,80.0
603,random,0x19d411000,0x18d4ee000,0x100ff000,random,0,256.22,79.2
603,random,0x19d411000,0x18d4ee000,0x100ff000,random,1,255.78,79.2
603,random,0x19d411000,0x18d4ee000,0x100ff000,random,2,255.82,79.2
604,random,0x19d411000,0x1a61e4000,0x3b5f5000,random,0,260.75,80.0
604,random,0x19d411000,0x1a61e4000,0x3b5f5000,random,1,260.15,80.1
604,random,0x19d411000,0x1a61e4000,0x3b5f5000,random,2,260.14,80.0
605,random,0x19d411000,0x18eb42000,0x13f53000,random,0,262.45,80.3
605,random,0x19d411000,0x18eb42000,0x13f53000,random,1,263.00,80.4
605,random,0x19d411000,0x18eb42000,0x13f53000,random,2,262.06,80.3
606,random,0x19d411000,0x1a8c06000,0x35817000,random,0,262.95,80.3
606,random,0x19d411000,0x1a8c06000,0x35817000,random,1,262.46,80.3
606,random,0x19d411000,0x1a8c06000,0x35817000,random,2,262.62,80.2
607,random,0x19d411000,0x1b311e000,0x2e50f000,random,0,255.79,79.2
607,random,0x19d411000,0x1b311e000,0x2e50f000,random,1,255.36,79.2
607,random,0x19d411000,0x1b311e000,0x2e50f000,random,2,255.35,79.2
608,random,0x19d411000,0x18ecb4000,0x138a5000,random,0,254.98,78.8
608,random,0x19d411000,0x18ecb4000,0x138a5000,random,1,255.04,79.0
608,random,0x19d411000,0x18ecb4000,0x138a5000,random,2,254.94,79.0
609,random,0x19d411000,0xaeef8000,0x133ae9000,random,0,256.00,76.2
609,random,0x19d411000,0xaeef8000,0x133ae9000,random,1,256.00,76.2
609,random,0x19d411000,0xaeef8000,0x133ae9000,random,2,256.00,76.3
610,random,0x19d411000,0x1b1020000,0x2c431000,random,0,255.92,66.2
610,random,0x19d411000,0x1b1020000,0x2c431000,random,1,255.98,66.2
610,random,0x19d411000,0x1b1020000,0x2c431000,random,2,255.98,66.0
611,random,0x19d411000,0x199cd6000,0x48c7000,random,0,259.79,80.0
611,random,0x19d411000,0x199cd6000,0x48c7000,random,1,260.00,80.1
611,random,0x19d411000,0x199cd6000,0x48c7000,random,2,260.00,79.9
612,random,0x19d411000,0xb7e66000,0x12aa77000,random,0,261.50,80.5
612,random,0x19d411000,0xb7e66000,0x12aa77000,random,1,260.77,80.5
612,random,0x19d411000,0xb7e66000,0x12aa77000,random,2,260.91,80.5
613,random,0x19d411000,0x1950a5000,0x84b4000,random,0,256.52,61.8
613,random,0x19d411000,0x1950a5000,0x84b4000,random,1,256.00,61.8
613,random,0x19d411000,0x1950a5000,0x84b4000,random,2,256.00,61.7
614,random,0x19d411000,0x1b479b000,0x2938a000,random,0,260.83,80.2
614,random,0x19d411000,0x1b479b000,0x2938a000,random,1,261.21,80.3
614,random,0x19d411000,0x1b479b000,0x2938a000,random,2,261.60,80.5
615,random,0x19d411000,0x1a50b9000,0x384a8000,random,0,256.55,62.2
615,random,0x19d411000,0x1a50b9000,0x384a8000,random,1,256.00,62.4
615,random,0x19d411000,0x1a50b9000,0x384a8000,random,2,256.00,62.4
616,random,0x19d411000,0x191cfc000,0xc8ed000,random,0,260.80,80.5
616,random,0x19d411000,0x191cfc000,0xc8ed000,random,1,262.04,80.5
616,random,0x19d411000,0x191cfc000,0xc8ed000,random,2,261.73,80.6
617,random,0x19d411000,0xc07d9000,0x15d3c8000,random,0,256.50,61.8
617,random,0x19d411000,0xc07d9000,0x15d3c8000,random,1,256.00,61.8
617,random,0x19d411000,0xc07d9000,0x15d3c8000,random,2,256.00,61.8
618,random,0x19d411000,0x1b69b7000,0x2bda6000,random,0,255.85,66.2
618,random,0x19d411000,0x1b69b7000,0x2bda6000,random,1,255.66,66.2
618,random,0x19d411000,0x1b69b7000,0x2bda6000,random,2,255.61,66.2
619,random,0x19d411000,0x1901ee000,0xd5ff000,random,0,252.72,78.8
619,random,0x19d411000,0x1901ee000,0xd5ff000,random,1,253.45,79.0
619,random,0x19d411000,0x1901ee000,0xd5ff000,random,2,253.71,79.2
620,random,0x19d411000,0xae73d000,0x13332c000,random,0,252.00,61.2
620,random,0x19d411000,0xae73d000,0x13332c000,random,1,252.00,61.2
620,random,0x19d411000,0xae73d000,0x13332c000,random,2,252.00,61.2
621,random,0x19d411000,0x1b3245000,0x2e654000,random,0,255.92,62.0
621,random,0x19d411000,0x1b3245000,0x2e654000,random,1,256.00,62.0
621,random,0x19d411000,0x1b3245000,0x2e654000,random,2,256.00,62.0
622,random,0x19d411000,0x18f676000,0x12267000,random,0,259.91,80.0
622,random,0x19d411000,0x18f676000,0x12267000,random,1,260.00,80.0
622,random,0x19d411000,0x18f676000,0x12267000,random,2,260.00,80.0
623,random,0x19d411000,0x1a1aab000,0x3ceba000,random,0,260.00,80.4
623,random,0x19d411000,0x1a1aab000,0x3ceba000,random,1,260.00,80.1
623,random,0x19d411000,0x1a1aab000,0x3ceba000,random,2,260.00,80.4
624,random,0x19d411000,0xac9c8000,0x131dd9000,random,0,260.00,80.1
624,random,0x19d411000,0xac9c8000,0x131dd9000,random,1,260.00,80.0
624,random,0x19d411000,0xac9c8000,0x131dd9000,random,2,260.25,80.0
625,random,0x19d411000,0x1b297f000,0x2fd6e000,random,0,254.18,79.0
625,random,0x19d411000,0x1b297f000,0x2fd6e000,random,1,253.45,79.1
625,random,0x19d411000,0x1b297f000,0x2fd6e000,random,2,253.04,79.1
626,random,0x19d411000,0x19109f000,0xc48e000,random,0,255.01,66.2
626,random,0x19d411000,0x19109f000,0xc48e000,random,1,254.90,66.2
626,random,0x19d411000,0x19109f000,0xc48e000,random,2,255.25,66.2
627,random,0x19d411000,0xaf911000,0x132d00000,random,0,256.00,61.8
627,random,0x19d411000,0xaf911000,0x132d00000,random,1,256.00,61.8
627,random,0x19d411000,0xaf911000,0x132d00000,random,2,256.00,61.7
628,random,0x19d411000,0x18ca76000,0x11e67000,random,0,259.92,80.2
628,random,0x19d411000,0x18ca76000,0x11e67000,random,1,260.00,80.4
628,random,0x19d411000,0x18ca76000,0x11e67000,random,2,260.00,80.3
629,random,0x19d411000,0x18e02a000,0x1343b000,random,0,260.00,80.0
629,random,0x19d411000,0x18e02a000,0x1343b000,random,1,260.00,80.0
629,random,0x19d411000,0x18e02a000,0x1343b000,random,2,260.00,80.1
630,random,0x19d411000,0x1a0f6a000,0x3db7b000,random,0,254.37,79.1
630,random,0x19d411000,0x1a0f6a000,0x3db7b000,random,1,252.63,78.9
630,random,0x19d411000,0x1a0f6a000,0x3db7b000,random,2,253.20,79.2
631,random,0x19d411000,0x1a0d47000,0x3d956000,random,0,259.71,80.0
631,random,0x19d411000,0x1a0d47000,0x3d956000,random,1,260.00,79.9
631,random,0x19d411000,0x1a0d47000,0x3d956000,random,2,260.26,79.8
632,random,0x19d411000,0x1a6b06000,0x3bf17000,random,0,260.00,80.3
632,random,0x19d411000,0x1a6b06000,0x3bf17000,random,1,260.00,80.3
632,random,0x19d411000,0x1a6b06000,0x3bf17000,random,2,260.03,80.2
633,random,0x19d411000,0xb927d000,0x12466c000,random,0,256.52,61.9
633,random,0x19d411000,0xb927d000,0x12466c000,random,1,256.00,62.0
633,random,0x19d411000,0xb927d000,0x12466c000,random,2,256.00,62.0
634,random,0x19d411000,0x1ab345000,0x36754000,random,0,256.00,62.0
634,random,0x19d411000,0x1ab345000,0x36754000,random,1,256.00,62.0
634,random,0x19d411000,0x1ab345000,0x36754000,random,2,256.00,62.1
635,random,0x19d411000,0xaf9d9000,0x132dc8000,random,0,256.00,62.0
635,random,0x19d411000,0xaf9d9000,0x132dc8000,random,1,256.00,62.1
635,random,0x19d411000,0xaf9d9000,0x132dc8000,random,2,256.00,62.1
636,random,0x19d411000,0xbd180000,0x120591000,random,0,256.00,76.1
636,random,0x19d411000,0xbd180000,0x120591000,random,1,256.00,76.3
636,random,0x19d411000,0xbd180000,0x120591000,random,2,256.00,76.2
637,random,0x19d411000,0x19b2d4000,0x66c5000,random,0,260.31,80.5
637,random,0x19d411000,0x19b2d4000,0x66c5000,random,1,261.65,80.6
637,random,0x19d411000,0x19b2d4000,0x66c5000,random,2,260.64,80.3
638,random,0x19d411000,0x18dc5f000,0x1084e000,random,0,260.11,80.3
638,random,0x19d411000,0x18dc5f000,0x1084e000,random,1,260.72,80.4
638,random,0x19d411000,0x18dc5f000,0x1084e000,random,2,261.02,80.2
639,random,0x19d411000,0x18db7a000,0x10f6b000,random,0,261.62,80.5
639,random,0x19d411000,0x18db7a000,0x10f6b000,random,1,262.15,80.4
639,random,0x19d411000,0x18db7a000,0x10f6b000,random,2,262.23,80.4
640,random,0x19d411000,0xb9047000,0x124456000,random,0,260.32,79.9
640,random,0x19d411000,0xb9047000,0x124456000,random,1,260.04,79.9
640,random,0x19d411000,0xb9047000,0x124456000,random,2,260.00,79.9
641,random,0x19d411000,0x187b4e000,0x1af5f000,random,0,260.00,79.8
641,random,0x19d411000,0x187b4e000,0x1af5f000,random,1,260.00,80.0
641,random,0x19d411000,0x187b4e000,0x1af5f000,random,2,260.00,80.0
642,random,0x19d411000,0x1a655f000,0x3b14e000,random,0,260.35,80.3
642,random,0x19d411000,0x1a655f000,0x3b14e000,random,1,260.63,80.4
642,random,0x19d411000,0x1a655f000,0x3b14e000,random,2,260.52,80.3
643,random,0x19d411000,0x195bbb000,0x8faa000,random,0,261.52,80.5
643,random,0x19d411000,0x195bbb000,0x8faa000,random,1,260.74,80.4
643,random,0x19d411000,0x195bbb000,0x8faa000,random,2,261.87,80.6
644,random,0x19d411000,0x19c102000,0x1513000,random,0,260.48,80.0
644,random,0x19d411000,0x19c102000,0x1513000,random,1,260.00,79.6
644,random,0x19d411000,0x19c102000,0x1513000,random,2,260.00,80.0
645,random,0x19d411000,0x1a3c84000,0x3e895000,random,0,260.06,80.4
645,random,0x19d411000,0x1a3c84000,0x3e895000,random,1,260.79,80.3
645,random,0x19d411000,0x1a3c84000,0x3e895000,random,2,260.38,80.4
646,random,0x19d411000,0x1dabfd000,0x47fec000,random,0,256.56,61.8
646,random,0x19d411000,0x1dabfd000,0x47fec000,random,1,256.00,61.8
646,random,0x19d411000,0x1dabfd000,0x47fec000,random,2,256.00,61.7
647,random,0x19d411000,0x1acb0e000,0x31f1f000,random,0,259.91,79.9
647,random,0x19d411000,0x1acb0e000,0x31f1f000,random,1,260.00,80.0
647,random,0x19d411000,0x1acb0e000,0x31f1f000,random,2,260.00,80.0
648,random,0x19d411000,0x1a811b000,0x3550a000,random,0,260.19,80.4
648,random,0x19d411000,0x1a811b000,0x3550a000,random,1,260.75,80.3
648,random,0x19d411000,0x1a811b000,0x3550a000,random,2,260.90,80.2
649,random,0x19d411000,0x1852c3000,0x186d2000,random,0,261.39,80.5
649,random,0x19d411000,0x1852c3000,0x186d2000,random,1,261.43,80.5
649,random,0x19d411000,0x1852c3000,0x186d2000,random,2,261.89,80.5
650,random,0x19d411000,0x185c85000,0x18894000,random,0,256.50,61.8
650,random,0x19d411000,0x185c85000,0x18894000,random,1,256.00,61.8
650,random,0x19d411000,0x185c85000,0x18894000,random,2,256.00,61.8
651,random,0x19d411000,0xbc358000,0x121749000,random,0,260.42,80.2
651,random,0x19d411000,0xbc358000,0x121749000,random,1,261.98,80.5
651,random,0x19d411000,0xbc358000,0x121749000,random,2,261.89,80.3
652,random,0x19d411000,0x1b5617000,0x28206000,random,0,260.55,80.0
652,random,0x19d411000,0x1b5617000,0x28206000,random,1,260.42,80.1
652,random,0x19d411000,0x1b5617000,0x28206000,random,2,260.46,79.8
653,random,0x19d411000,0x19240a000,0xf01b000,random,0,255.82,79.2
653,random,0x19d411000,0x19240a000,0xf01b000,random,1,254.86,79.2
653,random,0x19d411000,0x19240a000,0xf01b000,random,2,254.97,79.2
654,random,0x19d411000,0x19c398000,0x1789000,random,0,260.94,80.3
654,random,0x19d411000,0x19c398000,0x1789000,random,1,262.17,80.4
654,random,0x19d411000,0x19c398000,0x1789000,random,2,261.52,80.3
655,random,0x19d411000,0x18711f000,0x1a50e000,random,0,262.12,80.4
655,random,0x19d411000,0x18711f000,0x1a50e000,random,1,262.47,80.4
655,random,0x19d411000,0x18711f000,0x1a50e000,random,2,262.15,80.5
656,random,0x19d411000,0xae4b9000,0x1330a8000,random,0,256.59,62.2
656,random,0x19d411000,0xae4b9000,0x1330a8000,random,1,256.00,62.2
656,random,0x19d411000,0xae4b9000,0x1330a8000,random,2,256.00,62.3
657,random,0x19d411000,0x1ac146000,0x31557000,random,0,262.16,80.3
657,random,0x19d411000,0x1ac146000,0x31557000,random,1,262.16,80.3
657,random,0x19d411000,0x1ac146000,0x31557000,random,2,261.80,80.3
658,random,0x19d411000,0x195baa000,0x8fbb000,random,0,262.38,80.5
658,random,0x19d411000,0x195baa000,0x8fbb000,random,1,262.42,80.3
658,random,0x19d411000,0x195baa000,0x8fbb000,random,2,262.67,80.2
659,random,0x19d411000,0x199bdd000,0x4fcc000,random,0,252.56,61.2
659,random,0x19d411000,0x199bdd000,0x4fcc000,random,1,252.00,61.2
659,random,0x19d411000,0x199bdd000,0x4fcc000,random,2,252.00,61.2
660,random,0x19d411000,0xac550000,0x131141000,random,0,261.73,80.4
660,random,0x19d411000,0xac550000,0x131141000,random,1,263.02,80.4
660,random,0x19d411000,0xac550000,0x131141000,random,2,262.82,80.5
661,random,0x19d411000,0xbc5b8000,0x1211a9000,random,0,256.42,76.1
661,random,0x19d411000,0xbc5b8000,0x1211a9000,random,1,256.00,76.2
661,random,0x19d411000,0xbc5b8000,0x1211a9000,random,2,256.00,76.3
662,random,0x19d411000,0xbce4c000,0x121a5d000,random,0,262.30,80.5
662,random,0x19d411000,0xbce4c000,0x121a5d000,random,1,263.02,80.5
662,random,0x19d411000,0xbce4c000,0x121a5d000,random,2,262.82,80.4
663,random,0x19d411000,0xb7c54000,0x12a845000,random,0,261.50,80.0
663,random,0x19d411000,0xb7c54000,0x12a845000,random,1,261.87,80.0
663,random,0x19d411000,0xb7c54000,0x12a845000,random,2,261.99,80.0
664,random,0x19d411000,0xb7d23000,0x12a932000,random,0,263.41,80.4
664,random,0x19d411000,0xb7d23000,0x12a932000,random,1,263.48,80.4
664,random,0x19d411000,0xb7d23000,0x12a932000,random,2,263.35,80.4
665,random,0x19d411000,0x1a9902000,0x34d13000,random,0,260.20,79.9
665,random,0x19d411000,0x1a9902000,0x34d13000,random,1,260.04,79.7
665,random,0x19d411000,0x1a9902000,0x34d13000,random,2,260.00,79.8
666,random,0x19d411000,0x1b59d7000,0x28dc6000,random,0,260.89,79.9
666,random,0x19d411000,0x1b59d7000,0x28dc6000,random,1,261.19,79.9
666,random,0x19d411000,0x1b59d7000,0x28dc6000,random,2,261.54,80.0
667,random,0x19d411000,0xbe390000,0x123781000,random,0,262.62,80.6
667,random,0x19d411000,0xbe390000,0x123781000,random,1,262.71,80.5
667,random,0x19d411000,0xbe390000,0x123781000,random,2,262.65,80.5
668,random,0x19d411000,0x18b75f000,0x1634e000,random,0,264.00,80.5
668,random,0x19d411000,0x18b75f000,0x1634e000,random,1,263.91,80.5
668,random,0x19d411000,0x18b75f000,0x1634e000,random,2,263.74,80.6
669,random,0x19d411000,0x18c505000,0x11114000,random,0,256.62,62.3
669,random,0x19d411000,0x18c505000,0x11114000,random,1,256.00,62.2
669,random,0x19d411000,0x18c505000,0x11114000,random,2,256.00,62.2
670,random,0x19d411000,0xbb4fe000,0x1260ef000,random,0,256.00,76.2
670,random,0x19d411000,0xbb4fe000,0x1260ef000,random,1,256.00,76.3
670,random,0x19d411000,0xbb4fe000,0x1260ef000,random,2,256.00,76.2
671,random,0x19d411000,0x1b234e000,0x2f75f000,random,0,261.27,80.0
671,random,0x19d411000,0x1b234e000,0x2f75f000,random,1,261.09,79.8
671,random,0x19d411000,0x1b234e000,0x2f75f000,random,2,261.73,79.8
672,random,0x19d411000,0x191162000,0xc573000,random,0,256.23,79.1
672,random,0x19d411000,0x191162000,0xc573000,random,1,255.97,79.1
672,random,0x19d411000,0x191162000,0xc573000,random,2,255.86,79.1
673,random,0x19d411000,0x19e2cf000,0x36de000,random,0,260.50,80.1
673,random,0x19d411000,0x19e2cf000,0x36de000,random,1,261.32,79.9
673,random,0x19d411000,0x19e2cf000,0x36de000,random,2,261.94,79.8
674,random,0x19d411000,0x190e93000,0xda82000,random,0,263.67,80.4
674,random,0x19d411000,0x190e93000,0xda82000,random,1,263.69,80.5
674,random,0x19d411000,0x190e93000,0xda82000,random,2,263.56,80.6
675,random,0x19d411000,0xb9c14000,0x124805000,random,0,256.54,76.3
675,random,0x19d411000,0xb9c14000,0x124805000,random,1,256.00,76.2
675,random,0x19d411000,0xb9c14000,0x124805000,random,2,256.00,76.3
676,random,0x19d411000,0x188a22000,0x15e33000,random,0,262.66,80.4
676,random,0x19d411000,0x188a22000,0x15e33000,random,1,263.83,80.5
676,random,0x19d411000,0x188a22000,0x15e33000,random,2,263.57,80.5
677,random,0x19d411000,0x191b9f000,0xcf8e000,random,0,262.35,79.9
677,random,0x19d411000,0x191b9f000,0xcf8e000,random,1,261.89,80.1
677,random,0x19d411000,0x191b9f000,0xcf8e000,random,2,261.88,80.0
678,random,0x19d411000,0xb3967000,0x12ed76000,random,0,262.54,79.8
678,random,0x19d411000,0xb3967000,0x12ed76000,random,1,263.09,79.9
678,random,0x19d411000,0xb3967000,0x12ed76000,random,2,262.77,80.0
679,random,0x19d411000,0xba5fb000,0x1271ea000,random,0,263.57,80.0
679,random,0x19d411000,0xba5fb000,0x1271ea000,random,1,263.27,80.0
679,random,0x19d411000,0xba5fb000,0x1271ea000,random,2,263.46,80.1
680,random,0x19d411000,0xb0587000,0x12d196000,random,0,263.15,80.4
680,random,0x19d411000,0xb0587000,0x12d196000,random,1,263.33,80.4
680,random,0x19d411000,0xb0587000,0x12d196000,random,2,263.21,80.5
681,random,0x19d411000,0xb7463000,0x12a072000,random,0,262.94,80.4
681,random,0x19d411000,0xb7463000,0x12a072000,random,1,263.31,80.4
681,random,0x19d411000,0xb7463000,0x12a072000,random,2,263.05,80.3
682,random,0x19d411000,0xb9240000,0x124651000,random,0,263.36,80.3
682,random,0x19d411000,0xb9240000,0x124651000,random,1,263.43,80.5
682,random,0x19d411000,0xb9240000,0x124651000,random,2,263.36,80.4
683,random,0x19d411000,0x192458000,0xf049000,random,0,256.23,79.0
683,random,0x19d411000,0x192458000,0xf049000,random,1,256.00,79.2
683,random,0x19d411000,0x192458000,0xf049000,random,2,256.00,79.2
684,random,0x19d411000,0x1b3cb7000,0x2e8a6000,random,0,262.63,80.2
684,random,0x19d411000,0x1b3cb7000,0x2e8a6000,random,1,263.92,80.3
684,random,0x19d411000,0x1b3cb7000,0x2e8a6000,random,2,263.49,80.5
685,random,0x19d411000,0x18d05a000,0x1044b000,random,0,256.29,79.3
685,random,0x19d411000,0x18d05a000,0x1044b000,random,1,256.00,79.3
685,random,0x19d411000,0x18d05a000,0x1044b000,random,2,256.00,79.3
686,random,0x19d411000,0xb1262000,0x12c673000,random,0,261.95,80.0
686,random,0x19d411000,0xb1262000,0x12c673000,random,1,262.81,79.8
686,random,0x19d411000,0xb1262000,0x12c673000,random,2,263.00,80.0
687,random,0x19d411000,0x18a898000,0x17c89000,random,0,262.67,80.0
687,random,0x19d411000,0x18a898000,0x17c89000,random,1,262.27,79.9
687,random,0x19d411000,0x18a898000,0x17c89000,random,2,263.07,79.9
688,random,0x19d411000,0x1b62b1000,0x2b6a0000,random,0,256.91,62.3
688,random,0x19d411000,0x1b62b1000,0x2b6a0000,random,1,256.00,62.4
688,random,0x19d411000,0x1b62b1000,0x2b6a0000,random,2,256.00,62.4
689,random,0x19d411000,0x1ad33f000,0x3072e000,random,0,256.00,79.3
689,random,0x19d411000,0x1ad33f000,0x3072e000,random,1,256.00,79.3
689,random,0x19d411000,0x1ad33f000,0x3072e000,random,2,256.00,79.3
690,random,0x19d411000,0xb58da000,0x128ccb000,random,0,262.48,79.9
690,random,0x19d411000,0xb58da000,0x128ccb000,random,1,263.29,79.7
690,random,0x19d411000,0xb58da000,0x128ccb000,random,2,263.38,79.9
691,random,0x19d411000,0x1b6400000,0x2b011000,random,0,262.26,79.9
691,random,0x19d411000,0x1b6400000,0x2b011000,random,1,262.01,80.0
691,random,0x19d411000,0x1b6400000,0x2b011000,random,2,262.45,80.0
692,random,0x19d411000,0x1a9eec000,0x34afd000,random,0,263.37,80.4
692,random,0x19d411000,0x1a9eec000,0x34afd000,random,1,263.55,80.4
692,random,0x19d411000,0x1a9eec000,0x34afd000,random,2,263.52,80.4
693,random,0x19d411000,0xb3812000,0x12ec03000,random,0,263.73,80.4
693,random,0x19d411000,0xb3812000,0x12ec03000,random,1,263.78,80.5
693,random,0x19d411000,0xb3812000,0x12ec03000,random,2,263.46,80.4
694,random,0x19d411000,0xb709b000,0x12a48a000,random,0,264.00,80.0
694,random,0x19d411000,0xb709b000,0x12a48a000,random,1,264.00,79.9
694,random,0x19d411000,0xb709b000,0x12a48a000,random,2,264.00,79.8
695,random,0x19d411000,0x195d0e000,0x891f000,random,0,263.77,80.5
695,random,0x19d411000,0x195d0e000,0x891f000,random,1,263.51,80.5
695,random,0x19d411000,0x195d0e000,0x891f000,random,2,263.80,80.4
696,random,0x19d411000,0x18ffcb000,0x12bda000,random,0,263.84,80.4
696,random,0x19d411000,0x18ffcb000,0x12bda000,random,1,263.80,80.3
696,random,0x19d411000,0x18ffcb000,0x12bda000,random,2,263.92,80.4
697,random,0x19d411000,0x1a493d000,0x39d2c000,random,0,256.83,62.5
697,random,0x19d411000,0x1a493d000,0x39d2c000,random,1,256.66,62.4
697,random,0x19d411000,0x1a493d000,0x39d2c000,random,2,256.15,62.4
698,random,0x19d411000,0x1849f5000,0x19de4000,random,0,256.21,62.3
698,random,0x19d411000,0x1849f5000,0x19de4000,random,1,256.29,62.4
698,random,0x19d411000,0x1849f5000,0x19de4000,random,2,256.36,62.2
699,random,0x19d411000,0x19ac3a000,0x782b000,random,0,262.35,79.8
699,random,0x19d411000,0x19ac3a000,0x782b000,random,1,262.68,80.0
699,random,0x19d411000,0x19ac3a000,0x782b000,random,2,262.89,80.1
700,random,0x19d411000,0x1adf51000,0x30b40000,random,0,257.46,61.8
700,random,0x19d411000,0x1adf51000,0x30b40000,random,1,256.00,61.8
700,random,0x19d411000,0x1adf51000,0x30b40000,random,2,256.00,61.8
701,random,0x19d411000,0x1b24eb000,0x2f0fa000,random,0,263.02,80.4
701,random,0x19d411000,0x1b24eb000,0x2f0fa000,random,1,263.99,80.4
701,random,0x19d411000,0x1b24eb000,0x2f0fa000,random,2,263.59,79.8
702,random,0x19d411000,0xb0411000,0x12d000000,random,0,253.12,61.2
702,random,0x19d411000,0xb0411000,0x12d000000,random,1,252.00,61.2
702,random,0x19d411000,0xb0411000,0x12d000000,random,2,252.00,61.2
703,random,0x19d411000,0x18803c000,0x1542d000,random,0,262.82,80.4
703,random,0x19d411000,0x18803c000,0x1542d000,random,1,264.00,80.5
703,random,0x19d411000,0x18803c000,0x1542d000,random,2,263.95,80.4
704,random,0x19d411000,0x199743000,0x4352000,random,0,262.90,79.8
704,random,0x19d411000,0x199743000,0x4352000,random,1,263.14,80.0
704,random,0x19d411000,0x199743000,0x4352000,random,2,263.03,80.0
705,random,0x19d411000,0x1a59fa000,0x38deb000,random,0,263.79,80.5
705,random,0x19d411000,0x1a59fa000,0x38deb000,random,1,263.82,80.2
705,random,0x19d411000,0x1a59fa000,0x38deb000,random,2,264.00,80.4
706,random,0x19d411000,0xbb776000,0x126367000,random,0,256.70,76.2
706,random,0x19d411000,0xbb776000,0x126367000,random,1,256.07,76.3
706,random,0x19d411000,0xbb776000,0x126367000,random,2,256.00,76.3
707,random,0x19d411000,0x1a0e74000,0x3da65000,random,0,262.30,79.9
707,random,0x19d411000,0x1a0e74000,0x3da65000,random,1,263.11,79.7
707,random,0x19d411000,0x1a0e74000,0x3da65000,random,2,263.30,80.0
708,random,0x19d411000,0x1b46a8000,0x292b9000,random,0,263.95,80.2
708,random,0x19d411000,0x1b46a8000,0x292b9000,random,1,263.91,80.4
708,random,0x19d411000,0x1b46a8000,0x292b9000,random,2,264.00,80.4
709,random,0x19d411000,0x199e51000,0x4a40000,random,0,252.60,61.2
709,random,0x19d411000,0x199e51000,0x4a40000,random,1,252.00,61.2
709,random,0x19d411000,0x199e51000,0x4a40000,random,2,252.00,61.2
710,random,0x19d411000,0x193a4a000,0xee5b000,random,0,255.47,79.2
710,random,0x19d411000,0x193a4a000,0xee5b000,random,1,256.00,79.2
710,random,0x19d411000,0x193a4a000,0xee5b000,random,2,256.00,79.2
711,random,0x19d411000,0x1914e8000,0xc0f9000,random,0,262.67,80.2
711,random,0x19d411000,0x1914e8000,0xc0f9000,random,1,263.99,79.9
711,random,0x19d411000,0x1914e8000,0xc0f9000,random,2,264.00,80.2
712,random,0x19d411000,0x185179000,0x18568000,random,0,252.61,61.2
712,random,0x19d411000,0x185179000,0x18568000,random,1,252.00,61.2
712,random,0x19d411000,0x185179000,0x18568000,random,2,252.00,61.2
713,random,0x19d411000,0x186b0c000,0x1bf1d000,random,0,255.37,79.1
713,random,0x19d411000,0x186b0c000,0x1bf1d000,random,1,256.00,79.1
713,random,0x19d411000,0x186b0c000,0x1bf1d000,random,2,256.00,79.1
714,random,0x19d411000,0xb74e4000,0x12a0f5000,random,0,262.78,80.2
714,random,0x19d411000,0xb74e4000,0x12a0f5000,random,1,263.99,80.4
714,random,0x19d411000,0xb74e4000,0x12a0f5000,random,2,264.00,80.4
715,random,0x19d411000,0xbd183000,0x120592000,random,0,263.93,79.9
715,random,0x19d411000,0xbd183000,0x120592000,random,1,263.95,80.0
715,random,0x19d411000,0xbd183000,0x120592000,random,2,263.72,79.8
716,random,0x19d411000,0x190c76000,0xd867000,random,0,256.29,78.9
716,random,0x19d411000,0x190c76000,0xd867000,random,1,256.00,79.2
716,random,0x19d411000,0x190c76000,0xd867000,random,2,256.00,79.2
717,random,0x19d411000,0xbecf3000,0x1238e2000,random,0,262.96,80.4
717,random,0x19d411000,0xbecf3000,0x1238e2000,random,1,264.00,80.5
717,random,0x19d411000,0xbecf3000,0x1238e2000,random,2,264.00,80.4
718,random,0x19d411000,0x189761000,0x14370000,random,0,256.94,61.8
718,random,0x19d411000,0x189761000,0x14370000,random,1,256.00,61.8
718,random,0x19d411000,0x189761000,0x14370000,random,2,256.00,61.8
719,random,0x19d411000,0x18fdf6000,0x129e7000,random,0,263.13,80.2
719,random,0x19d411000,0x18fdf6000,0x129e7000,random,1,264.00,80.4
719,random,0x19d411000,0x18fdf6000,0x129e7000,random,2,264.00,80.3
720,random,0x19d411000,0x1ae339000,0x33728000,random,0,256.89,61.7
720,random,0x19d411000,0x1ae339000,0x33728000,random,1,256.08,61.8
720,random,0x19d411000,0x1ae339000,0x33728000,random,2,256.08,61.8
721,random,0x19d411000,0x1a9aae000,0x34ebf000,random,0,262.56,80.0
721,random,0x19d411000,0x1a9aae000,0x34ebf000,random,1,263.36,80.0
721,random,0x19d411000,0x1a9aae000,0x34ebf000,random,2,263.36,80.1
722,random,0x19d411000,0x18f17e000,0x1256f000,random,0,263.77,79.9
722,random,0x19d411000,0x18f17e000,0x1256f000,random,1,263.77,79.9
722,random,0x19d411000,0x18f17e000,0x1256f000,random,2,263.74,80.0
723,random,0x19d411000,0xb3625000,0x12e234000,random,0,257.95,62.1
723,random,0x19d411000,0xb3625000,0x12e234000,random,1,257.72,62.0
723,random,0x19d411000,0xb3625000,0x12e234000,random,2,258.10,62.0
724,random,0x19d411000,0x190178000,0xd569000,random,0,256.00,78.8
724,random,0x19d411000,0x190178000,0xd569000,random,1,256.00,79.1
724,random,0x19d411000,0x190178000,0xd569000,random,2,256.00,79.1
725,random,0x19d411000,0x1b226b000,0x2f67a000,random,0,262.89,80.6
725,random,0x19d411000,0x1b226b000,0x2f67a000,random,1,264.00,80.4
725,random,0x19d411000,0x1b226b000,0x2f67a000,random,2,264.00,80.4
726,random,0x19d411000,0x1b3f12000,0x2eb03000,random,0,264.00,80.4
726,random,0x19d411000,0x1b3f12000,0x2eb03000,random,1,264.00,80.4
726,random,0x19d411000,0x1b3f12000,0x2eb03000,random,2,264.00,80.5
727,random,0x19d411000,0x1a1253000,0x3c642000,random,0,256.29,79.3
727,random,0x19d411000,0x1a1253000,0x3c642000,random,1,256.00,79.2
727,random,0x19d411000,0x1a1253000,0x3c642000,random,2,256.00,79.2
728,random,0x19d411000,0x19df31000,0xb20000,random,0,257.28,62.0
728,random,0x19d411000,0x19df31000,0xb20000,random,1,258.43,61.9
728,random,0x19d411000,0x19df31000,0xb20000,random,2,258.35,62.0
729,random,0x19d411000,0x1b5a16000,0x28e07000,random,0,256.00,79.2
729,random,0x19d411000,0x1b5a16000,0x28e07000,random,1,256.00,79.2
729,random,0x19d411000,0x1b5a16000,0x28e07000,random,2,256.00,79.2
730,random,0x19d411000,0x1b7b9b000,0x2af8a000,random,0,256.00,79.1
730,random,0x19d411000,0x1b7b9b000,0x2af8a000,random,1,256.15,79.1
730,random,0x19d411000,0x1b7b9b000,0x2af8a000,random,2,256.54,79.0
731,random,0x19d411000,0x192952000,0xfd43000,random,0,263.04,80.5
731,random,0x19d411000,0x192952000,0xfd43000,random,1,263.99,80.4
731,random,0x19d411000,0x192952000,0xfd43000,random,2,263.95,80.5
732,random,0x19d411000,0x1b0e8a000,0x2da9b000,random,0,263.79,79.9
732,random,0x19d411000,0x1b0e8a000,0x2da9b000,random,1,263.54,79.8
732,random,0x19d411000,0x1b0e8a000,0x2da9b000,random,2,263.52,79.7
733,random,0x19d411000,0x19357c000,0xe16d000,random,0,263.95,80.6
733,random,0x19d411000,0x19357c000,0xe16d000,random,1,264.00,80.7
733,random,0x19d411000,0x19357c000,0xe16d000,random,2,264.00,80.7
734,random,0x19d411000,0x199e9d000,0x4a8c000,random,0,252.64,61.2
734,random,0x19d411000,0x199e9d000,0x4a8c000,random,1,252.00,61.2
734,random,0x19d411000,0x199e9d000,0x4a8c000,random,2,252.00,61.2
735,random,0x19d411000,0x19109d000,0xc48c000,random,0,255.79,61.8
735,random,0x19d411000,0x19109d000,0xc48c000,random,1,256.00,61.8
735,random,0x19d411000,0x19109d000,0xc48c000,random,2,256.00,61.8
736,random,0x19d411000,0x1b6084000,0x2b495000,random,0,263.24,80.7
736,random,0x19d411000,0x1b6084000,0x2b495000,random,1,264.00,80.7
736,random,0x19d411000,0x1b6084000,0x2b495000,random,2,263.99,80.3
737,random,0x19d411000,0x191ae5000,0xcef4000,random,0,257.13,61.7
737,random,0x19d411000,0x191ae5000,0xcef4000,random,1,256.31,61.8
737,random,0x19d411000,0x191ae5000,0xcef4000,random,2,256.52,61.8
738,random,0x19d411000,0xbabf9000,0x127fe8000,random,0,253.86,61.2
738,random,0x19d411000,0xbabf9000,0x127fe8000,random,1,252.38,61.2
738,random,0x19d411000,0xbabf9000,0x127fe8000,random,2,252.73,61.2
739,random,0x19d411000,0x1b35fb000,0x2e1ea000,random,0,262.85,80.2
739,random,0x19d411000,0x1b35fb000,0x2e1ea000,random,1,264.00,80.1
739,random,0x19d411000,0x1b35fb000,0x2e1ea000,random,2,264.00,80.0
740,random,0x19d411000,0x1aa645000,0x37254000,random,0,258.88,62.0
740,random,0x19d411000,0x1aa645000,0x37254000,random,1,258.50,62.1
740,random,0x19d411000,0x1aa645000,0x37254000,random,2,258.27,61.9
741,random,0x19d411000,0x18b939000,0x16d28000,random,0,258.11,62.1
741,random,0x19d411000,0x18b939000,0x16d28000,random,1,258.04,62.0
741,random,0x19d411000,0x18b939000,0x16d28000,random,2,258.33,62.1
742,random,0x19d411000,0x18da6d000,0x10e7c000,random,0,257.30,61.8
742,random,0x19d411000,0x18da6d000,0x10e7c000,random,1,257.84,62.4
742,random,0x19d411000,0x18da6d000,0x10e7c000,random,2,257.42,62.4
743,random,0x19d411000,0x1ac8ce000,0x31cdf000,random,0,256.00,79.3
743,random,0x19d411000,0x1ac8ce000,0x31cdf000,random,1,256.00,79.2
743,random,0x19d411000,0x1ac8ce000,0x31cdf000,random,2,256.00,79.3
744,random,0x19d411000,0xaecf5000,0x1338e4000,random,0,257.61,62.1
744,random,0x19d411000,0xaecf5000,0x1338e4000,random,1,258.39,62.1
744,random,0x19d411000,0xaecf5000,0x1338e4000,random,2,258.70,62.1
745,random,0x19d411000,0x1af511000,0x32100000,random,0,252.29,61.0
745,random,0x19d411000,0x1af511000,0x32100000,random,1,252.00,61.2
745,random,0x19d411000,0x1af511000,0x32100000,random,2,252.00,61.2
746,random,0x19d411000,0x1ab797000,0x36386000,random,0,262.58,80.6
746,random,0x19d411000,0x1ab797000,0x36386000,random,1,264.00,80.6
746,random,0x19d411000,0x1ab797000,0x36386000,random,2,264.00,80.4
747,random,0x19d411000,0x1a1220000,0x3c631000,random,0,263.84,80.4
747,random,0x19d411000,0x1a1220000,0x3c631000,random,1,263.73,80.4
747,random,0x19d411000,0x1a1220000,0x3c631000,random,2,263.73,80.4
748,random,0x19d411000,0x1b05c5000,0x2d1d4000,random,0,258.45,62.3
748,random,0x19d411000,0x1b05c5000,0x2d1d4000,random,1,257.29,62.2
748,random,0x19d411000,0x1b05c5000,0x2d1d4000,random,2,257.78,62.4
749,random,0x19d411000,0xbbc8c000,0x12689d000,random,0,256.59,76.2
749,random,0x19d411000,0xbbc8c000,0x12689d000,random,1,256.20,76.1
749,random,0x19d411000,0xbbc8c000,0x12689d000,random,2,256.29,76.3
750,random,0x19d411000,0x1ae125000,0x33534000,random,0,257.57,62.4
750,random,0x19d411000,0x1ae125000,0x33534000,random,1,257.47,62.4
750,random,0x19d411000,0x1ae125000,0x33534000,random,2,257.53,62.4
751,random,0x19d411000,0xb8483000,0x125092000,random,0,263.34,80.2
751,random,0x19d411000,0xb8483000,0x125092000,random,1,264.00,80.4
751,random,0x19d411000,0xb8483000,0x125092000,random,2,264.00,80.6
752,random,0x19d411000,0xb74d4000,0x12a0c5000,random,0,257.81,76.2
752,random,0x19d411000,0xb74d4000,0x12a0c5000,random,1,256.08,76.3
752,random,0x19d411000,0xb74d4000,0x12a0c5000,random,2,256.70,76.2
753,random,0x19d411000,0x18622c000,0x1b63d000,random,0,263.10,80.5
753,random,0x19d411000,0x18622c000,0x1b63d000,random,1,264.00,80.2
753,random,0x19d411000,0x18622c000,0x1b63d000,random,2,264.00,80.3
754,random,0x19d411000,0xae395000,0x133784000,random,0,258.54,62.4
754,random,0x19d411000,0xae395000,0x133784000,random,1,258.22,62.4
754,random,0x19d411000,0xae395000,0x133784000,random,2,258.06,62.4
755,random,0x19d411000,0x1b1c0c000,0x2c81d000,random,0,263.30,80.1
755,random,0x19d411000,0x1b1c0c000,0x2c81d000,random,1,263.99,80.0
755,random,0x19d411000,0x1b1c0c000,0x2c81d000,random,2,264.00,80.1
756,random,0x19d411000,0x1b55a6000,0x281b7000,random,0,264.00,80.7
756,random,0x19d411000,0x1b55a6000,0x281b7000,random,1,264.00,80.7
756,random,0x19d411000,0x1b55a6000,0x281b7000,random,2,264.00,80.6
757,random,0x19d411000,0x18a6e5000,0x172f4000,random,0,252.77,52.9
757,random,0x19d411000,0x18a6e5000,0x172f4000,random,1,252.00,52.9
757,random,0x19d411000,0x18a6e5000,0x172f4000,random,2,252.00,52.8
758,random,0x19d411000,0x19a1e8000,0x75f9000,random,0,262.40,80.1
758,random,0x19d411000,0x19a1e8000,0x75f9000,random,1,263.95,79.9
758,random,0x19d411000,0x19a1e8000,0x75f9000,random,2,263.87,79.9
759,random,0x19d411000,0x19c3a6000,0x17b7000,random,0,264.00,80.7
759,random,0x19d411000,0x19c3a6000,0x17b7000,random,1,264.00,80.5
759,random,0x19d411000,0x19c3a6000,0x17b7000,random,2,264.00,80.6
760,random,0x19d411000,0xacb2b000,0x131f3a000,random,0,264.00,80.0
760,random,0x19d411000,0xacb2b000,0x131f3a000,random,1,264.00,80.0
760,random,0x19d411000,0xacb2b000,0x131f3a000,random,2,264.00,79.8
761,random,0x19d411000,0x199c52000,0x4843000,random,0,256.31,79.3
761,random,0x19d411000,0x199c52000,0x4843000,random,1,256.00,79.3
761,random,0x19d411000,0x199c52000,0x4843000,random,2,256.00,79.0
762,random,0x19d411000,0xba52c000,0x12713d000,random,0,256.00,76.2
762,random,0x19d411000,0xba52c000,0x12713d000,random,1,256.63,76.2
762,random,0x19d411000,0xba52c000,0x12713d000,random,2,256.32,76.2
763,random,0x19d411000,0x19ff64000,0x2b75000,random,0,263.35,80.5
763,random,0x19d411000,0x19ff64000,0x2b75000,random,1,264.00,80.4
763,random,0x19d411000,0x19ff64000,0x2b75000,random,2,264.00,80.4
764,random,0x19d411000,0x1abede000,0x36acf000,random,0,264.00,80.3
764,random,0x19d411000,0x1abede000,0x36acf000,random,1,264.00,80.4
764,random,0x19d411000,0x1abede000,0x36acf000,random,2,264.00,80.4
765,random,0x19d411000,0x18e42d000,0x1303c000,random,0,256.96,61.8
765,random,0x19d411000,0x18e42d000,0x1303c000,random,1,256.12,61.8
765,random,0x19d411000,0x18e42d000,0x1303c000,random,2,256.26,61.8
766,random,0x19d411000,0xaf5ae000,0x1321bf000,random,0,263.31,80.2
766,random,0x19d411000,0xaf5ae000,0x1321bf000,random,1,264.00,80.5
766,random,0x19d411000,0xaf5ae000,0x1321bf000,random,2,264.00,80.2
767,random,0x19d411000,0xb967a000,0x12426b000,random,0,264.00,80.4
767,random,0x19d411000,0xb967a000,0x12426b000,random,1,264.00,80.4
767,random,0x19d411000,0xb967a000,0x12426b000,random,2,264.00,80.5
768,random,0x19d411000,0x1a1020000,0x3c431000,random,0,264.00,80.4
768,random,0x19d411000,0x1a1020000,0x3c431000,random,1,264.00,80.6
768,random,0x19d411000,0x1a1020000,0x3c431000,random,2,264.00,80.5
769,random,0x19d411000,0xaca94000,0x131e85000,random,0,264.00,80.0
769,random,0x19d411000,0xaca94000,0x131e85000,random,1,264.00,80.1
769,random,0x19d411000,0xaca94000,0x131e85000,random,2,263.93,79.9
770,random,0x19d411000,0x1a73b6000,0x3a7a7000,random,0,264.00,79.9
770,random,0x19d411000,0x1a73b6000,0x3a7a7000,random,1,263.93,79.9
770,random,0x19d411000,0x1a73b6000,0x3a7a7000,random,2,263.98,80.0
771,random,0x19d411000,0x1905f0000,0xd1e1000,random,0,256.32,79.3
771,random,0x19d411000,0x1905f0000,0xd1e1000,random,1,256.00,79.3
771,random,0x19d411000,0x1905f0000,0xd1e1000,random,2,256.00,79.1
772,random,0x19d411000,0x191808000,0xcc19000,random,0,262.92,80.4
772,random,0x19d411000,0x191808000,0xcc19000,random,1,264.00,80.4
772,random,0x19d411000,0x191808000,0xcc19000,random,2,264.00,80.4
773,random,0x19d411000,0x1b1f32000,0x2cb23000,random,0,264.00,80.6
773,random,0x19d411000,0x1b1f32000,0x2cb23000,random,1,264.00,80.4
773,random,0x19d411000,0x1b1f32000,0x2cb23000,random,2,264.00,80.4
774,random,0x19d411000,0xac670000,0x131261000,random,0,264.00,80.4
774,random,0x19d411000,0xac670000,0x131261000,random,1,264.00,80.2
774,random,0x19d411000,0xac670000,0x131261000,random,2,264.00,80.4
775,random,0x19d411000,0x1a1e6c000,0x3ca7d000,random,0,256.31,79.2
775,random,0x19d411000,0x1a1e6c000,0x3ca7d000,random,1,256.00,79.3
775,random,0x19d411000,0x1a1e6c000,0x3ca7d000,random,2,256.00,79.2
776,random,0x19d411000,0xb92a3000,0x1246b2000,random,0,262.76,80.4
776,random,0x19d411000,0xb92a3000,0x1246b2000,random,1,264.00,80.5
776,random,0x19d411000,0xb92a3000,0x1246b2000,random,2,264.00,80.4
777,random,0x19d411000,0x1ae6ed000,0x332fc000,random,0,252.72,52.9
777,random,0x19d411000,0x1ae6ed000,0x332fc000,random,1,252.00,52.9
777,random,0x19d411000,0x1ae6ed000,0x332fc000,random,2,252.00,52.8
778,random,0x19d411000,0x187f5b000,0x1ab4a000,random,0,255.65,79.1
778,random,0x19d411000,0x187f5b000,0x1ab4a000,random,1,256.00,79.0
778,random,0x19d411000,0x187f5b000,0x1ab4a000,random,2,256.00,78.8
779,random,0x19d411000,0x1a385f000,0x3ec4e000,random,0,262.97,80.4
779,random,0x19d411000,0x1a385f000,0x3ec4e000,random,1,264.00,80.3
779,random,0x19d411000,0x1a385f000,0x3ec4e000,random,2,264.00,80.5
780,random,0x19d411000,0x1a967e000,0x3426f000,random,0,264.00,80.4
780,random,0x19d411000,0x1a967e000,0x3426f000,random,1,264.00,80.4
780,random,0x19d411000,0x1a967e000,0x3426f000,random,2,264.00,80.4
781,random,0x19d411000,0xbc26b000,0x12167a000,random,0,264.00,80.4
781,random,0x19d411000,0xbc26b000,0x12167a000,random,1,264.00,80.5
781,random,0x19d411000,0xbc26b000,0x12167a000,random,2,264.00,80.6
782,random,0x19d411000,0x18ffb5000,0x12ba4000,random,0,258.19,62.4
782,random,0x19d411000,0x18ffb5000,0x12ba4000,random,1,257.65,62.3
782,random,0x19d411000,0x18ffb5000,0x12ba4000,random,2,257.96,62.3
783,random,0x19d411000,0x192f8b000,0xfb9a000,random,0,263.32,80.4
783,random,0x19d411000,0x192f8b000,0xfb9a000,random,1,264.00,80.3
783,random,0x19d411000,0x192f8b000,0xfb9a000,random,2,264.00,80.5
784,random,0x19d411000,0x1b64c9000,0x2b0d8000,random,0,259.18,62.1
784,random,0x19d411000,0x1b64c9000,0x2b0d8000,random,1,258.98,62.1
784,random,0x19d411000,0x1b64c9000,0x2b0d8000,random,2,259.02,62.1
785,random,0x19d411000,0x19cd0e000,0x191f000,random,0,263.24,80.5
785,random,0x19d411000,0x19cd0e000,0x191f000,random,1,264.00,80.4
785,random,0x19d411000,0x19cd0e000,0x191f000,random,2,264.00,80.4
786,random,0x19d411000,0xae43d000,0x13302c000,random,0,259.00,62.1
786,random,0x19d411000,0xae43d000,0x13302c000,random,1,258.51,62.1
786,random,0x19d411000,0xae43d000,0x13302c000,random,2,258.44,62.1
787,random,0x19d411000,0xbca14000,0x121e05000,random,0,263.29,79.7
787,random,0x19d411000,0xbca14000,0x121e05000,random,1,264.00,80.0
787,random,0x19d411000,0xbca14000,0x121e05000,random,2,264.00,79.9
788,random,0x19d411000,0x1a6102000,0x3b513000,random,0,264.00,80.5
788,random,0x19d411000,0x1a6102000,0x3b513000,random,1,264.00,80.4
788,random,0x19d411000,0x1a6102000,0x3b513000,random,2,264.00,80.4
789,random,0x19d411000,0x1a695e000,0x3bd4f000,random,0,264.00,80.5
789,random,0x19d411000,0x1a695e000,0x3bd4f000,random,1,264.00,80.6
789,random,0x19d411000,0x1a695e000,0x3bd4f000,random,2,264.00,80.6
790,random,0x19d411000,0x199c6d000,0x487c000,random,0,257.18,61.8
790,random,0x19d411000,0x199c6d000,0x487c000,random,1,256.94,61.8
790,random,0x19d411000,0x199c6d000,0x487c000,random,2,256.74,61.8
791,random,0x19d411000,0xb9d08000,0x124919000,random,0,256.01,76.1
791,random,0x19d411000,0xb9d08000,0x124919000,random,1,256.17,76.2
791,random,0x19d411000,0xb9d08000,0x124919000,random,2,256.05,76.3
792,random,0x19d411000,0x18713a000,0x1a52b000,random,0,263.23,80.6
792,random,0x19d411000,0x18713a000,0x1a52b000,random,1,264.00,80.6
792,random,0x19d411000,0x18713a000,0x1a52b000,random,2,264.00,80.6
793,random,0x19d411000,0x18e1fd000,0x135ec000,random,0,258.60,62.3
793,random,0x19d411000,0x18e1fd000,0x135ec000,random,1,257.82,62.4
793,random,0x19d411000,0x18e1fd000,0x135ec000,random,2,258.15,62.4
794,random,0x19d411000,0x1ac0c9000,0x314d8000,random,0,256.70,61.8
794,random,0x19d411000,0x1ac0c9000,0x314d8000,random,1,256.44,61.8
794,random,0x19d411000,0x1ac0c9000,0x314d8000,random,2,256.58,61.8
795,random,0x19d411000,0x1b0127000,0x2d536000,random,0,256.00,79.1
795,random,0x19d411000,0x1b0127000,0x2d536000,random,1,256.00,78.8
795,random,0x19d411000,0x1b0127000,0x2d536000,random,2,256.00,78.8
796,random,0x19d411000,0x19bb39000,0x6f28000,random,0,256.65,61.8
796,random,0x19d411000,0x19bb39000,0x6f28000,random,1,257.04,61.7
796,random,0x19d411000,0x19bb39000,0x6f28000,random,2,257.63,61.9
797,random,0x19d411000,0x185f22000,0x18b33000,random,0,256.00,79.3
797,random,0x19d411000,0x185f22000,0x18b33000,random,1,256.00,79.2
797,random,0x19d411000,0x185f22000,0x18b33000,random,2,256.00,79.3
798,random,0x19d411000,0x1a3ee0000,0x3eaf1000,random,0,262.71,80.5
798,random,0x19d411000,0x1a3ee0000,0x3eaf1000,random,1,264.00,80.5
798,random,0x19d411000,0x1a3ee0000,0x3eaf1000,random,2,263.94,80.2
799,random,0x19d411000,0xeffc6000,0x172bd7000,random,0,264.00,80.6
799,random,0x19d411000,0xeffc6000,0x172bd7000,random,1,264.00,80.5
799,random,0x19d411000,0xeffc6000,0x172bd7000,random,2,264.00,80.5
800,random,0x19d411000,0xadab8000,0x130ea9000,random,0,257.09,76.2
800,random,0x19d411000,0xadab8000,0x130ea9000,random,1,256.02,76.3
800,random,0x19d411000,0xadab8000,0x130ea9000,random,2,256.16,76.3
801,random,0x19d411000,0xaf101000,0x132510000,random,0,257.90,62.1
801,random,0x19d411000,0xaf101000,0x132510000,random,1,258.74,62.2
801,random,0x19d411000,0xaf101000,0x132510000,random,2,258.41,62.2
802,random,0x19d411000,0x190d28000,0xd939000,random,0,256.00,79.3
802,random,0x19d411000,0x190d28000,0xd939000,random,1,256.00,79.2
802,random,0x19d411000,0x190d28000,0xd939000,random,2,256.00,79.2
803,random,0x19d411000,0x19cbc2000,0x1fd3000,random,0,256.00,79.2
803,random,0x19d411000,0x19cbc2000,0x1fd3000,random,1,256.00,79.2
803,random,0x19d411000,0x19cbc2000,0x1fd3000,random,2,256.00,79.0
804,random,0x19d411000,0x18b020000,0x16431000,random,0,263.12,80.4
804,random,0x19d411000,0x18b020000,0x16431000,random,1,264.00,80.4
804,random,0x19d411000,0x18b020000,0x16431000,random,2,264.00,80.7
805,random,0x19d411000,0x193c7e000,0xe86f000,random,0,264.00,80.4
805,random,0x19d411000,0x193c7e000,0xe86f000,random,1,264.00,80.4
805,random,0x19d411000,0x193c7e000,0xe86f000,random,2,264.00,80.3
806,random,0x19d411000,0x1854fd000,0x180ec000,random,0,252.65,61.2
806,random,0x19d411000,0x1854fd000,0x180ec000,random,1,252.00,61.2
806,random,0x19d411000,0x1854fd000,0x180ec000,random,2,252.00,61.2
807,random,0x19d411000,0xbbddc000,0x1269cd000,random,0,262.60,80.6
807,random,0x19d411000,0xbbddc000,0x1269cd000,random,1,264.00,80.5
807,random,0x19d411000,0xbbddc000,0x1269cd000,random,2,264.00,80.5
808,random,0x19d411000,0x18b23a000,0x1662b000,random,0,264.00,80.3
808,random,0x19d411000,0x18b23a000,0x1662b000,random,1,264.00,80.7
808,random,0x19d411000,0x18b23a000,0x1662b000,random,2,264.00,80.6
809,random,0x19d411000,0x18a567000,0x17176000,random,0,263.83,79.9
809,random,0x19d411000,0x18a567000,0x17176000,random,1,263.82,80.0
809,random,0x19d411000,0x18a567000,0x17176000,random,2,264.00,79.9
810,random,0x19d411000,0x19d029000,0x438000,random,0,258.26,61.8
810,random,0x19d411000,0x19d029000,0x438000,random,1,257.61,61.8
810,random,0x19d411000,0x19d029000,0x438000,random,2,257.70,61.8
811,random,0x19d411000,0xbb9f2000,0x126de3000,random,0,263.24,80.1
811,random,0x19d411000,0xbb9f2000,0x126de3000,random,1,264.00,80.0
811,random,0x19d411000,0xbb9f2000,0x126de3000,random,2,264.00,80.0
812,random,0x19d411000,0x18667e000,0x1b26f000,random,0,264.00,79.7
812,random,0x19d411000,0x18667e000,0x1b26f000,random,1,264.00,80.1
812,random,0x19d411000,0x18667e000,0x1b26f000,random,2,264.00,80.0
813,random,0x19d411000,0x1abc34000,0x36825000,random,0,264.00,80.4
813,random,0x19d411000,0x1abc34000,0x36825000,random,1,264.00,80.4
813,random,0x19d411000,0x1abc34000,0x36825000,random,2,264.00,80.5
814,random,0x19d411000,0x18d822000,0x10c33000,random,0,264.00,80.0
814,random,0x19d411000,0x18d822000,0x10c33000,random,1,263.91,80.0
814,random,0x19d411000,0x18d822000,0x10c33000,random,2,263.74,80.0
815,random,0x19d411000,0x185a16000,0x18e07000,random,0,263.73,80.0
815,random,0x19d411000,0x185a16000,0x18e07000,random,1,263.53,79.9
815,random,0x19d411000,0x185a16000,0x18e07000,random,2,264.00,80.0
816,random,0x19d411000,0xaec6b000,0x13387a000,random,0,264.00,80.5
816,random,0x19d411000,0xaec6b000,0x13387a000,random,1,264.00,80.1
816,random,0x19d411000,0xaec6b000,0x13387a000,random,2,264.00,80.5
817,random,0x19d411000,0x19a799000,0x7388000,random,0,252.65,61.2
817,random,0x19d411000,0x19a799000,0x7388000,random,1,252.00,61.2
817,random,0x19d411000,0x19a799000,0x7388000,random,2,252.00,61.2
818,random,0x19d411000,0x23b4bd000,0x3a60ac000,random,0,258.14,62.2
818,random,0x19d411000,0x23b4bd000,0x3a60ac000,random,1,258.91,62.2
818,random,0x19d411000,0x23b4bd000,0x3a60ac000,random,2,259.20,62.2
819,random,0x19d411000,0xbbe49000,0x126a58000,random,0,258.19,61.8
819,random,0x19d411000,0xbbe49000,0x126a58000,random,1,258.58,61.8
819,random,0x19d411000,0xbbe49000,0x126a58000,random,2,258.41,61.8
820,random,0x19d411000,0x187c80000,0x1a891000,random,0,256.06,78.8
820,random,0x19d411000,0x187c80000,0x1a891000,random,1,256.00,79.0
820,random,0x19d411000,0x187c80000,0x1a891000,random,2,256.00,79.0
821,random,0x19d411000,0x19a059000,0x7448000,random,0,257.77,62.3
821,random,0x19d411000,0x19a059000,0x7448000,random,1,258.37,62.4
821,random,0x19d411000,0x19a059000,0x7448000,random,2,258.32,62.3
822,random,0x19d411000,0xb843e000,0x12502f000,random,0,256.34,76.3
822,random,0x19d411000,0xb843e000,0x12502f000,random,1,256.21,76.3
822,random,0x19d411000,0xb843e000,0x12502f000,random,2,256.02,76.3
823,random,0x19d411000,0xadad6000,0x130ec7000,random,0,257.18,76.3
823,random,0x19d411000,0xadad6000,0x130ec7000,random,1,256.72,76.2
823,random,0x19d411000,0xadad6000,0x130ec7000,random,2,256.76,76.3
824,random,0x19d411000,0x1a6f65000,0x3bb74000,random,0,258.54,62.4
824,random,0x19d411000,0x1a6f65000,0x3bb74000,random,1,258.55,62.4
824,random,0x19d411000,0x1a6f65000,0x3bb74000,random,2,258.72,62.2
825,random,0x19d411000,0x19abda000,0x7fcb000,random,0,263.24,79.8
825,random,0x19d411000,0x19abda000,0x7fcb000,random,1,264.00,80.0
825,random,0x19d411000,0x19abda000,0x7fcb000,random,2,264.00,79.9
826,random,0x19d411000,0x184ebf000,0x19aae000,random,0,264.00,80.3
826,random,0x19d411000,0x184ebf000,0x19aae000,random,1,264.00,80.5
826,random,0x19d411000,0x184ebf000,0x19aae000,random,2,264.00,80.4
827,random,0x19d411000,0x189627000,0x14236000,random,0,263.99,80.0
827,random,0x19d411000,0x189627000,0x14236000,random,1,263.98,79.8
827,random,0x19d411000,0x189627000,0x14236000,random,2,264.00,79.9
828,random,0x19d411000,0x19dc0c000,0x81d000,random,0,256.30,79.0
828,random,0x19d411000,0x19dc0c000,0x81d000,random,1,256.00,79.2
828,random,0x19d411000,0x19dc0c000,0x81d000,random,2,256.00,79.1
829,random,0x19d411000,0x1a5df4000,0x389e5000,random,0,263.01,80.3
829,random,0x19d411000,0x1a5df4000,0x389e5000,random,1,264.00,80.2
829,random,0x19d411000,0x1a5df4000,0x389e5000,random,2,264.00,80.5
830,random,0x19d411000,0xad001000,0x130410000,random,0,258.59,62.4
830,random,0x19d411000,0xad001000,0x130410000,random,1,258.19,62.4
830,random,0x19d411000,0xad001000,0x130410000,random,2,258.50,62.4
831,random,0x19d411000,0xb8990000,0x125d81000,random,0,263.20,80.0
831,random,0x19d411000,0xb8990000,0x125d81000,random,1,264.00,80.0
831,random,0x19d411000,0xb8990000,0x125d81000,random,2,264.00,80.1
832,random,0x19d411000,0x1b3124000,0x2e535000,random,0,264.00,80.7
832,random,0x19d411000,0x1b3124000,0x2e535000,random,1,264.00,80.6
832,random,0x19d411000,0x1b3124000,0x2e535000,random,2,264.00,80.6
833,random,0x19d411000,0xb1999000,0x12cd88000,random,0,259.13,61.7
833,random,0x19d411000,0xb1999000,0x12cd88000,random,1,257.68,61.7
833,random,0x19d411000,0xb1999000,0x12cd88000,random,2,258.13,61.9
834,random,0x19d411000,0xada65000,0x130e74000,random,0,253.66,61.2
834,random,0x19d411000,0xada65000,0x130e74000,random,1,253.27,61.2
834,random,0x19d411000,0xada65000,0x130e74000,random,2,253.18,61.2
835,random,0x19d411000,0x187012000,0x1a403000,random,0,263.04,80.4
835,random,0x19d411000,0x187012000,0x1a403000,random,1,264.00,80.5
835,random,0x19d411000,0x187012000,0x1a403000,random,2,264.00,80.6
836,random,0x19d411000,0x1ac923000,0x31d32000,random,0,256.30,79.2
836,random,0x19d411000,0x1ac923000,0x31d32000,random,1,256.00,79.3
836,random,0x19d411000,0x1ac923000,0x31d32000,random,2,256.00,79.2
837,random,0x19d411000,0x18e3aa000,0x137bb000,random,0,262.94,80.1
837,random,0x19d411000,0x18e3aa000,0x137bb000,random,1,264.00,79.8
837,random,0x19d411000,0x18e3aa000,0x137bb000,random,2,264.00,80.0
838,random,0x19d411000,0xbd348000,0x120759000,random,0,264.00,80.4
838,random,0x19d411000,0xbd348000,0x120759000,random,1,264.00,80.5
838,random,0x19d411000,0xbd348000,0x120759000,random,2,264.00,80.6
839,random,0x19d411000,0x1b4c6d000,0x2987c000,random,0,257.80,61.8
839,random,0x19d411000,0x1b4c6d000,0x2987c000,random,1,257.57,61.8
839,random,0x19d411000,0x1b4c6d000,0x2987c000,random,2,257.59,61.8
840,random,0x19d411000,0x195a20000,0x8e31000,random,0,263.43,80.4
840,random,0x19d411000,0x195a20000,0x8e31000,random,1,264.00,80.3
840,random,0x19d411000,0x195a20000,0x8e31000,random,2,264.00,80.6
841,random,0x19d411000,0x19c516000,0x1107000,random,0,256.31,79.1
841,random,0x19d411000,0x19c516000,0x1107000,random,1,256.00,78.8
841,random,0x19d411000,0x19c516000,0x1107000,random,2,256.00,79.1
842,random,0x19d411000,0x1af504000,0x32115000,random,0,262.97,80.4
842,random,0x19d411000,0x1af504000,0x32115000,random,1,264.00,80.5
842,random,0x19d411000,0x1af504000,0x32115000,random,2,264.00,80.4
843,random,0x19d411000,0x19b5ad000,0x61bc000,random,0,252.67,61.2
843,random,0x19d411000,0x19b5ad000,0x61bc000,random,1,252.00,61.2
843,random,0x19d411000,0x19b5ad000,0x61bc000,random,2,252.00,61.2
844,random,0x19d411000,0x18ec19000,0x13808000,random,0,257.68,62.1
844,random,0x19d411000,0x18ec19000,0x13808000,random,1,258.69,62.2
844,random,0x19d411000,0x18ec19000,0x13808000,random,2,258.92,62.1
845,random,0x19d411000,0x185bf5000,0x18fe4000,random,0,258.47,62.2
845,random,0x19d411000,0x185bf5000,0x18fe4000,random,1,258.32,62.4
845,random,0x19d411000,0x185bf5000,0x18fe4000,random,2,258.46,62.2
846,random,0x19d411000,0x19e0d2000,0x34c3000,random,0,263.28,80.5
846,random,0x19d411000,0x19e0d2000,0x34c3000,random,1,264.00,80.3
846,random,0x19d411000,0x19e0d2000,0x34c3000,random,2,264.00,80.4
847,random,0x19d411000,0x19d5f3000,0x1e2000,random,0,264.00,80.5
847,random,0x19d411000,0x19d5f3000,0x1e2000,random,1,264.00,80.6
847,random,0x19d411000,0x19d5f3000,0x1e2000,random,2,264.00,80.6
848,random,0x19d411000,0x19d49e000,0x8f000,random,0,256.30,79.3
848,random,0x19d411000,0x19d49e000,0x8f000,random,1,256.00,79.2
848,random,0x19d411000,0x19d49e000,0x8f000,random,2,256.00,79.2
849,random,0x19d411000,0x1b6cbd000,0x2b8ac000,random,0,252.12,61.2
849,random,0x19d411000,0x1b6cbd000,0x2b8ac000,random,1,252.00,61.2
849,random,0x19d411000,0x1b6cbd000,0x2b8ac000,random,2,252.00,61.1
850,random,0x19d411000,0x19679f000,0xb38e000,random,0,255.64,79.1
850,random,0x19d411000,0x19679f000,0xb38e000,random,1,256.00,79.3
850,random,0x19d411000,0x19679f000,0xb38e000,random,2,256.00,79.3
851,random,0x19d411000,0x1a3e2d000,0x3ea3c000,random,0,258.07,62.4
851,random,0x19d411000,0x1a3e2d000,0x3ea3c000,random,1,258.55,62.3
851,random,0x19d411000,0x1a3e2d000,0x3ea3c000,random,2,258.99,62.4
852,random,0x19d411000,0x1b4e25000,0x29a34000,random,0,257.37,61.8
852,random,0x19d411000,0x1b4e25000,0x29a34000,random,1,257.56,61.8
852,random,0x19d411000,0x1b4e25000,0x29a34000,random,2,257.37,61.8
853,random,0x19d411000,0x186eb0000,0x1baa1000,random,0,263.35,80.3
853,random,0x19d411000,0x186eb0000,0x1baa1000,random,1,264.00,80.3
853,random,0x19d411000,0x186eb0000,0x1baa1000,random,2,264.00,80.4
854,random,0x19d411000,0x1acd4b000,0x3195a000,random,0,256.31,78.9
854,random,0x19d411000,0x1acd4b000,0x3195a000,random,1,256.00,79.1
854,random,0x19d411000,0x1acd4b000,0x3195a000,random,2,256.00,79.0
855,random,0x19d411000,0x1a4d13000,0x39902000,random,0,256.00,79.3
855,random,0x19d411000,0x1a4d13000,0x39902000,random,1,256.00,79.3
855,random,0x19d411000,0x1a4d13000,0x39902000,random,2,256.00,79.2
856,random,0x19d411000,0x1a039b000,0x3d78a000,random,0,262.96,80.0
856,random,0x19d411000,0x1a039b000,0x3d78a000,random,1,264.00,80.0
856,random,0x19d411000,0x1a039b000,0x3d78a000,random,2,264.00,80.0
857,random,0x19d411000,0x1aed19000,0x33908000,random,0,259.60,62.2
857,random,0x19d411000,0x1aed19000,0x33908000,random,1,259.25,62.2
857,random,0x19d411000,0x1aed19000,0x33908000,random,2,259.01,62.2
858,random,0x19d411000,0x1ab449000,0x36058000,random,0,257.53,61.8
858,random,0x19d411000,0x1ab449000,0x36058000,random,1,257.77,61.7
858,random,0x19d411000,0x1ab449000,0x36058000,random,2,257.34,61.8
859,random,0x19d411000,0xbda8c000,0x120e9d000,random,0,263.42,80.8
859,random,0x19d411000,0xbda8c000,0x120e9d000,random,1,264.00,80.7
859,random,0x19d411000,0xbda8c000,0x120e9d000,random,2,264.00,80.7
860,random,0x19d411000,0x19be97000,0x6a86000,random,0,264.00,80.3
860,random,0x19d411000,0x19be97000,0x6a86000,random,1,264.00,80.5
860,random,0x19d411000,0x19be97000,0x6a86000,random,2,264.00,80.4
861,random,0x19d411000,0x1b22b7000,0x2f6a6000,random,0,264.00,80.7
861,random,0x19d411000,0x1b22b7000,0x2f6a6000,random,1,264.00,80.7
861,random,0x19d411000,0x1b22b7000,0x2f6a6000,random,2,264.00,80.7
862,random,0x19d411000,0x1aa74c000,0x3735d000,random,0,263.97,80.0
862,random,0x19d411000,0x1aa74c000,0x3735d000,random,1,263.95,79.6
862,random,0x19d411000,0x1aa74c000,0x3735d000,random,2,264.00,79.9
863,random,0x19d411000,0x195a89000,0x8e98000,random,0,258.76,61.9
863,random,0x19d411000,0x195a89000,0x8e98000,random,1,258.62,62.3
863,random,0x19d411000,0x195a89000,0x8e98000,random,2,258.85,62.4
864,random,0x19d411000,0x192dd6000,0xf9c7000,random,0,256.00,79.2
864,random,0x19d411000,0x192dd6000,0xf9c7000,random,1,256.00,79.3
864,random,0x19d411000,0x192dd6000,0xf9c7000,random,2,256.00,79.2
865,random,0x19d411000,0x1b35f9000,0x2e1e8000,random,0,252.13,61.2
865,random,0x19d411000,0x1b35f9000,0x2e1e8000,random,1,252.00,61.2
865,random,0x19d411000,0x1b35f9000,0x2e1e8000,random,2,252.00,61.2
866,random,0x19d411000,0x19bfac000,0x6bbd000,random,0,262.70,80.7
866,random,0x19d411000,0x19bfac000,0x6bbd000,random,1,264.00,80.6
866,random,0x19d411000,0x19bfac000,0x6bbd000,random,2,264.00,80.3
867,random,0x19d411000,0x188682000,0x15293000,random,0,264.00,80.7
867,random,0x19d411000,0x188682000,0x15293000,random,1,264.00,80.8
867,random,0x19d411000,0x188682000,0x15293000,random,2,264.00,80.7
868,random,0x19d411000,0x18a92c000,0x17d3d000,random,0,256.33,79.3
868,random,0x19d411000,0x18a92c000,0x17d3d000,random,1,256.00,78.7
868,random,0x19d411000,0x18a92c000,0x17d3d000,random,2,256.00,79.2
869,random,0x19d411000,0x19b497000,0x6086000,random,0,262.71,80.1
869,random,0x19d411000,0x19b497000,0x6086000,random,1,264.00,80.0
869,random,0x19d411000,0x19b497000,0x6086000,random,2,264.00,80.0
870,random,0x19d411000,0x186278000,0x1b669000,random,0,263.73,79.6
870,random,0x19d411000,0x186278000,0x1b669000,random,1,263.75,80.0
870,random,0x19d411000,0x186278000,0x1b669000,random,2,263.96,80.0
871,random,0x19d411000,0x1a145b000,0x3c04a000,random,0,264.00,80.4
871,random,0x19d411000,0x1a145b000,0x3c04a000,random,1,264.00,80.3
871,random,0x19d411000,0x1a145b000,0x3c04a000,random,2,264.00,80.4
872,random,0x19d411000,0x1b42bc000,0x296ad000,random,0,264.00,80.6
872,random,0x19d411000,0x1b42bc000,0x296ad000,random,1,264.00,80.6
872,random,0x19d411000,0x1b42bc000,0x296ad000,random,2,264.00,80.6
873,random,0x19d411000,0x1b288b000,0x2fc9a000,random,0,256.34,79.3
873,random,0x19d411000,0x1b288b000,0x2fc9a000,random,1,256.00,79.2
873,random,0x19d411000,0x1b288b000,0x2fc9a000,random,2,256.00,79.2
874,random,0x19d411000,0x1b82d7000,0x256c6000,random,0,263.00,80.4
874,random,0x19d411000,0x1b82d7000,0x256c6000,random,1,264.00,80.5
874,random,0x19d411000,0x1b82d7000,0x256c6000,random,2,264.00,80.6
875,random,0x19d411000,0xada6b000,0x130e7a000,random,0,264.00,80.3
875,random,0x19d411000,0xada6b000,0x130e7a000,random,1,264.00,80.6
875,random,0x19d411000,0xada6b000,0x130e7a000,random,2,264.00,80.6
876,random,0x19d411000,0x1b558f000,0x2819e000,random,0,264.00,79.9
876,random,0x19d411000,0x1b558f000,0x2819e000,random,1,264.00,80.0
876,random,0x19d411000,0x1b558f000,0x2819e000,random,2,264.00,80.0
877,random,0x19d411000,0x1b6eb8000,0x2baa9000,random,0,264.00,80.7
877,random,0x19d411000,0x1b6eb8000,0x2baa9000,random,1,264.00,80.8
877,random,0x19d411000,0x1b6eb8000,0x2baa9000,random,2,264.00,80.7
878,random,0x19d411000,0xb8788000,0x125399000,random,0,264.00,79.9
878,random,0x19d411000,0xb8788000,0x125399000,random,1,264.00,80.1
878,random,0x19d411000,0xb8788000,0x125399000,random,2,264.00,79.9
879,random,0x19d411000,0x19b9b5000,0x6da4000,random,0,258.30,61.8
879,random,0x19d411000,0x19b9b5000,0x6da4000,random,1,257.73,61.7
879,random,0x19d411000,0x19b9b5000,0x6da4000,random,2,257.59,61.8
880,random,0x19d411000,0x1852fe000,0x186ef000,random,0,263.46,80.7
880,random,0x19d411000,0x1852fe000,0x186ef000,random,1,264.00,80.5
880,random,0x19d411000,0x1852fe000,0x186ef000,random,2,264.00,80.6
881,random,0x19d411000,0x1877cf000,0x1a3de000,random,0,264.00,80.7
881,random,0x19d411000,0x1877cf000,0x1a3de000,random,1,264.00,80.6
881,random,0x19d411000,0x1877cf000,0x1a3de000,random,2,264.00,80.6
882,random,0x19d411000,0x1862b2000,0x1b6a3000,random,0,264.00,80.5
882,random,0x19d411000,0x1862b2000,0x1b6a3000,random,1,264.00,80.5
882,random,0x19d411000,0x1862b2000,0x1b6a3000,random,2,264.00,80.5
883,random,0x19d411000,0xefd66000,0x172977000,random,0,264.00,80.7
883,random,0x19d411000,0xefd66000,0x172977000,random,1,264.00,80.4
883,random,0x19d411000,0xefd66000,0x172977000,random,2,264.00,80.4
884,random,0x19d411000,0x18b78f000,0x1639e000,random,0,264.00,79.9
884,random,0x19d411000,0x18b78f000,0x1639e000,random,1,264.00,80.1
884,random,0x19d411000,0x18b78f000,0x1639e000,random,2,264.00,80.0
885,random,0x19d411000,0xbb1f7000,0x1265e6000,random,0,264.00,80.1
885,random,0x19d411000,0xbb1f7000,0x1265e6000,random,1,264.00,80.1
885,random,0x19d411000,0xbb1f7000,0x1265e6000,random,2,264.00,80.0
886,random,0x19d411000,0xb7679000,0x12a268000,random,0,259.28,62.5
886,random,0x19d411000,0xb7679000,0x12a268000,random,1,258.99,62.4
886,random,0x19d411000,0xb7679000,0x12a268000,random,2,258.50,62.4
887,random,0x19d411000,0xb8c2d000,0x12583c000,random,0,259.07,62.1
887,random,0x19d411000,0xb8c2d000,0x12583c000,random,1,258.68,62.1
887,random,0x19d411000,0xb8c2d000,0x12583c000,random,2,258.86,61.9
888,random,0x19d411000,0x1a7dae000,0x3a9bf000,random,0,263.23,79.9
888,random,0x19d411000,0x1a7dae000,0x3a9bf000,random,1,263.98,80.0
888,random,0x19d411000,0x1a7dae000,0x3a9bf000,random,2,264.00,80.0
889,random,0x19d411000,0x1951e5000,0x85f4000,random,0,258.62,62.5
889,random,0x19d411000,0x1951e5000,0x85f4000,random,1,258.08,62.4
889,random,0x19d411000,0x1951e5000,0x85f4000,random,2,258.23,62.4
890,random,0x19d411000,0x1aafbe000,0x37baf000,random,0,263.35,80.3
890,random,0x19d411000,0x1aafbe000,0x37baf000,random,1,264.00,80.4
890,random,0x19d411000,0x1aafbe000,0x37baf000,random,2,264.00,80.5
891,random,0x19d411000,0x18a715000,0x17304000,random,0,258.89,62.5
891,random,0x19d411000,0x18a715000,0x17304000,random,1,258.31,62.3
891,random,0x19d411000,0x18a715000,0x17304000,random,2,258.24,62.2
892,random,0x19d411000,0xaf193000,0x132582000,random,0,263.33,79.9
892,random,0x19d411000,0xaf193000,0x132582000,random,1,264.00,80.0
892,random,0x19d411000,0xaf193000,0x132582000,random,2,264.00,80.1
893,random,0x19d411000,0x19c9d8000,0x1dc9000,random,0,256.31,79.1
893,random,0x19d411000,0x19c9d8000,0x1dc9000,random,1,256.00,79.1
893,random,0x19d411000,0x19c9d8000,0x1dc9000,random,2,256.00,79.1
894,random,0x19d411000,0x1a12ad000,0x3c6bc000,random,0,258.32,62.1
894,random,0x19d411000,0x1a12ad000,0x3c6bc000,random,1,258.87,62.1
894,random,0x19d411000,0x1a12ad000,0x3c6bc000,random,2,259.15,62.2
895,random,0x19d411000,0x1a430b000,0x3971a000,random,0,256.00,79.2
895,random,0x19d411000,0x1a430b000,0x3971a000,random,1,256.00,79.2
895,random,0x19d411000,0x1a430b000,0x3971a000,random,2,256.00,79.2
896,random,0x19d411000,0x196b5a000,0xbf4b000,random,0,263.07,79.7
896,random,0x19d411000,0x196b5a000,0xbf4b000,random,1,264.00,79.9
896,random,0x19d411000,0x196b5a000,0xbf4b000,random,2,264.00,80.1
897,random,0x19d411000,0xb7aa6000,0x12aeb7000,random,0,264.00,80.5
897,random,0x19d411000,0xb7aa6000,0x12aeb7000,random,1,264.00,80.4
897,random,0x19d411000,0xb7aa6000,0x12aeb7000,random,2,264.00,80.4
898,random,0x19d411000,0x1a9a9c000,0x34e8d000,random,0,264.00,80.4
898,random,0x19d411000,0x1a9a9c000,0x34e8d000,random,1,264.00,80.5
898,random,0x19d411000,0x1a9a9c000,0x34e8d000,random,2,264.00,80.4
899,random,0x19d411000,0x1a2596000,0x3f187000,random,0,264.00,80.5
899,random,0x19d411000,0x1a2596000,0x3f187000,random,1,264.00,80.3
899,random,0x19d411000,0x1a2596000,0x3f187000,random,2,264.00,80.4
900,random,0x19d411000,0xb2583000,0x12f192000,random,0,264.00,80.5
900,random,0x19d411000,0xb2583000,0x12f192000,random,1,264.00,80.5
900,random,0x19d411000,0xb2583000,0x12f192000,random,2,264.00,80.5
901,random,0x19d411000,0x1acd69000,0x31978000,random,0,259.46,62.0
901,random,0x19d411000,0x1acd69000,0x31978000,random,1,259.13,62.1
901,random,0x19d411000,0x1acd69000,0x31978000,random,2,259.06,62.1
902,random,0x19d411000,0x18897a000,0x15d6b000,random,0,263.33,80.0
902,random,0x19d411000,0x18897a000,0x15d6b000,random,1,264.00,80.0
902,random,0x19d411000,0x18897a000,0x15d6b000,random,2,264.00,80.0
903,random,0x19d411000,0x199514000,0x4105000,random,0,264.00,80.4
903,random,0x19d411000,0x199514000,0x4105000,random,1,264.00,80.5
903,random,0x19d411000,0x199514000,0x4105000,random,2,264.00,80.5
904,random,0x19d411000,0xb88bb000,0x125caa000,random,0,257.07,76.2
904,random,0x19d411000,0xb88bb000,0x125caa000,random,1,256.65,76.1
904,random,0x19d411000,0xb88bb000,0x125caa000,random,2,256.72,76.2
905,random,0x19d411000,0x188f60000,0x15b71000,random,0,263.29,80.4
905,random,0x19d411000,0x188f60000,0x15b71000,random,1,263.99,80.4
905,random,0x19d411000,0x188f60000,0x15b71000,random,2,264.00,80.5
906,random,0x19d411000,0x1a3fc8000,0x3ebd9000,random,0,264.00,80.4
906,random,0x19d411000,0x1a3fc8000,0x3ebd9000,random,1,264.00,80.4
906,random,0x19d411000,0x1a3fc8000,0x3ebd9000,random,2,264.00,80.4
907,random,0x19d411000,0x1a69db000,0x3bdca000,random,0,264.00,80.5
907,random,0x19d411000,0x1a69db000,0x3bdca000,random,1,264.00,80.4
907,random,0x19d411000,0x1a69db000,0x3bdca000,random,2,264.00,80.4
908,random,0x19d411000,0x1a6327000,0x3b736000,random,0,264.00,80.4
908,random,0x19d411000,0x1a6327000,0x3b736000,random,1,264.00,80.4
908,random,0x19d411000,0x1a6327000,0x3b736000,random,2,264.00,80.3
909,random,0x19d411000,0x190ff8000,0xdbe9000,random,0,264.00,80.5
909,random,0x19d411000,0x190ff8000,0xdbe9000,random,1,264.00,80.4
909,random,0x19d411000,0x190ff8000,0xdbe9000,random,2,264.00,80.6
910,random,0x19d411000,0x188e61000,0x15a70000,random,0,252.65,61.2
910,random,0x19d411000,0x188e61000,0x15a70000,random,1,252.00,61.2
910,random,0x19d411000,0x188e61000,0x15a70000,random,2,252.00,61.2
911,random,0x19d411000,0x1a8733000,0x35322000,random,0,262.63,80.5
911,random,0x19d411000,0x1a8733000,0x35322000,random,1,264.00,80.3
911,random,0x19d411000,0x1a8733000,0x35322000,random,2,264.00,80.3
912,random,0x19d411000,0x1958d6000,0x8cc7000,random,0,264.00,80.0
912,random,0x19d411000,0x1958d6000,0x8cc7000,random,1,263.99,80.0
912,random,0x19d411000,0x1958d6000,0x8cc7000,random,2,264.00,79.8
913,random,0x19d411000,0xadbfe000,0x130fef000,random,0,257.93,76.2
913,random,0x19d411000,0xadbfe000,0x130fef000,random,1,257.30,76.2
913,random,0x19d411000,0xadbfe000,0x130fef000,random,2,257.74,76.2
914,random,0x19d411000,0x1a20bb000,0x3f4aa000,random,0,263.35,80.7
914,random,0x19d411000,0x1a20bb000,0x3f4aa000,random,1,264.00,80.5
914,random,0x19d411000,0x1a20bb000,0x3f4aa000,random,2,264.00,80.6
915,random,0x19d411000,0xc05e3000,0x15d1f2000,random,0,264.00,80.6
915,random,0x19d411000,0xc05e3000,0x15d1f2000,random,1,264.00,80.7
915,random,0x19d411000,0xc05e3000,0x15d1f2000,random,2,264.00,80.7
916,random,0x19d411000,0x1925d1000,0xf1c0000,random,0,258.13,61.8
916,random,0x19d411000,0x1925d1000,0xf1c0000,random,1,256.91,61.6
916,random,0x19d411000,0x1925d1000,0xf1c0000,random,2,257.62,61.7
917,random,0x19d411000,0x18ffc2000,0x12bd3000,random,0,263.36,80.3
917,random,0x19d411000,0x18ffc2000,0x12bd3000,random,1,264.00,80.5
917,random,0x19d411000,0x18ffc2000,0x12bd3000,random,2,264.00,80.4
918,random,0x19d411000,0x1aa174000,0x37565000,random,0,264.00,80.1
918,random,0x19d411000,0x1aa174000,0x37565000,random,1,264.00,80.0
918,random,0x19d411000,0x1aa174000,0x37565000,random,2,263.89,79.9
919,random,0x19d411000,0x1a88c7000,0x35cd6000,random,0,264.00,80.5
919,random,0x19d411000,0x1a88c7000,0x35cd6000,random,1,264.00,80.4
919,random,0x19d411000,0x1a88c7000,0x35cd6000,random,2,264.00,80.5
920,random,0x19d411000,0x1b770a000,0x2a31b000,random,0,264.00,80.4
920,random,0x19d411000,0x1b770a000,0x2a31b000,random,1,264.00,80.3
920,random,0x19d411000,0x1b770a000,0x2a31b000,random,2,264.00,80.3
921,random,0x19d411000,0x1b1998000,0x2cd89000,random,0,264.00,79.8
921,random,0x19d411000,0x1b1998000,0x2cd89000,random,1,264.00,79.9
921,random,0x19d411000,0x1b1998000,0x2cd89000,random,2,264.00,80.0
922,random,0x19d411000,0x1b5d41000,0x28950000,random,0,259.08,62.4
922,random,0x19d411000,0x1b5d41000,0x28950000,random,1,258.66,62.4
922,random,0x19d411000,0x1b5d41000,0x28950000,random,2,258.77,62.5
923,random,0x19d411000,0x19d9f1000,0xde0000,random,0,259.15,62.1
923,random,0x19d411000,0x19d9f1000,0xde0000,random,1,259.13,62.1
923,random,0x19d411000,0x19d9f1000,0xde0000,random,2,259.18,62.1
924,random,0x19d411000,0x199fcf000,0x4bde000,random,0,263.30,80.4
924,random,0x19d411000,0x199fcf000,0x4bde000,random,1,264.00,80.3
924,random,0x19d411000,0x199fcf000,0x4bde000,random,2,264.00,80.0
925,random,0x19d411000,0x1a2fd5000,0x3fbc4000,random,0,258.41,61.8
925,random,0x19d411000,0x1a2fd5000,0x3fbc4000,random,1,257.81,61.7
925,random,0x19d411000,0x1a2fd5000,0x3fbc4000,random,2,257.75,61.8
926,random,0x19d411000,0x1b325b000,0x2e64a000,random,0,256.00,79.1
926,random,0x19d411000,0x1b325b000,0x2e64a000,random,1,256.00,79.1
926,random,0x19d411000,0x1b325b000,0x2e64a000,random,2,256.00,78.9
927,random,0x19d411000,0x19ae06000,0x7a17000,random,0,256.00,79.1
927,random,0x19d411000,0x19ae06000,0x7a17000,random,1,256.00,79.1
927,random,0x19d411000,0x19ae06000,0x7a17000,random,2,256.00,79.1
928,random,0x19d411000,0x191941000,0xcd50000,random,0,256.97,61.8
928,random,0x19d411000,0x191941000,0xcd50000,random,1,256.87,61.8
928,random,0x19d411000,0x191941000,0xcd50000,random,2,257.70,61.8
929,random,0x19d411000,0x19cb7a000,0x1f6b000,random,0,263.24,80.0
929,random,0x19d411000,0x19cb7a000,0x1f6b000,random,1,264.00,79.8
929,random,0x19d411000,0x19cb7a000,0x1f6b000,random,2,264.00,79.7
930,random,0x19d411000,0xbc4ed000,0x1210fc000,random,0,259.16,61.8
930,random,0x19d411000,0xbc4ed000,0x1210fc000,random,1,258.72,61.8
930,random,0x19d411000,0xbc4ed000,0x1210fc000,random,2,258.71,61.8
931,random,0x19d411000,0xbe855000,0x123c44000,random,0,258.50,62.4
931,random,0x19d411000,0xbe855000,0x123c44000,random,1,258.58,62.4
931,random,0x19d411000,0xbe855000,0x123c44000,random,2,258.45,62.4
932,random,0x19d411000,0xbe66d000,0x12327c000,random,0,254.95,61.2
932,random,0x19d411000,0xbe66d000,0x12327c000,random,1,253.88,61.2
932,random,0x19d411000,0xbe66d000,0x12327c000,random,2,253.65,61.2
933,random,0x19d411000,0x193a82000,0xee93000,random,0,262.81,80.3
933,random,0x19d411000,0x193a82000,0xee93000,random,1,264.00,80.4
933,random,0x19d411000,0x193a82000,0xee93000,random,2,264.00,80.3
934,random,0x19d411000,0x1acc05000,0x31814000,random,0,252.64,61.2
934,random,0x19d411000,0x1acc05000,0x31814000,random,1,252.00,61.2
934,random,0x19d411000,0x1acc05000,0x31814000,random,2,252.00,61.2
935,random,0x19d411000,0x1aa1b9000,0x375a8000,random,0,256.08,61.7
935,random,0x19d411000,0x1aa1b9000,0x375a8000,random,1,257.72,61.8
935,random,0x19d411000,0x1aa1b9000,0x375a8000,random,2,258.12,61.8
936,random,0x19d411000,0x1b4b59000,0x29f48000,random,0,257.71,61.8
936,random,0x19d411000,0x1b4b59000,0x29f48000,random,1,257.63,61.8
936,random,0x19d411000,0x1b4b59000,0x29f48000,random,2,257.76,61.8
937,random,0x19d411000,0xb1ce0000,0x12c8f1000,random,0,263.43,80.4
937,random,0x19d411000,0xb1ce0000,0x12c8f1000,random,1,264.00,80.3
937,random,0x19d411000,0xb1ce0000,0x12c8f1000,random,2,264.00,80.5
938,random,0x19d411000,0x19546a000,0x807b000,random,0,264.00,80.2
938,random,0x19d411000,0x19546a000,0x807b000,random,1,264.00,80.4
938,random,0x19d411000,0x19546a000,0x807b000,random,2,264.00,80.5
939,random,0x19d411000,0x18ea20000,0x13e31000,random,0,264.00,80.5
939,random,0x19d411000,0x18ea20000,0x13e31000,random,1,264.00,80.4
939,random,0x19d411000,0x18ea20000,0x13e31000,random,2,264.00,80.4
940,random,0x19d411000,0x1a24da000,0x3f0cb000,random,0,264.00,80.6
940,random,0x19d411000,0x1a24da000,0x3f0cb000,random,1,264.00,80.5
940,random,0x19d411000,0x1a24da000,0x3f0cb000,random,2,264.00,80.6
941,random,0x19d411000,0x186a6c000,0x1be7d000,random,0,263.99,80.0
941,random,0x19d411000,0x186a6c000,0x1be7d000,random,1,263.97,80.0
941,random,0x19d411000,0x186a6c000,0x1be7d000,random,2,264.00,80.2
942,random,0x19d411000,0x1a5406000,0x38017000,random,0,264.00,80.3
942,random,0x19d411000,0x1a5406000,0x38017000,random,1,263.93,79.7
942,random,0x19d411000,0x1a5406000,0x38017000,random,2,264.00,80.6
943,random,0x19d411000,0x1ab80a000,0x36c1b000,random,0,256.33,79.1
943,random,0x19d411000,0x1ab80a000,0x36c1b000,random,1,256.00,79.1
943,random,0x19d411000,0x1ab80a000,0x36c1b000,random,2,256.00,79.1
944,random,0x19d411000,0x1ac3b1000,0x317a0000,random,0,257.26,61.8
944,random,0x19d411000,0x1ac3b1000,0x317a0000,random,1,258.02,61.8
944,random,0x19d411000,0x1ac3b1000,0x317a0000,random,2,258.34,61.8
945,random,0x19d411000,0x18c449000,0x11058000,random,0,259.07,62.1
945,random,0x19d411000,0x18c449000,0x11058000,random,1,258.98,62.1
945,random,0x19d411000,0x18c449000,0x11058000,random,2,258.58,61.9
946,random,0x19d411000,0xba580000,0x127191000,random,0,263.37,80.6
946,random,0x19d411000,0xba580000,0x127191000,random,1,264.00,80.1
946,random,0x19d411000,0xba580000,0x127191000,random,2,264.00,80.3
947,random,0x19d411000,0xbe9b8000,0x123da9000,random,0,264.00,80.4
947,random,0x19d411000,0xbe9b8000,0x123da9000,random,1,264.00,80.3
947,random,0x19d411000,0xbe9b8000,0x123da9000,random,2,264.00,80.4
948,random,0x19d411000,0x19b91a000,0x6d0b000,random,0,264.00,80.6
948,random,0x19d411000,0x19b91a000,0x6d0b000,random,1,264.00,80.5
948,random,0x19d411000,0x19b91a000,0x6d0b000,random,2,264.00,80.4
949,random,0x19d411000,0xb34e9000,0x12e0f8000,random,0,259.23,62.4
949,random,0x19d411000,0xb34e9000,0x12e0f8000,random,1,259.03,62.3
949,random,0x19d411000,0xb34e9000,0x12e0f8000,random,2,259.01,62.4
950,random,0x19d411000,0x1ad227000,0x30636000,random,0,263.27,80.4
950,random,0x19d411000,0x1ad227000,0x30636000,random,1,264.00,80.3
950,random,0x19d411000,0x1ad227000,0x30636000,random,2,264.00,80.2
951,random,0x19d411000,0x19c933000,0x1d22000,random,0,264.00,80.0
951,random,0x19d411000,0x19c933000,0x1d22000,random,1,264.00,80.0
951,random,0x19d411000,0x19c933000,0x1d22000,random,2,264.00,79.9
952,random,0x19d411000,0x1999f0000,0x4de1000,random,0,264.00,80.0
952,random,0x19d411000,0x1999f0000,0x4de1000,random,1,264.00,80.0
952,random,0x19d411000,0x1999f0000,0x4de1000,random,2,264.00,80.0
953,random,0x19d411000,0x1abef2000,0x36ae3000,random,0,264.00,80.4
953,random,0x19d411000,0x1abef2000,0x36ae3000,random,1,264.00,80.4
953,random,0x19d411000,0x1abef2000,0x36ae3000,random,2,264.00,80.5
954,random,0x19d411000,0x19fc34000,0x2825000,random,0,264.00,80.0
954,random,0x19d411000,0x19fc34000,0x2825000,random,1,264.00,80.0
954,random,0x19d411000,0x19fc34000,0x2825000,random,2,264.00,79.7
955,random,0x19d411000,0x1b02ce000,0x2d6df000,random,0,264.00,80.6
955,random,0x19d411000,0x1b02ce000,0x2d6df000,random,1,264.00,80.6
955,random,0x19d411000,0x1b02ce000,0x2d6df000,random,2,264.00,80.5
956,random,0x19d411000,0x193d96000,0xe987000,random,0,256.34,79.2
956,random,0x19d411000,0x193d96000,0xe987000,random,1,256.00,79.2
956,random,0x19d411000,0x193d96000,0xe987000,random,2,256.00,79.2
957,random,0x19d411000,0x1b2d5e000,0x2f94f000,random,0,263.02,80.0
957,random,0x19d411000,0x1b2d5e000,0x2f94f000,random,1,264.00,80.0
957,random,0x19d411000,0x1b2d5e000,0x2f94f000,random,2,264.00,80.0
958,random,0x19d411000,0xaf9c4000,0x132dd5000,random,0,264.00,80.1
958,random,0x19d411000,0xaf9c4000,0x132dd5000,random,1,264.00,80.0
958,random,0x19d411000,0xaf9c4000,0x132dd5000,random,2,264.00,80.1
959,random,0x19d411000,0x1a67e7000,0x3b3f6000,random,0,264.00,80.3
959,random,0x19d411000,0x1a67e7000,0x3b3f6000,random,1,264.00,80.4
959,random,0x19d411000,0x1a67e7000,0x3b3f6000,random,2,264.00,80.4
960,random,0x19d411000,0xb11b3000,0x12c5a2000,random,0,257.57,76.2
960,random,0x19d411000,0xb11b3000,0x12c5a2000,random,1,256.41,76.2
960,random,0x19d411000,0xb11b3000,0x12c5a2000,random,2,256.60,76.3
961,random,0x19d411000,0xae79d000,0x13338c000,random,0,258.70,61.8
961,random,0x19d411000,0xae79d000,0x13338c000,random,1,258.80,61.8
961,random,0x19d411000,0xae79d000,0x13338c000,random,2,258.58,61.8
962,random,0x19d411000,0xb96b8000,0x1242a9000,random,0,257.05,76.2
962,random,0x19d411000,0xb96b8000,0x1242a9000,random,1,257.15,76.2
962,random,0x19d411000,0xb96b8000,0x1242a9000,random,2,257.26,76.2
963,random,0x19d411000,0xbd55d000,0x12014c000,random,0,259.14,62.0
963,random,0x19d411000,0xbd55d000,0x12014c000,random,1,259.31,62.1
963,random,0x19d411000,0xbd55d000,0x12014c000,random,2,259.37,62.1
964,random,0x19d411000,0x1a30a1000,0x3e4b0000,random,0,259.07,62.1
964,random,0x19d411000,0x1a30a1000,0x3e4b0000,random,1,259.06,62.1
964,random,0x19d411000,0x1a30a1000,0x3e4b0000,random,2,259.11,62.1
965,random,0x19d411000,0x1a09fe000,0x3ddef000,random,0,263.33,80.5
965,random,0x19d411000,0x1a09fe000,0x3ddef000,random,1,264.00,80.6
965,random,0x19d411000,0x1a09fe000,0x3ddef000,random,2,264.00,80.4
966,random,0x19d411000,0x1aa7fe000,0x373ef000,random,0,264.00,80.0
966,random,0x19d411000,0x1aa7fe000,0x373ef000,random,1,264.00,80.0
966,random,0x19d411000,0x1aa7fe000,0x373ef000,random,2,264.00,80.0
967,random,0x19d411000,0x1a0ac9000,0x3ded8000,random,0,258.12,61.8
967,random,0x19d411000,0x1a0ac9000,0x3ded8000,random,1,258.16,61.6
967,random,0x19d411000,0x1a0ac9000,0x3ded8000,random,2,257.85,61.8
968,random,0x19d411000,0x1b5fbe000,0x28baf000,random,0,256.00,79.1
968,random,0x19d411000,0x1b5fbe000,0x28baf000,random,1,256.00,79.1
968,random,0x19d411000,0x1b5fbe000,0x28baf000,random,2,256.00,79.1
969,random,0x19d411000,0x188b37000,0x15f26000,random,0,263.20,80.4
969,random,0x19d411000,0x188b37000,0x15f26000,random,1,264.00,80.6
969,random,0x19d411000,0x188b37000,0x15f26000,random,2,264.00,80.6
970,random,0x19d411000,0xb9e3b000,0x124a2a000,random,0,257.87,76.2
970,random,0x19d411000,0xb9e3b000,0x124a2a000,random,1,257.05,76.2
970,random,0x19d411000,0xb9e3b000,0x124a2a000,random,2,257.03,76.2
971,random,0x19d411000,0xb3723000,0x12e332000,random,0,263.29,80.4
971,random,0x19d411000,0xb3723000,0x12e332000,random,1,264.00,80.3
971,random,0x19d411000,0xb3723000,0x12e332000,random,2,264.00,80.3
972,random,0x19d411000,0x18c6b3000,0x112a2000,random,0,264.00,80.5
972,random,0x19d411000,0x18c6b3000,0x112a2000,random,1,264.00,80.4
972,random,0x19d411000,0x18c6b3000,0x112a2000,random,2,264.00,80.4
973,random,0x19d411000,0x196987000,0xbd96000,random,0,256.34,79.2
973,random,0x19d411000,0x196987000,0xbd96000,random,1,256.00,79.2
973,random,0x19d411000,0x196987000,0xbd96000,random,2,256.00,79.2
974,random,0x19d411000,0x191afa000,0xceeb000,random,0,262.89,80.3
974,random,0x19d411000,0x191afa000,0xceeb000,random,1,264.00,80.4
974,random,0x19d411000,0x191afa000,0xceeb000,random,2,264.00,80.5
975,random,0x19d411000,0xbcfe7000,0x121bf6000,random,0,264.00,80.0
975,random,0x19d411000,0xbcfe7000,0x121bf6000,random,1,264.00,79.9
975,random,0x19d411000,0xbcfe7000,0x121bf6000,random,2,264.00,79.7
976,random,0x19d411000,0x1a3edf000,0x3eace000,random,0,264.00,80.6
976,random,0x19d411000,0x1a3edf000,0x3eace000,random,1,264.00,80.6
976,random,0x19d411000,0x1a3edf000,0x3eace000,random,2,264.00,80.5
977,random,0x19d411000,0x188654000,0x15245000,random,0,264.00,80.4
977,random,0x19d411000,0x188654000,0x15245000,random,1,264.00,80.3
977,random,0x19d411000,0x188654000,0x15245000,random,2,264.00,80.4
978,random,0x19d411000,0x186293000,0x1b682000,random,0,256.32,79.1
978,random,0x19d411000,0x186293000,0x1b682000,random,1,256.00,79.1
978,random,0x19d411000,0x186293000,0x1b682000,random,2,256.00,79.1
979,random,0x19d411000,0x1862c9000,0x1b6d8000,random,0,252.09,61.2
979,random,0x19d411000,0x1862c9000,0x1b6d8000,random,1,252.00,61.2
979,random,0x19d411000,0x1862c9000,0x1b6d8000,random,2,252.00,61.1
980,random,0x19d411000,0xb7205000,0x12a614000,random,0,253.58,61.1
980,random,0x19d411000,0xb7205000,0x12a614000,random,1,253.50,61.2
980,random,0x19d411000,0xb7205000,0x12a614000,random,2,253.62,61.2
981,random,0x19d411000,0xbb3ca000,0x1267db000,random,0,257.30,76.2
981,random,0x19d411000,0xbb3ca000,0x1267db000,random,1,257.37,76.2
981,random,0x19d411000,0xbb3ca000,0x1267db000,random,2,257.65,76.2
982,random,0x19d411000,0x1a190b000,0x3cd1a000,random,0,256.00,79.2
982,random,0x19d411000,0x1a190b000,0x3cd1a000,random,1,256.00,79.1
982,random,0x19d411000,0x1a190b000,0x3cd1a000,random,2,256.00,79.2
983,random,0x19d411000,0x1869aa000,0x1bdbb000,random,0,263.12,80.6
983,random,0x19d411000,0x1869aa000,0x1bdbb000,random,1,264.00,80.5
983,random,0x19d411000,0x1869aa000,0x1bdbb000,random,2,264.00,80.5
984,random,0x19d411000,0x1a5444000,0x38055000,random,0,264.00,80.2
984,random,0x19d411000,0x1a5444000,0x38055000,random,1,264.00,80.5
984,random,0x19d411000,0x1a5444000,0x38055000,random,2,264.00,80.3
985,random,0x19d411000,0x1a140e000,0x3c01f000,random,0,264.00,80.1
985,random,0x19d411000,0x1a140e000,0x3c01f000,random,1,264.00,80.0
985,random,0x19d411000,0x1a140e000,0x3c01f000,random,2,264.00,80.1
986,random,0x19d411000,0x1b3d88000,0x2e999000,random,0,264.00,79.9
986,random,0x19d411000,0x1b3d88000,0x2e999000,random,1,264.00,79.9
986,random,0x19d411000,0x1b3d88000,0x2e999000,random,2,264.00,80.0
987,random,0x19d411000,0x1b62ea000,0x2b6fb000,random,0,264.00,80.1
987,random,0x19d411000,0x1b62ea000,0x2b6fb000,random,1,264.00,80.0
987,random,0x19d411000,0x1b62ea000,0x2b6fb000,random,2,264.00,80.3
988,random,0x19d411000,0x19b4f5000,0x60e4000,random,0,259.55,62.1
988,random,0x19d411000,0x19b4f5000,0x60e4000,random,1,259.45,62.0
988,random,0x19d411000,0x19b4f5000,0x60e4000,random,2,259.47,62.2
989,random,0x19d411000,0x18e8b5000,0x13ca4000,random,0,259.07,62.1
989,random,0x19d411000,0x18e8b5000,0x13ca4000,random,1,259.28,62.1
989,random,0x19d411000,0x18e8b5000,0x13ca4000,random,2,259.24,62.2
990,random,0x19d411000,0x1a599f000,0x38d8e000,random,0,263.39,80.5
990,random,0x19d411000,0x1a599f000,0x38d8e000,random,1,264.00,80.5
990,random,0x19d411000,0x1a599f000,0x38d8e000,random,2,264.00,80.5
991,random,0x19d411000,0xbb3ad000,0x1267bc000,random,0,255.06,61.2
991,random,0x19d411000,0xbb3ad000,0x1267bc000,random,1,254.52,61.2
991,random,0x19d411000,0xbb3ad000,0x1267bc000,random,2,253.83,61.2
992,random,0x19d411000,0xb2588000,0x12f199000,random,0,262.92,80.3
992,random,0x19d411000,0xb2588000,0x12f199000,random,1,264.00,80.2
992,random,0x19d411000,0xb2588000,0x12f199000,random,2,264.00,80.2
993,random,0x19d411000,0x195797000,0x8386000,random,0,264.00,80.4
993,random,0x19d411000,0x195797000,0x8386000,random,1,264.00,80.3
993,random,0x19d411000,0x195797000,0x8386000,random,2,264.00,80.4
994,random,0x19d411000,0x1b0bf1000,0x2dfe0000,random,0,259.13,62.4
994,random,0x19d411000,0x1b0bf1000,0x2dfe0000,random,1,258.63,62.4
994,random,0x19d411000,0x1b0bf1000,0x2dfe0000,random,2,258.68,62.4
995,random,0x19d411000,0x185eff000,0x18aee000,random,0,263.46,80.4
995,random,0x19d411000,0x185eff000,0x18aee000,random,1,264.00,80.4
995,random,0x19d411000,0x185eff000,0x18aee000,random,2,264.00,80.3
996,random,0x19d411000,0x1b32a5000,0x2e6b4000,random,0,259.63,62.1
996,random,0x19d411000,0x1b32a5000,0x2e6b4000,random,1,259.32,62.0
996,random,0x19d411000,0x1b32a5000,0x2e6b4000,random,2,259.12,61.9
997,random,0x19d411000,0x1a42be000,0x396af000,random,0,263.17,79.8
997,random,0x19d411000,0x1a42be000,0x396af000,random,1,264.00,79.9
997,random,0x19d411000,0x1a42be000,0x396af000,random,2,264.00,79.9
998,random,0x19d411000,0x1a3ad7000,0x3eec6000,random,0,256.30,79.2
998,random,0x19d411000,0x1a3ad7000,0x3eec6000,random,1,256.00,79.1
998,random,0x19d411000,0x1a3ad7000,0x3eec6000,random,2,256.00,79.2
999,random,0x19d411000,0x1b21eb000,0x2f5fa000,random,0,263.09,80.6
999,random,0x19d411000,0x1b21eb000,0x2f5fa000,random,1,264.00,80.5
999,random,0x19d411000,0x1b21eb000,0x2f5fa000,random,2,264.00,80.4
1000,random,0x19d411000,0x1a9f04000,0x34b15000,random,0,256.35,79.2
1000,random,0x19d411000,0x1a9f04000,0x34b15000,random,1,256.00,79.2
1000,random,0x19d411000,0x1a9f04000,0x34b15000,random,2,256.00,79.1
1001,random,0x19d411000,0xb0b81000,0x12df90000,random,0,257.98,61.7
1001,random,0x19d411000,0xb0b81000,0x12df90000,random,1,258.63,61.8
1001,random,0x19d411000,0xb0b81000,0x12df90000,random,2,258.33,61.8
1002,random,0x19d411000,0x19a8db000,0x7cca000,random,0,263.34,80.2
1002,random,0x19d411000,0x19a8db000,0x7cca000,random,1,264.00,80.5
1002,random,0x19d411000,0x19a8db000,0x7cca000,random,2,264.00,80.4
1003,random,0x19d411000,0x1b360c000,0x2e21d000,random,0,264.00,80.0
1003,random,0x19d411000,0x1b360c000,0x2e21d000,random,1,264.00,79.9
1003,random,0x19d411000,0x1b360c000,0x2e21d000,random,2,264.00,80.0
1004,random,0x19d411000,0xba047000,0x127456000,random,0,264.00,80.3
1004,random,0x19d411000,0xba047000,0x127456000,random,1,264.00,80.6
1004,random,0x19d411000,0xba047000,0x127456000,random,2,264.00,80.5
1005,random,0x19d411000,0xb96ff000,0x1242ee000,random,0,264.00,80.2
1005,random,0x19d411000,0xb96ff000,0x1242ee000,random,1,264.00,80.5
1005,random,0x19d411000,0xb96ff000,0x1242ee000,random,2,264.00,80.4
1006,random,0x19d411000,0x1b204f000,0x2f45e000,random,0,264.00,80.5
1006,random,0x19d411000,0x1b204f000,0x2f45e000,random,1,264.00,80.5
1006,random,0x19d411000,0x1b204f000,0x2f45e000,random,2,264.00,80.4
1007,random,0x19d411000,0xb0df1000,0x12d9e0000,random,0,254.77,61.2
1007,random,0x19d411000,0xb0df1000,0x12d9e0000,random,1,254.07,61.2
1007,random,0x19d411000,0xb0df1000,0x12d9e0000,random,2,254.21,61.2
1008,random,0x19d411000,0xbb41a000,0x12600b000,random,0,262.90,80.5
1008,random,0x19d411000,0xbb41a000,0x12600b000,random,1,264.00,80.4
1008,random,0x19d411000,0xbb41a000,0x12600b000,random,2,264.00,80.5
1009,random,0x19d411000,0xbcd7e000,0x12196f000,random,0,264.00,80.5
1009,random,0x19d411000,0xbcd7e000,0x12196f000,random,1,264.00,80.3
1009,random,0x19d411000,0xbcd7e000,0x12196f000,random,2,264.00,80.6
1010,random,0x19d411000,0x19b130000,0x6521000,random,0,264.00,80.4
1010,random,0x19d411000,0x19b130000,0x6521000,random,1,264.00,80.4
1010,random,0x19d411000,0x19b130000,0x6521000,random,2,264.00,80.5
1011,random,0x19d411000,0xb2f0c000,0x12fb1d000,random,0,257.88,76.2
1011,random,0x19d411000,0xb2f0c000,0x12fb1d000,random,1,257.46,76.2
1011,random,0x19d411000,0xb2f0c000,0x12fb1d000,random,2,257.14,76.2
1012,random,0x19d411000,0xbaa35000,0x127e24000,random,0,258.91,62.4
1012,random,0x19d411000,0xbaa35000,0x127e24000,random,1,258.71,62.3
1012,random,0x19d411000,0xbaa35000,0x127e24000,random,2,258.49,62.4
1013,random,0x19d411000,0x1daa4a000,0x47e5b000,random,0,263.34,80.0
1013,random,0x19d411000,0x1daa4a000,0x47e5b000,random,1,264.00,79.8
1013,random,0x19d411000,0x1daa4a000,0x47e5b000,random,2,264.00,79.9
1014,random,0x19d411000,0xb5a6e000,0x128e7f000,random,0,264.00,80.3
1014,random,0x19d411000,0xb5a6e000,0x128e7f000,random,1,264.00,80.3
1014,random,0x19d411000,0xb5a6e000,0x128e7f000,random,2,264.00,80.6
1015,random,0x19d411000,0x19b111000,0x6500000,random,0,252.77,52.9
1015,random,0x19d411000,0x19b111000,0x6500000,random,1,252.00,52.9
1015,random,0x19d411000,0x19b111000,0x6500000,random,2,252.00,52.9
1016,random,0x19d411000,0x1a1a27000,0x3ce36000,random,0,262.77,80.6
1016,random,0x19d411000,0x1a1a27000,0x3ce36000,random,1,264.00,80.5
1016,random,0x19d411000,0x1a1a27000,0x3ce36000,random,2,264.00,80.5
1017,random,0x19d411000,0x1b6f13000,0x2bb02000,random,0,264.00,80.0
1017,random,0x19d411000,0x1b6f13000,0x2bb02000,random,1,264.00,80.1
1017,random,0x19d411000,0x1b6f13000,0x2bb02000,random,2,264.00,79.7
1018,random,0x19d411000,0x19a2c9000,0x76d8000,random,0,252.67,61.2
1018,random,0x19d411000,0x19a2c9000,0x76d8000,random,1,252.00,61.2
1018,random,0x19d411000,0x19a2c9000,0x76d8000,random,2,252.00,61.2
1019,random,0x19d411000,0x1847a6000,0x193b7000,random,0,262.81,80.5
1019,random,0x19d411000,0x1847a6000,0x193b7000,random,1,264.00,80.4
1019,random,0x19d411000,0x1847a6000,0x193b7000,random,2,264.00,80.5
1020,random,0x19d411000,0x1abcd6000,0x368c7000,random,0,264.00,80.6
1020,random,0x19d411000,0x1abcd6000,0x368c7000,random,1,264.00,80.6
1020,random,0x19d411000,0x1abcd6000,0x368c7000,random,2,264.00,80.6
1021,random,0x19d411000,0x1867f2000,0x1b3e3000,random,0,264.00,80.4
1021,random,0x19d411000,0x1867f2000,0x1b3e3000,random,1,264.00,80.4
1021,random,0x19d411000,0x1867f2000,0x1b3e3000,random,2,264.00,80.5
1022,random,0x19d411000,0x1b1161000,0x2c570000,random,0,259.37,62.0
1022,random,0x19d411000,0x1b1161000,0x2c570000,random,1,259.38,62.1
1022,random,0x19d411000,0x1b1161000,0x2c570000,random,2,259.14,62.1
1023,random,0x19d411000,0x18eb34000,0x13f25000,random,0,263.34,80.5
1023,random,0x19d411000,0x18eb34000,0x13f25000,random,1,264.00,80.6
1023,random,0x19d411000,0x18eb34000,0x13f25000,random,2,264.00,80.6
1024,random,0x19d411000,0x19b498000,0x6089000,random,0,264.00,80.2
1024,random,0x19d411000,0x19b498000,0x6089000,random,1,264.00,80.2
1024,random,0x19d411000,0x19b498000,0x6089000,random,2,264.00,80.4
1025,random,0x19d411000,0xb95de000,0x1241cf000,random,0,264.00,80.5
1025,random,0x19d411000,0xb95de000,0x1241cf000,random,1,264.00,80.7
1025,random,0x19d411000,0xb95de000,0x1241cf000,random,2,264.00,80.6
1026,random,0x19d411000,0x191b42000,0xcf53000,random,0,264.00,79.8
1026,random,0x19d411000,0x191b42000,0xcf53000,random,1,264.00,80.0
1026,random,0x19d411000,0x191b42000,0xcf53000,random,2,264.00,79.9
1027,random,0x19d411000,0xb0bc0000,0x12dfd1000,random,0,257.88,76.2
1027,random,0x19d411000,0xb0bc0000,0x12dfd1000,random,1,257.97,76.2
1027,random,0x19d411000,0xb0bc0000,0x12dfd1000,random,2,257.51,76.2
1028,random,0x19d411000,0x193e67000,0xea76000,random,0,263.44,80.7
1028,random,0x19d411000,0x193e67000,0xea76000,random,1,264.00,80.5
1028,random,0x19d411000,0x193e67000,0xea76000,random,2,264.00,80.6
1029,random,0x19d411000,0x1b2728000,0x2f339000,random,0,264.00,80.5
1029,random,0x19d411000,0x1b2728000,0x2f339000,random,1,264.00,80.4
1029,random,0x19d411000,0x1b2728000,0x2f339000,random,2,264.00,80.5
1030,random,0x19d411000,0x190381000,0xd790000,random,0,258.41,61.7
1030,random,0x19d411000,0x190381000,0xd790000,random,1,257.94,61.7
1030,random,0x19d411000,0x190381000,0xd790000,random,2,257.89,61.8
1031,random,0x19d411000,0x186c3b000,0x1b82a000,random,0,263.22,80.0
1031,random,0x19d411000,0x186c3b000,0x1b82a000,random,1,264.00,80.0
1031,random,0x19d411000,0x186c3b000,0x1b82a000,random,2,264.00,80.0
1032,random,0x19d411000,0x19070b000,0xd31a000,random,0,256.34,66.2
1032,random,0x19d411000,0x19070b000,0xd31a000,random,1,256.00,66.2
1032,random,0x19d411000,0x19070b000,0xd31a000,random,2,256.00,66.2
1033,random,0x19d411000,0xb8f8d000,0x125b9c000,random,0,258.23,61.8
1033,random,0x19d411000,0xb8f8d000,0x125b9c000,random,1,259.03,61.8
1033,random,0x19d411000,0xb8f8d000,0x125b9c000,random,2,258.80,61.8
1034,random,0x19d411000,0x23b631000,0x3a6220000,random,0,259.33,62.2
1034,random,0x19d411000,0x23b631000,0x3a6220000,random,1,259.13,62.0
1034,random,0x19d411000,0x23b631000,0x3a6220000,random,2,259.40,62.2
1035,random,0x19d411000,0x186183000,0x1b592000,random,0,263.24,80.6
1035,random,0x19d411000,0x186183000,0x1b592000,random,1,264.00,80.4
1035,random,0x19d411000,0x186183000,0x1b592000,random,2,264.00,80.7
1036,random,0x19d411000,0xb237a000,0x12f76b000,random,0,264.00,80.0
1036,random,0x19d411000,0xb237a000,0x12f76b000,random,1,264.00,80.0
1036,random,0x19d411000,0xb237a000,0x12f76b000,random,2,264.00,80.0
1037,random,0x19d411000,0x1b232e000,0x2f73f000,random,0,264.00,80.5
1037,random,0x19d411000,0x1b232e000,0x2f73f000,random,1,264.00,80.5
1037,random,0x19d411000,0x1b232e000,0x2f73f000,random,2,264.00,80.5
1038,random,0x19d411000,0xb1f01000,0x12cb10000,random,0,255.08,61.2
1038,random,0x19d411000,0xb1f01000,0x12cb10000,random,1,253.66,61.2
1038,random,0x19d411000,0xb1f01000,0x12cb10000,random,2,254.78,61.0
1039,random,0x19d411000,0xb0081000,0x12d490000,random,0,254.35,61.2
1039,random,0x19d411000,0xb0081000,0x12d490000,random,1,254.37,61.2
1039,random,0x19d411000,0xb0081000,0x12d490000,random,2,253.91,61.2
1040,random,0x19d411000,0x1b06a8000,0x2d2b9000,random,0,256.00,79.1
1040,random,0x19d411000,0x1b06a8000,0x2d2b9000,random,1,256.00,79.1
1040,random,0x19d411000,0x1b06a8000,0x2d2b9000,random,2,256.00,79.1
1041,random,0x19d411000,0x1b296f000,0x2fd7e000,random,0,256.00,79.2
1041,random,0x19d411000,0x1b296f000,0x2fd7e000,random,1,256.00,79.1
1041,random,0x19d411000,0x1b296f000,0x2fd7e000,random,2,256.00,79.2
1042,random,0x19d411000,0x1afc90000,0x32881000,random,0,263.10,80.5
1042,random,0x19d411000,0x1afc90000,0x32881000,random,1,264.00,80.6
1042,random,0x19d411000,0x1afc90000,0x32881000,random,2,264.00,80.4
1043,random,0x19d411000,0x1a7f74000,0x3ab65000,random,0,264.00,80.3
1043,random,0x19d411000,0x1a7f74000,0x3ab65000,random,1,264.00,80.3
1043,random,0x19d411000,0x1a7f74000,0x3ab65000,random,2,264.00,80.6
1044,random,0x19d411000,0x1b2f88000,0x2fb99000,random,0,264.00,79.9
1044,random,0x19d411000,0x1b2f88000,0x2fb99000,random,1,264.00,79.9
1044,random,0x19d411000,0x1b2f88000,0x2fb99000,random,2,264.00,79.8
1045,random,0x19d411000,0x19a61a000,0x720b000,random,0,256.32,79.2
1045,random,0x19d411000,0x19a61a000,0x720b000,random,1,256.00,79.2
1045,random,0x19d411000,0x19a61a000,0x720b000,random,2,256.00,79.0
1046,random,0x19d411000,0x189b54000,0x14f45000,random,0,256.00,79.2
1046,random,0x19d411000,0x189b54000,0x14f45000,random,1,256.00,79.3
1046,random,0x19d411000,0x189b54000,0x14f45000,random,2,256.00,79.2
1047,random,0x19d411000,0x19bd38000,0x6929000,random,0,263.17,80.3
1047,random,0x19d411000,0x19bd38000,0x6929000,random,1,264.00,80.5
1047,random,0x19d411000,0x19bd38000,0x6929000,random,2,264.00,80.6
1048,random,0x19d411000,0x1b563d000,0x2822c000,random,0,259.09,62.3
1048,random,0x19d411000,0x1b563d000,0x2822c000,random,1,258.77,62.3
1048,random,0x19d411000,0x1b563d000,0x2822c000,random,2,258.96,62.4
1049,random,0x19d411000,0xb3ee2000,0x12eaf3000,random,0,257.80,76.2
1049,random,0x19d411000,0xb3ee2000,0x12eaf3000,random,1,257.29,76.2
1049,random,0x19d411000,0xb3ee2000,0x12eaf3000,random,2,256.74,76.2
1050,random,0x19d411000,0x19c8ed000,0x1cfc000,random,0,258.47,62.4
1050,random,0x19d411000,0x19c8ed000,0x1cfc000,random,1,258.46,62.4
1050,random,0x19d411000,0x19c8ed000,0x1cfc000,random,2,258.38,62.3
1051,random,0x19d411000,0x1aa1e2000,0x375f3000,random,0,263.22,79.9
1051,random,0x19d411000,0x1aa1e2000,0x375f3000,random,1,264.00,79.8
1051,random,0x19d411000,0x1aa1e2000,0x375f3000,random,2,264.00,79.9
1052,random,0x19d411000,0xb7201000,0x12a610000,random,0,259.04,62.4
1052,random,0x19d411000,0xb7201000,0x12a610000,random,1,258.53,62.4
1052,random,0x19d411000,0xb7201000,0x12a610000,random,2,257.91,62.4
1053,random,0x19d411000,0xb078d000,0x12d39c000,random,0,258.45,62.3
1053,random,0x19d411000,0xb078d000,0x12d39c000,random,1,258.09,62.4
1053,random,0x19d411000,0xb078d000,0x12d39c000,random,2,258.36,62.4
1054,random,0x19d411000,0x1b5e26000,0x28a37000,random,0,262.85,80.0
1054,random,0x19d411000,0x1b5e26000,0x28a37000,random,1,263.72,80.0
1054,random,0x19d411000,0x1b5e26000,0x28a37000,random,2,263.82,79.9
1055,random,0x19d411000,0x188450000,0x15041000,random,0,263.79,79.8
1055,random,0x19d411000,0x188450000,0x15041000,random,1,263.99,79.8
1055,random,0x19d411000,0x188450000,0x15041000,random,2,264.00,80.0
1056,random,0x19d411000,0xb785a000,0x12ac4b000,random,0,264.00,80.0
1056,random,0x19d411000,0xb785a000,0x12ac4b000,random,1,264.00,80.0
1056,random,0x19d411000,0xb785a000,0x12ac4b000,random,2,264.00,80.0
1057,random,0x19d411000,0xaf374000,0x132765000,random,0,264.00,80.5
1057,random,0x19d411000,0xaf374000,0x132765000,random,1,264.00,80.4
1057,random,0x19d411000,0xaf374000,0x132765000,random,2,264.00,80.4
1058,random,0x19d411000,0xb284c000,0x12fc5d000,random,0,264.00,80.0
1058,random,0x19d411000,0xb284c000,0x12fc5d000,random,1,264.00,80.0
1058,random,0x19d411000,0xb284c000,0x12fc5d000,random,2,264.00,80.0
1059,random,0x19d411000,0x19b43d000,0x602c000,random,0,257.14,61.8
1059,random,0x19d411000,0x19b43d000,0x602c000,random,1,257.35,61.8
1059,random,0x19d411000,0x19b43d000,0x602c000,random,2,256.58,61.7
1060,random,0x19d411000,0x18bee9000,0x16af8000,random,0,256.81,61.8
1060,random,0x19d411000,0x18bee9000,0x16af8000,random,1,256.63,61.8
1060,random,0x19d411000,0x18bee9000,0x16af8000,random,2,256.65,61.8
1061,random,0x19d411000,0x1abbfc000,0x36fed000,random,0,256.00,79.2
1061,random,0x19d411000,0x1abbfc000,0x36fed000,random,1,256.00,79.2
1061,random,0x19d411000,0x1abbfc000,0x36fed000,random,2,256.00,79.3
1062,random,0x19d411000,0x1a0d88000,0x3d999000,random,0,256.00,66.2
1062,random,0x19d411000,0x1a0d88000,0x3d999000,random,1,256.00,66.2
1062,random,0x19d411000,0x1a0d88000,0x3d999000,random,2,256.00,66.2
1063,random,0x19d411000,0x19bb02000,0x6f13000,random,0,262.61,80.4
1063,random,0x19d411000,0x19bb02000,0x6f13000,random,1,263.95,80.2
1063,random,0x19d411000,0x19bb02000,0x6f13000,random,2,264.00,80.2
1064,random,0x19d411000,0x19c837000,0x1c26000,random,0,263.36,79.9
1064,random,0x19d411000,0x19c837000,0x1c26000,random,1,262.99,79.7
1064,random,0x19d411000,0x19c837000,0x1c26000,random,2,262.80,79.8
1065,random,0x19d411000,0x1a1068000,0x3c479000,random,0,263.14,80.3
1065,random,0x19d411000,0x1a1068000,0x3c479000,random,1,263.05,80.4
1065,random,0x19d411000,0x1a1068000,0x3c479000,random,2,262.91,80.3
1066,random,0x19d411000,0x1a0994000,0x3dd85000,random,0,262.38,80.1
1066,random,0x19d411000,0x1a0994000,0x3dd85000,random,1,262.06,79.9
1066,random,0x19d411000,0x1a0994000,0x3dd85000,random,2,262.65,80.1
1067,random,0x19d411000,0xbcb99000,0x121f88000,random,0,256.87,62.4
1067,random,0x19d411000,0xbcb99000,0x121f88000,random,1,256.62,62.3
1067,random,0x19d411000,0xbcb99000,0x121f88000,random,2,256.22,62.4
1068,random,0x19d411000,0xb1c0a000,0x12c81b000,random,0,262.28,80.2
1068,random,0x19d411000,0xb1c0a000,0x12c81b000,random,1,263.45,80.5
1068,random,0x19d411000,0xb1c0a000,0x12c81b000,random,2,262.68,80.4
1069,random,0x19d411000,0xbd3b8000,0x1207a9000,random,0,263.90,80.7
1069,random,0x19d411000,0xbd3b8000,0x1207a9000,random,1,263.79,80.4
1069,random,0x19d411000,0xbd3b8000,0x1207a9000,random,2,263.96,80.5
1070,random,0x19d411000,0xaf507000,0x132116000,random,0,263.58,80.5
1070,random,0x19d411000,0xaf507000,0x132116000,random,1,263.23,80.4
1070,random,0x19d411000,0xaf507000,0x132116000,random,2,263.53,80.4
1071,random,0x19d411000,0x191896000,0xcc87000,random,0,262.29,80.5
1071,random,0x19d411000,0x191896000,0xcc87000,random,1,262.99,80.3
1071,random,0x19d411000,0x191896000,0xcc87000,random,2,263.20,80.4
1072,random,0x19d411000,0x1b1eca000,0x2cadb000,random,0,262.52,79.9
1072,random,0x19d411000,0x1b1eca000,0x2cadb000,random,1,261.84,79.8
1072,random,0x19d411000,0x1b1eca000,0x2cadb000,random,2,262.71,80.0
1073,random,0x19d411000,0x1898cc000,0x14cdd000,random,0,256.26,79.2
1073,random,0x19d411000,0x1898cc000,0x14cdd000,random,1,256.00,79.2
1073,random,0x19d411000,0x1898cc000,0x14cdd000,random,2,256.00,79.2
1074,random,0x19d411000,0x1b791a000,0x2ad0b000,random,0,262.10,80.5
1074,random,0x19d411000,0x1b791a000,0x2ad0b000,random,1,262.83,80.1
1074,random,0x19d411000,0x1b791a000,0x2ad0b000,random,2,262.21,79.8
1075,random,0x19d411000,0x1adddb000,0x309ca000,random,0,262.30,79.9
1075,random,0x19d411000,0x1adddb000,0x309ca000,random,1,263.24,80.0
1075,random,0x19d411000,0x1adddb000,0x309ca000,random,2,263.55,80.3
1076,random,0x19d411000,0xb3ef2000,0x12eae3000,random,0,256.58,76.2
1076,random,0x19d411000,0xb3ef2000,0x12eae3000,random,1,256.00,76.1
1076,random,0x19d411000,0xb3ef2000,0x12eae3000,random,2,256.00,76.2
1077,random,0x19d411000,0x1893f8000,0x147e9000,random,0,260.13,80.0
1077,random,0x19d411000,0x1893f8000,0x147e9000,random,1,261.22,80.0
1077,random,0x19d411000,0x1893f8000,0x147e9000,random,2,260.82,79.9
1078,random,0x19d411000,0xaf294000,0x132685000,random,0,262.03,80.1
1078,random,0x19d411000,0xaf294000,0x132685000,random,1,261.75,80.0
1078,random,0x19d411000,0xaf294000,0x132685000,random,2,262.21,80.0
1079,random,0x19d411000,0x1a1103000,0x3c512000,random,0,261.97,80.4
1079,random,0x19d411000,0x1a1103000,0x3c512000,random,1,261.00,80.3
1079,random,0x19d411000,0x1a1103000,0x3c512000,random,2,260.43,80.4
1080,random,0x19d411000,0x1a9034000,0x34425000,random,0,255.93,79.0
1080,random,0x19d411000,0x1a9034000,0x34425000,random,1,254.94,78.5
1080,random,0x19d411000,0x1a9034000,0x34425000,random,2,255.52,78.9
1081,random,0x19d411000,0x1abbde000,0x36fcf000,random,0,262.38,80.4
1081,random,0x19d411000,0x1abbde000,0x36fcf000,random,1,263.07,80.6
1081,random,0x19d411000,0x1abbde000,0x36fcf000,random,2,263.34,80.4
1082,random,0x19d411000,0xaf150000,0x132541000,random,0,262.00,80.5
1082,random,0x19d411000,0xaf150000,0x132541000,random,1,261.58,80.3
1082,random,0x19d411000,0xaf150000,0x132541000,random,2,261.55,80.5
1083,random,0x19d411000,0x1943eb000,0x97fa000,random,0,260.11,80.0
1083,random,0x19d411000,0x1943eb000,0x97fa000,random,1,260.81,80.0
1083,random,0x19d411000,0x1943eb000,0x97fa000,random,2,260.00,79.8
1084,random,0x19d411000,0x189084000,0x14495000,random,0,261.93,80.4
1084,random,0x19d411000,0x189084000,0x14495000,random,1,262.00,80.4
1084,random,0x19d411000,0x189084000,0x14495000,random,2,262.64,80.2
1085,random,0x19d411000,0x18ef64000,0x13b75000,random,0,260.17,80.0
1085,random,0x19d411000,0x18ef64000,0x13b75000,random,1,260.00,79.9
1085,random,0x19d411000,0x18ef64000,0x13b75000,random,2,260.00,79.9
1086,random,0x19d411000,0x19bd4a000,0x695b000,random,0,260.18,79.9
1086,random,0x19d411000,0x19bd4a000,0x695b000,random,1,260.39,80.1
1086,random,0x19d411000,0x19bd4a000,0x695b000,random,2,260.27,79.9
1087,random,0x19d411000,0x18e314000,0x13705000,random,0,261.13,80.5
1087,random,0x19d411000,0x18e314000,0x13705000,random,1,260.98,80.5
1087,random,0x19d411000,0x18e314000,0x13705000,random,2,260.93,80.5
1088,random,0x19d411000,0x1a08aa000,0x3dcbb000,random,0,260.73,80.5
1088,random,0x19d411000,0x1a08aa000,0x3dcbb000,random,1,260.21,80.3
1088,random,0x19d411000,0x1a08aa000,0x3dcbb000,random,2,260.00,80.4
1089,random,0x19d411000,0xbccc7000,0x1218d6000,random,0,256.35,76.0
1089,random,0x19d411000,0xbccc7000,0x1218d6000,random,1,256.00,76.2
1089,random,0x19d411000,0xbccc7000,0x1218d6000,random,2,256.00,76.2
1090,random,0x19d411000,0x1a8460000,0x35071000,random,0,259.89,80.1
1090,random,0x19d411000,0x1a8460000,0x35071000,random,1,260.00,79.9
1090,random,0x19d411000,0x1a8460000,0x35071000,random,2,260.00,79.9
1091,random,0x19d411000,0xb8f7c000,0x125b6d000,random,0,260.00,79.9
1091,random,0x19d411000,0xb8f7c000,0x125b6d000,random,1,260.59,79.9
1091,random,0x19d411000,0xb8f7c000,0x125b6d000,random,2,260.00,79.9
1092,random,0x19d411000,0x1a9d49000,0x34958000,random,0,256.46,62.4
1092,random,0x19d411000,0x1a9d49000,0x34958000,random,1,256.00,62.5
1092,random,0x19d411000,0x1a9d49000,0x34958000,random,2,256.00,62.4
1093,random,0x19d411000,0xae62d000,0x13323c000,random,0,256.00,62.3
1093,random,0x19d411000,0xae62d000,0x13323c000,random,1,256.00,62.3
1093,random,0x19d411000,0xae62d000,0x13323c000,random,2,256.00,62.4
1094,random,0x19d411000,0x18bf2d000,0x16b3c000,random,0,256.00,62.1
1094,random,0x19d411000,0x18bf2d000,0x16b3c000,random,1,256.00,62.1
1094,random,0x19d411000,0x18bf2d000,0x16b3c000,random,2,256.00,62.0
1095,random,0x19d411000,0x18d10b000,0x1051a000,random,0,259.94,80.5
1095,random,0x19d411000,0x18d10b000,0x1051a000,random,1,260.71,80.4
1095,random,0x19d411000,0x18d10b000,0x1051a000,random,2,261.00,80.6
1096,random,0x19d411000,0xb9d59000,0x124948000,random,0,256.45,61.7
1096,random,0x19d411000,0xb9d59000,0x124948000,random,1,256.00,61.7
1096,random,0x19d411000,0xb9d59000,0x124948000,random,2,256.00,61.8
1097,random,0x19d411000,0x1a99d1000,0x34dc0000,random,0,256.00,62.4
1097,random,0x19d411000,0x1a99d1000,0x34dc0000,random,1,256.00,62.2
1097,random,0x19d411000,0x1a99d1000,0x34dc0000,random,2,256.00,62.3
1098,random,0x19d411000,0x18ae41000,0x17a50000,random,0,256.00,61.8
1098,random,0x19d411000,0x18ae41000,0x17a50000,random,1,256.00,61.8
1098,random,0x19d411000,0x18ae41000,0x17a50000,random,2,256.00,61.8
1099,random,0x19d411000,0x18d41b000,0x1000a000,random,0,259.88,80.4
1099,random,0x19d411000,0x18d41b000,0x1000a000,random,1,260.00,80.4
1099,random,0x19d411000,0x18d41b000,0x1000a000,random,2,260.00,80.3
1100,random,0x19d411000,0x1a8f2d000,0x35b3c000,random,0,256.50,62.1
1100,random,0x19d411000,0x1a8f2d000,0x35b3c000,random,1,256.00,62.1
1100,random,0x19d411000,0x1a8f2d000,0x35b3c000,random,2,256.00,62.0
1101,random,0x19d411000,0x19b004000,0x6415000,random,0,252.84,79.0
1101,random,0x19d411000,0x19b004000,0x6415000,random,1,252.12,79.0
1101,random,0x19d411000,0x19b004000,0x6415000,random,2,252.43,78.9
1102,random,0x19d411000,0x19e1c0000,0x35d1000,random,0,259.71,79.9
1102,random,0x19d411000,0x19e1c0000,0x35d1000,random,1,260.00,79.9
1102,random,0x19d411000,0x19e1c0000,0x35d1000,random,2,260.00,79.9
1103,random,0x19d411000,0xbe4d4000,0x1230c5000,random,0,256.30,76.2
1103,random,0x19d411000,0xbe4d4000,0x1230c5000,random,1,256.00,76.2
1103,random,0x19d411000,0xbe4d4000,0x1230c5000,random,2,256.00,76.2
1104,random,0x19d411000,0x1a35df000,0x3e1ce000,random,0,259.85,80.4
1104,random,0x19d411000,0x1a35df000,0x3e1ce000,random,1,260.00,80.4
1104,random,0x19d411000,0x1a35df000,0x3e1ce000,random,2,260.08,80.4
1105,random,0x19d411000,0x19da64000,0xe75000,random,0,260.00,79.9
1105,random,0x19d411000,0x19da64000,0xe75000,random,1,260.00,79.9
1105,random,0x19d411000,0x19da64000,0xe75000,random,2,260.00,79.7
1106,random,0x19d411000,0x196a2c000,0xbe3d000,random,0,260.00,80.5
1106,random,0x19d411000,0x196a2c000,0xbe3d000,random,1,260.89,80.6
1106,random,0x19d411000,0x196a2c000,0xbe3d000,random,2,260.47,80.4
1107,random,0x19d411000,0x18b0a5000,0x164b4000,random,0,256.47,62.3
1107,random,0x19d411000,0x18b0a5000,0x164b4000,random,1,256.00,62.3
1107,random,0x19d411000,0x18b0a5000,0x164b4000,random,2,256.00,62.4
1108,random,0x19d411000,0x1a5b6b000,0x38f7a000,random,0,254.18,78.9
1108,random,0x19d411000,0x1a5b6b000,0x38f7a000,random,1,253.93,79.1
1108,random,0x19d411000,0x1a5b6b000,0x38f7a000,random,2,253.93,79.2
1109,random,0x19d411000,0x1a811e000,0x3550f000,random,0,254.03,79.1
1109,random,0x19d411000,0x1a811e000,0x3550f000,random,1,253.84,79.2
1109,random,0x19d411000,0x1a811e000,0x3550f000,random,2,253.37,79.1
1110,random,0x19d411000,0xb8d37000,0x125926000,random,0,256.00,76.1
1110,random,0x19d411000,0xb8d37000,0x125926000,random,1,256.00,76.2
1110,random,0x19d411000,0xb8d37000,0x125926000,random,2,256.00,76.3
1111,random,0x19d411000,0xb0428000,0x12d039000,random,0,259.85,80.5
1111,random,0x19d411000,0xb0428000,0x12d039000,random,1,260.04,80.4
1111,random,0x19d411000,0xb0428000,0x12d039000,random,2,260.12,80.2
1112,random,0x19d411000,0x19b084000,0x6495000,random,0,260.19,80.5
1112,random,0x19d411000,0x19b084000,0x6495000,random,1,260.01,80.6
1112,random,0x19d411000,0x19b084000,0x6495000,random,2,260.25,80.6
1113,random,0x19d411000,0x1b657b000,0x2b16a000,random,0,260.08,80.1
1113,random,0x19d411000,0x1b657b000,0x2b16a000,random,1,260.00,80.0
1113,random,0x19d411000,0x1b657b000,0x2b16a000,random,2,260.00,79.8
1114,random,0x19d411000,0xb8c17000,0x125806000,random,0,256.44,76.1
1114,random,0x19d411000,0xb8c17000,0x125806000,random,1,256.00,76.2
1114,random,0x19d411000,0xb8c17000,0x125806000,random,2,256.00,76.3
1115,random,0x19d411000,0x1a2e17000,0x3fa06000,random,0,254.15,79.0
1115,random,0x19d411000,0x1a2e17000,0x3fa06000,random,1,253.40,79.0
1115,random,0x19d411000,0x1a2e17000,0x3fa06000,random,2,253.04,79.0
1116,random,0x19d411000,0x18e3ae000,0x137bf000,random,0,260.56,80.6
1116,random,0x19d411000,0x18e3ae000,0x137bf000,random,1,262.20,80.6
1116,random,0x19d411000,0x18e3ae000,0x137bf000,random,2,261.87,80.6
1117,random,0x19d411000,0x18b83b000,0x16c2a000,random,0,255.19,79.2
1117,random,0x19d411000,0x18b83b000,0x16c2a000,random,1,254.33,79.2
1117,random,0x19d411000,0x18b83b000,0x16c2a000,random,2,254.19,79.2
1118,random,0x19d411000,0x1ae23a000,0x3362b000,random,0,259.85,80.3
1118,random,0x19d411000,0x1ae23a000,0x3362b000,random,1,261.17,80.2
1118,random,0x19d411000,0x1ae23a000,0x3362b000,random,2,260.96,80.4
1119,random,0x19d411000,0xb9b7d000,0x124f6c000,random,0,256.57,62.0
1119,random,0x19d411000,0xb9b7d000,0x124f6c000,random,1,256.00,62.0
1119,random,0x19d411000,0xb9b7d000,0x124f6c000,random,2,256.00,62.0
1120,random,0x19d411000,0x189989000,0x14d98000,random,0,256.00,61.8
1120,random,0x19d411000,0x189989000,0x14d98000,random,1,256.00,61.7
1120,random,0x19d411000,0x189989000,0x14d98000,random,2,256.00,61.8
1121,random,0x19d411000,0x19d96a000,0xd7b000,random,0,259.93,79.9
1121,random,0x19d411000,0x19d96a000,0xd7b000,random,1,260.00,80.1
1121,random,0x19d411000,0x19d96a000,0xd7b000,random,2,260.00,80.0
1122,random,0x19d411000,0xb27e7000,0x12f3f6000,random,0,260.65,80.6
1122,random,0x19d411000,0xb27e7000,0x12f3f6000,random,1,260.98,80.6
1122,random,0x19d411000,0xb27e7000,0x12f3f6000,random,2,260.58,80.4
1123,random,0x19d411000,0xbb46e000,0x12607f000,random,0,261.79,80.5
1123,random,0x19d411000,0xbb46e000,0x12607f000,random,1,262.25,80.6
1123,random,0x19d411000,0xbb46e000,0x12607f000,random,2,261.27,80.4
1124,random,0x19d411000,0x1aa7e9000,0x373f8000,random,0,256.51,62.3
1124,random,0x19d411000,0x1aa7e9000,0x373f8000,random,1,256.00,62.4
1124,random,0x19d411000,0x1aa7e9000,0x373f8000,random,2,256.00,62.4
1125,random,0x19d411000,0x1a75ce000,0x3a1df000,random,0,255.32,79.2
1125,random,0x19d411000,0x1a75ce000,0x3a1df000,random,1,255.06,79.2
1125,random,0x19d411000,0x1a75ce000,0x3a1df000,random,2,255.28,79.1
1126,random,0x19d411000,0x186876000,0x1bc67000,random,0,259.88,80.0
1126,random,0x19d411000,0x186876000,0x1bc67000,random,1,260.04,79.9
1126,random,0x19d411000,0x186876000,0x1bc67000,random,2,260.05,79.7
1127,random,0x19d411000,0xb2e1e000,0x12fa0f000,random,0,261.79,80.3
1127,random,0x19d411000,0xb2e1e000,0x12fa0f000,random,1,261.95,80.3
1127,random,0x19d411000,0xb2e1e000,0x12fa0f000,random,2,262.06,80.2
1128,random,0x19d411000,0x195f28000,0x8b39000,random,0,262.21,80.2
1128,random,0x19d411000,0x195f28000,0x8b39000,random,1,261.65,80.4
1128,random,0x19d411000,0x195f28000,0x8b39000,random,2,261.93,80.3
1129,random,0x19d411000,0xae824000,0x133c35000,random,0,260.21,80.0
1129,random,0x19d411000,0xae824000,0x133c35000,random,1,260.96,80.3
1129,random,0x19d411000,0xae824000,0x133c35000,random,2,261.31,80.3
1130,random,0x19d411000,0x1a9eca000,0x34adb000,random,0,263.10,80.4
1130,random,0x19d411000,0x1a9eca000,0x34adb000,random,1,262.68,80.4
1130,random,0x19d411000,0x1a9eca000,0x34adb000,random,2,262.70,80.1
1131,random,0x19d411000,0x187d25000,0x1a934000,random,0,256.49,61.7
1131,random,0x19d411000,0x187d25000,0x1a934000,random,1,256.00,61.7
1131,random,0x19d411000,0x187d25000,0x1a934000,random,2,256.00,61.7
1132,random,0x19d411000,0x1a84d9000,0x350c8000,random,0,252.23,52.9
1132,random,0x19d411000,0x1a84d9000,0x350c8000,random,1,252.00,52.9
1132,random,0x19d411000,0x1a84d9000,0x350c8000,random,2,252.00,52.9
1133,random,0x19d411000,0xae989000,0x133d98000,random,0,255.79,62.0
1133,random,0x19d411000,0xae989000,0x133d98000,random,1,256.00,62.1
1133,random,0x19d411000,0xae989000,0x133d98000,random,2,256.00,62.1
1134,random,0x19d411000,0xb8a94000,0x125e85000,random,0,256.00,76.2
1134,random,0x19d411000,0xb8a94000,0x125e85000,random,1,256.00,76.2
1134,random,0x19d411000,0xb8a94000,0x125e85000,random,2,256.00,76.2
1135,random,0x19d411000,0x190988000,0xdd99000,random,0,260.43,80.2
1135,random,0x19d411000,0x190988000,0xdd99000,random,1,261.20,80.4
1135,random,0x19d411000,0x190988000,0xdd99000,random,2,260.60,80.5
1136,random,0x19d411000,0xb982d000,0x124c3c000,random,0,256.53,61.8
1136,random,0x19d411000,0xb982d000,0x124c3c000,random,1,256.00,61.8
1136,random,0x19d411000,0xb982d000,0x124c3c000,random,2,256.00,61.8
1137,random,0x19d411000,0x1884b0000,0x150a1000,random,0,259.93,80.0
1137,random,0x19d411000,0x1884b0000,0x150a1000,random,1,260.11,80.0
1137,random,0x19d411000,0x1884b0000,0x150a1000,random,2,260.12,80.0
1138,random,0x19d411000,0x19af3c000,0x7b2d000,random,0,261.06,80.0
1138,random,0x19d411000,0x19af3c000,0x7b2d000,random,1,260.76,80.0
1138,random,0x19d411000,0x19af3c000,0x7b2d000,random,2,261.01,80.0
1139,random,0x19d411000,0xb0f72000,0x12db63000,random,0,261.86,80.6
1139,random,0x19d411000,0xb0f72000,0x12db63000,random,1,262.35,80.2
1139,random,0x19d411000,0xb0f72000,0x12db63000,random,2,262.38,80.4
1140,random,0x19d411000,0x1ad6dd000,0x302cc000,random,0,252.54,61.2
1140,random,0x19d411000,0x1ad6dd000,0x302cc000,random,1,252.00,61.2
1140,random,0x19d411000,0x1ad6dd000,0x302cc000,random,2,252.00,61.2
1141,random,0x19d411000,0xad478000,0x130069000,random,0,261.03,80.5
1141,random,0x19d411000,0xad478000,0x130069000,random,1,262.25,80.4
1141,random,0x19d411000,0xad478000,0x130069000,random,2,261.68,80.4
1142,random,0x19d411000,0x1aa93f000,0x37d2e000,random,0,263.04,80.6
1142,random,0x19d411000,0x1aa93f000,0x37d2e000,random,1,262.81,80.4
1142,random,0x19d411000,0x1aa93f000,0x37d2e000,random,2,263.36,80.4
1143,random,0x19d411000,0xaec00000,0x133811000,random,0,261.20,79.8
1143,random,0x19d411000,0xaec00000,0x133811000,random,1,262.42,79.8
1143,random,0x19d411000,0xaec00000,0x133811000,random,2,261.34,79.8
1144,random,0x19d411000,0x18a10e000,0x1751f000,random,0,260.71,80.0
1144,random,0x19d411000,0x18a10e000,0x1751f000,random,1,260.04,79.9
1144,random,0x19d411000,0x18a10e000,0x1751f000,random,2,260.03,79.9
1145,random,0x19d411000,0x19ac32000,0x7823000,random,0,261.22,79.9
1145,random,0x19d411000,0x19ac32000,0x7823000,random,1,260.76,80.0
1145,random,0x19d411000,0x19ac32000,0x7823000,random,2,260.72,80.0
1146,random,0x19d411000,0x1af212000,0x32603000,random,0,260.36,79.9
1146,random,0x19d411000,0x1af212000,0x32603000,random,1,260.61,80.0
1146,random,0x19d411000,0x1af212000,0x32603000,random,2,260.52,79.8
1147,random,0x19d411000,0x1955cb000,0x81da000,random,0,256.15,79.0
1147,random,0x19d411000,0x1955cb000,0x81da000,random,1,255.83,79.0
1147,random,0x19d411000,0x1955cb000,0x81da000,random,2,255.95,78.9
1148,random,0x19d411000,0x1a517c000,0x3856d000,random,0,255.98,79.0
1148,random,0x19d411000,0x1a517c000,0x3856d000,random,1,255.98,79.1
1148,random,0x19d411000,0x1a517c000,0x3856d000,random,2,255.89,79.1
1149,random,0x19d411000,0x1a631c000,0x3b70d000,random,0,256.00,79.2
1149,random,0x19d411000,0x1a631c000,0x3b70d000,random,1,256.00,79.1
1149,random,0x19d411000,0x1a631c000,0x3b70d000,random,2,256.00,79.1
1150,random,0x19d411000,0x18a2bb000,0x176aa000,random,0,259.76,79.9
1150,random,0x19d411000,0x18a2bb000,0x176aa000,random,1,261.14,80.0
1150,random,0x19d411000,0x18a2bb000,0x176aa000,random,2,260.89,80.0
1151,random,0x19d411000,0x1abc15000,0x36804000,random,0,252.55,61.2
1151,random,0x19d411000,0x1abc15000,0x36804000,random,1,252.00,61.2
1151,random,0x19d411000,0x1abc15000,0x36804000,random,2,252.00,61.1
1152,random,0x19d411000,0x18a80e000,0x17c1f000,random,0,259.54,79.9
1152,random,0x19d411000,0x18a80e000,0x17c1f000,random,1,260.76,80.0
1152,random,0x19d411000,0x18a80e000,0x17c1f000,random,2,260.34,80.1
1153,random,0x19d411000,0xbe278000,0x123669000,random,0,262.83,80.0
1153,random,0x19d411000,0xbe278000,0x123669000,random,1,262.73,79.9
1153,random,0x19d411000,0xbe278000,0x123669000,random,2,263.20,79.9
1154,random,0x19d411000,0x1a5380000,0x38791000,random,0,263.07,80.7
1154,random,0x19d411000,0x1a5380000,0x38791000,random,1,263.11,80.6
1154,random,0x19d411000,0x1a5380000,0x38791000,random,2,263.55,80.6
1155,random,0x19d411000,0x1b204d000,0x2f45c000,random,0,256.69,62.1
1155,random,0x19d411000,0x1b204d000,0x2f45c000,random,1,256.00,62.1
1155,random,0x19d411000,0x1b204d000,0x2f45c000,random,2,256.00,62.0
1156,random,0x19d411000,0x191eb5000,0xcaa4000,random,0,256.00,61.9
1156,random,0x19d411000,0x191eb5000,0xcaa4000,random,1,256.00,62.0
1156,random,0x19d411000,0x191eb5000,0xcaa4000,random,2,256.00,62.0
1157,random,0x19d411000,0x1a8d05000,0x35914000,random,0,252.24,61.2
1157,random,0x19d411000,0x1a8d05000,0x35914000,random,1,252.00,61.2
1157,random,0x19d411000,0x1a8d05000,0x35914000,random,2,252.00,61.2
1158,random,0x19d411000,0x1968bc000,0xbcad000,random,0,260.24,79.8
1158,random,0x19d411000,0x1968bc000,0xbcad000,random,1,261.95,80.0
1158,random,0x19d411000,0x1968bc000,0xbcad000,random,2,261.32,79.8
1159,random,0x19d411000,0x1a8eec000,0x35afd000,random,0,263.33,80.5
1159,random,0x19d411000,0x1a8eec000,0x35afd000,random,1,263.67,80.5
1159,random,0x19d411000,0x1a8eec000,0x35afd000,random,2,263.50,80.7
1160,random,0x19d411000,0xbc8e0000,0x121cf1000,random,0,263.20,80.4
1160,random,0x19d411000,0xbc8e0000,0x121cf1000,random,1,262.80,80.2
1160,random,0x19d411000,0xbc8e0000,0x121cf1000,random,2,263.20,80.4
1161,random,0x19d411000,0xacd57000,0x131946000,random,0,263.55,80.4
1161,random,0x19d411000,0xacd57000,0x131946000,random,1,263.10,80.4
1161,random,0x19d411000,0xacd57000,0x131946000,random,2,262.43,80.3
1162,random,0x19d411000,0x1add20000,0x30931000,random,0,263.06,80.6
1162,random,0x19d411000,0x1add20000,0x30931000,random,1,263.74,80.6
1162,random,0x19d411000,0x1add20000,0x30931000,random,2,263.53,80.7
1163,random,0x19d411000,0xbe1e5000,0x1235f4000,random,0,256.81,62.1
1163,random,0x19d411000,0xbe1e5000,0x1235f4000,random,1,256.62,62.0
1163,random,0x19d411000,0xbe1e5000,0x1235f4000,random,2,256.00,62.1
1164,random,0x19d411000,0x19537a000,0x876b000,random,0,263.28,80.6
1164,random,0x19d411000,0x19537a000,0x876b000,random,1,263.90,80.3
1164,random,0x19d411000,0x19537a000,0x876b000,random,2,263.90,80.4
1165,random,0x19d411000,0x19dba4000,0xfb5000,random,0,261.63,79.9
1165,random,0x19d411000,0x19dba4000,0xfb5000,random,1,261.86,80.1
1165,random,0x19d411000,0x19dba4000,0xfb5000,random,2,262.26,80.0
1166,random,0x19d411000,0xbc2c8000,0x1216d9000,random,0,263.07,80.5
1166,random,0x19d411000,0xbc2c8000,0x1216d9000,random,1,263.48,80.4
1166,random,0x19d411000,0xbc2c8000,0x1216d9000,random,2,262.99,80.5
1167,random,0x19d411000,0x1895d0000,0x141c1000,random,0,261.89,80.1
1167,random,0x19d411000,0x1895d0000,0x141c1000,random,1,261.62,80.0
1167,random,0x19d411000,0x1895d0000,0x141c1000,random,2,261.53,79.9
1168,random,0x19d411000,0x1a4d64000,0x39975000,random,0,256.24,79.1
1168,random,0x19d411000,0x1a4d64000,0x39975000,random,1,255.89,78.9
1168,random,0x19d411000,0x1a4d64000,0x39975000,random,2,255.90,78.8
1169,random,0x19d411000,0x194e26000,0x9a37000,random,0,261.62,80.5
1169,random,0x19d411000,0x194e26000,0x9a37000,random,1,262.90,80.4
1169,random,0x19d411000,0x194e26000,0x9a37000,random,2,262.47,80.4
1170,random,0x19d411000,0xb31d7000,0x12e5c6000,random,0,263.49,80.4
1170,random,0x19d411000,0xb31d7000,0x12e5c6000,random,1,263.54,80.3
1170,random,0x19d411000,0xb31d7000,0x12e5c6000,random,2,263.56,80.4
1171,random,0x19d411000,0xb16e8000,0x12c2f9000,random,0,256.63,76.3
1171,random,0x19d411000,0xb16e8000,0x12c2f9000,random,1,256.00,76.2
1171,random,0x19d411000,0xb16e8000,0x12c2f9000,random,2,256.00,76.2
1172,random,0x19d411000,0x1a0b3e000,0x3df2f000,random,0,256.00,79.0
1172,random,0x19d411000,0x1a0b3e000,0x3df2f000,random,1,256.00,79.1
1172,random,0x19d411000,0x1a0b3e000,0x3df2f000,random,2,256.00,78.9
1173,random,0x19d411000,0x18fcb0000,0x128a1000,random,0,262.82,80.2
1173,random,0x19d411000,0x18fcb0000,0x128a1000,random,1,264.00,80.2
1173,random,0x19d411000,0x18fcb0000,0x128a1000,random,2,264.00,80.4
1174,random,0x19d411000,0x1a770a000,0x3a31b000,random,0,263.00,80.0
1174,random,0x19d411000,0x1a770a000,0x3a31b000,random,1,262.50,79.9
1174,random,0x19d411000,0x1a770a000,0x3a31b000,random,2,262.55,80.0
1175,random,0x19d411000,0x1a7d5b000,0x3a94a000,random,0,263.99,80.3
1175,random,0x19d411000,0x1a7d5b000,0x3a94a000,random,1,264.00,80.4
1175,random,0x19d411000,0x1a7d5b000,0x3a94a000,random,2,264.00,80.4
1176,random,0x19d411000,0x1a95f0000,0x341e1000,random,0,262.94,79.9
1176,random,0x19d411000,0x1a95f0000,0x341e1000,random,1,262.90,79.9
1176,random,0x19d411000,0x1a95f0000,0x341e1000,random,2,263.05,80.0
1177,random,0x19d411000,0x19dbeb000,0xffa000,random,0,263.96,80.2
1177,random,0x19d411000,0x19dbeb000,0xffa000,random,1,264.00,80.7
1177,random,0x19d411000,0x19dbeb000,0xffa000,random,2,264.00,80.6
1178,random,0x19d411000,0xac7ee000,0x1313ff000,random,0,256.61,76.2
1178,random,0x19d411000,0xac7ee000,0x1313ff000,random,1,256.00,76.3
1178,random,0x19d411000,0xac7ee000,0x1313ff000,random,2,256.00,76.3
1179,random,0x19d411000,0xb02e0000,0x12d6f1000,random,0,262.81,80.3
1179,random,0x19d411000,0xb02e0000,0x12d6f1000,random,1,263.72,80.3
1179,random,0x19d411000,0xb02e0000,0x12d6f1000,random,2,263.80,80.3
1180,random,0x19d411000,0xad3ba000,0x1307ab000,random,0,263.99,80.0
1180,random,0x19d411000,0xad3ba000,0x1307ab000,random,1,264.00,80.0
1180,random,0x19d411000,0xad3ba000,0x1307ab000,random,2,263.96,79.9
1181,random,0x19d411000,0xae280000,0x133691000,random,0,264.00,80.3
1181,random,0x19d411000,0xae280000,0x133691000,random,1,264.00,80.3
1181,random,0x19d411000,0xae280000,0x133691000,random,2,263.99,80.5
1182,random,0x19d411000,0x1881da000,0x155cb000,random,0,263.92,80.4
1182,random,0x19d411000,0x1881da000,0x155cb000,random,1,263.76,79.8
1182,random,0x19d411000,0x1881da000,0x155cb000,random,2,264.00,80.4
1183,random,0x19d411000,0x1922f3000,0xf6e2000,random,0,266.20,79.9
1183,random,0x19d411000,0x1922f3000,0xf6e2000,random,1,264.22,80.4
1183,random,0x19d411000,0x1922f3000,0xf6e2000,random,2,264.00,80.3
1184,random,0x19d411000,0x1b00e5000,0x2d4f4000,random,0,256.87,61.7
1184,random,0x19d411000,0x1b00e5000,0x2d4f4000,random,1,256.00,61.7
1184,random,0x19d411000,0x1b00e5000,0x2d4f4000,random,2,256.00,61.8
1185,random,0x19d411000,0x1aa669000,0x37278000,random,0,256.87,62.0
1185,random,0x19d411000,0x1aa669000,0x37278000,random,1,257.55,62.0
1185,random,0x19d411000,0x1aa669000,0x37278000,random,2,257.27,62.1
1186,random,0x19d411000,0x18d2c9000,0x106d8000,random,0,257.56,62.1
1186,random,0x19d411000,0x18d2c9000,0x106d8000,random,1,257.44,62.1
1186,random,0x19d411000,0x18d2c9000,0x106d8000,random,2,256.72,61.9
1187,random,0x19d411000,0xad563000,0x130172000,random,0,263.15,79.8
1187,random,0x19d411000,0xad563000,0x130172000,random,1,263.74,80.0
1187,random,0x19d411000,0xad563000,0x130172000,random,2,264.00,79.9
1188,random,0x19d411000,0xb1be3000,0x12cff2000,random,0,264.00,80.4
1188,random,0x19d411000,0xb1be3000,0x12cff2000,random,1,263.85,80.3
1188,random,0x19d411000,0xb1be3000,0x12cff2000,random,2,263.69,80.4
1189,random,0x19d411000,0x1a4c95000,0x39884000,random,0,257.18,62.4
1189,random,0x19d411000,0x1a4c95000,0x39884000,random,1,256.00,62.4
1189,random,0x19d411000,0x1a4c95000,0x39884000,random,2,256.78,62.1
1190,random,0x19d411000,0xbb692000,0x126283000,random,0,256.00,76.3
1190,random,0x19d411000,0xbb692000,0x126283000,random,1,256.00,76.2
1190,random,0x19d411000,0xbb692000,0x126283000,random,2,256.00,76.3
1191,random,0x19d411000,0xb0db0000,0x12d9a1000,random,0,263.07,80.0
1191,random,0x19d411000,0xb0db0000,0x12d9a1000,random,1,264.00,80.0
1191,random,0x19d411000,0xb0db0000,0x12d9a1000,random,2,263.91,80.0
1192,random,0x19d411000,0x1ab4b4000,0x360a5000,random,0,264.00,80.3
1192,random,0x19d411000,0x1ab4b4000,0x360a5000,random,1,264.00,80.4
1192,random,0x19d411000,0x1ab4b4000,0x360a5000,random,2,264.00,80.4
1193,random,0x19d411000,0x1a7b0e000,0x3af1f000,random,0,264.00,80.4
1193,random,0x19d411000,0x1a7b0e000,0x3af1f000,random,1,263.83,80.4
1193,random,0x19d411000,0x1a7b0e000,0x3af1f000,random,2,264.00,80.1
1194,random,0x19d411000,0xbd502000,0x120113000,random,0,263.87,80.0
1194,random,0x19d411000,0xbd502000,0x120113000,random,1,264.00,80.0
1194,random,0x19d411000,0xbd502000,0x120113000,random,2,263.92,79.9
1195,random,0x19d411000,0x1896fc000,0x142ed000,random,0,263.78,80.3
1195,random,0x19d411000,0x1896fc000,0x142ed000,random,1,263.99,80.4
1195,random,0x19d411000,0x1896fc000,0x142ed000,random,2,263.79,80.4
1196,random,0x19d411000,0x18c23c000,0x1162d000,random,0,256.30,79.2
1196,random,0x19d411000,0x18c23c000,0x1162d000,random,1,256.00,79.3
1196,random,0x19d411000,0x18c23c000,0x1162d000,random,2,256.00,79.3
1197,random,0x19d411000,0x1b4462000,0x29073000,random,0,256.00,79.1
1197,random,0x19d411000,0x1b4462000,0x29073000,random,1,256.00,79.1
1197,random,0x19d411000,0x1b4462000,0x29073000,random,2,256.00,79.1
1198,random,0x19d411000,0x18fddc000,0x129cd000,random,0,256.00,78.9
1198,random,0x19d411000,0x18fddc000,0x129cd000,random,1,256.00,79.2
1198,random,0x19d411000,0x18fddc000,0x129cd000,random,2,256.00,79.2
1199,random,0x19d411000,0x1ae0af000,0x334be000,random,0,262.70,80.3
1199,random,0x19d411000,0x1ae0af000,0x334be000,random,1,264.00,80.5
1199,random,0x19d411000,0x1ae0af000,0x334be000,random,2,263.85,80.4
1200,random,0x19d411000,0x192158000,0xf549000,random,0,263.35,80.1
1200,random,0x19d411000,0x192158000,0xf549000,random,1,263.17,80.0
1200,random,0x19d411000,0x192158000,0xf549000,random,2,262.82,79.9
1201,random,0x19d411000,0x1ad38c000,0x3079d000,random,0,256.25,79.1
1201,random,0x19d411000,0x1ad38c000,0x3079d000,random,1,256.00,79.3
1201,random,0x19d411000,0x1ad38c000,0x3079d000,random,2,256.00,79.2
1202,random,0x19d411000,0x18e348000,0x13759000,random,0,256.00,79.1
1202,random,0x19d411000,0x18e348000,0x13759000,random,1,256.00,79.0
1202,random,0x19d411000,0x18e348000,0x13759000,random,2,256.00,78.8
1203,random,0x19d411000,0x1afda5000,0x329b4000,random,0,256.14,61.8
1203,random,0x19d411000,0x1afda5000,0x329b4000,random,1,256.84,61.8
1203,random,0x19d411000,0x1afda5000,0x329b4000,random,2,256.84,61.8
1204,random,0x19d411000,0x185f0b000,0x18b1a000,random,0,263.18,80.4
1204,random,0x19d411000,0x185f0b000,0x18b1a000,random,1,263.99,80.5
1204,random,0x19d411000,0x185f0b000,0x18b1a000,random,2,263.95,80.3
1205,random,0x19d411000,0xbbfe4000,0x126bf5000,random,0,256.59,76.3
1205,random,0x19d411000,0xbbfe4000,0x126bf5000,random,1,256.00,76.3
1205,random,0x19d411000,0xbbfe4000,0x126bf5000,random,2,256.00,76.3
1206,random,0x19d411000,0x1a0a8b000,0x3de9a000,random,0,261.88,79.9
1206,random,0x19d411000,0x1a0a8b000,0x3de9a000,random,1,262.74,79.8
1206,random,0x19d411000,0x1a0a8b000,0x3de9a000,random,2,262.98,80.0
1207,random,0x19d411000,0x1ac60b000,0x3121a000,random,0,256.28,66.2
1207,random,0x19d411000,0x1ac60b000,0x3121a000,random,1,256.00,66.2
1207,random,0x19d411000,0x1ac60b000,0x3121a000,random,2,256.00,66.1
1208,random,0x19d411000,0x19961c000,0x420d000,random,0,262.38,80.0
1208,random,0x19d411000,0x19961c000,0x420d000,random,1,263.43,79.9
1208,random,0x19d411000,0x19961c000,0x420d000,random,2,263.42,80.0
1209,random,0x19d411000,0x1a3d8f000,0x3e99e000,random,0,263.73,79.8
1209,random,0x19d411000,0x1a3d8f000,0x3e99e000,random,1,263.42,79.8
1209,random,0x19d411000,0x1a3d8f000,0x3e99e000,random,2,263.81,80.0
1210,random,0x19d411000,0x188bd1000,0x15fc0000,random,0,252.59,61.2
1210,random,0x19d411000,0x188bd1000,0x15fc0000,random,1,252.00,61.1
1210,random,0x19d411000,0x188bd1000,0x15fc0000,random,2,252.00,61.1
1211,random,0x19d411000,0xb3f41000,0x12eb50000,random,0,256.59,62.4
1211,random,0x19d411000,0xb3f41000,0x12eb50000,random,1,257.20,62.4
1211,random,0x19d411000,0xb3f41000,0x12eb50000,random,2,257.35,62.4
1212,random,0x19d411000,0x1ae518000,0x33109000,random,0,262.98,80.0
1212,random,0x19d411000,0x1ae518000,0x33109000,random,1,263.91,80.1
1212,random,0x19d411000,0x1ae518000,0x33109000,random,2,263.79,80.0
1213,random,0x19d411000,0x18deba000,0x10aab000,random,0,256.29,79.2
1213,random,0x19d411000,0x18deba000,0x10aab000,random,1,256.00,79.2
1213,random,0x19d411000,0x18deba000,0x10aab000,random,2,256.00,79.2
1214,random,0x19d411000,0x1b21bd000,0x2f5ac000,random,0,256.00,61.8
1214,random,0x19d411000,0x1b21bd000,0x2f5ac000,random,1,256.35,61.8
1214,random,0x19d411000,0x1b21bd000,0x2f5ac000,random,2,256.83,61.6
1215,random,0x19d411000,0x1a74cd000,0x3a0dc000,random,0,257.93,62.0
1215,random,0x19d411000,0x1a74cd000,0x3a0dc000,random,1,258.24,62.1
1215,random,0x19d411000,0x1a74cd000,0x3a0dc000,random,2,258.20,62.1
1216,random,0x19d411000,0x1b5632000,0x28223000,random,0,262.29,80.0
1216,random,0x19d411000,0x1b5632000,0x28223000,random,1,263.17,80.0
1216,random,0x19d411000,0x1b5632000,0x28223000,random,2,263.10,80.0
1217,random,0x19d411000,0x188355000,0x15744000,random,0,258.66,62.1
1217,random,0x19d411000,0x188355000,0x15744000,random,1,258.32,62.1
1217,random,0x19d411000,0x188355000,0x15744000,random,2,258.25,62.0
1218,random,0x19d411000,0xbadee000,0x1279ff000,random,0,263.18,80.0
1218,random,0x19d411000,0xbadee000,0x1279ff000,random,1,264.00,80.1
1218,random,0x19d411000,0xbadee000,0x1279ff000,random,2,264.00,79.9
1219,random,0x19d411000,0x1967f9000,0xb3e8000,random,0,252.70,52.7
1219,random,0x19d411000,0x1967f9000,0xb3e8000,random,1,252.00,52.8
1219,random,0x19d411000,0x1967f9000,0xb3e8000,random,2,252.00,52.9
1220,random,0x19d411000,0xb9200000,0x124611000,random,0,262.49,80.4
1220,random,0x19d411000,0xb9200000,0x124611000,random,1,263.99,80.3
1220,random,0x19d411000,0xb9200000,0x124611000,random,2,264.00,80.4
1221,random,0x19d411000,0x1a9233000,0x34622000,random,0,263.87,80.4
1221,random,0x19d411000,0x1a9233000,0x34622000,random,1,263.79,80.4
1221,random,0x19d411000,0x1a9233000,0x34622000,random,2,263.85,80.4
1222,random,0x19d411000,0x1acfef000,0x31bfe000,random,0,263.84,80.4
1222,random,0x19d411000,0x1acfef000,0x31bfe000,random,1,264.00,80.5
1222,random,0x19d411000,0x1acfef000,0x31bfe000,random,2,264.00,80.2
1223,random,0x19d411000,0x19c936000,0x1d27000,random,0,264.00,80.4
1223,random,0x19d411000,0x19c936000,0x1d27000,random,1,264.00,80.3
1223,random,0x19d411000,0x19c936000,0x1d27000,random,2,264.00,80.6
1224,random,0x19d411000,0x195ccb000,0x88da000,random,0,256.31,79.2
1224,random,0x19d411000,0x195ccb000,0x88da000,random,1,256.00,79.1
1224,random,0x19d411000,0x195ccb000,0x88da000,random,2,256.00,79.2
1225,random,0x19d411000,0xba6fe000,0x1272ef000,random,0,256.00,76.2
1225,random,0x19d411000,0xba6fe000,0x1272ef000,random,1,256.00,76.3
1225,random,0x19d411000,0xba6fe000,0x1272ef000,random,2,256.59,76.2
1226,random,0x19d411000,0x1a4d41000,0x39950000,random,0,252.26,61.2
1226,random,0x19d411000,0x1a4d41000,0x39950000,random,1,252.00,61.2
1226,random,0x19d411000,0x1a4d41000,0x39950000,random,2,252.00,61.2
1227,random,0x19d411000,0xb5826000,0x128c37000,random,0,262.50,80.4
1227,random,0x19d411000,0xb5826000,0x128c37000,random,1,264.00,80.2
1227,random,0x19d411000,0xb5826000,0x128c37000,random,2,263.98,80.6
1228,random,0x19d411000,0x1ab423000,0x36032000,random,0,264.00,80.7
1228,random,0x19d411000,0x1ab423000,0x36032000,random,1,264.00,80.6
1228,random,0x19d411000,0x1ab423000,0x36032000,random,2,264.00,80.5
1229,random,0x19d411000,0x1b1c2c000,0x2c83d000,random,0,263.94,80.7
1229,random,0x19d411000,0x1b1c2c000,0x2c83d000,random,1,264.00,80.7
1229,random,0x19d411000,0x1b1c2c000,0x2c83d000,random,2,264.00,80.6
1230,random,0x19d411000,0x195f93000,0x8b82000,random,0,263.96,80.4
1230,random,0x19d411000,0x195f93000,0x8b82000,random,1,263.97,80.4
1230,random,0x19d411000,0x195f93000,0x8b82000,random,2,264.00,80.4
1231,random,0x19d411000,0xbd6cf000,0x1202de000,random,0,264.00,80.3
1231,random,0x19d411000,0xbd6cf000,0x1202de000,random,1,264.00,80.3
1231,random,0x19d411000,0xbd6cf000,0x1202de000,random,2,264.00,80.2
1232,random,0x19d411000,0x1a7e87000,0x3aa96000,random,0,256.29,78.7
1232,random,0x19d411000,0x1a7e87000,0x3aa96000,random,1,256.00,79.2
1232,random,0x19d411000,0x1a7e87000,0x3aa96000,random,2,256.00,79.2
1233,random,0x19d411000,0x1a5330000,0x38721000,random,0,262.79,80.3
1233,random,0x19d411000,0x1a5330000,0x38721000,random,1,264.00,80.3
1233,random,0x19d411000,0x1a5330000,0x38721000,random,2,264.00,80.4
1234,random,0x19d411000,0x1b33ba000,0x2e7ab000,random,0,264.00,80.5
1234,random,0x19d411000,0x1b33ba000,0x2e7ab000,random,1,264.00,80.4
1234,random,0x19d411000,0x1b33ba000,0x2e7ab000,random,2,264.00,80.5
1235,random,0x19d411000,0x1aaea2000,0x37ab3000,random,0,264.00,80.5
1235,random,0x19d411000,0x1aaea2000,0x37ab3000,random,1,264.00,80.3
1235,random,0x19d411000,0x1aaea2000,0x37ab3000,random,2,263.95,80.2
1236,random,0x19d411000,0x1a0d61000,0x3d970000,random,0,252.60,61.2
1236,random,0x19d411000,0x1a0d61000,0x3d970000,random,1,252.00,61.2
1236,random,0x19d411000,0x1a0d61000,0x3d970000,random,2,252.00,61.2
1237,random,0x19d411000,0x19b114000,0x6505000,random,0,262.48,80.4
1237,random,0x19d411000,0x19b114000,0x6505000,random,1,264.00,80.4
1237,random,0x19d411000,0x19b114000,0x6505000,random,2,263.93,80.5
1238,random,0x19d411000,0x1a0036000,0x3d427000,random,0,263.16,79.9
1238,random,0x19d411000,0x1a0036000,0x3d427000,random,1,263.52,80.0
1238,random,0x19d411000,0x1a0036000,0x3d427000,random,2,263.28,80.0
1239,random,0x19d411000,0x1b508c000,0x2849d000,random,0,263.99,80.0
1239,random,0x19d411000,0x1b508c000,0x2849d000,random,1,263.79,79.9
1239,random,0x19d411000,0x1b508c000,0x2849d000,random,2,263.86,80.0
1240,random,0x19d411000,0xac43e000,0x13102f000,random,0,264.00,79.7
1240,random,0x19d411000,0xac43e000,0x13102f000,random,1,264.00,79.9
1240,random,0x19d411000,0xac43e000,0x13102f000,random,2,264.00,79.9
1241,random,0x19d411000,0x1a605c000,0x3b44d000,random,0,264.00,80.3
1241,random,0x19d411000,0x1a605c000,0x3b44d000,random,1,264.00,80.4
1241,random,0x19d411000,0x1a605c000,0x3b44d000,random,2,264.00,80.3
1242,random,0x19d411000,0x1a0d16000,0x3d907000,random,0,256.31,79.2
1242,random,0x19d411000,0x1a0d16000,0x3d907000,random,1,256.00,79.2
1242,random,0x19d411000,0x1a0d16000,0x3d907000,random,2,256.00,79.2
1243,random,0x19d411000,0x1b0f99000,0x2db88000,random,0,257.13,62.3
1243,random,0x19d411000,0x1b0f99000,0x2db88000,random,1,258.49,62.2
1243,random,0x19d411000,0x1b0f99000,0x2db88000,random,2,257.67,62.3
1244,random,0x19d411000,0x1b1025000,0x2c434000,random,0,257.78,62.2
1244,random,0x19d411000,0x1b1025000,0x2c434000,random,1,257.24,62.4
1244,random,0x19d411000,0x1b1025000,0x2c434000,random,2,257.24,62.4
1245,random,0x19d411000,0xb1a31000,0x12ce20000,random,0,258.48,62.1
1245,random,0x19d411000,0xb1a31000,0x12ce20000,random,1,258.14,62.1
1245,random,0x19d411000,0xb1a31000,0x12ce20000,random,2,258.48,62.1
1246,random,0x19d411000,0xb36f2000,0x12e2e3000,random,0,263.35,80.4
1246,random,0x19d411000,0xb36f2000,0x12e2e3000,random,1,264.00,80.4
1246,random,0x19d411000,0xb36f2000,0x12e2e3000,random,2,264.00,80.2
1247,random,0x19d411000,0x1af526000,0x32137000,random,0,263.75,80.1
1247,random,0x19d411000,0x1af526000,0x32137000,random,1,263.70,80.0
1247,random,0x19d411000,0x1af526000,0x32137000,random,2,263.65,80.0
1248,random,0x19d411000,0x1a12c1000,0x3c6d0000,random,0,257.95,62.4
1248,random,0x19d411000,0x1a12c1000,0x3c6d0000,random,1,257.62,62.3
1248,random,0x19d411000,0x1a12c1000,0x3c6d0000,random,2,257.43,62.4
1249,random,0x19d411000,0xb0dcd000,0x12d9dc000,random,0,252.97,61.2
1249,random,0x19d411000,0xb0dcd000,0x12d9dc000,random,1,252.09,61.2
1249,random,0x19d411000,0xb0dcd000,0x12d9dc000,random,2,252.04,61.2
1250,random,0x19d411000,0xaea1c000,0x133e0d000,random,0,262.76,80.0
1250,random,0x19d411000,0xaea1c000,0x133e0d000,random,1,264.00,80.0
1250,random,0x19d411000,0xaea1c000,0x133e0d000,random,2,264.00,80.0
1251,random,0x19d411000,0x190343000,0xd752000,random,0,264.00,80.3
1251,random,0x19d411000,0x190343000,0xd752000,random,1,263.98,80.3
1251,random,0x19d411000,0x190343000,0xd752000,random,2,264.00,80.4
1252,random,0x19d411000,0x1878c1000,0x1acd0000,random,0,257.75,62.2
1252,random,0x19d411000,0x1878c1000,0x1acd0000,random,1,257.42,62.3
1252,random,0x19d411000,0x1878c1000,0x1acd0000,random,2,257.76,62.3
1253,random,0x19d411000,0x184b66000,0x19f77000,random,0,262.94,80.0
1253,random,0x19d411000,0x184b66000,0x19f77000,random,1,263.54,79.9
1253,random,0x19d411000,0x184b66000,0x19f77000,random,2,263.70,79.9
1254,random,0x19d411000,0xb99cf000,0x124dde000,random,0,264.00,80.2
1254,random,0x19d411000,0xb99cf000,0x124dde000,random,1,264.00,80.5
1254,random,0x19d411000,0xb99cf000,0x124dde000,random,2,264.00,80.5
1255,random,0x19d411000,0x19ca9b000,0x1e8a000,random,0,264.00,80.5
1255,random,0x19d411000,0x19ca9b000,0x1e8a000,random,1,264.00,80.5
1255,random,0x19d411000,0x19ca9b000,0x1e8a000,random,2,264.00,80.6
1256,random,0x19d411000,0xbb082000,0x126493000,random,0,264.00,80.4
1256,random,0x19d411000,0xbb082000,0x126493000,random,1,264.00,80.5
1256,random,0x19d411000,0xbb082000,0x126493000,random,2,263.92,80.1
1257,random,0x19d411000,0x195599000,0x8188000,random,0,252.61,61.2
1257,random,0x19d411000,0x195599000,0x8188000,random,1,252.00,61.2
1257,random,0x19d411000,0x195599000,0x8188000,random,2,252.00,61.2
1258,random,0x19d411000,0x18657f000,0x1b16e000,random,0,262.64,80.4
1258,random,0x19d411000,0x18657f000,0x1b16e000,random,1,264.00,80.4
1258,random,0x19d411000,0x18657f000,0x1b16e000,random,2,264.00,80.4
1259,random,0x19d411000,0x1a405a000,0x3944b000,random,0,264.00,80.4
1259,random,0x19d411000,0x1a405a000,0x3944b000,random,1,264.00,80.4
1259,random,0x19d411000,0x1a405a000,0x3944b000,random,2,264.00,80.4
1260,random,0x19d411000,0x19014f000,0xd55e000,random,0,263.63,80.1
1260,random,0x19d411000,0x19014f000,0xd55e000,random,1,263.64,79.9
1260,random,0x19d411000,0x19014f000,0xd55e000,random,2,263.63,79.9
1261,random,0x19d411000,0x19ba22000,0x6e33000,random,0,264.00,80.3
1261,random,0x19d411000,0x19ba22000,0x6e33000,random,1,264.00,80.3
1261,random,0x19d411000,0x19ba22000,0x6e33000,random,2,263.95,80.4
1262,random,0x19d411000,0xb7fdf000,0x12abce000,random,0,257.38,76.3
1262,random,0x19d411000,0xb7fdf000,0x12abce000,random,1,256.10,76.2
1262,random,0x19d411000,0xb7fdf000,0x12abce000,random,2,256.48,76.3
1263,random,0x19d411000,0x1b50e5000,0x284f4000,random,0,257.42,62.4
1263,random,0x19d411000,0x1b50e5000,0x284f4000,random,1,258.04,62.5
1263,random,0x19d411000,0x1b50e5000,0x284f4000,random,2,257.40,62.2
1264,random,0x19d411000,0xbe988000,0x123d99000,random,0,256.60,76.2
1264,random,0x19d411000,0xbe988000,0x123d99000,random,1,256.59,76.2
1264,random,0x19d411000,0xbe988000,0x123d99000,random,2,256.36,76.2
1265,random,0x19d411000,0xb5b34000,0x128f25000,random,0,263.14,79.7
1265,random,0x19d411000,0xb5b34000,0x128f25000,random,1,264.00,80.0
1265,random,0x19d411000,0xb5b34000,0x128f25000,random,2,264.00,80.0
1266,random,0x19d411000,0x1a8f10000,0x35b01000,random,0,264.00,80.5
1266,random,0x19d411000,0x1a8f10000,0x35b01000,random,1,264.00,80.5
1266,random,0x19d411000,0x1a8f10000,0x35b01000,random,2,264.00,80.6
1267,random,0x19d411000,0xbe123000,0x123532000,random,0,264.00,80.3
1267,random,0x19d411000,0xbe123000,0x123532000,random,1,264.00,80.4
1267,random,0x19d411000,0xbe123000,0x123532000,random,2,264.00,80.5
1268,random,0x19d411000,0x1854da000,0x180cb000,random,0,263.91,80.0
1268,random,0x19d411000,0x1854da000,0x180cb000,random,1,263.89,80.0
1268,random,0x19d411000,0x1854da000,0x180cb000,random,2,264.00,80.1
1269,random,0x19d411000,0x18e215000,0x13604000,random,0,257.12,61.8
1269,random,0x19d411000,0x18e215000,0x13604000,random,1,256.35,61.6
1269,random,0x19d411000,0x18e215000,0x13604000,random,2,256.26,61.8
1270,random,0x19d411000,0x1a36a6000,0x3e2b7000,random,0,263.13,80.4
1270,random,0x19d411000,0x1a36a6000,0x3e2b7000,random,1,264.00,80.4
1270,random,0x19d411000,0x1a36a6000,0x3e2b7000,random,2,264.00,80.5
1271,random,0x19d411000,0x187f5c000,0x1ab4d000,random,0,264.00,80.4
1271,random,0x19d411000,0x187f5c000,0x1ab4d000,random,1,264.00,80.4
1271,random,0x19d411000,0x187f5c000,0x1ab4d000,random,2,264.00,80.2
1272,random,0x19d411000,0x1b1380000,0x2c791000,random,0,264.00,80.4
1272,random,0x19d411000,0x1b1380000,0x2c791000,random,1,264.00,80.4
1272,random,0x19d411000,0x1b1380000,0x2c791000,random,2,264.00,80.4
1273,random,0x19d411000,0x189346000,0x14757000,random,0,264.00,80.4
1273,random,0x19d411000,0x189346000,0x14757000,random,1,264.00,80.2
1273,random,0x19d411000,0x189346000,0x14757000,random,2,264.00,80.3
1274,random,0x19d411000,0x1b6004000,0x2b415000,random,0,256.33,79.2
1274,random,0x19d411000,0x1b6004000,0x2b415000,random,1,256.00,79.3
1274,random,0x19d411000,0x1b6004000,0x2b415000,random,2,256.00,79.2
1275,random,0x19d411000,0xb97d3000,0x1243c2000,random,0,256.03,76.2
1275,random,0x19d411000,0xb97d3000,0x1243c2000,random,1,256.28,76.3
1275,random,0x19d411000,0xb97d3000,0x1243c2000,random,2,256.76,76.2
1276,random,0x19d411000,0x1a22b1000,0x3f6a0000,random,0,258.42,62.1
1276,random,0x19d411000,0x1a22b1000,0x3f6a0000,random,1,258.78,62.2
1276,random,0x19d411000,0x1a22b1000,0x3f6a0000,random,2,258.53,62.2
1277,random,0x19d411000,0x1b6ec3000,0x2bad2000,random,0,262.95,80.1
1277,random,0x19d411000,0x1b6ec3000,0x2bad2000,random,1,263.89,80.1
1277,random,0x19d411000,0x1b6ec3000,0x2bad2000,random,2,263.94,79.8
1278,random,0x19d411000,0x1a3722000,0x3e333000,random,0,263.66,80.1
1278,random,0x19d411000,0x1a3722000,0x3e333000,random,1,263.63,79.9
1278,random,0x19d411000,0x1a3722000,0x3e333000,random,2,263.92,80.0
1279,random,0x19d411000,0x188441000,0x15050000,random,0,257.67,61.8
1279,random,0x19d411000,0x188441000,0x15050000,random,1,256.85,61.8
1279,random,0x19d411000,0x188441000,0x15050000,random,2,256.89,61.8
1280,random,0x19d411000,0xbc012000,0x121403000,random,0,263.32,79.9
1280,random,0x19d411000,0xbc012000,0x121403000,random,1,264.00,80.1
1280,random,0x19d411000,0xbc012000,0x121403000,random,2,264.00,80.1
1281,random,0x19d411000,0xbadc8000,0x1279d9000,random,0,257.18,76.2
1281,random,0x19d411000,0xbadc8000,0x1279d9000,random,1,257.34,76.2
1281,random,0x19d411000,0xbadc8000,0x1279d9000,random,2,257.08,76.2
1282,random,0x19d411000,0x195894000,0x8c85000,random,0,263.30,79.9
1282,random,0x19d411000,0x195894000,0x8c85000,random,1,263.98,79.9
1282,random,0x19d411000,0x195894000,0x8c85000,random,2,263.61,79.6
1283,random,0x19d411000,0x1da9e0000,0x47df1000,random,0,263.96,80.3
1283,random,0x19d411000,0x1da9e0000,0x47df1000,random,1,264.00,80.4
1283,random,0x19d411000,0x1da9e0000,0x47df1000,random,2,264.00,80.4
1284,random,0x19d411000,0xbb74d000,0x12635c000,random,0,259.23,62.0
1284,random,0x19d411000,0xbb74d000,0x12635c000,random,1,258.96,62.1
1284,random,0x19d411000,0xbb74d000,0x12635c000,random,2,258.74,62.1
1285,random,0x19d411000,0x18a0ec000,0x174fd000,random,0,263.06,80.4
1285,random,0x19d411000,0x18a0ec000,0x174fd000,random,1,264.00,80.4
1285,random,0x19d411000,0x18a0ec000,0x174fd000,random,2,263.96,80.5
1286,random,0x19d411000,0x19ceca000,0x1adb000,random,0,264.00,79.8
1286,random,0x19d411000,0x19ceca000,0x1adb000,random,1,264.00,80.0
1286,random,0x19d411000,0x19ceca000,0x1adb000,random,2,264.00,80.0
1287,random,0x19d411000,0xb90bc000,0x1244ad000,random,0,257.45,76.2
1287,random,0x19d411000,0xb90bc000,0x1244ad000,random,1,257.05,76.3
1287,random,0x19d411000,0xb90bc000,0x1244ad000,random,2,257.24,76.2
1288,random,0x19d411000,0x1a0394000,0x3d785000,random,0,263.22,80.4
1288,random,0x19d411000,0x1a0394000,0x3d785000,random,1,264.00,80.5
1288,random,0x19d411000,0x1a0394000,0x3d785000,random,2,264.00,80.4
1289,random,0x19d411000,0x1a2158000,0x3f549000,random,0,256.31,78.9
1289,random,0x19d411000,0x1a2158000,0x3f549000,random,1,256.00,79.1
1289,random,0x19d411000,0x1a2158000,0x3f549000,random,2,256.00,79.1
1290,random,0x19d411000,0x192caf000,0xf8be000,random,0,262.47,79.9
1290,random,0x19d411000,0x192caf000,0xf8be000,random,1,264.00,79.8
1290,random,0x19d411000,0x192caf000,0xf8be000,random,2,263.96,79.9
1291,random,0x19d411000,0x1ad9f1000,0x30de0000,random,0,258.93,62.2
1291,random,0x19d411000,0x1ad9f1000,0x30de0000,random,1,258.68,62.3
1291,random,0x19d411000,0x1ad9f1000,0x30de0000,random,2,258.40,62.4
1292,random,0x19d411000,0x1b6a49000,0x2be58000,random,0,252.33,61.2
1292,random,0x19d411000,0x1b6a49000,0x2be58000,random,1,252.00,61.2
1292,random,0x19d411000,0x1b6a49000,0x2be58000,random,2,252.00,61.2
1293,random,0x19d411000,0x1b7dcd000,0x2a9dc000,random,0,252.00,61.2
1293,random,0x19d411000,0x1b7dcd000,0x2a9dc000,random,1,252.00,61.2
1293,random,0x19d411000,0x1b7dcd000,0x2a9dc000,random,2,252.00,61.2
1294,random,0x19d411000,0x1ab9a6000,0x36db7000,random,0,262.01,79.9
1294,random,0x19d411000,0x1ab9a6000,0x36db7000,random,1,263.59,79.7
1294,random,0x19d411000,0x1ab9a6000,0x36db7000,random,2,263.86,79.9
1295,random,0x19d411000,0x189033000,0x14422000,random,0,263.79,79.9
1295,random,0x19d411000,0x189033000,0x14422000,random,1,263.72,79.9
1295,random,0x19d411000,0x189033000,0x14422000,random,2,263.54,80.0
1296,random,0x19d411000,0x1a3b39000,0x3ef28000,random,0,257.96,61.8
1296,random,0x19d411000,0x1a3b39000,0x3ef28000,random,1,257.88,61.8
1296,random,0x19d411000,0x1a3b39000,0x3ef28000,random,2,257.54,61.9
1297,random,0x19d411000,0x19bc3f000,0x682e000,random,0,263.39,80.4
1297,random,0x19d411000,0x19bc3f000,0x682e000,random,1,264.00,80.4
1297,random,0x19d411000,0x19bc3f000,0x682e000,random,2,264.00,80.4
1298,random,0x19d411000,0x1ab7d4000,0x363c5000,random,0,264.00,80.4
1298,random,0x19d411000,0x1ab7d4000,0x363c5000,random,1,264.00,80.4
1298,random,0x19d411000,0x1ab7d4000,0x363c5000,random,2,264.00,80.3
1299,random,0x19d411000,0x1a6123000,0x3b532000,random,0,256.32,79.1
1299,random,0x19d411000,0x1a6123000,0x3b532000,random,1,256.00,78.6
1299,random,0x19d411000,0x1a6123000,0x3b532000,random,2,256.00,79.2
1300,random,0x19d411000,0x1a8b64000,0x35f75000,random,0,262.51,79.8
1300,random,0x19d411000,0x1a8b64000,0x35f75000,random,1,263.99,80.1
1300,random,0x19d411000,0x1a8b64000,0x35f75000,random,2,263.83,80.0
1301,random,0x19d411000,0x193e03000,0xea12000,random,0,264.00,80.4
1301,random,0x19d411000,0x193e03000,0xea12000,random,1,264.00,80.5
1301,random,0x19d411000,0x193e03000,0xea12000,random,2,264.00,80.5
1302,random,0x19d411000,0x1ab18e000,0x3659f000,random,0,264.00,80.1
1302,random,0x19d411000,0x1ab18e000,0x3659f000,random,1,263.79,80.0
1302,random,0x19d411000,0x1ab18e000,0x3659f000,random,2,263.69,79.8
1303,random,0x19d411000,0xb3ff3000,0x12ebe2000,random,0,264.00,80.2
1303,random,0x19d411000,0xb3ff3000,0x12ebe2000,random,1,264.00,80.4
1303,random,0x19d411000,0xb3ff3000,0x12ebe2000,random,2,264.00,80.3
1304,random,0x19d411000,0x19c658000,0x1249000,random,0,264.00,79.9
1304,random,0x19d411000,0x19c658000,0x1249000,random,1,264.00,79.9
1304,random,0x19d411000,0x19c658000,0x1249000,random,2,264.00,80.0
1305,random,0x19d411000,0x1aa11b000,0x3750a000,random,0,264.00,79.9
1305,random,0x19d411000,0x1aa11b000,0x3750a000,random,1,263.91,79.8
1305,random,0x19d411000,0x1aa11b000,0x3750a000,random,2,263.93,79.9
1306,random,0x19d411000,0xb00b4000,0x12d4a5000,random,0,256.73,76.3
1306,random,0x19d411000,0xb00b4000,0x12d4a5000,random,1,256.01,76.3
1306,random,0x19d411000,0xb00b4000,0x12d4a5000,random,2,256.47,76.2
1307,random,0x19d411000,0x1853d9000,0x187c8000,random,0,252.26,61.0
1307,random,0x19d411000,0x1853d9000,0x187c8000,random,1,252.00,61.2
1307,random,0x19d411000,0x1853d9000,0x187c8000,random,2,252.00,61.2
1308,random,0x19d411000,0x18f2ac000,0x126bd000,random,0,262.45,80.1
1308,random,0x19d411000,0x18f2ac000,0x126bd000,random,1,264.00,80.0
1308,random,0x19d411000,0x18f2ac000,0x126bd000,random,2,263.83,80.1
1309,random,0x19d411000,0xbc460000,0x121071000,random,0,256.94,76.2
1309,random,0x19d411000,0xbc460000,0x121071000,random,1,256.08,76.3
1309,random,0x19d411000,0xbc460000,0x121071000,random,2,256.29,76.2
1310,random,0x19d411000,0x18a928000,0x17d39000,random,0,263.12,80.4
1310,random,0x19d411000,0x18a928000,0x17d39000,random,1,264.00,80.5
1310,random,0x19d411000,0x18a928000,0x17d39000,random,2,264.00,80.4
1311,random,0x19d411000,0x18ad0b000,0x1791a000,random,0,264.00,80.4
1311,random,0x19d411000,0x18ad0b000,0x1791a000,random,1,264.00,80.3
1311,random,0x19d411000,0x18ad0b000,0x1791a000,random,2,264.00,80.5
1312,random,0x19d411000,0xb9b17000,0x124f06000,random,0,264.00,80.0
1312,random,0x19d411000,0xb9b17000,0x124f06000,random,1,264.00,80.0
1312,random,0x19d411000,0xb9b17000,0x124f06000,random,2,264.00,80.0
1313,random,0x19d411000,0x1a12cb000,0x3c6da000,random,0,264.00,80.6
1313,random,0x19d411000,0x1a12cb000,0x3c6da000,random,1,264.00,80.6
1313,random,0x19d411000,0x1a12cb000,0x3c6da000,random,2,264.00,80.6
1314,random,0x19d411000,0x18b13b000,0x1652a000,random,0,256.31,79.1
1314,random,0x19d411000,0x18b13b000,0x1652a000,random,1,256.00,79.1
1314,random,0x19d411000,0x18b13b000,0x1652a000,random,2,256.00,79.0
1315,random,0x19d411000,0x1a5baa000,0x38fbb000,random,0,262.96,80.3
1315,random,0x19d411000,0x1a5baa000,0x38fbb000,random,1,264.00,80.1
1315,random,0x19d411000,0x1a5baa000,0x38fbb000,random,2,264.00,80.4
1316,random,0x19d411000,0x1a84c6000,0x350d7000,random,0,264.00,80.4
1316,random,0x19d411000,0x1a84c6000,0x350d7000,random,1,264.00,80.7
1316,random,0x19d411000,0x1a84c6000,0x350d7000,random,2,264.00,80.6
1317,random,0x19d411000,0x1a6d13000,0x3b902000,random,0,263.98,80.6
1317,random,0x19d411000,0x1a6d13000,0x3b902000,random,1,264.00,80.6
1317,random,0x19d411000,0x1a6d13000,0x3b902000,random,2,264.00,80.5
1318,random,0x19d411000,0x1947fe000,0x93ef000,random,0,256.31,79.1
1318,random,0x19d411000,0x1947fe000,0x93ef000,random,1,256.00,79.1
1318,random,0x19d411000,0x1947fe000,0x93ef000,random,2,256.00,79.1
1319,random,0x19d411000,0x18db2a000,0x10f3b000,random,0,263.07,80.4
1319,random,0x19d411000,0x18db2a000,0x10f3b000,random,1,264.00,80.5
1319,random,0x19d411000,0x18db2a000,0x10f3b000,random,2,264.00,80.2
1320,random,0x19d411000,0x18ddf5000,0x109e4000,random,0,258.04,61.8
1320,random,0x19d411000,0x18ddf5000,0x109e4000,random,1,257.33,61.8
1320,random,0x19d411000,0x18ddf5000,0x109e4000,random,2,257.50,61.8
1321,random,0x19d411000,0x1a85bd000,0x351ac000,random,0,259.09,62.2
1321,random,0x19d411000,0x1a85bd000,0x351ac000,random,1,259.26,62.2
1321,random,0x19d411000,0x1a85bd000,0x351ac000,random,2,259.19,62.2
1322,random,0x19d411000,0xbd5c9000,0x1201d8000,random,0,258.53,62.3
1322,random,0x19d411000,0xbd5c9000,0x1201d8000,random,1,258.49,62.4
1322,random,0x19d411000,0xbd5c9000,0x1201d8000,random,2,258.74,62.3
1323,random,0x19d411000,0x18f54d000,0x1215c000,random,0,257.81,61.8
1323,random,0x19d411000,0x18f54d000,0x1215c000,random,1,257.19,61.8
1323,random,0x19d411000,0x18f54d000,0x1215c000,random,2,257.31,61.7
1324,random,0x19d411000,0x1a88b9000,0x35ca8000,random,0,258.54,62.4
1324,random,0x19d411000,0x1a88b9000,0x35ca8000,random,1,258.41,62.3
1324,random,0x19d411000,0x1a88b9000,0x35ca8000,random,2,258.68,62.4
1325,random,0x19d411000,0xba10d000,0x12751c000,random,0,257.92,61.9
1325,random,0x19d411000,0xba10d000,0x12751c000,random,1,258.15,61.9
1325,random,0x19d411000,0xba10d000,0x12751c000,random,2,257.78,61.8
1326,random,0x19d411000,0x19568f000,0x829e000,random,0,256.00,79.3
1326,random,0x19d411000,0x19568f000,0x829e000,random,1,256.00,79.3
1326,random,0x19d411000,0x19568f000,0x829e000,random,2,256.00,79.3
1327,random,0x19d411000,0xaf6b5000,0x1322a4000,random,0,254.82,61.2
1327,random,0x19d411000,0xaf6b5000,0x1322a4000,random,1,253.32,61.1
1327,random,0x19d411000,0xaf6b5000,0x1322a4000,random,2,253.95,61.2
1328,random,0x19d411000,0x18f669000,0x12278000,random,0,257.73,62.2
1328,random,0x19d411000,0x18f669000,0x12278000,random,1,257.95,62.2
1328,random,0x19d411000,0x18f669000,0x12278000,random,2,258.10,62.4
1329,random,0x19d411000,0xacfd5000,0x131bc4000,random,0,258.09,61.8
1329,random,0x19d411000,0xacfd5000,0x131bc4000,random,1,257.85,61.7
1329,random,0x19d411000,0xacfd5000,0x131bc4000,random,2,258.17,61.8
1330,random,0x19d411000,0xbc8b3000,0x121ca2000,random,0,263.30,80.5
1330,random,0x19d411000,0xbc8b3000,0x121ca2000,random,1,264.00,80.3
1330,random,0x19d411000,0xbc8b3000,0x121ca2000,random,2,264.00,80.5
1331,random,0x19d411000,0xbcd24000,0x121935000,random,0,264.00,80.5
1331,random,0x19d411000,0xbcd24000,0x121935000,random,1,264.00,80.3
1331,random,0x19d411000,0xbcd24000,0x121935000,random,2,264.00,80.6
1332,random,0x19d411000,0x19d046000,0x457000,random,0,263.58,79.9
1332,random,0x19d411000,0x19d046000,0x457000,random,1,263.71,79.7
1332,random,0x19d411000,0x19d046000,0x457000,random,2,263.95,80.0
1333,random,0x19d411000,0x1a860a000,0x3521b000,random,0,264.00,80.5
1333,random,0x19d411000,0x1a860a000,0x3521b000,random,1,264.00,80.4
1333,random,0x19d411000,0x1a860a000,0x3521b000,random,2,264.00,80.4
1334,random,0x19d411000,0x1a0f5e000,0x3db4f000,random,0,256.32,79.1
1334,random,0x19d411000,0x1a0f5e000,0x3db4f000,random,1,256.00,79.1
1334,random,0x19d411000,0x1a0f5e000,0x3db4f000,random,2,256.00,79.1
1335,random,0x19d411000,0x1b5fad000,0x28bbc000,random,0,256.81,61.8
1335,random,0x19d411000,0x1b5fad000,0x28bbc000,random,1,257.64,61.9
1335,random,0x19d411000,0x1b5fad000,0x28bbc000,random,2,257.58,61.8
1336,random,0x19d411000,0x1999f4000,0x4de5000,random,0,263.25,80.6
1336,random,0x19d411000,0x1999f4000,0x4de5000,random,1,264.00,80.1
1336,random,0x19d411000,0x1999f4000,0x4de5000,random,2,264.00,80.4
1337,random,0x19d411000,0xbb6d6000,0x1262c7000,random,0,264.00,80.6
1337,random,0x19d411000,0xbb6d6000,0x1262c7000,random,1,264.00,80.4
1337,random,0x19d411000,0xbb6d6000,0x1262c7000,random,2,264.00,80.4
1338,random,0x19d411000,0x1b7f0e000,0x2ab1f000,random,0,264.00,80.5
1338,random,0x19d411000,0x1b7f0e000,0x2ab1f000,random,1,264.00,80.5
1338,random,0x19d411000,0x1b7f0e000,0x2ab1f000,random,2,264.00,80.4
1339,random,0x19d411000,0xb84f0000,0x1250e1000,random,0,264.00,79.8
1339,random,0x19d411000,0xb84f0000,0x1250e1000,random,1,264.00,80.0
1339,random,0x19d411000,0xb84f0000,0x1250e1000,random,2,264.00,80.0
1340,random,0x19d411000,0xba424000,0x127035000,random,0,264.00,80.4
1340,random,0x19d411000,0xba424000,0x127035000,random,1,264.00,80.4
1340,random,0x19d411000,0xba424000,0x127035000,random,2,264.00,80.3
1341,random,0x19d411000,0x18bd47000,0x16956000,random,0,256.31,79.1
1341,random,0x19d411000,0x18bd47000,0x16956000,random,1,256.00,79.1
1341,random,0x19d411000,0x18bd47000,0x16956000,random,2,256.00,79.1
1342,random,0x19d411000,0x1af884000,0x32c95000,random,0,262.93,80.5
1342,random,0x19d411000,0x1af884000,0x32c95000,random,1,264.00,80.4
1342,random,0x19d411000,0x1af884000,0x32c95000,random,2,264.00,80.5
1343,random,0x19d411000,0xb3c28000,0x12e839000,random,0,264.00,80.4
1343,random,0x19d411000,0xb3c28000,0x12e839000,random,1,264.00,80.5
1343,random,0x19d411000,0xb3c28000,0x12e839000,random,2,264.00,80.5
1344,random,0x19d411000,0x1aa121000,0x37530000,random,0,258.45,61.9
1344,random,0x19d411000,0x1aa121000,0x37530000,random,1,257.87,62.3
1344,random,0x19d411000,0x1aa121000,0x37530000,random,2,258.71,62.3
1345,random,0x19d411000,0xbec36000,0x123827000,random,0,263.46,80.6
1345,random,0x19d411000,0xbec36000,0x123827000,random,1,264.00,80.5
1345,random,0x19d411000,0xbec36000,0x123827000,random,2,264.00,80.6
1346,random,0x19d411000,0x18cdd2000,0x119c3000,random,0,264.00,80.1
1346,random,0x19d411000,0x18cdd2000,0x119c3000,random,1,264.00,80.1
1346,random,0x19d411000,0x18cdd2000,0x119c3000,random,2,264.00,80.0
1347,random,0x19d411000,0x1998b7000,0x4ca6000,random,0,264.00,80.0
1347,random,0x19d411000,0x1998b7000,0x4ca6000,random,1,264.00,80.0
1347,random,0x19d411000,0x1998b7000,0x4ca6000,random,2,263.95,79.9
1348,random,0x19d411000,0x1a776a000,0x3a37b000,random,0,264.00,80.5
1348,random,0x19d411000,0x1a776a000,0x3a37b000,random,1,264.00,80.4
1348,random,0x19d411000,0x1a776a000,0x3a37b000,random,2,264.00,80.4
1349,random,0x19d411000,0xb3d7e000,0x12e96f000,random,0,264.00,80.2
1349,random,0x19d411000,0xb3d7e000,0x12e96f000,random,1,264.00,80.4
1349,random,0x19d411000,0xb3d7e000,0x12e96f000,random,2,264.00,80.4
1350,random,0x19d411000,0x1a60ef000,0x3b4fe000,random,0,264.00,80.2
1350,random,0x19d411000,0x1a60ef000,0x3b4fe000,random,1,264.00,80.4
1350,random,0x19d411000,0x1a60ef000,0x3b4fe000,random,2,264.00,80.4
1351,random,0x19d411000,0x1b266e000,0x2f27f000,random,0,264.00,80.5
1351,random,0x19d411000,0x1b266e000,0x2f27f000,random,1,264.00,80.4
1351,random,0x19d411000,0x1b266e000,0x2f27f000,random,2,264.00,80.5
1352,random,0x19d411000,0x18fc24000,0x12835000,random,0,264.00,80.4
1352,random,0x19d411000,0x18fc24000,0x12835000,random,1,264.00,80.4
1352,random,0x19d411000,0x18fc24000,0x12835000,random,2,264.00,80.4
1353,random,0x19d411000,0x1a75e8000,0x3a1f9000,random,0,264.00,79.9
1353,random,0x19d411000,0x1a75e8000,0x3a1f9000,random,1,264.00,79.7
1353,random,0x19d411000,0x1a75e8000,0x3a1f9000,random,2,264.00,80.0
1354,random,0x19d411000,0xad46f000,0x13007e000,random,0,264.00,80.0
1354,random,0x19d411000,0xad46f000,0x13007e000,random,1,264.00,79.9
1354,random,0x19d411000,0xad46f000,0x13007e000,random,2,264.00,79.9
1355,random,0x19d411000,0x1b55ec000,0x281fd000,random,0,264.00,80.6
1355,random,0x19d411000,0x1b55ec000,0x281fd000,random,1,264.00,80.5
1355,random,0x19d411000,0x1b55ec000,0x281fd000,random,2,264.00,80.5
1356,random,0x19d411000,0xb220f000,0x12f61e000,random,0,264.00,80.5
1356,random,0x19d411000,0xb220f000,0x12f61e000,random,1,264.00,80.4
1356,random,0x19d411000,0xb220f000,0x12f61e000,random,2,264.00,80.4
1357,random,0x19d411000,0x1a122a000,0x3c63b000,random,0,264.00,80.5
1357,random,0x19d411000,0x1a122a000,0x3c63b000,random,1,264.00,80.4
1357,random,0x19d411000,0x1a122a000,0x3c63b000,random,2,264.00,80.5
1358,random,0x19d411000,0x18f837000,0x12c26000,random,0,256.31,79.3
1358,random,0x19d411000,0x18f837000,0x12c26000,random,1,256.00,79.2
1358,random,0x19d411000,0x18f837000,0x12c26000,random,2,256.00,78.7
1359,random,0x19d411000,0x1a9b89000,0x34f98000,random,0,258.21,62.4
1359,random,0x19d411000,0x1a9b89000,0x34f98000,random,1,258.47,62.4
1359,random,0x19d411000,0x1a9b89000,0x34f98000,random,2,258.72,62.4
1360,random,0x19d411000,0xb874e000,0x12535f000,random,0,256.73,76.3
1360,random,0x19d411000,0xb874e000,0x12535f000,random,1,256.18,76.3
1360,random,0x19d411000,0xb874e000,0x12535f000,random,2,256.60,76.3
1361,random,0x19d411000,0x18ccb3000,0x118a2000,random,0,256.00,79.1
1361,random,0x19d411000,0x18ccb3000,0x118a2000,random,1,256.00,79.1
1361,random,0x19d411000,0x18ccb3000,0x118a2000,random,2,256.00,78.9
1362,random,0x19d411000,0x1a7d34000,0x3a925000,random,0,263.00,80.5
1362,random,0x19d411000,0x1a7d34000,0x3a925000,random,1,264.00,80.6
1362,random,0x19d411000,0x1a7d34000,0x3a925000,random,2,264.00,80.5
1363,random,0x19d411000,0x18bc3b000,0x1682a000,random,0,264.00,80.4
1363,random,0x19d411000,0x18bc3b000,0x1682a000,random,1,264.00,80.4
1363,random,0x19d411000,0x18bc3b000,0x1682a000,random,2,264.00,80.4
1364,random,0x19d411000,0x1b23cd000,0x2f7dc000,random,0,259.41,62.2
1364,random,0x19d411000,0x1b23cd000,0x2f7dc000,random,1,259.18,62.1
1364,random,0x19d411000,0x1b23cd000,0x2f7dc000,random,2,259.31,62.2
1365,random,0x19d411000,0x18dc1b000,0x1080a000,random,0,256.00,66.2
1365,random,0x19d411000,0x18dc1b000,0x1080a000,random,1,256.00,66.2
1365,random,0x19d411000,0x18dc1b000,0x1080a000,random,2,256.00,66.0
1366,random,0x19d411000,0x18ab71000,0x17f60000,random,0,257.42,61.9
1366,random,0x19d411000,0x18ab71000,0x17f60000,random,1,258.46,62.3
1366,random,0x19d411000,0x18ab71000,0x17f60000,random,2,258.45,62.5
1367,random,0x19d411000,0xafdf1000,0x1329e0000,random,0,258.80,62.5
1367,random,0x19d411000,0xafdf1000,0x1329e0000,random,1,258.82,62.4
1367,random,0x19d411000,0xafdf1000,0x1329e0000,random,2,258.41,62.3
1368,random,0x19d411000,0x187bc3000,0x1afd2000,random,0,256.00,79.2
1368,random,0x19d411000,0x187bc3000,0x1afd2000,random,1,256.00,79.2
1368,random,0x19d411000,0x187bc3000,0x1afd2000,random,2,256.00,79.2
1369,random,0x19d411000,0x18bf8f000,0x16b9e000,random,0,263.05,80.6
1369,random,0x19d411000,0x18bf8f000,0x16b9e000,random,1,264.00,80.6
1369,random,0x19d411000,0x18bf8f000,0x16b9e000,random,2,264.00,80.4
1370,random,0x19d411000,0xf775f000,0x16a34e000,random,0,258.49,76.1
1370,random,0x19d411000,0xf775f000,0x16a34e000,random,1,257.47,76.2
1370,random,0x19d411000,0xf775f000,0x16a34e000,random,2,257.34,76.3
1371,random,0x19d411000,0xbbdf7000,0x1269e6000,random,0,257.26,76.2
1371,random,0x19d411000,0xbbdf7000,0x1269e6000,random,1,256.79,76.2
1371,random,0x19d411000,0xbbdf7000,0x1269e6000,random,2,257.94,76.2
1372,random,0x19d411000,0x194de5000,0x99f4000,random,0,258.29,62.3
1372,random,0x19d411000,0x194de5000,0x99f4000,random,1,258.11,62.4
1372,random,0x19d411000,0x194de5000,0x99f4000,random,2,258.22,62.4
1373,random,0x19d411000,0x1afb5b000,0x32f4a000,random,0,256.00,79.2
1373,random,0x19d411000,0x1afb5b000,0x32f4a000,random,1,256.00,79.2
1373,random,0x19d411000,0x1afb5b000,0x32f4a000,random,2,256.00,79.2
1374,random,0x19d411000,0x19ba84000,0x6e95000,random,0,256.00,79.1
1374,random,0x19d411000,0x19ba84000,0x6e95000,random,1,256.00,79.1
1374,random,0x19d411000,0x19ba84000,0x6e95000,random,2,256.00,79.2
1375,random,0x19d411000,0x187dd4000,0x1a9c5000,random,0,262.98,79.9
1375,random,0x19d411000,0x187dd4000,0x1a9c5000,random,1,264.00,79.9
1375,random,0x19d411000,0x187dd4000,0x1a9c5000,random,2,264.00,79.9
1376,random,0x19d411000,0x1b05b2000,0x2d1a3000,random,0,264.00,80.4
1376,random,0x19d411000,0x1b05b2000,0x2d1a3000,random,1,264.00,80.3
1376,random,0x19d411000,0x1b05b2000,0x2d1a3000,random,2,263.94,80.4
1377,random,0x19d411000,0xb7f90000,0x12ab81000,random,0,264.00,80.4
1377,random,0x19d411000,0xb7f90000,0x12ab81000,random,1,264.00,80.4
1377,random,0x19d411000,0xb7f90000,0x12ab81000,random,2,264.00,80.4
1378,random,0x19d411000,0x1b6f9a000,0x2bb8b000,random,0,264.00,80.4
1378,random,0x19d411000,0x1b6f9a000,0x2bb8b000,random,1,264.00,80.3
1378,random,0x19d411000,0x1b6f9a000,0x2bb8b000,random,2,264.00,80.4
1379,random,0x19d411000,0x1a0beb000,0x3dffa000,random,0,256.30,79.1
1379,random,0x19d411000,0x1a0beb000,0x3dffa000,random,1,256.00,79.1
1379,random,0x19d411000,0x1a0beb000,0x3dffa000,random,2,256.00,79.1
1380,random,0x19d411000,0xae9fb000,0x133dea000,random,0,263.01,80.0
1380,random,0x19d411000,0xae9fb000,0x133dea000,random,1,264.00,80.0
1380,random,0x19d411000,0xae9fb000,0x133dea000,random,2,264.00,80.0
1381,random,0x19d411000,0x18b358000,0x16749000,random,0,264.00,80.6
1381,random,0x19d411000,0x18b358000,0x16749000,random,1,264.00,80.7
1381,random,0x19d411000,0x18b358000,0x16749000,random,2,264.00,80.6
1382,random,0x19d411000,0x19a529000,0x7138000,random,0,252.68,61.2
1382,random,0x19d411000,0x19a529000,0x7138000,random,1,252.00,61.1
1382,random,0x19d411000,0x19a529000,0x7138000,random,2,252.00,61.1
1383,random,0x19d411000,0xb2e39000,0x12fa28000,random,0,257.07,62.1
1383,random,0x19d411000,0xb2e39000,0x12fa28000,random,1,258.14,61.9
1383,random,0x19d411000,0xb2e39000,0x12fa28000,random,2,258.53,62.3
1384,random,0x19d411000,0xbaf9a000,0x127b8b000,random,0,263.22,79.9
1384,random,0x19d411000,0xbaf9a000,0x127b8b000,random,1,264.00,80.0
1384,random,0x19d411000,0xbaf9a000,0x127b8b000,random,2,264.00,80.1
1385,random,0x19d411000,0xbe4d0000,0x1230c1000,random,0,264.00,80.4
1385,random,0x19d411000,0xbe4d0000,0x1230c1000,random,1,264.00,80.4
1385,random,0x19d411000,0xbe4d0000,0x1230c1000,random,2,264.00,80.5
1386,random,0x19d411000,0x19c276000,0x1667000,random,0,264.00,80.7
1386,random,0x19d411000,0x19c276000,0x1667000,random,1,264.00,80.6
1386,random,0x19d411000,0x19c276000,0x1667000,random,2,264.00,80.4
1387,random,0x19d411000,0xafa96000,0x132e87000,random,0,264.00,80.4
1387,random,0x19d411000,0xafa96000,0x132e87000,random,1,264.00,80.5
1387,random,0x19d411000,0xafa96000,0x132e87000,random,2,264.00,80.5
1388,random,0x19d411000,0x189e76000,0x14a67000,random,0,264.00,80.5
1388,random,0x19d411000,0x189e76000,0x14a67000,random,1,264.00,80.4
1388,random,0x19d411000,0x189e76000,0x14a67000,random,2,264.00,80.4
1389,random,0x19d411000,0x1aa7bc000,0x373ad000,random,0,264.00,80.0
1389,random,0x19d411000,0x1aa7bc000,0x373ad000,random,1,264.00,80.1
1389,random,0x19d411000,0x1aa7bc000,0x373ad000,random,2,264.00,80.0
1390,random,0x19d411000,0x1848fd000,0x19cec000,random,0,252.65,61.2
1390,random,0x19d411000,0x1848fd000,0x19cec000,random,1,252.00,61.2
1390,random,0x19d411000,0x1848fd000,0x19cec000,random,2,252.00,61.1
1391,random,0x19d411000,0xbac84000,0x127895000,random,0,262.63,79.8
1391,random,0x19d411000,0xbac84000,0x127895000,random,1,264.00,80.0
1391,random,0x19d411000,0xbac84000,0x127895000,random,2,264.00,80.0
1392,random,0x19d411000,0xbc885000,0x121c94000,random,0,258.91,62.1
1392,random,0x19d411000,0xbc885000,0x121c94000,random,1,258.74,62.2
1392,random,0x19d411000,0xbc885000,0x121c94000,random,2,258.62,62.2
1393,random,0x19d411000,0x1a9740000,0x34351000,random,0,263.15,80.0
1393,random,0x19d411000,0x1a9740000,0x34351000,random,1,264.00,80.0
1393,random,0x19d411000,0x1a9740000,0x34351000,random,2,264.00,79.9
1394,random,0x19d411000,0x1dabb6000,0x47fa7000,random,0,264.00,79.9
1394,random,0x19d411000,0x1dabb6000,0x47fa7000,random,1,264.00,80.0
1394,random,0x19d411000,0x1dabb6000,0x47fa7000,random,2,264.00,80.0
1395,random,0x19d411000,0x1af81b000,0x32c0a000,random,0,264.00,80.2
1395,random,0x19d411000,0x1af81b000,0x32c0a000,random,1,264.00,80.5
1395,random,0x19d411000,0x1af81b000,0x32c0a000,random,2,264.00,80.3
1396,random,0x19d411000,0x1b446a000,0x2907b000,random,0,256.37,66.2
1396,random,0x19d411000,0x1b446a000,0x2907b000,random,1,256.00,66.2
1396,random,0x19d411000,0x1b446a000,0x2907b000,random,2,256.00,66.2
1397,random,0x19d411000,0x18b836000,0x16c27000,random,0,263.12,80.5
1397,random,0x19d411000,0x18b836000,0x16c27000,random,1,264.00,80.5
1397,random,0x19d411000,0x18b836000,0x16c27000,random,2,264.00,80.4
1398,random,0x19d411000,0x18b033000,0x16422000,random,0,264.00,80.3
1398,random,0x19d411000,0x18b033000,0x16422000,random,1,264.00,80.5
1398,random,0x19d411000,0x18b033000,0x16422000,random,2,264.00,80.4
1399,random,0x19d411000,0x184efc000,0x19aed000,random,0,264.00,80.4
1399,random,0x19d411000,0x184efc000,0x19aed000,random,1,264.00,80.2
1399,random,0x19d411000,0x184efc000,0x19aed000,random,2,264.00,80.5
1400,random,0x19d411000,0x1948d4000,0x9cc5000,random,0,264.00,80.0
1400,random,0x19d411000,0x1948d4000,0x9cc5000,random,1,264.00,80.0
1400,random,0x19d411000,0x1948d4000,0x9cc5000,random,2,264.00,80.1
1401,random,0x19d411000,0xad71a000,0x13030b000,random,0,264.00,80.5
1401,random,0x19d411000,0xad71a000,0x13030b000,random,1,264.00,80.7
1401,random,0x19d411000,0xad71a000,0x13030b000,random,2,264.00,80.7
1402,random,0x19d411000,0x1b4522000,0x29133000,random,0,264.00,80.6
1402,random,0x19d411000,0x1b4522000,0x29133000,random,1,264.00,80.4
1402,random,0x19d411000,0x1b4522000,0x29133000,random,2,264.00,80.7
1403,random,0x19d411000,0x1aa7c8000,0x373d9000,random,0,256.33,79.2
1403,random,0x19d411000,0x1aa7c8000,0x373d9000,random,1,256.00,79.1
1403,random,0x19d411000,0x1aa7c8000,0x373d9000,random,2,256.00,79.1
1404,random,0x19d411000,0x1b83ee000,0x257ff000,random,0,263.01,80.4
1404,random,0x19d411000,0x1b83ee000,0x257ff000,random,1,264.00,80.4
1404,random,0x19d411000,0x1b83ee000,0x257ff000,random,2,264.00,80.5
1405,random,0x19d411000,0xbae26000,0x127a37000,random,0,257.46,76.3
1405,random,0x19d411000,0xbae26000,0x127a37000,random,1,257.03,76.3
1405,random,0x19d411000,0xbae26000,0x127a37000,random,2,256.74,76.3
1406,random,0x19d411000,0x1b14af000,0x2c0be000,random,0,263.41,80.5
1406,random,0x19d411000,0x1b14af000,0x2c0be000,random,1,264.00,80.6
1406,random,0x19d411000,0x1b14af000,0x2c0be000,random,2,264.00,80.5
1407,random,0x19d411000,0xc069e000,0x15d28f000,random,0,264.00,79.9
1407,random,0x19d411000,0xc069e000,0x15d28f000,random,1,264.00,80.0
1407,random,0x19d411000,0xc069e000,0x15d28f000,random,2,264.00,79.9
1408,random,0x19d411000,0x194916000,0x9d07000,random,0,256.32,79.1
1408,random,0x19d411000,0x194916000,0x9d07000,random,1,256.00,79.1
1408,random,0x19d411000,0x194916000,0x9d07000,random,2,256.00,79.1
1409,random,0x19d411000,0x196f69000,0xbb78000,random,0,257.66,61.8
1409,random,0x19d411000,0x196f69000,0xbb78000,random,1,258.12,61.8
1409,random,0x19d411000,0x196f69000,0xbb78000,random,2,258.07,61.8
1410,random,0x19d411000,0x192cfa000,0xf8eb000,random,0,263.46,80.5
1410,random,0x19d411000,0x192cfa000,0xf8eb000,random,1,264.00,80.5
1410,random,0x19d411000,0x192cfa000,0xf8eb000,random,2,264.00,80.4
1411,random,0x19d411000,0x1a0d7d000,0x3d96c000,random,0,258.82,62.4
1411,random,0x19d411000,0x1a0d7d000,0x3d96c000,random,1,258.72,62.4
1411,random,0x19d411000,0x1a0d7d000,0x3d96c000,random,2,258.64,62.4
1412,random,0x19d411000,0x1b01a1000,0x2d5b0000,random,0,252.30,61.1
1412,random,0x19d411000,0x1b01a1000,0x2d5b0000,random,1,252.00,61.2
1412,random,0x19d411000,0x1b01a1000,0x2d5b0000,random,2,252.00,61.2
1413,random,0x19d411000,0x1af70a000,0x3231b000,random,0,255.62,79.1
1413,random,0x19d411000,0x1af70a000,0x3231b000,random,1,256.00,79.1
1413,random,0x19d411000,0x1af70a000,0x3231b000,random,2,256.00,79.1
1414,random,0x19d411000,0x195756000,0x8347000,random,0,256.00,79.1
1414,random,0x19d411000,0x195756000,0x8347000,random,1,256.00,79.1
1414,random,0x19d411000,0x195756000,0x8347000,random,2,256.00,79.0
1415,random,0x19d411000,0x19b1ee000,0x65ff000,random,0,263.26,80.4
1415,random,0x19d411000,0x19b1ee000,0x65ff000,random,1,264.00,80.5
1415,random,0x19d411000,0x19b1ee000,0x65ff000,random,2,264.00,80.6
1416,random,0x19d411000,0xafc9b000,0x13288a000,random,0,264.00,80.3
1416,random,0x19d411000,0xafc9b000,0x13288a000,random,1,264.00,80.5
1416,random,0x19d411000,0xafc9b000,0x13288a000,random,2,264.00,80.5
1417,random,0x19d411000,0x1a870a000,0x3531b000,random,0,256.33,79.1
1417,random,0x19d411000,0x1a870a000,0x3531b000,random,1,256.00,79.1
1417,random,0x19d411000,0x1a870a000,0x3531b000,random,2,256.00,79.1
1418,random,0x19d411000,0x1a3d73000,0x3e962000,random,0,263.05,80.5
1418,random,0x19d411000,0x1a3d73000,0x3e962000,random,1,264.00,80.4
1418,random,0x19d411000,0x1a3d73000,0x3e962000,random,2,264.00,80.6
1419,random,0x19d411000,0x185b96000,0x18f87000,random,0,256.37,79.2
1419,random,0x19d411000,0x185b96000,0x18f87000,random,1,256.00,79.2
1419,random,0x19d411000,0x185b96000,0x18f87000,random,2,256.00,79.2
1420,random,0x19d411000,0x1aa117000,0x37506000,random,0,263.11,80.5
1420,random,0x19d411000,0x1aa117000,0x37506000,random,1,264.00,80.3
1420,random,0x19d411000,0x1aa117000,0x37506000,random,2,264.00,80.4
1421,random,0x19d411000,0x19a0ee000,0x74ff000,random,0,256.34,66.2
1421,random,0x19d411000,0x19a0ee000,0x74ff000,random,1,256.00,66.2
1421,random,0x19d411000,0x19a0ee000,0x74ff000,random,2,256.00,66.2
1422,random,0x19d411000,0x1daa03000,0x47e12000,random,0,256.00,79.1
1422,random,0x19d411000,0x1daa03000,0x47e12000,random,1,256.00,79.1
1422,random,0x19d411000,0x1daa03000,0x47e12000,random,2,256.00,79.1
1423,random,0x19d411000,0x19ab26000,0x7f37000,random,0,263.13,80.5
1423,random,0x19d411000,0x19ab26000,0x7f37000,random,1,264.00,80.5
1423,random,0x19d411000,0x19ab26000,0x7f37000,random,2,264.00,80.6
1424,random,0x19d411000,0x19adb3000,0x79a2000,random,0,256.34,79.2
1424,random,0x19d411000,0x19adb3000,0x79a2000,random,1,256.00,78.9
1424,random,0x19d411000,0x19adb3000,0x79a2000,random,2,256.00,79.2
1425,random,0x19d411000,0xbaf12000,0x127b03000,random,0,263.04,80.5
1425,random,0x19d411000,0xbaf12000,0x127b03000,random,1,264.00,80.4
1425,random,0x19d411000,0xbaf12000,0x127b03000,random,2,264.00,80.5
1426,random,0x19d411000,0x195b1a000,0x8f0b000,random,0,264.00,80.5
1426,random,0x19d411000,0x195b1a000,0x8f0b000,random,1,264.00,80.1
1426,random,0x19d411000,0x195b1a000,0x8f0b000,random,2,264.00,80.5
1427,random,0x19d411000,0x1a52f8000,0x386e9000,random,0,264.00,80.5
1427,random,0x19d411000,0x1a52f8000,0x386e9000,random,1,264.00,80.4
1427,random,0x19d411000,0x1a52f8000,0x386e9000,random,2,264.00,80.4
1428,random,0x19d411000,0x1b7d0f000,0x2a91e000,random,0,264.00,80.6
1428,random,0x19d411000,0x1b7d0f000,0x2a91e000,random,1,264.00,80.6
1428,random,0x19d411000,0x1b7d0f000,0x2a91e000,random,2,264.00,80.3
1429,random,0x19d411000,0x199f26000,0x4b37000,random,0,264.00,80.3
1429,random,0x19d411000,0x199f26000,0x4b37000,random,1,264.00,80.4
1429,random,0x19d411000,0x199f26000,0x4b37000,random,2,264.00,80.1
1430,random,0x19d411000,0x19fcdb000,0x28ca000,random,0,264.00,80.4
1430,random,0x19d411000,0x19fcdb000,0x28ca000,random,1,264.00,80.6
1430,random,0x19d411000,0x19fcdb000,0x28ca000,random,2,264.00,80.4
1431,random,0x19d411000,0x18bc29000,0x16838000,random,0,258.74,62.2
1431,random,0x19d411000,0x18bc29000,0x16838000,random,1,258.32,62.4
1431,random,0x19d411000,0x18bc29000,0x16838000,random,2,257.95,62.3
1432,random,0x19d411000,0x194f18000,0x9b09000,random,0,263.20,80.1
1432,random,0x19d411000,0x194f18000,0x9b09000,random,1,264.00,80.0
1432,random,0x19d411000,0x194f18000,0x9b09000,random,2,264.00,79.9
1433,random,0x19d411000,0xb9305000,0x124714000,random,0,259.06,62.2
1433,random,0x19d411000,0xb9305000,0x124714000,random,1,258.89,62.4
1433,random,0x19d411000,0xb9305000,0x124714000,random,2,258.76,62.4
1434,random,0x19d411000,0xadf2f000,0x130b3e000,random,0,263.40,79.9
1434,random,0x19d411000,0xadf2f000,0x130b3e000,random,1,264.00,80.0
1434,random,0x19d411000,0xadf2f000,0x130b3e000,random,2,264.00,80.0
1435,random,0x19d411000,0xb9ff4000,0x124be5000,random,0,264.00,80.5
1435,random,0x19d411000,0xb9ff4000,0x124be5000,random,1,264.00,80.6
1435,random,0x19d411000,0xb9ff4000,0x124be5000,random,2,264.00,80.6
1436,random,0x19d411000,0xb3e18000,0x12ea09000,random,0,264.00,80.0
1436,random,0x19d411000,0xb3e18000,0x12ea09000,random,1,264.00,80.0
1436,random,0x19d411000,0xb3e18000,0x12ea09000,random,2,264.00,80.0
1437,random,0x19d411000,0x186f5f000,0x1bb4e000,random,0,264.00,80.2
1437,random,0x19d411000,0x186f5f000,0x1bb4e000,random,1,264.00,80.6
1437,random,0x19d411000,0x186f5f000,0x1bb4e000,random,2,264.00,80.6
1438,random,0x19d411000,0x1b0bc9000,0x2dfd8000,random,0,252.67,61.2
1438,random,0x19d411000,0x1b0bc9000,0x2dfd8000,random,1,252.00,61.2
1438,random,0x19d411000,0x1b0bc9000,0x2dfd8000,random,2,252.00,61.2
1439,random,0x19d411000,0x1b4313000,0x29702000,random,0,262.61,80.5
1439,random,0x19d411000,0x1b4313000,0x29702000,random,1,264.00,80.6
1439,random,0x19d411000,0x1b4313000,0x29702000,random,2,264.00,80.6
1440,random,0x19d411000,0x19d3d7000,0x7c6000,random,0,264.00,80.0
1440,random,0x19d411000,0x19d3d7000,0x7c6000,random,1,264.00,80.1
1440,random,0x19d411000,0x19d3d7000,0x7c6000,random,2,264.00,80.0
1441,random,0x19d411000,0x18c792000,0x11383000,random,0,264.00,80.4
1441,random,0x19d411000,0x18c792000,0x11383000,random,1,264.00,80.1
1441,random,0x19d411000,0x18c792000,0x11383000,random,2,264.00,80.4
1442,random,0x19d411000,0x19c418000,0x1009000,random,0,264.00,80.1
1442,random,0x19d411000,0x19c418000,0x1009000,random,1,263.90,79.9
1442,random,0x19d411000,0x19c418000,0x1009000,random,2,264.00,80.0
1443,random,0x19d411000,0x194101000,0x9510000,random,0,258.54,61.8
1443,random,0x19d411000,0x194101000,0x9510000,random,1,257.34,61.8
1443,random,0x19d411000,0x194101000,0x9510000,random,2,257.58,61.8
1444,random,0x19d411000,0x184e25000,0x19a34000,random,0,252.31,61.2
1444,random,0x19d411000,0x184e25000,0x19a34000,random,1,252.00,61.2
1444,random,0x19d411000,0x184e25000,0x19a34000,random,2,252.00,61.2
1445,random,0x19d411000,0x1b087f000,0x2dc6e000,random,0,262.59,80.0
1445,random,0x19d411000,0x1b087f000,0x2dc6e000,random,1,264.00,79.9
1445,random,0x19d411000,0x1b087f000,0x2dc6e000,random,2,264.00,80.0
1446,random,0x19d411000,0x1adffe000,0x30bef000,random,0,264.00,80.4
1446,random,0x19d411000,0x1adffe000,0x30bef000,random,1,264.00,80.4
1446,random,0x19d411000,0x1adffe000,0x30bef000,random,2,264.00,80.5
1447,random,0x19d411000,0x194383000,0x9792000,random,0,264.00,80.5
1447,random,0x19d411000,0x194383000,0x9792000,random,1,264.00,80.6
1447,random,0x19d411000,0x194383000,0x9792000,random,2,264.00,80.4
1448,random,0x19d411000,0xb3acb000,0x12eeda000,random,0,264.00,79.8
1448,random,0x19d411000,0xb3acb000,0x12eeda000,random,1,264.00,80.1
1448,random,0x19d411000,0xb3acb000,0x12eeda000,random,2,264.00,80.0
1449,random,0x19d411000,0xb1476000,0x12c067000,random,0,264.00,79.9
1449,random,0x19d411000,0xb1476000,0x12c067000,random,1,264.00,79.9
1449,random,0x19d411000,0xb1476000,0x12c067000,random,2,264.00,79.9
1450,random,0x19d411000,0x199428000,0x4039000,random,0,256.34,79.2
1450,random,0x19d411000,0x199428000,0x4039000,random,1,256.00,79.2
1450,random,0x19d411000,0x199428000,0x4039000,random,2,256.00,79.3
1451,random,0x19d411000,0x190ef9000,0xdae8000,random,0,257.56,61.8
1451,random,0x19d411000,0x190ef9000,0xdae8000,random,1,258.01,61.9
1451,random,0x19d411000,0x190ef9000,0xdae8000,random,2,258.27,61.9
1452,random,0x19d411000,0x1afaf6000,0x32ee7000,random,0,263.15,80.1
1452,random,0x19d411000,0x1afaf6000,0x32ee7000,random,1,264.00,80.0
1452,random,0x19d411000,0x1afaf6000,0x32ee7000,random,2,264.00,80.1
1453,random,0x19d411000,0x19951a000,0x410b000,random,0,264.00,79.9
1453,random,0x19d411000,0x19951a000,0x410b000,random,1,263.98,79.9
1453,random,0x19d411000,0x19951a000,0x410b000,random,2,263.97,79.9
1454,random,0x19d411000,0x1aa72e000,0x3733f000,random,0,264.00,80.5
1454,random,0x19d411000,0x1aa72e000,0x3733f000,random,1,264.00,80.6
1454,random,0x19d411000,0x1aa72e000,0x3733f000,random,2,264.00,80.7
1455,random,0x19d411000,0x191379000,0xc768000,random,0,252.67,61.2
1455,random,0x19d411000,0x191379000,0xc768000,random,1,252.00,61.2
1455,random,0x19d411000,0x191379000,0xc768000,random,2,252.00,61.2
1456,random,0x19d411000,0x18f8f6000,0x12ce7000,random,0,262.61,80.4
1456,random,0x19d411000,0x18f8f6000,0x12ce7000,random,1,264.00,80.4
1456,random,0x19d411000,0x18f8f6000,0x12ce7000,random,2,264.00,80.5
1457,random,0x19d411000,0x189117000,0x14506000,random,0,264.00,80.5
1457,random,0x19d411000,0x189117000,0x14506000,random,1,264.00,80.7
1457,random,0x19d411000,0x189117000,0x14506000,random,2,264.00,80.7
1458,random,0x19d411000,0xbc3fe000,0x1217ef000,random,0,257.91,76.1
1458,random,0x19d411000,0xbc3fe000,0x1217ef000,random,1,256.71,76.2
1458,random,0x19d411000,0xbc3fe000,0x1217ef000,random,2,257.24,76.3
1459,random,0x19d411000,0xaf0f7000,0x1324e6000,random,0,263.39,80.3
1459,random,0x19d411000,0xaf0f7000,0x1324e6000,random,1,264.00,80.5
1459,random,0x19d411000,0xaf0f7000,0x1324e6000,random,2,264.00,80.4
1460,random,0x19d411000,0x1a1d4d000,0x3c95c000,random,0,258.28,61.8
1460,random,0x19d411000,0x1a1d4d000,0x3c95c000,random,1,258.15,61.8
1460,random,0x19d411000,0x1a1d4d000,0x3c95c000,random,2,257.86,61.8
1461,random,0x19d411000,0x1b33e6000,0x2e7f7000,random,0,263.26,79.9
1461,random,0x19d411000,0x1b33e6000,0x2e7f7000,random,1,264.00,80.1
1461,random,0x19d411000,0x1b33e6000,0x2e7f7000,random,2,264.00,79.9
1462,random,0x19d411000,0x19b34d000,0x675c000,random,0,258.97,62.4
1462,random,0x19d411000,0x19b34d000,0x675c000,random,1,258.44,62.2
1462,random,0x19d411000,0x19b34d000,0x675c000,random,2,258.54,62.3
1463,random,0x19d411000,0x1b3d74000,0x2e965000,random,0,263.48,80.6
1463,random,0x19d411000,0x1b3d74000,0x2e965000,random,1,264.00,80.7
1463,random,0x19d411000,0x1b3d74000,0x2e965000,random,2,264.00,80.5
1464,random,0x19d411000,0x1a66e1000,0x3b2f0000,random,0,259.52,62.2
1464,random,0x19d411000,0x1a66e1000,0x3b2f0000,random,1,259.31,62.2
1464,random,0x19d411000,0x1a66e1000,0x3b2f0000,random,2,259.25,62.1
1465,random,0x19d411000,0x1a6b82000,0x3bf93000,random,0,263.31,80.5
1465,random,0x19d411000,0x1a6b82000,0x3bf93000,random,1,264.00,80.5
1465,random,0x19d411000,0x1a6b82000,0x3bf93000,random,2,264.00,80.4
1466,random,0x19d411000,0x1a9799000,0x34388000,random,0,259.52,62.2
1466,random,0x19d411000,0x1a9799000,0x34388000,random,1,259.23,62.0
1466,random,0x19d411000,0x1a9799000,0x34388000,random,2,259.31,62.2
1467,random,0x19d411000,0x18df58000,0x10b49000,random,0,263.43,80.6
1467,random,0x19d411000,0x18df58000,0x10b49000,random,1,264.00,80.5
1467,random,0x19d411000,0x18df58000,0x10b49000,random,2,264.00,80.6
1468,random,0x19d411000,0x1aabf0000,0x37fe1000,random,0,264.00,80.6
1468,random,0x19d411000,0x1aabf0000,0x37fe1000,random,1,264.00,80.6
1468,random,0x19d411000,0x1aabf0000,0x37fe1000,random,2,264.00,80.6
1469,random,0x19d411000,0x1a3230000,0x3e621000,random,0,264.00,80.0
1469,random,0x19d411000,0x1a3230000,0x3e621000,random,1,264.00,80.0
1469,random,0x19d411000,0x1a3230000,0x3e621000,random,2,264.00,79.9
1470,random,0x19d411000,0x18b1f4000,0x165e5000,random,0,264.00,80.0
1470,random,0x19d411000,0x18b1f4000,0x165e5000,random,1,264.00,80.0
1470,random,0x19d411000,0x18b1f4000,0x165e5000,random,2,264.00,79.8
1471,random,0x19d411000,0x18ea96000,0x13e87000,random,0,264.00,79.9
1471,random,0x19d411000,0x18ea96000,0x13e87000,random,1,264.00,80.0
1471,random,0x19d411000,0x18ea96000,0x13e87000,random,2,264.00,80.1
1472,random,0x19d411000,0xba029000,0x127438000,random,0,259.35,62.3
1472,random,0x19d411000,0xba029000,0x127438000,random,1,259.14,62.2
1472,random,0x19d411000,0xba029000,0x127438000,random,2,259.00,62.2
1473,random,0x19d411000,0x1a631d000,0x3b70c000,random,0,252.33,61.2
1473,random,0x19d411000,0x1a631d000,0x3b70c000,random,1,252.00,61.2
1473,random,0x19d411000,0x1a631d000,0x3b70c000,random,2,252.00,61.2
1474,random,0x19d411000,0x1a3ca6000,0x3e8b7000,random,0,262.56,80.1
1474,random,0x19d411000,0x1a3ca6000,0x3e8b7000,random,1,264.00,80.0
1474,random,0x19d411000,0x1a3ca6000,0x3e8b7000,random,2,264.00,79.8
1475,random,0x19d411000,0x1aea04000,0x33e15000,random,0,264.00,79.9
1475,random,0x19d411000,0x1aea04000,0x33e15000,random,1,264.00,80.0
1475,random,0x19d411000,0x1aea04000,0x33e15000,random,2,264.00,80.0
1476,random,0x19d411000,0x19df24000,0xb35000,random,0,264.00,80.0
1476,random,0x19d411000,0x19df24000,0xb35000,random,1,264.00,80.0
1476,random,0x19d411000,0x19df24000,0xb35000,random,2,264.00,80.1
1477,random,0x19d411000,0x196b73000,0xbf62000,random,0,264.00,80.5
1477,random,0x19d411000,0x196b73000,0xbf62000,random,1,264.00,80.5
1477,random,0x19d411000,0x196b73000,0xbf62000,random,2,264.00,80.5
1478,random,0x19d411000,0x18bd11000,0x16900000,random,0,259.32,62.3
1478,random,0x19d411000,0x18bd11000,0x16900000,random,1,258.94,62.4
1478,random,0x19d411000,0x18bd11000,0x16900000,random,2,258.85,62.4
1479,random,0x19d411000,0x186905000,0x1bd14000,random,0,257.37,61.6
1479,random,0x19d411000,0x186905000,0x1bd14000,random,1,256.92,61.8
1479,random,0x19d411000,0x186905000,0x1bd14000,random,2,257.07,61.8
1480,random,0x19d411000,0x1ae97c000,0x33d6d000,random,0,263.43,80.0
1480,random,0x19d411000,0x1ae97c000,0x33d6d000,random,1,264.00,80.0
1480,random,0x19d411000,0x1ae97c000,0x33d6d000,random,2,264.00,80.0
1481,random,0x19d411000,0x1a3e48000,0x3ea59000,random,0,264.00,80.6
1481,random,0x19d411000,0x1a3e48000,0x3ea59000,random,1,264.00,80.6
1481,random,0x19d411000,0x1a3e48000,0x3ea59000,random,2,264.00,80.6
1482,random,0x19d411000,0x194853000,0x9c42000,random,0,264.00,80.1
1482,random,0x19d411000,0x194853000,0x9c42000,random,1,264.00,80.0
1482,random,0x19d411000,0x194853000,0x9c42000,random,2,264.00,80.0
1483,random,0x19d411000,0x1a7341000,0x3a750000,random,0,259.00,62.2
1483,random,0x19d411000,0x1a7341000,0x3a750000,random,1,258.22,62.2
1483,random,0x19d411000,0x1a7341000,0x3a750000,random,2,258.54,62.4
1484,random,0x19d411000,0x1b7c32000,0x2a823000,random,0,263.32,80.0
1484,random,0x19d411000,0x1b7c32000,0x2a823000,random,1,264.00,80.1
1484,random,0x19d411000,0x1b7c32000,0x2a823000,random,2,264.00,80.0
1485,random,0x19d411000,0xbd959000,0x120d48000,random,0,254.92,61.2
1485,random,0x19d411000,0xbd959000,0x120d48000,random,1,254.24,61.2
1485,random,0x19d411000,0xbd959000,0x120d48000,random,2,253.73,61.2
1486,random,0x19d411000,0x1b57c9000,0x283d8000,random,0,257.68,62.3
1486,random,0x19d411000,0x1b57c9000,0x283d8000,random,1,258.29,62.1
1486,random,0x19d411000,0x1b57c9000,0x283d8000,random,2,258.72,62.4
1487,random,0x19d411000,0x190837000,0xdc26000,random,0,263.33,80.4
1487,random,0x19d411000,0x190837000,0xdc26000,random,1,264.00,80.3
1487,random,0x19d411000,0x190837000,0xdc26000,random,2,264.00,80.5
1488,random,0x19d411000,0xae5ee000,0x1331ff000,random,0,264.00,80.4
1488,random,0x19d411000,0xae5ee000,0x1331ff000,random,1,264.00,80.4
1488,random,0x19d411000,0xae5ee000,0x1331ff000,random,2,264.00,80.5
1489,random,0x19d411000,0x1b1ed3000,0x2cac2000,random,0,264.00,80.0
1489,random,0x19d411000,0x1b1ed3000,0x2cac2000,random,1,264.00,80.1
1489,random,0x19d411000,0x1b1ed3000,0x2cac2000,random,2,264.00,80.0
1490,random,0x19d411000,0x1a1aa1000,0x3ceb0000,random,0,259.33,62.1
1490,random,0x19d411000,0x1a1aa1000,0x3ceb0000,random,1,259.13,62.1
1490,random,0x19d411000,0x1a1aa1000,0x3ceb0000,random,2,258.95,62.0
1491,random,0x19d411000,0xba141000,0x127550000,random,0,258.45,62.3
1491,random,0x19d411000,0xba141000,0x127550000,random,1,258.62,62.3
1491,random,0x19d411000,0xba141000,0x127550000,random,2,258.80,62.1
1492,random,0x19d411000,0x1ae242000,0x33653000,random,0,263.31,80.0
1492,random,0x19d411000,0x1ae242000,0x33653000,random,1,264.00,80.0
1492,random,0x19d411000,0x1ae242000,0x33653000,random,2,264.00,80.0
1493,random,0x19d411000,0xac566000,0x131177000,random,0,264.00,80.4
1493,random,0x19d411000,0xac566000,0x131177000,random,1,264.00,80.4
1493,random,0x19d411000,0xac566000,0x131177000,random,2,264.00,80.4
1494,random,0x19d411000,0x1a9bd0000,0x34fc1000,random,0,264.00,80.5
1494,random,0x19d411000,0x1a9bd0000,0x34fc1000,random,1,264.00,80.5
1494,random,0x19d411000,0x1a9bd0000,0x34fc1000,random,2,264.00,80.4
1495,random,0x19d411000,0xb2305000,0x12f714000,random,0,259.01,61.8
1495,random,0x19d411000,0xb2305000,0x12f714000,random,1,258.33,61.7
1495,random,0x19d411000,0xb2305000,0x12f714000,random,2,258.39,61.6
1496,random,0x19d411000,0xb7f7b000,0x12ab6a000,random,0,263.50,80.6
1496,random,0x19d411000,0xb7f7b000,0x12ab6a000,random,1,264.00,80.6
1496,random,0x19d411000,0xb7f7b000,0x12ab6a000,random,2,264.00,80.6
1497,random,0x19d411000,0xb1bde000,0x12cfcf000,random,0,264.00,80.4
1497,random,0x19d411000,0xb1bde000,0x12cfcf000,random,1,264.00,80.4
1497,random,0x19d411000,0xb1bde000,0x12cfcf000,random,2,264.00,80.4
1498,random,0x19d411000,0x1a8915000,0x35d04000,random,0,259.42,62.2
1498,random,0x19d411000,0x1a8915000,0x35d04000,random,1,259.27,62.1
1498,random,0x19d411000,0x1a8915000,0x35d04000,random,2,259.10,62.2
1499,random,0x19d411000,0x1994c9000,0x40d8000,random,0,252.30,61.2
1499,random,0x19d411000,0x1994c9000,0x40d8000,random,1,252.00,61.2
1499,random,0x19d411000,0x1994c9000,0x40d8000,random,2,252.00,61.2
1500,random,0x19d411000,0x1b7ff2000,0x2abe3000,random,0,255.65,79.0
1500,random,0x19d411000,0x1b7ff2000,0x2abe3000,random,1,256.00,79.0
1500,random,0x19d411000,0x1b7ff2000,0x2abe3000,random,2,256.00,79.2
1501,random,0x19d411000,0x1b0c18000,0x2d809000,random,0,263.01,80.3
1501,random,0x19d411000,0x1b0c18000,0x2d809000,random,1,264.00,80.3
1501,random,0x19d411000,0x1b0c18000,0x2d809000,random,2,264.00,80.3
1502,random,0x19d411000,0x1a6c6f000,0x3b87e000,random,0,256.36,79.0
1502,random,0x19d411000,0x1a6c6f000,0x3b87e000,random,1,256.00,79.1
1502,random,0x19d411000,0x1a6c6f000,0x3b87e000,random,2,256.00,79.1
1503,random,0x19d411000,0x1ae08d000,0x3349c000,random,0,256.98,61.8
1503,random,0x19d411000,0x1ae08d000,0x3349c000,random,1,257.59,61.8
1503,random,0x19d411000,0x1ae08d000,0x3349c000,random,2,257.70,61.8
1504,random,0x19d411000,0x19e203000,0x3612000,random,0,263.32,79.9
1504,random,0x19d411000,0x19e203000,0x3612000,random,1,264.00,79.8
1504,random,0x19d411000,0x19e203000,0x3612000,random,2,264.00,80.1
1505,random,0x19d411000,0x18f7e4000,0x123f5000,random,0,264.00,80.0
1505,random,0x19d411000,0x18f7e4000,0x123f5000,random,1,264.00,80.0
1505,random,0x19d411000,0x18f7e4000,0x123f5000,random,2,264.00,80.0
1506,random,0x19d411000,0xbe27c000,0x12366d000,random,0,264.00,80.6
1506,random,0x19d411000,0xbe27c000,0x12366d000,random,1,264.00,80.5
1506,random,0x19d411000,0xbe27c000,0x12366d000,random,2,264.00,80.3
1507,random,0x19d411000,0xbd46c000,0x12007d000,random,0,264.00,80.6
1507,random,0x19d411000,0xbd46c000,0x12007d000,random,1,264.00,80.6
1507,random,0x19d411000,0xbd46c000,0x12007d000,random,2,264.00,80.6
1508,random,0x19d411000,0x1a7466000,0x3a077000,random,0,264.00,80.6
1508,random,0x19d411000,0x1a7466000,0x3a077000,random,1,264.00,80.3
1508,random,0x19d411000,0x1a7466000,0x3a077000,random,2,264.00,80.6
1509,random,0x19d411000,0x1ae781000,0x33390000,random,0,258.95,62.2
1509,random,0x19d411000,0x1ae781000,0x33390000,random,1,258.78,62.2
1509,random,0x19d411000,0x1ae781000,0x33390000,random,2,258.97,62.1
1510,random,0x19d411000,0x18820c000,0x1561d000,random,0,256.00,79.1
1510,random,0x19d411000,0x18820c000,0x1561d000,random,1,256.00,79.1
1510,random,0x19d411000,0x18820c000,0x1561d000,random,2,256.00,79.1
1511,random,0x19d411000,0x19d0b1000,0x4a0000,random,0,257.72,62.3
1511,random,0x19d411000,0x19d0b1000,0x4a0000,random,1,257.95,62.2
1511,random,0x19d411000,0x19d0b1000,0x4a0000,random,2,258.35,62.3
1512,random,0x19d411000,0x199953000,0x4d42000,random,0,262.60,80.0
1512,random,0x19d411000,0x199953000,0x4d42000,random,1,263.94,79.9
1512,random,0x19d411000,0x199953000,0x4d42000,random,2,263.91,79.9
1513,random,0x19d411000,0x19bf6e000,0x6b7f000,random,0,256.29,79.2
1513,random,0x19d411000,0x19bf6e000,0x6b7f000,random,1,256.00,79.3
1513,random,0x19d411000,0x19bf6e000,0x6b7f000,random,2,256.00,79.2
1514,random,0x19d411000,0xad5bb000,0x1301aa000,random,0,262.93,80.7
1514,random,0x19d411000,0xad5bb000,0x1301aa000,random,1,264.00,80.4
1514,random,0x19d411000,0xad5bb000,0x1301aa000,random,2,264.00,80.6
1515,random,0x19d411000,0x19a894000,0x7c85000,random,0,256.30,79.1
1515,random,0x19d411000,0x19a894000,0x7c85000,random,1,256.00,79.1
1515,random,0x19d411000,0x19a894000,0x7c85000,random,2,256.00,79.1
1516,random,0x19d411000,0x1a2b88000,0x3ff99000,random,0,262.28,80.1
1516,random,0x19d411000,0x1a2b88000,0x3ff99000,random,1,263.43,79.9
1516,random,0x19d411000,0x1a2b88000,0x3ff99000,random,2,263.95,79.9
1517,random,0x19d411000,0x189615000,0x14204000,random,0,258.26,62.3
1517,random,0x19d411000,0x189615000,0x14204000,random,1,257.37,62.4
1517,random,0x19d411000,0x189615000,0x14204000,random,2,257.41,62.3
1518,random,0x19d411000,0x1a9d20000,0x34931000,random,0,263.01,80.0
1518,random,0x19d411000,0x1a9d20000,0x34931000,random,1,263.99,80.0
1518,random,0x19d411000,0x1a9d20000,0x34931000,random,2,263.45,80.0
1519,random,0x19d411000,0x1add10000,0x30901000,random,0,263.14,80.0
1519,random,0x19d411000,0x1add10000,0x30901000,random,1,263.81,80.0
1519,random,0x19d411000,0x1add10000,0x30901000,random,2,263.04,79.8
1520,random,0x19d411000,0xbd596000,0x120187000,random,0,256.71,76.3
1520,random,0x19d411000,0xbd596000,0x120187000,random,1,256.00,76.3
1520,random,0x19d411000,0xbd596000,0x120187000,random,2,256.00,76.3
1521,random,0x19d411000,0x19074c000,0xd35d000,random,0,262.80,80.1
1521,random,0x19d411000,0x19074c000,0xd35d000,random,1,263.78,80.3
1521,random,0x19d411000,0x19074c000,0xd35d000,random,2,263.83,80.5
1522,random,0x19d411000,0x1a3b6c000,0x3ef7d000,random,0,263.57,80.5
1522,random,0x19d411000,0x1a3b6c000,0x3ef7d000,random,1,263.77,80.4
1522,random,0x19d411000,0x1a3b6c000,0x3ef7d000,random,2,263.47,80.3
1523,random,0x19d411000,0x1af708000,0x32319000,random,0,263.02,79.9
1523,random,0x19d411000,0x1af708000,0x32319000,random,1,262.56,79.9
1523,random,0x19d411000,0x1af708000,0x32319000,random,2,262.04,80.0
1524,random,0x19d411000,0xaf682000,0x132293000,random,0,263.17,80.1
1524,random,0x19d411000,0xaf682000,0x132293000,random,1,263.51,80.0
1524,random,0x19d411000,0xaf682000,0x132293000,random,2,263.32,80.0
1525,random,0x19d411000,0x1926c7000,0xf2d6000,random,0,263.10,79.9
1525,random,0x19d411000,0x1926c7000,0xf2d6000,random,1,261.93,80.0
1525,random,0x19d411000,0x1926c7000,0xf2d6000,random,2,262.26,80.0
1526,random,0x19d411000,0x191e83000,0xca92000,random,0,262.58,80.5
1526,random,0x19d411000,0x191e83000,0xca92000,random,1,262.73,80.3
1526,random,0x19d411000,0x191e83000,0xca92000,random,2,263.12,80.4
1527,random,0x19d411000,0x1b5832000,0x28c23000,random,0,263.07,80.0
1527,random,0x19d411000,0x1b5832000,0x28c23000,random,1,262.55,80.0
1527,random,0x19d411000,0x1b5832000,0x28c23000,random,2,262.24,80.0
1528,random,0x19d411000,0x1aba0f000,0x36e1e000,random,0,263.56,80.7
1528,random,0x19d411000,0x1aba0f000,0x36e1e000,random,1,263.97,80.7
1528,random,0x19d411000,0x1aba0f000,0x36e1e000,random,2,263.54,80.6
1529,random,0x19d411000,0xbdb44000,0x120f55000,random,0,263.05,80.6
1529,random,0x19d411000,0xbdb44000,0x120f55000,random,1,263.63,80.3
1529,random,0x19d411000,0xbdb44000,0x120f55000,random,2,263.52,80.5
1530,random,0x19d411000,0x1957ca000,0x83db000,random,0,261.43,79.8
1530,random,0x19d411000,0x1957ca000,0x83db000,random,1,262.07,80.1
1530,random,0x19d411000,0x1957ca000,0x83db000,random,2,262.28,80.0
1531,random,0x19d411000,0xba17e000,0x12756f000,random,0,263.48,80.6
1531,random,0x19d411000,0xba17e000,0x12756f000,random,1,263.13,80.6
1531,random,0x19d411000,0xba17e000,0x12756f000,random,2,263.49,80.6
1532,random,0x19d411000,0x1b138f000,0x2c79e000,random,0,261.70,80.0
1532,random,0x19d411000,0x1b138f000,0x2c79e000,random,1,261.57,80.0
1532,random,0x19d411000,0x1b138f000,0x2c79e000,random,2,261.56,79.9
1533,random,0x19d411000,0xbea34000,0x123e25000,random,0,256.43,76.2
1533,random,0x19d411000,0xbea34000,0x123e25000,random,1,256.00,76.2
1533,random,0x19d411000,0xbea34000,0x123e25000,random,2,256.00,76.1
1534,random,0x19d411000,0x1a3f26000,0x3eb37000,random,0,260.46,80.0
1534,random,0x19d411000,0x1a3f26000,0x3eb37000,random,1,261.76,79.9
1534,random,0x19d411000,0x1a3f26000,0x3eb37000,random,2,261.52,80.0
1535,random,0x19d411000,0x19611c000,0xb50d000,random,0,256.21,79.2
1535,random,0x19d411000,0x19611c000,0xb50d000,random,1,256.00,79.2
1535,random,0x19d411000,0x19611c000,0xb50d000,random,2,255.97,79.2
1536,random,0x19d411000,0xafa1b000,0x132e0a000,random,0,262.00,80.5
1536,random,0x19d411000,0xafa1b000,0x132e0a000,random,1,263.12,80.5
1536,random,0x19d411000,0xafa1b000,0x132e0a000,random,2,263.35,80.4
1537,random,0x19d411000,0xae86e000,0x133c7f000,random,0,263.16,80.4
1537,random,0x19d411000,0xae86e000,0x133c7f000,random,1,262.82,80.4
1537,random,0x19d411000,0xae86e000,0x133c7f000,random,2,263.09,80.2
1538,random,0x19d411000,0x199e22000,0x4a33000,random,0,261.66,80.5
1538,random,0x19d411000,0x199e22000,0x4a33000,random,1,261.71,80.4
1538,random,0x19d411000,0x199e22000,0x4a33000,random,2,262.24,80.4
1539,random,0x19d411000,0xbd23f000,0x12062e000,random,0,263.12,79.9
1539,random,0x19d411000,0xbd23f000,0x12062e000,random,1,262.87,80.0
1539,random,0x19d411000,0xbd23f000,0x12062e000,random,2,262.59,79.9
1540,random,0x19d411000,0x185e60000,0x18a71000,random,0,262.81,80.4
1540,random,0x19d411000,0x185e60000,0x18a71000,random,1,262.77,80.4
1540,random,0x19d411000,0x185e60000,0x18a71000,random,2,262.16,80.4
1541,random,0x19d411000,0x1a0d3e000,0x3d92f000,random,0,262.63,80.4
1541,random,0x19d411000,0x1a0d3e000,0x3d92f000,random,1,262.85,80.6
1541,random,0x19d411000,0x1a0d3e000,0x3d92f000,random,2,262.32,80.3
1542,random,0x19d411000,0x19c1aa000,0x15bb000,random,0,256.25,78.6
1542,random,0x19d411000,0x19c1aa000,0x15bb000,random,1,256.00,79.0
1542,random,0x19d411000,0x19c1aa000,0x15bb000,random,2,256.00,79.1
1543,random,0x19d411000,0x19c8c2000,0x1cd3000,random,0,261.58,80.6
1543,random,0x19d411000,0x19c8c2000,0x1cd3000,random,1,263.24,80.6
1543,random,0x19d411000,0x19c8c2000,0x1cd3000,random,2,263.31,80.5
1544,random,0x19d411000,0x1b7d35000,0x2a924000,random,0,252.55,61.2
1544,random,0x19d411000,0x1b7d35000,0x2a924000,random,1,252.00,61.2
1544,random,0x19d411000,0x1b7d35000,0x2a924000,random,2,252.00,61.2
1545,random,0x19d411000,0xbe3ad000,0x1237bc000,random,0,255.79,62.1
1545,random,0x19d411000,0xbe3ad000,0x1237bc000,random,1,256.00,62.1
1545,random,0x19d411000,0xbe3ad000,0x1237bc000,random,2,256.00,62.1
1546,random,0x19d411000,0xbc4b4000,0x1210a5000,random,0,256.00,76.1
1546,random,0x19d411000,0xbc4b4000,0x1210a5000,random,1,256.00,76.2
1546,random,0x19d411000,0xbc4b4000,0x1210a5000,random,2,256.00,76.3
1547,random,0x19d411000,0xb59f5000,0x128de4000,random,0,256.00,62.4
1547,random,0x19d411000,0xb59f5000,0x128de4000,random,1,256.00,62.5
1547,random,0x19d411000,0xb59f5000,0x128de4000,random,2,256.00,62.4
1548,random,0x19d411000,0x1ac49f000,0x3108e000,random,0,256.00,79.1
1548,random,0x19d411000,0x1ac49f000,0x3108e000,random,1,255.71,77.9
1548,random,0x19d411000,0x1ac49f000,0x3108e000,random,2,255.87,79.1
1549,random,0x19d411000,0xb72b3000,0x12a6a2000,random,0,261.60,80.5
1549,random,0x19d411000,0xb72b3000,0x12a6a2000,random,1,262.64,80.4
1549,random,0x19d411000,0xb72b3000,0x12a6a2000,random,2,262.42,80.5
1550,random,0x19d411000,0x1960ac000,0xb4bd000,random,0,263.83,80.7
1550,random,0x19d411000,0x1960ac000,0xb4bd000,random,1,263.85,80.2
1550,random,0x19d411000,0x1960ac000,0xb4bd000,random,2,263.93,80.5
1551,random,0x19d411000,0x1ada1f000,0x30e0e000,random,0,263.76,80.3
1551,random,0x19d411000,0x1ada1f000,0x30e0e000,random,1,263.33,80.5
1551,random,0x19d411000,0x1ada1f000,0x30e0e000,random,2,263.32,80.3
1552,random,0x19d411000,0x1b3eb0000,0x2eaa1000,random,0,256.25,79.1
1552,random,0x19d411000,0x1b3eb0000,0x2eaa1000,random,1,256.00,79.2
1552,random,0x19d411000,0x1b3eb0000,0x2eaa1000,random,2,256.00,79.2
1553,random,0x19d411000,0x19fd28000,0x2939000,random,0,261.06,79.9
1553,random,0x19d411000,0x19fd28000,0x2939000,random,1,261.43,79.9
1553,random,0x19d411000,0x19fd28000,0x2939000,random,2,262.08,80.0
1554,random,0x19d411000,0x1a5ff6000,0x38be7000,random,0,262.87,80.5
1554,random,0x19d411000,0x1a5ff6000,0x38be7000,random,1,263.27,80.2
1554,random,0x19d411000,0x1a5ff6000,0x38be7000,random,2,263.58,80.3
1555,random,0x19d411000,0x18df51000,0x10b40000,random,0,257.56,62.1
1555,random,0x19d411000,0x18df51000,0x10b40000,random,1,256.58,62.1
1555,random,0x19d411000,0x18df51000,0x10b40000,random,2,257.03,62.1
1556,random,0x19d411000,0x1922bd000,0xf6ac000,random,0,252.27,61.2
1556,random,0x19d411000,0x1922bd000,0xf6ac000,random,1,252.00,61.2
1556,random,0x19d411000,0x1922bd000,0xf6ac000,random,2,252.00,61.2
1557,random,0x19d411000,0xbcbff000,0x121fee000,random,0,262.00,80.4
1557,random,0x19d411000,0xbcbff000,0x121fee000,random,1,263.51,80.3
1557,random,0x19d411000,0xbcbff000,0x121fee000,random,2,263.81,80.4
1558,random,0x19d411000,0xadd46000,0x130957000,random,0,263.61,80.6
1558,random,0x19d411000,0xadd46000,0x130957000,random,1,263.83,80.6
1558,random,0x19d411000,0xadd46000,0x130957000,random,2,263.97,80.3
1559,random,0x19d411000,0x186c55000,0x1b844000,random,0,256.69,61.7
1559,random,0x19d411000,0x186c55000,0x1b844000,random,1,256.00,61.8
1559,random,0x19d411000,0x186c55000,0x1b844000,random,2,256.00,61.7
1560,random,0x19d411000,0x1b57b9000,0x283a8000,random,0,256.00,61.8
1560,random,0x19d411000,0x1b57b9000,0x283a8000,random,1,256.00,61.8
1560,random,0x19d411000,0x1b57b9000,0x283a8000,random,2,256.00,61.6
1561,random,0x19d411000,0x1a2fe6000,0x3fbf7000,random,0,262.70,80.5
1561,random,0x19d411000,0x1a2fe6000,0x3fbf7000,random,1,263.71,80.5
1561,random,0x19d411000,0x1a2fe6000,0x3fbf7000,random,2,263.33,80.4
1562,random,0x19d411000,0x1b0c74000,0x2d865000,random,0,263.57,80.6
1562,random,0x19d411000,0x1b0c74000,0x2d865000,random,1,263.98,80.5
1562,random,0x19d411000,0x1b0c74000,0x2d865000,random,2,263.80,80.4
1563,random,0x19d411000,0x1afad1000,0x32ec0000,random,0,252.58,61.1
1563,random,0x19d411000,0x1afad1000,0x32ec0000,random,1,252.00,61.2
1563,random,0x19d411000,0x1afad1000,0x32ec0000,random,2,252.00,61.2
1564,random,0x19d411000,0x1a53fe000,0x387ef000,random,0,262.38,80.7
1564,random,0x19d411000,0x1a53fe000,0x387ef000,random,1,263.81,80.6
1564,random,0x19d411000,0x1a53fe000,0x387ef000,random,2,263.73,80.6
1565,random,0x19d411000,0xb2407000,0x12f016000,random,0,256.48,76.3
1565,random,0x19d411000,0xb2407000,0x12f016000,random,1,256.00,76.3
1565,random,0x19d411000,0xb2407000,0x12f016000,random,2,256.00,76.3
1566,random,0x19d411000,0x18eabc000,0x13ead000,random,0,262.83,80.5
1566,random,0x19d411000,0x18eabc000,0x13ead000,random,1,263.72,80.5
1566,random,0x19d411000,0x18eabc000,0x13ead000,random,2,263.80,80.4
1567,random,0x19d411000,0x1b4107000,0x29516000,random,0,256.25,79.0
1567,random,0x19d411000,0x1b4107000,0x29516000,random,1,256.00,79.3
1567,random,0x19d411000,0x1b4107000,0x29516000,random,2,256.00,79.3
1568,random,0x19d411000,0x1a9388000,0x34799000,random,0,256.00,79.3
1568,random,0x19d411000,0x1a9388000,0x34799000,random,1,256.00,79.2
1568,random,0x19d411000,0x1a9388000,0x34799000,random,2,256.00,79.3
1569,random,0x19d411000,0x1a75ed000,0x3a1fc000,random,0,256.85,62.1
1569,random,0x19d411000,0x1a75ed000,0x3a1fc000,random,1,257.36,62.1
1569,random,0x19d411000,0x1a75ed000,0x3a1fc000,random,2,257.50,62.1
1570,random,0x19d411000,0x1b3201000,0x2e610000,random,0,252.25,61.2
1570,random,0x19d411000,0x1b3201000,0x2e610000,random,1,252.00,61.2
1570,random,0x19d411000,0x1b3201000,0x2e610000,random,2,252.00,61.2
1571,random,0x19d411000,0x1ac2f7000,0x316e6000,random,0,261.27,79.9
1571,random,0x19d411000,0x1ac2f7000,0x316e6000,random,1,262.71,79.8
1571,random,0x19d411000,0x1ac2f7000,0x316e6000,random,2,262.65,80.0
1572,random,0x19d411000,0x18d2b4000,0x106a5000,random,0,263.97,80.4
1572,random,0x19d411000,0x18d2b4000,0x106a5000,random,1,263.89,80.4
1572,random,0x19d411000,0x18d2b4000,0x106a5000,random,2,263.93,80.5
1573,random,0x19d411000,0x195f34000,0x8b25000,random,0,256.30,78.7
1573,random,0x19d411000,0x195f34000,0x8b25000,random,1,256.00,79.1
1573,random,0x19d411000,0x195f34000,0x8b25000,random,2,256.00,79.1
1574,random,0x19d411000,0xaed6d000,0x13397c000,random,0,256.06,62.4
1574,random,0x19d411000,0xaed6d000,0x13397c000,random,1,256.74,62.3
1574,random,0x19d411000,0xaed6d000,0x13397c000,random,2,256.92,62.3
1575,random,0x19d411000,0x18dbf9000,0x10fe8000,random,0,256.05,61.8
1575,random,0x19d411000,0x18dbf9000,0x10fe8000,random,1,256.00,61.7
1575,random,0x19d411000,0x18dbf9000,0x10fe8000,random,2,256.00,61.8
1576,random,0x19d411000,0x184c38000,0x19829000,random,0,263.06,80.6
1576,random,0x19d411000,0x184c38000,0x19829000,random,1,264.00,80.6
1576,random,0x19d411000,0x184c38000,0x19829000,random,2,264.00,80.7
1577,random,0x19d411000,0xadb0f000,0x130f1e000,random,0,256.51,76.3
1577,random,0x19d411000,0xadb0f000,0x130f1e000,random,1,256.00,76.3
1577,random,0x19d411000,0xadb0f000,0x130f1e000,random,2,256.00,76.3
1578,random,0x19d411000,0x1ae11c000,0x3350d000,random,0,256.00,79.3
1578,random,0x19d411000,0x1ae11c000,0x3350d000,random,1,256.00,79.3
1578,random,0x19d411000,0x1ae11c000,0x3350d000,random,2,256.00,79.3
1579,random,0x19d411000,0x1ae1e6000,0x335f7000,random,0,262.10,79.9
1579,random,0x19d411000,0x1ae1e6000,0x335f7000,random,1,263.00,79.8
1579,random,0x19d411000,0x1ae1e6000,0x335f7000,random,2,263.40,79.7
1580,random,0x19d411000,0x1af7da000,0x323cb000,random,0,263.99,80.4
1580,random,0x19d411000,0x1af7da000,0x323cb000,random,1,263.88,80.4
1580,random,0x19d411000,0x1af7da000,0x323cb000,random,2,263.84,80.3
1581,random,0x19d411000,0x18d151000,0x10540000,random,0,257.41,62.0
1581,random,0x19d411000,0x18d151000,0x10540000,random,1,257.08,62.1
1581,random,0x19d411000,0x18d151000,0x10540000,random,2,257.11,62.2
1582,random,0x19d411000,0x1a4ad4000,0x39ec5000,random,0,261.92,80.0
1582,random,0x19d411000,0x1a4ad4000,0x39ec5000,random,1,262.91,80.1
1582,random,0x19d411000,0x1a4ad4000,0x39ec5000,random,2,262.66,80.0
1583,random,0x19d411000,0x1ac613000,0x31202000,random,0,256.24,79.1
1583,random,0x19d411000,0x1ac613000,0x31202000,random,1,256.00,78.3
1583,random,0x19d411000,0x1ac613000,0x31202000,random,2,256.00,78.2
1584,random,0x19d411000,0xadfdb000,0x130bca000,random,0,262.86,80.3
1584,random,0x19d411000,0xadfdb000,0x130bca000,random,1,263.95,80.6
1584,random,0x19d411000,0xadfdb000,0x130bca000,random,2,264.00,80.5
1585,random,0x19d411000,0x18fa52000,0x12e43000,random,0,256.30,79.3
1585,random,0x19d411000,0x18fa52000,0x12e43000,random,1,256.00,79.3
1585,random,0x19d411000,0x18fa52000,0x12e43000,random,2,256.00,79.2
1586,random,0x19d411000,0xbec06000,0x123817000,random,0,262.53,80.1
1586,random,0x19d411000,0xbec06000,0x123817000,random,1,263.78,80.0
1586,random,0x19d411000,0xbec06000,0x123817000,random,2,263.73,80.0
1587,random,0x19d411000,0x1b6dcf000,0x2b9de000,random,0,256.27,79.2
1587,random,0x19d411000,0x1b6dcf000,0x2b9de000,random,1,256.00,78.8
1587,random,0x19d411000,0x1b6dcf000,0x2b9de000,random,2,256.00,79.2
1588,random,0x19d411000,0x18d964000,0x10d75000,random,0,262.03,79.9
1588,random,0x19d411000,0x18d964000,0x10d75000,random,1,262.94,80.0
1588,random,0x19d411000,0x18d964000,0x10d75000,random,2,263.04,80.0
1589,random,0x19d411000,0x18cc50000,0x11841000,random,0,262.92,80.1
1589,random,0x19d411000,0x18cc50000,0x11841000,random,1,263.68,80.1
1589,random,0x19d411000,0x18cc50000,0x11841000,random,2,262.88,79.9
1590,random,0x19d411000,0xbe511000,0x123100000,random,0,257.59,62.4
1590,random,0x19d411000,0xbe511000,0x123100000,random,1,257.62,62.4
1590,random,0x19d411000,0xbe511000,0x123100000,random,2,257.60,62.4
1591,random,0x19d411000,0xadb3f000,0x130f2e000,random,0,263.20,80.5
1591,random,0x19d411000,0xadb3f000,0x130f2e000,random,1,264.00,80.3
1591,random,0x19d411000,0xadb3f000,0x130f2e000,random,2,264.00,80.3
1592,random,0x19d411000,0xba06e000,0x12747f000,random,0,264.00,80.1
1592,random,0x19d411000,0xba06e000,0x12747f000,random,1,264.00,80.0
1592,random,0x19d411000,0xba06e000,0x12747f000,random,2,263.86,80.0
1593,random,0x19d411000,0xb2414000,0x12f005000,random,0,263.94,80.0
1593,random,0x19d411000,0xb2414000,0x12f005000,random,1,263.61,80.0
1593,random,0x19d411000,0xb2414000,0x12f005000,random,2,263.99,80.1
1594,random,0x19d411000,0x184a47000,0x19e56000,random,0,262.88,79.9
1594,random,0x19d411000,0x184a47000,0x19e56000,random,1,262.83,80.1
1594,random,0x19d411000,0x184a47000,0x19e56000,random,2,263.06,80.0
1595,random,0x19d411000,0x199412000,0x4003000,random,0,264.00,80.7
1595,random,0x19d411000,0x199412000,0x4003000,random,1,264.00,80.8
1595,random,0x19d411000,0x199412000,0x4003000,random,2,264.00,80.7
1596,random,0x19d411000,0x1b46a9000,0x292b8000,random,0,257.41,62.3
1596,random,0x19d411000,0x1b46a9000,0x292b8000,random,1,257.47,62.0
1596,random,0x19d411000,0x1b46a9000,0x292b8000,random,2,257.15,62.4
1597,random,0x19d411000,0x190612000,0xd203000,random,0,263.19,80.4
1597,random,0x19d411000,0x190612000,0xd203000,random,1,263.05,80.1
1597,random,0x19d411000,0x190612000,0xd203000,random,2,264.00,80.5
1598,random,0x19d411000,0x1940a3000,0x94b2000,random,0,264.00,80.7
1598,random,0x19d411000,0x1940a3000,0x94b2000,random,1,264.00,80.7
1598,random,0x19d411000,0x1940a3000,0x94b2000,random,2,263.98,80.6
1599,random,0x19d411000,0x1a6900000,0x3bd11000,random,0,262.87,79.9
1599,random,0x19d411000,0x1a6900000,0x3bd11000,random,1,263.52,80.1
1599,random,0x19d411000,0x1a6900000,0x3bd11000,random,2,262.75,80.1
1600,random,0x19d411000,0x1b4d0f000,0x2991e000,random,0,263.08,80.1
1600,random,0x19d411000,0x1b4d0f000,0x2991e000,random,1,263.46,80.0
1600,random,0x19d411000,0x1b4d0f000,0x2991e000,random,2,262.91,79.7
1601,random,0x19d411000,0xaf10f000,0x13251e000,random,0,256.82,76.2
1601,random,0x19d411000,0xaf10f000,0x13251e000,random,1,256.00,76.3
1601,random,0x19d411000,0xaf10f000,0x13251e000,random,2,256.00,76.2
1602,random,0x19d411000,0x199f80000,0x4b91000,random,0,256.00,79.3
1602,random,0x19d411000,0x199f80000,0x4b91000,random,1,256.00,79.3
1602,random,0x19d411000,0x199f80000,0x4b91000,random,2,256.00,79.3
1603,random,0x19d411000,0xad58c000,0x13019d000,random,0,262.95,80.4
1603,random,0x19d411000,0xad58c000,0x13019d000,random,1,264.00,80.5
1603,random,0x19d411000,0xad58c000,0x13019d000,random,2,264.00,80.4
1604,random,0x19d411000,0x1a71b6000,0x3a5a7000,random,0,256.29,79.1
1604,random,0x19d411000,0x1a71b6000,0x3a5a7000,random,1,256.00,79.1
1604,random,0x19d411000,0x1a71b6000,0x3a5a7000,random,2,256.00,78.4
1605,random,0x19d411000,0x1a8318000,0x35709000,random,0,262.89,80.4
1605,random,0x19d411000,0x1a8318000,0x35709000,random,1,263.90,80.4
1605,random,0x19d411000,0x1a8318000,0x35709000,random,2,263.92,80.3
1606,random,0x19d411000,0x195b9a000,0x8f8b000,random,0,263.90,79.8
1606,random,0x19d411000,0x195b9a000,0x8f8b000,random,1,263.61,80.1
1606,random,0x19d411000,0x195b9a000,0x8f8b000,random,2,263.91,80.0
1607,random,0x19d411000,0x1a8eff000,0x35aee000,random,0,264.00,80.4
1607,random,0x19d411000,0x1a8eff000,0x35aee000,random,1,264.00,80.5
1607,random,0x19d411000,0x1a8eff000,0x35aee000,random,2,264.00,80.4
1608,random,0x19d411000,0x1b149e000,0x2c08f000,random,0,263.87,80.1
1608,random,0x19d411000,0x1b149e000,0x2c08f000,random,1,263.29,80.0
1608,random,0x19d411000,0x1b149e000,0x2c08f000,random,2,263.41,80.0
1609,random,0x19d411000,0x18cc3f000,0x1182e000,random,0,263.67,79.8
1609,random,0x19d411000,0x18cc3f000,0x1182e000,random,1,263.55,79.9
1609,random,0x19d411000,0x18cc3f000,0x1182e000,random,2,263.64,80.0
1610,random,0x19d411000,0xb308d000,0x12e49c000,random,0,253.32,61.2
1610,random,0x19d411000,0xb308d000,0x12e49c000,random,1,252.00,61.2
1610,random,0x19d411000,0xb308d000,0x12e49c000,random,2,252.00,61.2
1611,random,0x19d411000,0x1a9b47000,0x34f56000,random,0,262.79,80.6
1611,random,0x19d411000,0x1a9b47000,0x34f56000,random,1,264.00,80.5
1611,random,0x19d411000,0x1a9b47000,0x34f56000,random,2,264.00,80.6
1612,random,0x19d411000,0x196e9e000,0xba8f000,random,0,256.30,79.1
1612,random,0x19d411000,0x196e9e000,0xba8f000,random,1,256.00,79.1
1612,random,0x19d411000,0x196e9e000,0xba8f000,random,2,256.00,79.1
1613,random,0x19d411000,0x189a11000,0x14e00000,random,0,256.00,61.7
1613,random,0x19d411000,0x189a11000,0x14e00000,random,1,256.21,61.6
1613,random,0x19d411000,0x189a11000,0x14e00000,random,2,256.36,61.8
1614,random,0x19d411000,0xb2b35000,0x12ff24000,random,0,257.52,61.8
1614,random,0x19d411000,0xb2b35000,0x12ff24000,random,1,257.58,61.8
1614,random,0x19d411000,0xb2b35000,0x12ff24000,random,2,257.17,61.8
1615,random,0x19d411000,0x1a4cf6000,0x398e7000,random,0,256.00,79.2
1615,random,0x19d411000,0x1a4cf6000,0x398e7000,random,1,256.00,79.3
1615,random,0x19d411000,0x1a4cf6000,0x398e7000,random,2,256.00,79.3
1616,random,0x19d411000,0x196572000,0xb163000,random,0,262.86,80.3
1616,random,0x19d411000,0x196572000,0xb163000,random,1,264.00,80.6
1616,random,0x19d411000,0x196572000,0xb163000,random,2,264.00,80.7
1617,random,0x19d411000,0x19da26000,0xe37000,random,0,264.00,80.1
1617,random,0x19d411000,0x19da26000,0xe37000,random,1,264.00,79.8
1617,random,0x19d411000,0x19da26000,0xe37000,random,2,264.00,80.1
1618,random,0x19d411000,0x189d94000,0x14985000,random,0,256.30,79.3
1618,random,0x19d411000,0x189d94000,0x14985000,random,1,256.00,79.3
1618,random,0x19d411000,0x189d94000,0x14985000,random,2,256.00,79.2
1619,random,0x19d411000,0x1a4fe6000,0x39bf7000,random,0,263.00,80.6
1619,random,0x19d411000,0x1a4fe6000,0x39bf7000,random,1,264.00,80.6
1619,random,0x19d411000,0x1a4fe6000,0x39bf7000,random,2,264.00,80.5
1620,random,0x19d411000,0x1a9386000,0x34797000,random,0,264.00,80.7
1620,random,0x19d411000,0x1a9386000,0x34797000,random,1,264.00,80.6
1620,random,0x19d411000,0x1a9386000,0x34797000,random,2,264.00,80.5
1621,random,0x19d411000,0x1aadd5000,0x379c4000,random,0,257.13,61.8
1621,random,0x19d411000,0x1aadd5000,0x379c4000,random,1,256.78,61.8
1621,random,0x19d411000,0x1aadd5000,0x379c4000,random,2,256.22,61.6
1622,random,0x19d411000,0x1ae0e1000,0x334f0000,random,0,252.29,61.2
1622,random,0x19d411000,0x1ae0e1000,0x334f0000,random,1,252.00,61.2
1622,random,0x19d411000,0x1ae0e1000,0x334f0000,random,2,252.00,61.2
1623,random,0x19d411000,0x19d39a000,0x78b000,random,0,262.60,80.4
1623,random,0x19d411000,0x19d39a000,0x78b000,random,1,264.00,80.4
1623,random,0x19d411000,0x19d39a000,0x78b000,random,2,264.00,80.4
1624,random,0x19d411000,0x18d7d5000,0x103c4000,random,0,252.61,61.2
1624,random,0x19d411000,0x18d7d5000,0x103c4000,random,1,252.00,61.2
1624,random,0x19d411000,0x18d7d5000,0x103c4000,random,2,252.00,61.2
1625,random,0x19d411000,0x1afc37000,0x32826000,random,0,262.30,80.0
1625,random,0x19d411000,0x1afc37000,0x32826000,random,1,263.98,80.1
1625,random,0x19d411000,0x1afc37000,0x32826000,random,2,264.00,79.8
1626,random,0x19d411000,0x1b30bb000,0x2e4aa000,random,0,263.97,79.9
1626,random,0x19d411000,0x1b30bb000,0x2e4aa000,random,1,264.00,80.0
1626,random,0x19d411000,0x1b30bb000,0x2e4aa000,random,2,263.99,79.9
1627,random,0x19d411000,0x18ad4d000,0x1795c000,random,0,252.61,61.2
1627,random,0x19d411000,0x18ad4d000,0x1795c000,random,1,252.00,61.2
1627,random,0x19d411000,0x18ad4d000,0x1795c000,random,2,252.00,61.2
1628,random,0x19d411000,0x189119000,0x14508000,random,0,252.00,61.2
1628,random,0x19d411000,0x189119000,0x14508000,random,1,252.00,61.2
1628,random,0x19d411000,0x189119000,0x14508000,random,2,252.00,61.2
1629,random,0x19d411000,0x19002d000,0xd43c000,random,0,256.09,61.8
1629,random,0x19d411000,0x19002d000,0xd43c000,random,1,256.63,61.8
1629,random,0x19d411000,0x19002d000,0xd43c000,random,2,256.18,61.8
1630,random,0x19d411000,0x1ae75c000,0x3334d000,random,0,263.45,80.4
1630,random,0x19d411000,0x1ae75c000,0x3334d000,random,1,264.00,80.6
1630,random,0x19d411000,0x1ae75c000,0x3334d000,random,2,264.00,80.6
1631,random,0x19d411000,0xbefa7000,0x123bb6000,random,0,264.00,80.5
1631,random,0x19d411000,0xbefa7000,0x123bb6000,random,1,264.00,80.8
1631,random,0x19d411000,0xbefa7000,0x123bb6000,random,2,264.00,80.6
1632,random,0x19d411000,0x1a1369000,0x3c778000,random,0,256.92,61.8
1632,random,0x19d411000,0x1a1369000,0x3c778000,random,1,256.01,61.8
1632,random,0x19d411000,0x1a1369000,0x3c778000,random,2,256.25,61.8
1633,random,0x19d411000,0x18f266000,0x12677000,random,0,263.20,80.4
1633,random,0x19d411000,0x18f266000,0x12677000,random,1,264.00,80.5
1633,random,0x19d411000,0x18f266000,0x12677000,random,2,264.00,80.4
1634,random,0x19d411000,0x18ed53000,0x13942000,random,0,263.66,79.9
1634,random,0x19d411000,0x18ed53000,0x13942000,random,1,263.96,79.9
1634,random,0x19d411000,0x18ed53000,0x13942000,random,2,263.65,79.9
1635,random,0x19d411000,0xae224000,0x133635000,random,0,263.99,80.0
1635,random,0x19d411000,0xae224000,0x133635000,random,1,264.00,80.1
1635,random,0x19d411000,0xae224000,0x133635000,random,2,264.00,80.0
1636,random,0x19d411000,0x1b468d000,0x2929c000,random,0,258.24,62.4
1636,random,0x19d411000,0x1b468d000,0x2929c000,random,1,257.56,62.4
1636,random,0x19d411000,0x1b468d000,0x2929c000,random,2,257.89,62.5
1637,random,0x19d411000,0x1a59fd000,0x38dec000,random,0,257.55,61.8
1637,random,0x19d411000,0x1a59fd000,0x38dec000,random,1,257.41,61.8
1637,random,0x19d411000,0x1a59fd000,0x38dec000,random,2,257.23,61.8
1638,random,0x19d411000,0x1b33fd000,0x2e7ec000,random,0,252.30,61.2
1638,random,0x19d411000,0x1b33fd000,0x2e7ec000,random,1,252.00,61.0
1638,random,0x19d411000,0x1b33fd000,0x2e7ec000,random,2,252.00,61.2
1639,random,0x19d411000,0x1ae9f9000,0x33de8000,random,0,252.00,61.2
1639,random,0x19d411000,0x1ae9f9000,0x33de8000,random,1,252.00,61.2
1639,random,0x19d411000,0x1ae9f9000,0x33de8000,random,2,252.00,61.2
1640,random,0x19d411000,0x1af74a000,0x3235b000,random,0,261.83,79.9
1640,random,0x19d411000,0x1af74a000,0x3235b000,random,1,263.75,80.0
1640,random,0x19d411000,0x1af74a000,0x3235b000,random,2,263.60,80.0
1641,random,0x19d411000,0x19a73a000,0x732b000,random,0,256.29,79.0
1641,random,0x19d411000,0x19a73a000,0x732b000,random,1,256.00,79.1
1641,random,0x19d411000,0x19a73a000,0x732b000,random,2,256.00,79.1
1642,random,0x19d411000,0x1a14c9000,0x3c0d8000,random,0,252.08,61.2
1642,random,0x19d411000,0x1a14c9000,0x3c0d8000,random,1,252.00,61.1
1642,random,0x19d411000,0x1a14c9000,0x3c0d8000,random,2,252.00,61.1
1643,random,0x19d411000,0xaed13000,0x133902000,random,0,262.57,80.3
1643,random,0x19d411000,0xaed13000,0x133902000,random,1,264.00,80.5
1643,random,0x19d411000,0xaed13000,0x133902000,random,2,264.00,80.2
1644,random,0x19d411000,0x1a2e5b000,0x3fa4a000,random,0,264.00,80.7
1644,random,0x19d411000,0x1a2e5b000,0x3fa4a000,random,1,264.00,80.6
1644,random,0x19d411000,0x1a2e5b000,0x3fa4a000,random,2,264.00,80.6
1645,random,0x19d411000,0x18547c000,0x1806d000,random,0,264.00,80.5
1645,random,0x19d411000,0x18547c000,0x1806d000,random,1,264.00,80.7
1645,random,0x19d411000,0x18547c000,0x1806d000,random,2,264.00,80.6
1646,random,0x19d411000,0xbb801000,0x126c10000,random,0,258.59,62.4
1646,random,0x19d411000,0xbb801000,0x126c10000,random,1,257.77,62.4
1646,random,0x19d411000,0xbb801000,0x126c10000,random,2,258.54,62.2
1647,random,0x19d411000,0x1b64dc000,0x2b0cd000,random,0,263.05,80.0
1647,random,0x19d411000,0x1b64dc000,0x2b0cd000,random,1,263.86,80.0
1647,random,0x19d411000,0x1b64dc000,0x2b0cd000,random,2,264.00,80.0
1648,random,0x19d411000,0x1a1bb1000,0x3cfa0000,random,0,257.24,61.8
1648,random,0x19d411000,0x1a1bb1000,0x3cfa0000,random,1,256.72,61.8
1648,random,0x19d411000,0x1a1bb1000,0x3cfa0000,random,2,256.75,61.8
1649,random,0x19d411000,0x1b77da000,0x2a3cb000,random,0,256.00,79.2
1649,random,0x19d411000,0x1b77da000,0x2a3cb000,random,1,256.00,79.2
1649,random,0x19d411000,0x1b77da000,0x2a3cb000,random,2,256.00,78.9
1650,random,0x19d411000,0x1a4392000,0x39783000,random,0,262.97,80.5
1650,random,0x19d411000,0x1a4392000,0x39783000,random,1,264.00,80.6
1650,random,0x19d411000,0x1a4392000,0x39783000,random,2,264.00,80.6
1651,random,0x19d411000,0x18fe06000,0x12a17000,random,0,256.31,78.9
1651,random,0x19d411000,0x18fe06000,0x12a17000,random,1,256.00,79.3
1651,random,0x19d411000,0x18fe06000,0x12a17000,random,2,256.00,79.3
1652,random,0x19d411000,0x1abebf000,0x36aae000,random,0,262.96,80.1
1652,random,0x19d411000,0x1abebf000,0x36aae000,random,1,264.00,80.1
1652,random,0x19d411000,0x1abebf000,0x36aae000,random,2,263.93,80.0
1653,random,0x19d411000,0x1997fc000,0x43ed000,random,0,264.00,80.6
1653,random,0x19d411000,0x1997fc000,0x43ed000,random,1,264.00,80.7
1653,random,0x19d411000,0x1997fc000,0x43ed000,random,2,264.00,80.7
1654,random,0x19d411000,0x1abeb0000,0x36aa1000,random,0,264.00,80.5
1654,random,0x19d411000,0x1abeb0000,0x36aa1000,random,1,264.00,80.4
1654,random,0x19d411000,0x1abeb0000,0x36aa1000,random,2,264.00,80.4
1655,random,0x19d411000,0x1b67a3000,0x2b3b2000,random,0,264.00,80.2
1655,random,0x19d411000,0x1b67a3000,0x2b3b2000,random,1,264.00,80.3
1655,random,0x19d411000,0x1b67a3000,0x2b3b2000,random,2,264.00,80.5
1656,random,0x19d411000,0xaf015000,0x132404000,random,0,259.16,62.1
1656,random,0x19d411000,0xaf015000,0x132404000,random,1,258.69,62.1
1656,random,0x19d411000,0xaf015000,0x132404000,random,2,258.89,62.2
1657,random,0x19d411000,0xb8691000,0x125280000,random,0,258.71,62.2
1657,random,0x19d411000,0xb8691000,0x125280000,random,1,258.68,62.2
1657,random,0x19d411000,0xb8691000,0x125280000,random,2,258.61,62.1
1658,random,0x19d411000,0xad202000,0x130613000,random,0,263.29,80.4
1658,random,0x19d411000,0xad202000,0x130613000,random,1,264.00,80.5
1658,random,0x19d411000,0xad202000,0x130613000,random,2,264.00,80.3
1659,random,0x19d411000,0x1961e6000,0xb5f7000,random,0,264.00,80.1
1659,random,0x19d411000,0x1961e6000,0xb5f7000,random,1,264.00,79.8
1659,random,0x19d411000,0x1961e6000,0xb5f7000,random,2,264.00,79.9
1660,random,0x19d411000,0xbcbed000,0x121ffc000,random,0,258.82,62.1
1660,random,0x19d411000,0xbcbed000,0x121ffc000,random,1,259.14,62.2
1660,random,0x19d411000,0xbcbed000,0x121ffc000,random,2,258.96,62.2
1661,random,0x19d411000,0x1b5ce5000,0x288f4000,random,0,259.10,62.2
1661,random,0x19d411000,0x1b5ce5000,0x288f4000,random,1,258.78,62.2
1661,random,0x19d411000,0x1b5ce5000,0x288f4000,random,2,258.88,62.1
1662,random,0x19d411000,0x19c3ec000,0x17fd000,random,0,263.25,80.7
1662,random,0x19d411000,0x19c3ec000,0x17fd000,random,1,264.00,80.5
1662,random,0x19d411000,0x19c3ec000,0x17fd000,random,2,264.00,80.4
1663,random,0x19d411000,0x19d669000,0x278000,random,0,258.76,62.3
1663,random,0x19d411000,0x19d669000,0x278000,random,1,258.54,62.4
1663,random,0x19d411000,0x19d669000,0x278000,random,2,258.57,62.2
1664,random,0x19d411000,0x18de19000,0x10a08000,random,0,252.29,61.2
1664,random,0x19d411000,0x18de19000,0x10a08000,random,1,252.00,61.2
1664,random,0x19d411000,0x18de19000,0x10a08000,random,2,252.00,61.2
1665,random,0x19d411000,0x1a9e4e000,0x34a5f000,random,0,262.54,80.4
1665,random,0x19d411000,0x1a9e4e000,0x34a5f000,random,1,264.00,80.4
1665,random,0x19d411000,0x1a9e4e000,0x34a5f000,random,2,264.00,80.4
1666,random,0x19d411000,0x1a9766000,0x34377000,random,0,256.30,79.3
1666,random,0x19d411000,0x1a9766000,0x34377000,random,1,256.00,79.2
1666,random,0x19d411000,0x1a9766000,0x34377000,random,2,256.00,79.3
1667,random,0x19d411000,0x18b375000,0x16764000,random,0,258.33,62.1
1667,random,0x19d411000,0x18b375000,0x16764000,random,1,259.17,62.2
1667,random,0x19d411000,0x18b375000,0x16764000,random,2,258.92,62.0
1668,random,0x19d411000,0xb0816000,0x12dc07000,random,0,263.41,80.5
1668,random,0x19d411000,0xb0816000,0x12dc07000,random,1,264.00,80.5
1668,random,0x19d411000,0xb0816000,0x12dc07000,random,2,264.00,80.5
1669,random,0x19d411000,0x1a5aed000,0x38efc000,random,0,258.65,62.4
1669,random,0x19d411000,0x1a5aed000,0x38efc000,random,1,258.22,62.4
1669,random,0x19d411000,0x1a5aed000,0x38efc000,random,2,258.11,62.4
1670,random,0x19d411000,0xb828f000,0x12569e000,random,0,263.36,80.5
1670,random,0x19d411000,0xb828f000,0x12569e000,random,1,264.00,80.6
1670,random,0x19d411000,0xb828f000,0x12569e000,random,2,264.00,80.5
1671,random,0x19d411000,0x18cdee000,0x119ff000,random,0,263.85,80.1
1671,random,0x19d411000,0x18cdee000,0x119ff000,random,1,264.00,80.1
1671,random,0x19d411000,0x18cdee000,0x119ff000,random,2,264.00,80.0
1672,random,0x19d411000,0xbefa6000,0x123bb7000,random,0,264.00,80.3
1672,random,0x19d411000,0xbefa6000,0x123bb7000,random,1,264.00,80.5
1672,random,0x19d411000,0xbefa6000,0x123bb7000,random,2,264.00,80.5
1673,random,0x19d411000,0x1a12d0000,0x3c6c1000,random,0,264.00,80.2
1673,random,0x19d411000,0x1a12d0000,0x3c6c1000,random,1,264.00,80.4
1673,random,0x19d411000,0x1a12d0000,0x3c6c1000,random,2,264.00,80.4
1674,random,0x19d411000,0xb21b2000,0x12f5a3000,random,0,264.00,80.5
1674,random,0x19d411000,0xb21b2000,0x12f5a3000,random,1,264.00,80.3
1674,random,0x19d411000,0xb21b2000,0x12f5a3000,random,2,264.00,80.3
1675,random,0x19d411000,0xb7c5f000,0x12a84e000,random,0,257.75,76.2
1675,random,0x19d411000,0xb7c5f000,0x12a84e000,random,1,256.96,76.3
1675,random,0x19d411000,0xb7c5f000,0x12a84e000,random,2,256.95,76.3
1676,random,0x19d411000,0x1a385b000,0x3ec4a000,random,0,256.00,79.0
1676,random,0x19d411000,0x1a385b000,0x3ec4a000,random,1,256.00,79.1
1676,random,0x19d411000,0x1a385b000,0x3ec4a000,random,2,256.00,78.6
1677,random,0x19d411000,0xb02a0000,0x12d6b1000,random,0,262.83,80.5
1677,random,0x19d411000,0xb02a0000,0x12d6b1000,random,1,264.00,80.7
1677,random,0x19d411000,0xb02a0000,0x12d6b1000,random,2,264.00,80.7
1678,random,0x19d411000,0x1a60c5000,0x3b4d4000,random,0,257.11,61.8
1678,random,0x19d411000,0x1a60c5000,0x3b4d4000,random,1,256.75,61.8
1678,random,0x19d411000,0x1a60c5000,0x3b4d4000,random,2,257.01,61.8
1679,random,0x19d411000,0x18a2db000,0x176ca000,random,0,263.34,80.4
1679,random,0x19d411000,0x18a2db000,0x176ca000,random,1,264.00,80.3
1679,random,0x19d411000,0x18a2db000,0x176ca000,random,2,264.00,80.3
1680,random,0x19d411000,0x19479f000,0x938e000,random,0,264.00,80.7
1680,random,0x19d411000,0x19479f000,0x938e000,random,1,264.00,80.3
1680,random,0x19d411000,0x19479f000,0x938e000,random,2,264.00,80.6
1681,random,0x19d411000,0x18f3e0000,0x127f1000,random,0,256.32,79.1
1681,random,0x19d411000,0x18f3e0000,0x127f1000,random,1,256.00,79.0
1681,random,0x19d411000,0x18f3e0000,0x127f1000,random,2,256.00,79.1
1682,random,0x19d411000,0x1995f1000,0x41e0000,random,0,252.07,61.2
1682,random,0x19d411000,0x1995f1000,0x41e0000,random,1,252.00,61.2
1682,random,0x19d411000,0x1995f1000,0x41e0000,random,2,252.00,61.2
1683,random,0x19d411000,0x18952d000,0x1413c000,random,0,257.35,62.1
1683,random,0x19d411000,0x18952d000,0x1413c000,random,1,258.59,62.1
1683,random,0x19d411000,0x18952d000,0x1413c000,random,2,258.84,62.1
1684,random,0x19d411000,0x1a78ec000,0x3acfd000,random,0,256.00,79.2
1684,random,0x19d411000,0x1a78ec000,0x3acfd000,random,1,256.00,79.1
1684,random,0x19d411000,0x1a78ec000,0x3acfd000,random,2,256.00,79.0
1685,random,0x19d411000,0x18c029000,0x11438000,random,0,257.99,62.1
1685,random,0x19d411000,0x18c029000,0x11438000,random,1,258.79,62.2
1685,random,0x19d411000,0x18c029000,0x11438000,random,2,258.79,62.1
1686,random,0x19d411000,0xac9ea000,0x131dfb000,random,0,263.35,80.4
1686,random,0x19d411000,0xac9ea000,0x131dfb000,random,1,264.00,80.5
1686,random,0x19d411000,0xac9ea000,0x131dfb000,random,2,264.00,80.3
1687,random,0x19d411000,0xbc9d5000,0x121dc4000,random,0,254.34,61.2
1687,random,0x19d411000,0xbc9d5000,0x121dc4000,random,1,253.29,61.2
1687,random,0x19d411000,0xbc9d5000,0x121dc4000,random,2,253.12,61.2
1688,random,0x19d411000,0x1b0f72000,0x2db63000,random,0,262.98,80.5
1688,random,0x19d411000,0x1b0f72000,0x2db63000,random,1,264.00,80.5
1688,random,0x19d411000,0x1b0f72000,0x2db63000,random,2,264.00,80.1
1689,random,0x19d411000,0x190128000,0xd539000,random,0,263.99,80.0
1689,random,0x19d411000,0x190128000,0xd539000,random,1,264.00,79.9
1689,random,0x19d411000,0x190128000,0xd539000,random,2,263.84,80.0
1690,random,0x19d411000,0x193a6e000,0xee7f000,random,0,256.32,79.1
1690,random,0x19d411000,0x193a6e000,0xee7f000,random,1,256.00,79.1
1690,random,0x19d411000,0x193a6e000,0xee7f000,random,2,256.00,79.1
1691,random,0x19d411000,0x1aee71000,0x33a60000,random,0,258.28,62.1
1691,random,0x19d411000,0x1aee71000,0x33a60000,random,1,259.00,62.0
1691,random,0x19d411000,0x1aee71000,0x33a60000,random,2,258.83,62.0
1692,random,0x19d411000,0x18ecdb000,0x138ca000,random,0,256.00,79.2
1692,random,0x19d411000,0x18ecdb000,0x138ca000,random,1,256.00,79.2
1692,random,0x19d411000,0x18ecdb000,0x138ca000,random,2,256.00,79.1
1693,random,0x19d411000,0x1aeb69000,0x33f78000,random,0,258.01,62.2
1693,random,0x19d411000,0x1aeb69000,0x33f78000,random,1,257.90,62.1
1693,random,0x19d411000,0x1aeb69000,0x33f78000,random,2,258.24,62.1
1694,random,0x19d411000,0xb00ac000,0x12d4bd000,random,0,256.55,76.3
1694,random,0x19d411000,0xb00ac000,0x12d4bd000,random,1,256.30,76.2
1694,random,0x19d411000,0xb00ac000,0x12d4bd000,random,2,256.70,76.3
1695,random,0x19d411000,0x19c004000,0x1415000,random,0,256.00,79.1
1695,random,0x19d411000,0x19c004000,0x1415000,random,1,256.00,79.1
1695,random,0x19d411000,0x19c004000,0x1415000,random,2,256.00,79.1
1696,random,0x19d411000,0x1a1886000,0x3cc97000,random,0,263.06,80.5
1696,random,0x19d411000,0x1a1886000,0x3cc97000,random,1,264.00,80.4
1696,random,0x19d411000,0x1a1886000,0x3cc97000,random,2,264.00,80.5
1697,random,0x19d411000,0x185698000,0x18289000,random,0,256.31,78.9
1697,random,0x19d411000,0x185698000,0x18289000,random,1,256.00,79.1
1697,random,0x19d411000,0x185698000,0x18289000,random,2,256.00,79.1
1698,random,0x19d411000,0x1a6088000,0x3b499000,random,0,262.94,80.4
1698,random,0x19d411000,0x1a6088000,0x3b499000,random,1,264.00,80.5
1698,random,0x19d411000,0x1a6088000,0x3b499000,random,2,264.00,80.4
1699,random,0x19d411000,0x1b316a000,0x2e57b000,random,0,264.00,80.0
1699,random,0x19d411000,0x1b316a000,0x2e57b000,random,1,264.00,80.1
1699,random,0x19d411000,0x1b316a000,0x2e57b000,random,2,264.00,80.0
1700,random,0x19d411000,0x1a8294000,0x35685000,random,0,263.88,79.9
1700,random,0x19d411000,0x1a8294000,0x35685000,random,1,263.91,80.0
1700,random,0x19d411000,0x1a8294000,0x35685000,random,2,264.00,80.1
1701,random,0x19d411000,0x1a5e8f000,0x38a9e000,random,0,264.00,80.5
1701,random,0x19d411000,0x1a5e8f000,0x38a9e000,random,1,264.00,80.2
1701,random,0x19d411000,0x1a5e8f000,0x38a9e000,random,2,264.00,80.4
1702,random,0x19d411000,0xacafb000,0x131eea000,random,0,264.00,80.1
1702,random,0x19d411000,0xacafb000,0x131eea000,random,1,264.00,80.1
1702,random,0x19d411000,0xacafb000,0x131eea000,random,2,264.00,79.7
1703,random,0x19d411000,0x1ac09a000,0x3148b000,random,0,264.00,80.0
1703,random,0x19d411000,0x1ac09a000,0x3148b000,random,1,263.95,80.0
1703,random,0x19d411000,0x1ac09a000,0x3148b000,random,2,264.00,80.0
1704,random,0x19d411000,0xadb80000,0x130f91000,random,0,256.98,76.3
1704,random,0x19d411000,0xadb80000,0x130f91000,random,1,256.88,76.2
1704,random,0x19d411000,0xadb80000,0x130f91000,random,2,256.63,76.3
1705,random,0x19d411000,0x1a33a5000,0x3e7b4000,random,0,257.42,62.4
1705,random,0x19d411000,0x1a33a5000,0x3e7b4000,random,1,258.18,62.3
1705,random,0x19d411000,0x1a33a5000,0x3e7b4000,random,2,258.12,62.2
1706,random,0x19d411000,0x19a083000,0x7492000,random,0,263.27,79.9
1706,random,0x19d411000,0x19a083000,0x7492000,random,1,263.94,80.0
1706,random,0x19d411000,0x19a083000,0x7492000,random,2,264.00,80.1
1707,random,0x19d411000,0x1ac998000,0x31d89000,random,0,256.32,79.2
1707,random,0x19d411000,0x1ac998000,0x31d89000,random,1,256.00,79.3
1707,random,0x19d411000,0x1ac998000,0x31d89000,random,2,256.00,79.2
1708,random,0x19d411000,0x1b3ab0000,0x2eea1000,random,0,263.08,80.6
1708,random,0x19d411000,0x1b3ab0000,0x2eea1000,random,1,264.00,80.7
1708,random,0x19d411000,0x1b3ab0000,0x2eea1000,random,2,264.00,80.5
1709,random,0x19d411000,0x186cd2000,0x1b8c3000,random,0,264.00,80.0
1709,random,0x19d411000,0x186cd2000,0x1b8c3000,random,1,264.00,80.1
1709,random,0x19d411000,0x186cd2000,0x1b8c3000,random,2,264.00,79.6
1710,random,0x19d411000,0x1b3d83000,0x2e992000,random,0,256.32,79.0
1710,random,0x19d411000,0x1b3d83000,0x2e992000,random,1,256.00,79.2
1710,random,0x19d411000,0x1b3d83000,0x2e992000,random,2,256.00,79.2
1711,random,0x19d411000,0xaf688000,0x132299000,random,0,256.23,76.3
1711,random,0x19d411000,0xaf688000,0x132299000,random,1,256.65,76.3
1711,random,0x19d411000,0xaf688000,0x132299000,random,2,256.76,76.2
1712,random,0x19d411000,0x1931c1000,0xe5d0000,random,0,258.84,62.1
1712,random,0x19d411000,0x1931c1000,0xe5d0000,random,1,258.70,62.1
1712,random,0x19d411000,0x1931c1000,0xe5d0000,random,2,258.65,62.1
1713,random,0x19d411000,0x193efd000,0xeaec000,random,0,257.67,61.8
1713,random,0x19d411000,0x193efd000,0xeaec000,random,1,257.59,61.8
1713,random,0x19d411000,0x193efd000,0xeaec000,random,2,257.50,61.7
1714,random,0x19d411000,0xb1849000,0x12cc58000,random,0,258.38,61.7
1714,random,0x19d411000,0xb1849000,0x12cc58000,random,1,258.45,61.8
1714,random,0x19d411000,0xb1849000,0x12cc58000,random,2,257.90,61.8
1715,random,0x19d411000,0x1b827c000,0x2566d000,random,0,263.35,80.3
1715,random,0x19d411000,0x1b827c000,0x2566d000,random,1,264.00,80.4
1715,random,0x19d411000,0x1b827c000,0x2566d000,random,2,264.00,80.5
1716,random,0x19d411000,0x1a0f7b000,0x3db6a000,random,0,256.32,79.2
1716,random,0x19d411000,0x1a0f7b000,0x3db6a000,random,1,256.00,79.2
1716,random,0x19d411000,0x1a0f7b000,0x3db6a000,random,2,256.00,79.2
1717,random,0x19d411000,0x1a14c3000,0x3c0d2000,random,0,263.02,80.1
1717,random,0x19d411000,0x1a14c3000,0x3c0d2000,random,1,263.73,80.1
1717,random,0x19d411000,0x1a14c3000,0x3c0d2000,random,2,263.92,80.0
1718,random,0x19d411000,0x1b5444000,0x28055000,random,0,256.28,79.0
1718,random,0x19d411000,0x1b5444000,0x28055000,random,1,256.00,79.1
1718,random,0x19d411000,0x1b5444000,0x28055000,random,2,256.00,79.2
1719,random,0x19d411000,0x196e76000,0xba67000,random,0,256.00,78.6
1719,random,0x19d411000,0x196e76000,0xba67000,random,1,256.00,79.1
1719,random,0x19d411000,0x196e76000,0xba67000,random,2,256.00,79.1
1720,random,0x19d411000,0x1ae6fb000,0x332ea000,random,0,263.12,80.7
1720,random,0x19d411000,0x1ae6fb000,0x332ea000,random,1,264.00,80.5
1720,random,0x19d411000,0x1ae6fb000,0x332ea000,random,2,264.00,80.6
1721,random,0x19d411000,0x191d81000,0xc990000,random,0,252.65,61.2
1721,random,0x19d411000,0x191d81000,0xc990000,random,1,252.00,61.2
1721,random,0x19d411000,0x191d81000,0xc990000,random,2,252.00,61.2
1722,random,0x19d411000,0xae9e5000,0x133df4000,random,0,257.73,62.4
1722,random,0x19d411000,0xae9e5000,0x133df4000,random,1,258.83,62.1
1722,random,0x19d411000,0xae9e5000,0x133df4000,random,2,258.74,62.3
1723,random,0x19d411000,0x1862a5000,0x1b6b4000,random,0,256.97,61.8
1723,random,0x19d411000,0x1862a5000,0x1b6b4000,random,1,256.94,61.8
1723,random,0x19d411000,0x1862a5000,0x1b6b4000,random,2,256.78,61.7
1724,random,0x19d411000,0x1897b9000,0x143a8000,random,0,259.37,62.2
1724,random,0x19d411000,0x1897b9000,0x143a8000,random,1,259.06,62.1
1724,random,0x19d411000,0x1897b9000,0x143a8000,random,2,259.14,62.1
1725,random,0x19d411000,0x1a2d29000,0x3f938000,random,0,257.99,62.0
1725,random,0x19d411000,0x1a2d29000,0x3f938000,random,1,258.47,62.4
1725,random,0x19d411000,0x1a2d29000,0x3f938000,random,2,258.33,62.4
1726,random,0x19d411000,0x1a0fb9000,0x3dba8000,random,0,259.23,62.2
1726,random,0x19d411000,0x1a0fb9000,0x3dba8000,random,1,259.07,61.9
1726,random,0x19d411000,0x1a0fb9000,0x3dba8000,random,2,259.23,62.1
1727,random,0x19d411000,0x1a814f000,0x3555e000,random,0,263.00,79.9
1727,random,0x19d411000,0x1a814f000,0x3555e000,random,1,263.99,79.9
1727,random,0x19d411000,0x1a814f000,0x3555e000,random,2,264.00,80.0
1728,random,0x19d411000,0x1a54d0000,0x380c1000,random,0,264.00,80.5
1728,random,0x19d411000,0x1a54d0000,0x380c1000,random,1,264.00,80.4
1728,random,0x19d411000,0x1a54d0000,0x380c1000,random,2,264.00,80.5
1729,random,0x19d411000,0x18bfca000,0x16bdb000,random,0,256.32,79.1
1729,random,0x19d411000,0x18bfca000,0x16bdb000,random,1,256.00,79.1
1729,random,0x19d411000,0x18bfca000,0x16bdb000,random,2,256.00,79.1
1730,random,0x19d411000,0x1a4187000,0x39596000,random,0,256.00,79.2
1730,random,0x19d411000,0x1a4187000,0x39596000,random,1,256.00,79.3
1730,random,0x19d411000,0x1a4187000,0x39596000,random,2,256.00,78.8
1731,random,0x19d411000,0x192634000,0xf225000,random,0,256.00,78.9
1731,random,0x19d411000,0x192634000,0xf225000,random,1,256.00,79.2
1731,random,0x19d411000,0x192634000,0xf225000,random,2,256.00,79.2
1732,random,0x19d411000,0x1aef69000,0x33b78000,random,0,257.09,61.8
1732,random,0x19d411000,0x1aef69000,0x33b78000,random,1,258.26,61.9
1732,random,0x19d411000,0x1aef69000,0x33b78000,random,2,258.26,61.9
1733,random,0x19d411000,0xb91c4000,0x1245d5000,random,0,263.39,80.0
1733,random,0x19d411000,0xb91c4000,0x1245d5000,random,1,264.00,79.9
1733,random,0x19d411000,0xb91c4000,0x1245d5000,random,2,264.00,80.0
1734,random,0x19d411000,0xbe879000,0x123c68000,random,0,259.04,62.5
1734,random,0x19d411000,0xbe879000,0x123c68000,random,1,258.86,62.4
1734,random,0x19d411000,0xbe879000,0x123c68000,random,2,258.64,62.3
1735,random,0x19d411000,0x1b7720000,0x2a331000,random,0,263.25,79.8
1735,random,0x19d411000,0x1b7720000,0x2a331000,random,1,264.00,80.1
1735,random,0x19d411000,0x1b7720000,0x2a331000,random,2,264.00,80.0
1736,random,0x19d411000,0x1923eb000,0xf7fa000,random,0,256.31,79.1
1736,random,0x19d411000,0x1923eb000,0xf7fa000,random,1,256.00,79.1
1736,random,0x19d411000,0x1923eb000,0xf7fa000,random,2,256.00,79.1
1737,random,0x19d411000,0x1b6fea000,0x2bbfb000,random,0,262.91,80.1
1737,random,0x19d411000,0x1b6fea000,0x2bbfb000,random,1,264.00,80.0
1737,random,0x19d411000,0x1b6fea000,0x2bbfb000,random,2,264.00,79.9
1738,random,0x19d411000,0x1ad9c7000,0x30dd6000,random,0,264.00,80.7
1738,random,0x19d411000,0x1ad9c7000,0x30dd6000,random,1,264.00,80.6
1738,random,0x19d411000,0x1ad9c7000,0x30dd6000,random,2,264.00,80.4
1739,random,0x19d411000,0x18ee24000,0x13a35000,random,0,264.00,80.3
1739,random,0x19d411000,0x18ee24000,0x13a35000,random,1,264.00,80.4
1739,random,0x19d411000,0x18ee24000,0x13a35000,random,2,264.00,80.4
1740,random,0x19d411000,0xbe634000,0x123225000,random,0,264.00,80.0
1740,random,0x19d411000,0xbe634000,0x123225000,random,1,264.00,80.0
1740,random,0x19d411000,0xbe634000,0x123225000,random,2,264.00,80.0
1741,random,0x19d411000,0x1aa619000,0x37208000,random,0,252.65,61.2
1741,random,0x19d411000,0x1aa619000,0x37208000,random,1,252.00,61.2
1741,random,0x19d411000,0x1aa619000,0x37208000,random,2,252.00,61.2
1742,random,0x19d411000,0x1a1052000,0x3c443000,random,0,262.49,80.0
1742,random,0x19d411000,0x1a1052000,0x3c443000,random,1,264.00,79.9
1742,random,0x19d411000,0x1a1052000,0x3c443000,random,2,264.00,80.0
1743,random,0x19d411000,0x1b43e1000,0x297f0000,random,0,259.14,62.3
1743,random,0x19d411000,0x1b43e1000,0x297f0000,random,1,258.44,62.2
1743,random,0x19d411000,0x1b43e1000,0x297f0000,random,2,258.51,62.4
1744,random,0x19d411000,0xbe836000,0x123c27000,random,0,256.57,76.2
1744,random,0x19d411000,0xbe836000,0x123c27000,random,1,256.76,76.3
1744,random,0x19d411000,0xbe836000,0x123c27000,random,2,257.01,76.3
1745,random,0x19d411000,0xbcf5e000,0x121b4f000,random,0,257.03,76.2
1745,random,0x19d411000,0xbcf5e000,0x121b4f000,random,1,257.19,76.3
1745,random,0x19d411000,0xbcf5e000,0x121b4f000,random,2,256.86,76.2
1746,random,0x19d411000,0x1b4e6d000,0x29a7c000,random,0,252.29,61.2
1746,random,0x19d411000,0x1b4e6d000,0x29a7c000,random,1,252.00,61.2
1746,random,0x19d411000,0x1b4e6d000,0x29a7c000,random,2,252.00,61.2
1747,random,0x19d411000,0xbe075000,0x123464000,random,0,257.63,62.3
1747,random,0x19d411000,0xbe075000,0x123464000,random,1,258.74,62.1
1747,random,0x19d411000,0xbe075000,0x123464000,random,2,258.74,62.4
1748,random,0x19d411000,0x19e109000,0x3518000,random,0,258.84,61.9
1748,random,0x19d411000,0x19e109000,0x3518000,random,1,258.92,62.1
1748,random,0x19d411000,0x19e109000,0x3518000,random,2,259.04,62.1
1749,random,0x19d411000,0xbc25d000,0x12164c000,random,0,258.55,62.3
1749,random,0x19d411000,0xbc25d000,0x12164c000,random,1,258.45,62.5
1749,random,0x19d411000,0xbc25d000,0x12164c000,random,2,258.56,62.2
1750,random,0x19d411000,0x18526f000,0x1867e000,random,0,256.00,79.1
1750,random,0x19d411000,0x18526f000,0x1867e000,random,1,256.00,79.1
1750,random,0x19d411000,0x18526f000,0x1867e000,random,2,256.00,79.1
1751,random,0x19d411000,0x1932d3000,0xe6c2000,random,0,262.83,79.9
1751,random,0x19d411000,0x1932d3000,0xe6c2000,random,1,264.00,80.0
1751,random,0x19d411000,0x1932d3000,0xe6c2000,random,2,264.00,79.8
1752,random,0x19d411000,0x18de8b000,0x10a9a000,random,0,264.00,80.3
1752,random,0x19d411000,0x18de8b000,0x10a9a000,random,1,264.00,80.4
1752,random,0x19d411000,0x18de8b000,0x10a9a000,random,2,264.00,80.4
1753,random,0x19d411000,0x190f34000,0xdb25000,random,0,264.00,80.7
1753,random,0x19d411000,0x190f34000,0xdb25000,random,1,264.00,80.7
1753,random,0x19d411000,0x190f34000,0xdb25000,random,2,264.00,80.7
1754,random,0x19d411000,0x196687000,0xb296000,random,0,264.00,80.4
1754,random,0x19d411000,0x196687000,0xb296000,random,1,264.00,80.5
1754,random,0x19d411000,0x196687000,0xb296000,random,2,264.00,80.5
1755,random,0x19d411000,0x194752000,0x9343000,random,0,264.00,80.5
1755,random,0x19d411000,0x194752000,0x9343000,random,1,264.00,80.5
1755,random,0x19d411000,0x194752000,0x9343000,random,2,264.00,80.3
1756,random,0x19d411000,0x1b0d6c000,0x2d97d000,random,0,264.00,79.9
1756,random,0x19d411000,0x1b0d6c000,0x2d97d000,random,1,264.00,80.0
1756,random,0x19d411000,0x1b0d6c000,0x2d97d000,random,2,263.99,80.1
1757,random,0x19d411000,0xbc99b000,0x121d8a000,random,0,264.00,80.4
1757,random,0x19d411000,0xbc99b000,0x121d8a000,random,1,264.00,80.4
1757,random,0x19d411000,0xbc99b000,0x121d8a000,random,2,264.00,80.5
1758,random,0x19d411000,0xb7bb2000,0x12afa3000,random,0,264.00,80.5
1758,random,0x19d411000,0xb7bb2000,0x12afa3000,random,1,264.00,80.3
1758,random,0x19d411000,0xb7bb2000,0x12afa3000,random,2,264.00,80.3
1759,random,0x19d411000,0x19d50b000,0x11a000,random,0,264.00,80.7
1759,random,0x19d411000,0x19d50b000,0x11a000,random,1,264.00,80.5
1759,random,0x19d411000,0x19d50b000,0x11a000,random,2,264.00,80.6
1760,random,0x19d411000,0x1896a4000,0x142b5000,random,0,264.00,80.4
1760,random,0x19d411000,0x1896a4000,0x142b5000,random,1,264.00,80.6
1760,random,0x19d411000,0x1896a4000,0x142b5000,random,2,264.00,80.6
1761,random,0x19d411000,0x1a6ac1000,0x3bed0000,random,0,252.65,61.2
1761,random,0x19d411000,0x1a6ac1000,0x3bed0000,random,1,252.00,61.2
1761,random,0x19d411000,0x1a6ac1000,0x3bed0000,random,2,252.00,61.2
1762,random,0x19d411000,0x1ae84e000,0x33c5f000,random,0,255.55,78.5
1762,random,0x19d411000,0x1ae84e000,0x33c5f000,random,1,256.00,79.1
1762,random,0x19d411000,0x1ae84e000,0x33c5f000,random,2,256.00,79.0
1763,random,0x19d411000,0xbce7a000,0x121a6b000,random,0,263.05,80.4
1763,random,0x19d411000,0xbce7a000,0x121a6b000,random,1,264.00,80.5
1763,random,0x19d411000,0xbce7a000,0x121a6b000,random,2,264.00,80.5
1764,random,0x19d411000,0x195b06000,0x8f17000,random,0,256.32,79.1
1764,random,0x19d411000,0x195b06000,0x8f17000,random,1,256.00,79.0
1764,random,0x19d411000,0x195b06000,0x8f17000,random,2,256.00,79.2
1765,random,0x19d411000,0xbc14d000,0x12155c000,random,0,258.03,61.8
1765,random,0x19d411000,0xbc14d000,0x12155c000,random,1,258.34,61.8
1765,random,0x19d411000,0xbc14d000,0x12155c000,random,2,258.31,61.8
1766,random,0x19d411000,0x1b6690000,0x2b281000,random,0,263.27,80.6
1766,random,0x19d411000,0x1b6690000,0x2b281000,random,1,264.00,80.5
1766,random,0x19d411000,0x1b6690000,0x2b281000,random,2,264.00,80.6
1767,random,0x19d411000,0xb8bf5000,0x125fe4000,random,0,258.87,61.8
1767,random,0x19d411000,0xb8bf5000,0x125fe4000,random,1,258.25,61.8
1767,random,0x19d411000,0xb8bf5000,0x125fe4000,random,2,258.55,61.8
1768,random,0x19d411000,0x19a66f000,0x727e000,random,0,263.22,80.0
1768,random,0x19d411000,0x19a66f000,0x727e000,random,1,264.00,79.8
1768,random,0x19d411000,0x19a66f000,0x727e000,random,2,264.00,80.1
1769,random,0x19d411000,0xba195000,0x127584000,random,0,258.99,62.3
1769,random,0x19d411000,0xba195000,0x127584000,random,1,258.67,62.4
1769,random,0x19d411000,0xba195000,0x127584000,random,2,258.65,62.4
1770,random,0x19d411000,0x1b4e79000,0x29a68000,random,0,258.97,62.4
1770,random,0x19d411000,0x1b4e79000,0x29a68000,random,1,258.71,62.4
1770,random,0x19d411000,0x1b4e79000,0x29a68000,random,2,258.73,62.4
1771,random,0x19d411000,0x185309000,0x18718000,random,0,258.17,62.4
1771,random,0x19d411000,0x185309000,0x18718000,random,1,258.10,62.2
1771,random,0x19d411000,0x185309000,0x18718000,random,2,258.13,62.4
1772,random,0x19d411000,0x19d254000,0x645000,random,0,263.32,80.1
1772,random,0x19d411000,0x19d254000,0x645000,random,1,264.00,80.1
1772,random,0x19d411000,0x19d254000,0x645000,random,2,264.00,79.8
1773,random,0x19d411000,0x1b67f9000,0x2b3e8000,random,0,259.49,62.4
1773,random,0x19d411000,0x1b67f9000,0x2b3e8000,random,1,258.91,62.1
1773,random,0x19d411000,0x1b67f9000,0x2b3e8000,random,2,259.04,62.5
1774,random,0x19d411000,0xb750c000,0x12a11d000,random,0,256.92,76.3
1774,random,0x19d411000,0xb750c000,0x12a11d000,random,1,257.04,76.2
1774,random,0x19d411000,0xb750c000,0x12a11d000,random,2,256.72,76.3
1775,random,0x19d411000,0xb2267000,0x12f676000,random,0,263.33,79.9
1775,random,0x19d411000,0xb2267000,0x12f676000,random,1,264.00,80.0
1775,random,0x19d411000,0xb2267000,0x12f676000,random,2,264.00,79.9
1776,random,0x19d411000,0xbc8f5000,0x121ce4000,random,0,254.90,61.2
1776,random,0x19d411000,0xbc8f5000,0x121ce4000,random,1,253.82,61.2
1776,random,0x19d411000,0xbc8f5000,0x121ce4000,random,2,253.75,61.0
1777,random,0x19d411000,0xaea6e000,0x133e7f000,random,0,262.99,80.6
1777,random,0x19d411000,0xaea6e000,0x133e7f000,random,1,264.00,80.5
1777,random,0x19d411000,0xaea6e000,0x133e7f000,random,2,264.00,80.5
1778,random,0x19d411000,0x1b63f7000,0x2b7e6000,random,0,264.00,80.4
1778,random,0x19d411000,0x1b63f7000,0x2b7e6000,random,1,264.00,80.3
1778,random,0x19d411000,0x1b63f7000,0x2b7e6000,random,2,264.00,80.4
1779,random,0x19d411000,0x1b063f000,0x2d22e000,random,0,256.32,79.1
1779,random,0x19d411000,0x1b063f000,0x2d22e000,random,1,256.00,79.2
1779,random,0x19d411000,0x1b063f000,0x2d22e000,random,2,256.00,79.2
1780,random,0x19d411000,0x191133000,0xc522000,random,0,262.75,80.1
1780,random,0x19d411000,0x191133000,0xc522000,random,1,264.00,79.9
1780,random,0x19d411000,0x191133000,0xc522000,random,2,263.98,80.0
1781,random,0x19d411000,0x192652000,0xf243000,random,0,256.32,78.8
1781,random,0x19d411000,0x192652000,0xf243000,random,1,256.00,79.1
1781,random,0x19d411000,0x192652000,0xf243000,random,2,256.00,79.1
1782,random,0x19d411000,0xc07ea000,0x15d3fb000,random,0,262.87,80.3
1782,random,0x19d411000,0xc07ea000,0x15d3fb000,random,1,264.00,80.4
1782,random,0x19d411000,0xc07ea000,0x15d3fb000,random,2,264.00,80.3
1783,random,0x19d411000,0xb58cc000,0x128cdd000,random,0,264.00,80.4
1783,random,0x19d411000,0xb58cc000,0x128cdd000,random,1,264.00,80.5
1783,random,0x19d411000,0xb58cc000,0x128cdd000,random,2,264.00,80.5
1784,random,0x19d411000,0x1a9de9000,0x349f8000,random,0,259.32,62.2
1784,random,0x19d411000,0x1a9de9000,0x349f8000,random,1,258.71,62.0
1784,random,0x19d411000,0x1a9de9000,0x349f8000,random,2,259.02,62.1
1785,random,0x19d411000,0x19affa000,0x7beb000,random,0,256.00,79.0
1785,random,0x19d411000,0x19affa000,0x7beb000,random,1,256.00,79.0
1785,random,0x19d411000,0x19affa000,0x7beb000,random,2,256.00,79.1
1786,random,0x19d411000,0x19b26b000,0x667a000,random,0,262.99,80.0
1786,random,0x19d411000,0x19b26b000,0x667a000,random,1,264.00,79.9
1786,random,0x19d411000,0x19b26b000,0x667a000,random,2,264.00,79.9
1787,random,0x19d411000,0x1a74c2000,0x3a0d3000,random,0,256.32,79.2
1787,random,0x19d411000,0x1a74c2000,0x3a0d3000,random,1,256.00,79.2
1787,random,0x19d411000,0x1a74c2000,0x3a0d3000,random,2,256.00,79.2
1788,random,0x19d411000,0xb2c9c000,0x12f88d000,random,0,256.42,76.3
1788,random,0x19d411000,0xb2c9c000,0x12f88d000,random,1,256.92,76.3
1788,random,0x19d411000,0xb2c9c000,0x12f88d000,random,2,256.86,76.3
1789,random,0x19d411000,0x1b5086000,0x28497000,random,0,257.46,78.9
1789,random,0x19d411000,0x1b5086000,0x28497000,random,1,256.00,78.8
1789,random,0x19d411000,0x1b5086000,0x28497000,random,2,256.00,79.1
1790,random,0x19d411000,0xba56b000,0x12717a000,random,0,263.02,80.5
1790,random,0x19d411000,0xba56b000,0x12717a000,random,1,264.00,80.5
1790,random,0x19d411000,0xba56b000,0x12717a000,random,2,264.00,80.4
1791,random,0x19d411000,0x18aec4000,0x17ad5000,random,0,256.32,79.1
1791,random,0x19d411000,0x18aec4000,0x17ad5000,random,1,256.00,79.1
1791,random,0x19d411000,0x18aec4000,0x17ad5000,random,2,256.00,79.1
1792,random,0x19d411000,0x1ac85d000,0x31c4c000,random,0,258.04,62.4
1792,random,0x19d411000,0x1ac85d000,0x31c4c000,random,1,258.77,62.3
1792,random,0x19d411000,0x1ac85d000,0x31c4c000,random,2,258.50,62.4
1793,random,0x19d411000,0xb9cd2000,0x1248c3000,random,0,263.32,80.2
1793,random,0x19d411000,0xb9cd2000,0x1248c3000,random,1,264.00,80.0
1793,random,0x19d411000,0xb9cd2000,0x1248c3000,random,2,264.00,79.8
1794,random,0x19d411000,0x1a1a20000,0x3ce31000,random,0,256.32,79.2
1794,random,0x19d411000,0x1a1a20000,0x3ce31000,random,1,256.00,79.2
1794,random,0x19d411000,0x1a1a20000,0x3ce31000,random,2,256.00,79.2
1795,random,0x19d411000,0x1a86e1000,0x352f0000,random,0,257.81,62.0
1795,random,0x19d411000,0x1a86e1000,0x352f0000,random,1,258.83,62.2
1795,random,0x19d411000,0x1a86e1000,0x352f0000,random,2,259.11,62.2
1796,random,0x19d411000,0x1ab7bf000,0x363ae000,random,0,263.19,80.0
1796,random,0x19d411000,0x1ab7bf000,0x363ae000,random,1,264.00,80.1
1796,random,0x19d411000,0x1ab7bf000,0x363ae000,random,2,264.00,80.0
1797,random,0x19d411000,0xaee60000,0x133a71000,random,0,264.00,80.3
1797,random,0x19d411000,0xaee60000,0x133a71000,random,1,264.00,80.5
1797,random,0x19d411000,0xaee60000,0x133a71000,random,2,264.00,80.1
1798,random,0x19d411000,0x18981f000,0x14c0e000,random,0,264.00,80.4
1798,random,0x19d411000,0x18981f000,0x14c0e000,random,1,264.00,80.4
1798,random,0x19d411000,0x18981f000,0x14c0e000,random,2,264.00,80.6
1799,random,0x19d411000,0x1a1670000,0x3c261000,random,0,256.31,79.1
1799,random,0x19d411000,0x1a1670000,0x3c261000,random,1,256.00,79.1
1799,random,0x19d411000,0x1a1670000,0x3c261000,random,2,256.00,77.9
1800,random,0x19d411000,0x18d6f3000,0x102e2000,random,0,262.97,80.7
1800,random,0x19d411000,0x18d6f3000,0x102e2000,random,1,264.00,80.5
1800,random,0x19d411000,0x18d6f3000,0x102e2000,random,2,264.00,80.5
1801,random,0x19d411000,0xad9b9000,0x130da8000,random,0,259.31,62.2
1801,random,0x19d411000,0xad9b9000,0x130da8000,random,1,258.53,62.0
1801,random,0x19d411000,0xad9b9000,0x130da8000,random,2,258.87,62.2
1802,random,0x19d411000,0x186ac2000,0x1bed3000,random,0,263.34,80.3
1802,random,0x19d411000,0x186ac2000,0x1bed3000,random,1,264.00,80.5
1802,random,0x19d411000,0x186ac2000,0x1bed3000,random,2,264.00,80.5
1803,random,0x19d411000,0x1a9656000,0x34247000,random,0,256.31,79.1
1803,random,0x19d411000,0x1a9656000,0x34247000,random,1,256.00,79.1
1803,random,0x19d411000,0x1a9656000,0x34247000,random,2,256.00,79.1
1804,random,0x19d411000,0x18b300000,0x16711000,random,0,263.07,80.5
1804,random,0x19d411000,0x18b300000,0x16711000,random,1,264.00,80.5
1804,random,0x19d411000,0x18b300000,0x16711000,random,2,264.00,80.5
1805,random,0x19d411000,0x1a858f000,0x3519e000,random,0,256.36,66.1
1805,random,0x19d411000,0x1a858f000,0x3519e000,random,1,256.00,66.2
1805,random,0x19d411000,0x1a858f000,0x3519e000,random,2,256.00,66.2
1806,random,0x19d411000,0x18bbbd000,0x16fac000,random,0,258.43,61.9
1806,random,0x19d411000,0x18bbbd000,0x16fac000,random,1,259.33,62.1
1806,random,0x19d411000,0x18bbbd000,0x16fac000,random,2,259.22,62.2
1807,random,0x19d411000,0xac838000,0x131c29000,random,0,263.47,80.7
1807,random,0x19d411000,0xac838000,0x131c29000,random,1,264.00,80.6
1807,random,0x19d411000,0xac838000,0x131c29000,random,2,264.00,80.7
1808,random,0x19d411000,0x1b450d000,0x2911c000,random,0,258.99,62.4
1808,random,0x19d411000,0x1b450d000,0x2911c000,random,1,258.03,62.3
1808,random,0x19d411000,0x1b450d000,0x2911c000,random,2,258.46,62.3
1809,random,0x19d411000,0xad57d000,0x13016c000,random,0,258.56,62.0
1809,random,0x19d411000,0xad57d000,0x13016c000,random,1,258.72,62.4
1809,random,0x19d411000,0xad57d000,0x13016c000,random,2,258.62,62.4
1810,random,0x19d411000,0x1b5f0c000,0x28b1d000,random,0,256.00,79.2
1810,random,0x19d411000,0x1b5f0c000,0x28b1d000,random,1,256.00,78.9
1810,random,0x19d411000,0x1b5f0c000,0x28b1d000,random,2,256.00,78.8
1811,random,0x19d411000,0xae79c000,0x13338d000,random,0,263.10,80.1
1811,random,0x19d411000,0xae79c000,0x13338d000,random,1,264.00,80.0
1811,random,0x19d411000,0xae79c000,0x13338d000,random,2,264.00,80.0
1812,random,0x19d411000,0x19c9e4000,0x1df5000,random,0,256.32,79.2
1812,random,0x19d411000,0x19c9e4000,0x1df5000,random,1,256.00,79.2
1812,random,0x19d411000,0x19c9e4000,0x1df5000,random,2,256.00,79.2
1813,random,0x19d411000,0x18622e000,0x1b63f000,random,0,263.16,80.5
1813,random,0x19d411000,0x18622e000,0x1b63f000,random,1,264.00,80.5
1813,random,0x19d411000,0x18622e000,0x1b63f000,random,2,264.00,80.7
1814,random,0x19d411000,0x18d357000,0x10746000,random,0,264.00,79.9
1814,random,0x19d411000,0x18d357000,0x10746000,random,1,264.00,79.9
1814,random,0x19d411000,0x18d357000,0x10746000,random,2,264.00,79.8
1815,random,0x19d411000,0x19e338000,0x3729000,random,0,256.31,79.1
1815,random,0x19d411000,0x19e338000,0x3729000,random,1,256.00,79.1
1815,random,0x19d411000,0x19e338000,0x3729000,random,2,256.00,78.8
1816,random,0x19d411000,0xaf23b000,0x13262a000,random,0,262.97,80.4
1816,random,0x19d411000,0xaf23b000,0x13262a000,random,1,264.00,80.4
1816,random,0x19d411000,0xaf23b000,0x13262a000,random,2,264.00,80.4
1817,random,0x19d411000,0x1b1929000,0x2cd38000,random,0,252.65,61.2
1817,random,0x19d411000,0x1b1929000,0x2cd38000,random,1,252.00,61.2
1817,random,0x19d411000,0x1b1929000,0x2cd38000,random,2,252.00,61.2
1818,random,0x19d411000,0x1b7f3b000,0x2ab2a000,random,0,262.72,80.4
1818,random,0x19d411000,0x1b7f3b000,0x2ab2a000,random,1,264.04,80.2
1818,random,0x19d411000,0x1b7f3b000,0x2ab2a000,random,2,272.55,79.0
1819,random,0x19d411000,0x18e598000,0x13189000,random,0,256.35,66.1
1819,random,0x19d411000,0x18e598000,0x13189000,random,1,256.00,66.0
1819,random,0x19d411000,0x18e598000,0x13189000,random,2,256.00,66.0
1820,random,0x19d411000,0x1a846d000,0x3507c000,random,0,258.32,62.1
1820,random,0x19d411000,0x1a846d000,0x3507c000,random,1,258.84,62.1
1820,random,0x19d411000,0x1a846d000,0x3507c000,random,2,259.79,61.9
1821,random,0x19d411000,0xadc31000,0x130820000,random,0,259.18,61.8
1821,random,0x19d411000,0xadc31000,0x130820000,random,1,258.29,61.8
1821,random,0x19d411000,0xadc31000,0x130820000,random,2,258.31,61.8
1822,random,0x19d411000,0xc0481000,0x15d090000,random,0,258.96,62.1
1822,random,0x19d411000,0xc0481000,0x15d090000,random,1,258.93,62.1
1822,random,0x19d411000,0xc0481000,0x15d090000,random,2,258.69,62.1
1823,random,0x19d411000,0x19b99b000,0x6d8a000,random,0,256.00,78.9
1823,random,0x19d411000,0x19b99b000,0x6d8a000,random,1,256.00,79.1
1823,random,0x19d411000,0x19b99b000,0x6d8a000,random,2,256.00,79.1
1824,random,0x19d411000,0x1aae3d000,0x37a2c000,random,0,257.98,62.1
1824,random,0x19d411000,0x1aae3d000,0x37a2c000,random,1,258.84,62.4
1824,random,0x19d411000,0x1aae3d000,0x37a2c000,random,2,258.68,62.4
1825,random,0x19d411000,0x1a94b5000,0x340a4000,random,0,252.30,61.2
1825,random,0x19d411000,0x1a94b5000,0x340a4000,random,1,252.00,61.2
1825,random,0x19d411000,0x1a94b5000,0x340a4000,random,2,252.00,61.2
1826,random,0x19d411000,0xae48a000,0x13309b000,random,0,262.71,80.0
1826,random,0x19d411000,0xae48a000,0x13309b000,random,1,264.00,79.8
1826,random,0x19d411000,0xae48a000,0x13309b000,random,2,264.00,79.9
1827,random,0x19d411000,0x184437000,0x19026000,random,0,264.00,80.2
1827,random,0x19d411000,0x184437000,0x19026000,random,1,264.00,80.3
1827,random,0x19d411000,0x184437000,0x19026000,random,2,264.00,80.5
1828,random,0x19d411000,0x1afde3000,0x329f2000,random,0,264.00,80.4
1828,random,0x19d411000,0x1afde3000,0x329f2000,random,1,264.00,80.5
1828,random,0x19d411000,0x1afde3000,0x329f2000,random,2,264.00,80.4
1829,random,0x19d411000,0x1ac462000,0x31073000,random,0,264.00,80.4
1829,random,0x19d411000,0x1ac462000,0x31073000,random,1,264.00,80.4
1829,random,0x19d411000,0x1ac462000,0x31073000,random,2,264.00,80.5
1830,random,0x19d411000,0x18deb9000,0x10aa8000,random,0,258.45,61.8
1830,random,0x19d411000,0x18deb9000,0x10aa8000,random,1,257.62,61.8
1830,random,0x19d411000,0x18deb9000,0x10aa8000,random,2,257.97,61.8
1831,random,0x19d411000,0x1848e9000,0x19cf8000,random,0,258.72,62.4
1831,random,0x19d411000,0x1848e9000,0x19cf8000,random,1,258.78,62.2
1831,random,0x19d411000,0x1848e9000,0x19cf8000,random,2,258.58,62.4
1832,random,0x19d411000,0x1aff7a000,0x32b6b000,random,0,263.25,80.0
1832,random,0x19d411000,0x1aff7a000,0x32b6b000,random,1,264.00,80.0
1832,random,0x19d411000,0x1aff7a000,0x32b6b000,random,2,264.00,80.1
1833,random,0x19d411000,0x1b4563000,0x29172000,random,0,264.00,80.4
1833,random,0x19d411000,0x1b4563000,0x29172000,random,1,264.00,80.5
1833,random,0x19d411000,0x1b4563000,0x29172000,random,2,264.00,80.4
1834,random,0x19d411000,0x18ccf8000,0x118e9000,random,0,256.32,79.1
1834,random,0x19d411000,0x18ccf8000,0x118e9000,random,1,256.00,79.1
1834,random,0x19d411000,0x18ccf8000,0x118e9000,random,2,256.00,79.1
1835,random,0x19d411000,0x1a1491000,0x3c080000,random,0,256.97,61.8
1835,random,0x19d411000,0x1a1491000,0x3c080000,random,1,257.70,61.8
1835,random,0x19d411000,0x1a1491000,0x3c080000,random,2,258.06,61.7
1836,random,0x19d411000,0xacb51000,0x131f40000,random,0,259.13,62.1
1836,random,0x19d411000,0xacb51000,0x131f40000,random,1,259.05,62.1
1836,random,0x19d411000,0xacb51000,0x131f40000,random,2,259.02,62.1
1837,random,0x19d411000,0x19250b000,0xf11a000,random,0,263.38,80.5
1837,random,0x19d411000,0x19250b000,0xf11a000,random,1,264.00,80.4
1837,random,0x19d411000,0x19250b000,0xf11a000,random,2,264.00,80.4
1838,random,0x19d411000,0x19cc6d000,0x187c000,random,0,259.14,62.4
1838,random,0x19d411000,0x19cc6d000,0x187c000,random,1,258.83,62.3
1838,random,0x19d411000,0x19cc6d000,0x187c000,random,2,258.65,62.4
1839,random,0x19d411000,0x19103d000,0xc42c000,random,0,252.30,61.2
1839,random,0x19d411000,0x19103d000,0xc42c000,random,1,252.00,61.2
1839,random,0x19d411000,0x19103d000,0xc42c000,random,2,252.00,61.0
1840,random,0x19d411000,0xaf6db000,0x1322ca000,random,0,256.17,76.3
1840,random,0x19d411000,0xaf6db000,0x1322ca000,random,1,256.74,76.2
1840,random,0x19d411000,0xaf6db000,0x1322ca000,random,2,257.12,76.3
1841,random,0x19d411000,0xb9107000,0x124516000,random,0,263.23,80.3
1841,random,0x19d411000,0xb9107000,0x124516000,random,1,264.00,80.4
1841,random,0x19d411000,0xb9107000,0x124516000,random,2,264.00,80.4
1842,random,0x19d411000,0x1ac731000,0x31320000,random,0,258.76,61.8
1842,random,0x19d411000,0x1ac731000,0x31320000,random,1,258.64,61.8
1842,random,0x19d411000,0x1ac731000,0x31320000,random,2,258.13,61.8
1843,random,0x19d411000,0x194624000,0x9235000,random,0,263.28,79.9
1843,random,0x19d411000,0x194624000,0x9235000,random,1,264.00,80.1
1843,random,0x19d411000,0x194624000,0x9235000,random,2,263.99,80.1
1844,random,0x19d411000,0x1a1664000,0x3c275000,random,0,264.00,80.2
1844,random,0x19d411000,0x1a1664000,0x3c275000,random,1,264.00,80.3
1844,random,0x19d411000,0x1a1664000,0x3c275000,random,2,264.00,80.3
1845,random,0x19d411000,0x1b7b97000,0x2af86000,random,0,264.00,80.4
1845,random,0x19d411000,0x1b7b97000,0x2af86000,random,1,264.00,80.4
1845,random,0x19d411000,0x1b7b97000,0x2af86000,random,2,264.00,80.4
1846,random,0x19d411000,0x1b166b000,0x2c27a000,random,0,264.00,80.4
1846,random,0x19d411000,0x1b166b000,0x2c27a000,random,1,264.00,80.5
1846,random,0x19d411000,0x1b166b000,0x2c27a000,random,2,264.00,80.4
1847,random,0x19d411000,0x1aedb6000,0x339a7000,random,0,264.00,80.1
1847,random,0x19d411000,0x1aedb6000,0x339a7000,random,1,264.00,80.1
1847,random,0x19d411000,0x1aedb6000,0x339a7000,random,2,264.00,79.9
1848,random,0x19d411000,0x1b2ab5000,0x2fea4000,random,0,252.67,61.0
1848,random,0x19d411000,0x1b2ab5000,0x2fea4000,random,1,252.00,61.2
1848,random,0x19d411000,0x1b2ab5000,0x2fea4000,random,2,252.00,61.2
1849,random,0x19d411000,0xbd615000,0x120204000,random,0,257.42,61.8
1849,random,0x19d411000,0xbd615000,0x120204000,random,1,258.72,61.8
1849,random,0x19d411000,0xbd615000,0x120204000,random,2,258.45,61.8
1850,random,0x19d411000,0xb3d6a000,0x12e97b000,random,0,257.03,76.3
1850,random,0x19d411000,0xb3d6a000,0x12e97b000,random,1,257.32,76.2
1850,random,0x19d411000,0xb3d6a000,0x12e97b000,random,2,257.01,76.3
1851,random,0x19d411000,0x187c93000,0x1a882000,random,0,263.20,79.6
1851,random,0x19d411000,0x187c93000,0x1a882000,random,1,264.00,80.1
1851,random,0x19d411000,0x187c93000,0x1a882000,random,2,264.00,80.0
1852,random,0x19d411000,0x1870a9000,0x1a4b8000,random,0,259.46,62.1
1852,random,0x19d411000,0x1870a9000,0x1a4b8000,random,1,259.37,61.8
1852,random,0x19d411000,0x1870a9000,0x1a4b8000,random,2,259.18,62.1
1853,random,0x19d411000,0x184bef000,0x19ffe000,random,0,263.41,80.4
1853,random,0x19d411000,0x184bef000,0x19ffe000,random,1,264.00,80.5
1853,random,0x19d411000,0x184bef000,0x19ffe000,random,2,264.00,80.4
1854,random,0x19d411000,0x1afb26000,0x32f37000,random,0,264.00,80.1
1854,random,0x19d411000,0x1afb26000,0x32f37000,random,1,264.00,80.0
1854,random,0x19d411000,0x1afb26000,0x32f37000,random,2,264.00,80.0
1855,random,0x19d411000,0x1ad66c000,0x3027d000,random,0,264.00,80.0
1855,random,0x19d411000,0x1ad66c000,0x3027d000,random,1,264.00,80.1
1855,random,0x19d411000,0x1ad66c000,0x3027d000,random,2,264.00,80.0
1856,random,0x19d411000,0xaee98000,0x133a89000,random,0,264.00,80.6
1856,random,0x19d411000,0xaee98000,0x133a89000,random,1,264.00,80.3
1856,random,0x19d411000,0xaee98000,0x133a89000,random,2,264.00,80.4
1857,random,0x19d411000,0x1b02ec000,0x2d6fd000,random,0,256.39,66.2
1857,random,0x19d411000,0x1b02ec000,0x2d6fd000,random,1,256.00,65.9
1857,random,0x19d411000,0x1b02ec000,0x2d6fd000,random,2,256.00,66.0
1858,random,0x19d411000,0x1a63d9000,0x3b7c8000,random,0,252.16,61.2
1858,random,0x19d411000,0x1a63d9000,0x3b7c8000,random,1,252.00,61.2
1858,random,0x19d411000,0x1a63d9000,0x3b7c8000,random,2,252.00,61.2
1859,random,0x19d411000,0xbede5000,0x1239f4000,random,0,257.82,62.3
1859,random,0x19d411000,0xbede5000,0x1239f4000,random,1,258.33,62.1
1859,random,0x19d411000,0xbede5000,0x1239f4000,random,2,258.78,62.2
1860,random,0x19d411000,0x187074000,0x1a465000,random,0,263.45,80.6
1860,random,0x19d411000,0x187074000,0x1a465000,random,1,264.00,80.5
1860,random,0x19d411000,0x187074000,0x1a465000,random,2,264.00,80.2
1861,random,0x19d411000,0x1a7dd1000,0x3a9c0000,random,0,258.37,61.8
1861,random,0x19d411000,0x1a7dd1000,0x3a9c0000,random,1,258.04,61.8
1861,random,0x19d411000,0x1a7dd1000,0x3a9c0000,random,2,258.10,61.8
1862,random,0x19d411000,0x1b1d9d000,0x2c98c000,random,0,252.31,61.2
1862,random,0x19d411000,0x1b1d9d000,0x2c98c000,random,1,252.00,61.2
1862,random,0x19d411000,0x1b1d9d000,0x2c98c000,random,2,252.00,61.2
1863,random,0x19d411000,0x1b6961000,0x2bd70000,random,0,257.03,61.8
1863,random,0x19d411000,0x1b6961000,0x2bd70000,random,1,257.99,61.8
1863,random,0x19d411000,0x1b6961000,0x2bd70000,random,2,257.97,61.8
1864,random,0x19d411000,0xbba8d000,0x126e9c000,random,0,258.68,62.4
1864,random,0x19d411000,0xbba8d000,0x126e9c000,random,1,258.91,62.4
1864,random,0x19d411000,0xbba8d000,0x126e9c000,random,2,258.91,62.3
1865,random,0x19d411000,0x19a4fd000,0x70ec000,random,0,258.98,62.1
1865,random,0x19d411000,0x19a4fd000,0x70ec000,random,1,258.85,62.4
1865,random,0x19d411000,0x19a4fd000,0x70ec000,random,2,258.90,62.3
1866,random,0x19d411000,0x18a661000,0x17270000,random,0,258.21,61.8
1866,random,0x19d411000,0x18a661000,0x17270000,random,1,257.95,61.8
1866,random,0x19d411000,0x18a661000,0x17270000,random,2,258.18,61.8
1867,random,0x19d411000,0x18cfb2000,0x11ba3000,random,0,263.45,80.4
1867,random,0x19d411000,0x18cfb2000,0x11ba3000,random,1,264.00,80.5
1867,random,0x19d411000,0x18cfb2000,0x11ba3000,random,2,264.00,80.5
1868,random,0x19d411000,0x1b3a79000,0x2ee68000,random,0,258.52,61.8
1868,random,0x19d411000,0x1b3a79000,0x2ee68000,random,1,257.92,61.7
1868,random,0x19d411000,0x1b3a79000,0x2ee68000,random,2,257.71,61.8
1869,random,0x19d411000,0x19abac000,0x7fbd000,random,0,263.25,79.9
1869,random,0x19d411000,0x19abac000,0x7fbd000,random,1,264.00,80.2
1869,random,0x19d411000,0x19abac000,0x7fbd000,random,2,264.00,80.0
1870,random,0x19d411000,0x19d862000,0xc73000,random,0,264.00,80.4
1870,random,0x19d411000,0x19d862000,0xc73000,random,1,264.00,80.5
1870,random,0x19d411000,0x19d862000,0xc73000,random,2,264.00,80.6
1871,random,0x19d411000,0xb7377000,0x12a766000,random,0,257.81,76.3
1871,random,0x19d411000,0xb7377000,0x12a766000,random,1,256.98,76.3
1871,random,0x19d411000,0xb7377000,0x12a766000,random,2,257.19,76.2
1872,random,0x19d411000,0x18de67000,0x10a76000,random,0,256.00,79.1
1872,random,0x19d411000,0x18de67000,0x10a76000,random,1,256.00,79.1
1872,random,0x19d411000,0x18de67000,0x10a76000,random,2,256.00,79.1
1873,random,0x19d411000,0x1b0b96000,0x2df87000,random,0,263.11,80.5
1873,random,0x19d411000,0x1b0b96000,0x2df87000,random,1,264.00,80.1
1873,random,0x19d411000,0x1b0b96000,0x2df87000,random,2,264.00,80.3
1874,random,0x19d411000,0x18ce7b000,0x11a6a000,random,0,264.00,80.5
1874,random,0x19d411000,0x18ce7b000,0x11a6a000,random,1,264.00,80.4
1874,random,0x19d411000,0x18ce7b000,0x11a6a000,random,2,264.00,80.6
1875,random,0x19d411000,0x18d8cd000,0x10cdc000,random,0,259.12,62.4
1875,random,0x19d411000,0x18d8cd000,0x10cdc000,random,1,258.17,62.4
1875,random,0x19d411000,0x18d8cd000,0x10cdc000,random,2,258.72,62.3
1876,random,0x19d411000,0x1ab0cf000,0x364de000,random,0,263.45,80.5
1876,random,0x19d411000,0x1ab0cf000,0x364de000,random,1,264.00,80.4
1876,random,0x19d411000,0x1ab0cf000,0x364de000,random,2,264.00,80.4
1877,random,0x19d411000,0x184b00000,0x19f11000,random,0,263.80,79.5
1877,random,0x19d411000,0x184b00000,0x19f11000,random,1,264.00,79.6
1877,random,0x19d411000,0x184b00000,0x19f11000,random,2,264.00,79.9
1878,random,0x19d411000,0x187be5000,0x1aff4000,random,0,258.72,61.8
1878,random,0x19d411000,0x187be5000,0x1aff4000,random,1,258.27,61.8
1878,random,0x19d411000,0x187be5000,0x1aff4000,random,2,257.61,61.8
1879,random,0x19d411000,0xb73c9000,0x12a7d8000,random,0,258.95,62.2
1879,random,0x19d411000,0xb73c9000,0x12a7d8000,random,1,258.83,62.4
1879,random,0x19d411000,0xb73c9000,0x12a7d8000,random,2,259.03,62.4
1880,random,0x19d411000,0xbd933000,0x120d22000,random,0,263.42,80.5
1880,random,0x19d411000,0xbd933000,0x120d22000,random,1,264.00,80.4
1880,random,0x19d411000,0xbd933000,0x120d22000,random,2,264.00,80.4
1881,random,0x19d411000,0x1a73bf000,0x3a7ae000,random,0,264.00,80.0
1881,random,0x19d411000,0x1a73bf000,0x3a7ae000,random,1,264.00,80.0
1881,random,0x19d411000,0x1a73bf000,0x3a7ae000,random,2,264.00,79.7
1882,random,0x19d411000,0x1ab7f7000,0x363e6000,random,0,256.32,79.1
1882,random,0x19d411000,0x1ab7f7000,0x363e6000,random,1,256.00,78.9
1882,random,0x19d411000,0x1ab7f7000,0x363e6000,random,2,256.00,79.1
1883,random,0x19d411000,0xadb35000,0x130f24000,random,0,258.19,62.1
1883,random,0x19d411000,0xadb35000,0x130f24000,random,1,259.07,62.0
1883,random,0x19d411000,0xadb35000,0x130f24000,random,2,259.05,62.0
1884,random,0x19d411000,0x1a90bd000,0x344ac000,random,0,258.89,62.0
1884,random,0x19d411000,0x1a90bd000,0x344ac000,random,1,259.04,62.1
1884,random,0x19d411000,0x1a90bd000,0x344ac000,random,2,259.05,62.0
1885,random,0x19d411000,0x1a42a6000,0x396b7000,random,0,263.17,79.9
1885,random,0x19d411000,0x1a42a6000,0x396b7000,random,1,264.00,80.2
1885,random,0x19d411000,0x1a42a6000,0x396b7000,random,2,264.00,79.9
1886,random,0x19d411000,0x1b7819000,0x2ac08000,random,0,258.37,61.7
1886,random,0x19d411000,0x1b7819000,0x2ac08000,random,1,258.41,61.8
1886,random,0x19d411000,0x1b7819000,0x2ac08000,random,2,257.94,61.8
1887,random,0x19d411000,0xbd023000,0x120432000,random,0,263.38,80.4
1887,random,0x19d411000,0xbd023000,0x120432000,random,1,264.00,80.4
1887,random,0x19d411000,0xbd023000,0x120432000,random,2,264.00,80.5
1888,random,0x19d411000,0x19b862000,0x6c73000,random,0,264.00,80.5
1888,random,0x19d411000,0x19b862000,0x6c73000,random,1,264.00,80.4
1888,random,0x19d411000,0x19b862000,0x6c73000,random,2,264.00,80.4
1889,random,0x19d411000,0x1a5ac1000,0x38ed0000,random,0,258.94,62.4
1889,random,0x19d411000,0x1a5ac1000,0x38ed0000,random,1,258.77,62.5
1889,random,0x19d411000,0x1a5ac1000,0x38ed0000,random,2,258.68,62.3
1890,random,0x19d411000,0x184457000,0x19046000,random,0,263.20,79.8
1890,random,0x19d411000,0x184457000,0x19046000,random,1,264.00,79.9
1890,random,0x19d411000,0x184457000,0x19046000,random,2,264.00,80.1
1891,random,0x19d411000,0x1a15e4000,0x3c1f5000,random,0,264.00,80.2
1891,random,0x19d411000,0x1a15e4000,0x3c1f5000,random,1,264.00,80.2
1891,random,0x19d411000,0x1a15e4000,0x3c1f5000,random,2,264.00,80.5
1892,random,0x19d411000,0x192761000,0xf370000,random,0,258.25,61.8
1892,random,0x19d411000,0x192761000,0xf370000,random,1,257.85,61.8
1892,random,0x19d411000,0x192761000,0xf370000,random,2,257.79,61.8
1893,random,0x19d411000,0x1b2583000,0x2f192000,random,0,263.27,80.4
1893,random,0x19d411000,0x1b2583000,0x2f192000,random,1,264.00,80.3
1893,random,0x19d411000,0x1b2583000,0x2f192000,random,2,264.00,80.4
1894,random,0x19d411000,0x1a2c54000,0x3f845000,random,0,264.00,80.1
1894,random,0x19d411000,0x1a2c54000,0x3f845000,random,1,264.00,79.8
1894,random,0x19d411000,0x1a2c54000,0x3f845000,random,2,264.00,79.9
1895,random,0x19d411000,0x18d209000,0x10618000,random,0,257.90,61.8
1895,random,0x19d411000,0x18d209000,0x10618000,random,1,257.51,61.8
1895,random,0x19d411000,0x18d209000,0x10618000,random,2,257.83,61.8
1896,random,0x19d411000,0x193609000,0xe218000,random,0,258.10,61.8
1896,random,0x19d411000,0x193609000,0xe218000,random,1,257.91,61.8
1896,random,0x19d411000,0x193609000,0xe218000,random,2,258.16,61.8
1897,random,0x19d411000,0x1aa3c4000,0x377d5000,random,0,263.29,79.7
1897,random,0x19d411000,0x1aa3c4000,0x377d5000,random,1,264.00,79.8
1897,random,0x19d411000,0x1aa3c4000,0x377d5000,random,2,264.00,80.2
1898,random,0x19d411000,0xb16a2000,0x12c2b3000,random,0,257.54,76.3
1898,random,0x19d411000,0xb16a2000,0x12c2b3000,random,1,258.05,76.1
1898,random,0x19d411000,0xb16a2000,0x12c2b3000,random,2,257.72,76.3
1899,random,0x19d411000,0xaf062000,0x132473000,random,0,263.41,80.2
1899,random,0x19d411000,0xaf062000,0x132473000,random,1,264.00,80.2
1899,random,0x19d411000,0xaf062000,0x132473000,random,2,264.00,80.2
1900,random,0x19d411000,0x18bafa000,0x16eeb000,random,0,264.00,80.2
1900,random,0x19d411000,0x18bafa000,0x16eeb000,random,1,264.00,80.3
1900,random,0x19d411000,0x18bafa000,0x16eeb000,random,2,264.00,80.1
1901,random,0x19d411000,0x1b383c000,0x2ec2d000,random,0,264.00,80.2
1901,random,0x19d411000,0x1b383c000,0x2ec2d000,random,1,264.00,80.1
1901,random,0x19d411000,0x1b383c000,0x2ec2d000,random,2,264.00,80.3
1902,random,0x19d411000,0x1b39a8000,0x2edb9000,random,0,256.33,79.1
1902,random,0x19d411000,0x1b39a8000,0x2edb9000,random,1,256.00,79.0
1902,random,0x19d411000,0x1b39a8000,0x2edb9000,random,2,256.00,78.8
1903,random,0x19d411000,0x196a70000,0xbe61000,random,0,256.00,79.0
1903,random,0x19d411000,0x196a70000,0xbe61000,random,1,256.00,79.0
1903,random,0x19d411000,0x196a70000,0xbe61000,random,2,256.00,79.0
1904,random,0x19d411000,0x1ad35a000,0x3074b000,random,0,262.98,80.0
1904,random,0x19d411000,0x1ad35a000,0x3074b000,random,1,264.00,80.0
1904,random,0x19d411000,0x1ad35a000,0x3074b000,random,2,264.00,80.0
1905,random,0x19d411000,0x1896f2000,0x142e3000,random,0,264.00,80.1
1905,random,0x19d411000,0x1896f2000,0x142e3000,random,1,264.00,79.9
1905,random,0x19d411000,0x1896f2000,0x142e3000,random,2,264.00,80.0
1906,random,0x19d411000,0x1a544d000,0x3805c000,random,0,259.49,62.0
1906,random,0x19d411000,0x1a544d000,0x3805c000,random,1,258.93,62.0
1906,random,0x19d411000,0x1a544d000,0x3805c000,random,2,258.98,61.8
1907,random,0x19d411000,0xb36b5000,0x12e2a4000,random,0,254.81,61.2
1907,random,0x19d411000,0xb36b5000,0x12e2a4000,random,1,253.87,61.2
1907,random,0x19d411000,0xb36b5000,0x12e2a4000,random,2,254.00,61.2
1908,random,0x19d411000,0xad711000,0x130300000,random,0,257.95,62.3
1908,random,0x19d411000,0xad711000,0x130300000,random,1,258.76,62.3
1908,random,0x19d411000,0xad711000,0x130300000,random,2,258.82,62.4
1909,random,0x19d411000,0x1aa141000,0x37550000,random,0,258.01,61.8
1909,random,0x19d411000,0x1aa141000,0x37550000,random,1,257.50,61.8
1909,random,0x19d411000,0x1aa141000,0x37550000,random,2,257.81,61.8
1910,random,0x19d411000,0xadf6a000,0x130b7b000,random,0,263.31,80.3
1910,random,0x19d411000,0xadf6a000,0x130b7b000,random,1,264.00,80.1
1910,random,0x19d411000,0xadf6a000,0x130b7b000,random,2,264.00,80.1
1911,random,0x19d411000,0x1902f5000,0xd6e4000,random,0,258.88,62.2
1911,random,0x19d411000,0x1902f5000,0xd6e4000,random,1,258.36,62.4
1911,random,0x19d411000,0x1902f5000,0xd6e4000,random,2,258.47,62.3
1912,random,0x19d411000,0xb11db000,0x12c5ca000,random,0,263.24,80.6
1912,random,0x19d411000,0xb11db000,0x12c5ca000,random,1,264.00,80.5
1912,random,0x19d411000,0xb11db000,0x12c5ca000,random,2,264.00,80.6
1913,random,0x19d411000,0x1b5696000,0x28287000,random,0,264.00,80.4
1913,random,0x19d411000,0x1b5696000,0x28287000,random,1,264.00,80.5
1913,random,0x19d411000,0x1b5696000,0x28287000,random,2,264.00,80.4
1914,random,0x19d411000,0xb21e5000,0x12f5f4000,random,0,254.80,61.2
1914,random,0x19d411000,0xb21e5000,0x12f5f4000,random,1,254.31,61.2
1914,random,0x19d411000,0xb21e5000,0x12f5f4000,random,2,254.26,61.1
1915,random,0x19d411000,0x188416000,0x15007000,random,0,262.91,80.4
1915,random,0x19d411000,0x188416000,0x15007000,random,1,264.00,80.3
1915,random,0x19d411000,0x188416000,0x15007000,random,2,264.00,80.5
1916,random,0x19d411000,0x1a280c000,0x3fc1d000,random,0,264.00,80.5
1916,random,0x19d411000,0x1a280c000,0x3fc1d000,random,1,264.00,80.6
1916,random,0x19d411000,0x1a280c000,0x3fc1d000,random,2,264.00,80.5
1917,random,0x19d411000,0xb1ea1000,0x12cab0000,random,0,259.34,62.0
1917,random,0x19d411000,0xb1ea1000,0x12cab0000,random,1,259.02,62.1
1917,random,0x19d411000,0xb1ea1000,0x12cab0000,random,2,259.02,62.0
1918,random,0x19d411000,0x186e93000,0x1ba82000,random,0,263.21,79.9
1918,random,0x19d411000,0x186e93000,0x1ba82000,random,1,264.00,79.8
1918,random,0x19d411000,0x186e93000,0x1ba82000,random,2,264.00,80.0
1919,random,0x19d411000,0x184bf7000,0x19fe6000,random,0,264.00,80.5
1919,random,0x19d411000,0x184bf7000,0x19fe6000,random,1,264.00,80.1
1919,random,0x19d411000,0x184bf7000,0x19fe6000,random,2,264.00,80.3
1920,random,0x19d411000,0x18751a000,0x1a10b000,random,0,264.00,80.3
1920,random,0x19d411000,0x18751a000,0x1a10b000,random,1,264.00,80.3
1920,random,0x19d411000,0x18751a000,0x1a10b000,random,2,264.00,80.4
1921,random,0x19d411000,0x18767a000,0x1a26b000,random,0,264.00,80.5
1921,random,0x19d411000,0x18767a000,0x1a26b000,random,1,264.00,79.8
1921,random,0x19d411000,0x18767a000,0x1a26b000,random,2,264.00,80.3
1922,random,0x19d411000,0x1a32eb000,0x3e6fa000,random,0,264.00,80.3
1922,random,0x19d411000,0x1a32eb000,0x3e6fa000,random,1,264.00,80.3
1922,random,0x19d411000,0x1a32eb000,0x3e6fa000,random,2,264.00,80.3
1923,random,0x19d411000,0x196d8a000,0xb99b000,random,0,264.00,80.0
1923,random,0x19d411000,0x196d8a000,0xb99b000,random,1,264.00,79.6
1923,random,0x19d411000,0x196d8a000,0xb99b000,random,2,264.00,79.9
1924,random,0x19d411000,0x19fd0c000,0x291d000,random,0,264.00,79.9
1924,random,0x19d411000,0x19fd0c000,0x291d000,random,1,264.00,79.9
1924,random,0x19d411000,0x19fd0c000,0x291d000,random,2,264.00,80.0
1925,random,0x19d411000,0x18aec9000,0x17ad8000,random,0,259.04,62.3
1925,random,0x19d411000,0x18aec9000,0x17ad8000,random,1,258.84,62.5
1925,random,0x19d411000,0x18aec9000,0x17ad8000,random,2,258.67,62.3
1926,random,0x19d411000,0xb7791000,0x12a380000,random,0,254.72,61.2
1926,random,0x19d411000,0xb7791000,0x12a380000,random,1,253.88,61.2
1926,random,0x19d411000,0xb7791000,0x12a380000,random,2,253.48,61.2
1927,random,0x19d411000,0xb0171000,0x12d560000,random,0,257.71,62.3
1927,random,0x19d411000,0xb0171000,0x12d560000,random,1,258.10,62.4
1927,random,0x19d411000,0xb0171000,0x12d560000,random,2,258.59,62.1
1928,random,0x19d411000,0x1b239c000,0x2f78d000,random,0,263.33,80.2
1928,random,0x19d411000,0x1b239c000,0x2f78d000,random,1,264.00,80.2
1928,random,0x19d411000,0x1b239c000,0x2f78d000,random,2,264.00,80.3
1929,random,0x19d411000,0xbea20000,0x123e31000,random,0,264.00,80.4
1929,random,0x19d411000,0xbea20000,0x123e31000,random,1,264.00,80.4
1929,random,0x19d411000,0xbea20000,0x123e31000,random,2,264.00,80.3
1930,random,0x19d411000,0x1a42fe000,0x396ef000,random,0,256.34,79.2
1930,random,0x19d411000,0x1a42fe000,0x396ef000,random,1,256.00,78.9
1930,random,0x19d411000,0x1a42fe000,0x396ef000,random,2,256.00,79.2
1931,random,0x19d411000,0xc0615000,0x15d204000,random,0,258.53,62.0
1931,random,0x19d411000,0xc0615000,0x15d204000,random,1,259.25,62.1
1931,random,0x19d411000,0xc0615000,0x15d204000,random,2,259.10,62.0
1932,random,0x19d411000,0x1b5cf9000,0x288e8000,random,0,258.71,61.6
1932,random,0x19d411000,0x1b5cf9000,0x288e8000,random,1,258.71,61.7
1932,random,0x19d411000,0x1b5cf9000,0x288e8000,random,2,258.71,61.8
1933,random,0x19d411000,0x1a0b75000,0x3df64000,random,0,252.30,61.2
1933,random,0x19d411000,0x1a0b75000,0x3df64000,random,1,252.00,61.2
1933,random,0x19d411000,0x1a0b75000,0x3df64000,random,2,252.00,61.2
1934,random,0x19d411000,0x19cce4000,0x18f5000,random,0,262.59,79.9
1934,random,0x19d411000,0x19cce4000,0x18f5000,random,1,264.00,80.0
1934,random,0x19d411000,0x19cce4000,0x18f5000,random,2,264.00,80.0
1935,random,0x19d411000,0x1abf22000,0x36b33000,random,0,264.00,80.5
1935,random,0x19d411000,0x1abf22000,0x36b33000,random,1,264.00,80.3
1935,random,0x19d411000,0x1abf22000,0x36b33000,random,2,264.00,80.3
1936,random,0x19d411000,0xb7f18000,0x12ab09000,random,0,264.00,79.9
1936,random,0x19d411000,0xb7f18000,0x12ab09000,random,1,264.00,79.8
1936,random,0x19d411000,0xb7f18000,0x12ab09000,random,2,264.00,79.9
1937,random,0x19d411000,0x188c00000,0x15811000,random,0,264.00,80.3
1937,random,0x19d411000,0x188c00000,0x15811000,random,1,264.00,80.5
1937,random,0x19d411000,0x188c00000,0x15811000,random,2,264.00,80.4
1938,random,0x19d411000,0x1921a4000,0xf5b5000,random,0,264.00,80.7
1938,random,0x19d411000,0x1921a4000,0xf5b5000,random,1,264.00,80.4
1938,random,0x19d411000,0x1921a4000,0xf5b5000,random,2,264.00,80.6
1939,random,0x19d411000,0x1af842000,0x32c53000,random,0,264.00,80.5
1939,random,0x19d411000,0x1af842000,0x32c53000,random,1,264.00,80.4
1939,random,0x19d411000,0x1af842000,0x32c53000,random,2,264.00,80.5
1940,random,0x19d411000,0x1afe50000,0x32a41000,random,0,256.31,79.0
1940,random,0x19d411000,0x1afe50000,0x32a41000,random,1,256.00,78.9
1940,random,0x19d411000,0x1afe50000,0x32a41000,random,2,256.00,79.1
1941,random,0x19d411000,0xb3063000,0x12e472000,random,0,263.14,80.5
1941,random,0x19d411000,0xb3063000,0x12e472000,random,1,264.00,80.2
1941,random,0x19d411000,0xb3063000,0x12e472000,random,2,264.00,80.5
1942,random,0x19d411000,0x188a07000,0x15e16000,random,0,264.00,80.5
1942,random,0x19d411000,0x188a07000,0x15e16000,random,1,264.00,80.3
1942,random,0x19d411000,0x188a07000,0x15e16000,random,2,264.00,80.5
1943,random,0x19d411000,0x18f1a8000,0x125b9000,random,0,256.33,79.1
1943,random,0x19d411000,0x18f1a8000,0x125b9000,random,1,256.00,79.2
1943,random,0x19d411000,0x18f1a8000,0x125b9000,random,2,256.00,79.2
1944,random,0x19d411000,0xb2745000,0x12f354000,random,0,258.47,62.0
1944,random,0x19d411000,0xb2745000,0x12f354000,random,1,259.19,62.0
1944,random,0x19d411000,0xb2745000,0x12f354000,random,2,259.14,61.9
1945,random,0x19d411000,0x1a2fb7000,0x3fba6000,random,0,263.31,80.3
1945,random,0x19d411000,0x1a2fb7000,0x3fba6000,random,1,264.00,80.5
1945,random,0x19d411000,0x1a2fb7000,0x3fba6000,random,2,264.00,80.5
1946,random,0x19d411000,0x1946ce000,0x92df000,random,0,256.32,79.0
1946,random,0x19d411000,0x1946ce000,0x92df000,random,1,256.00,79.1
1946,random,0x19d411000,0x1946ce000,0x92df000,random,2,256.00,79.1
1947,random,0x19d411000,0x184a10000,0x19e01000,random,0,263.07,80.3
1947,random,0x19d411000,0x184a10000,0x19e01000,random,1,264.00,80.5
1947,random,0x19d411000,0x184a10000,0x19e01000,random,2,264.00,80.6
1948,random,0x19d411000,0x19aa70000,0x7e61000,random,0,264.00,80.6
1948,random,0x19d411000,0x19aa70000,0x7e61000,random,1,264.00,80.6
1948,random,0x19d411000,0x19aa70000,0x7e61000,random,2,264.00,80.3
1949,random,0x19d411000,0x18798c000,0x1ad9d000,random,0,264.00,80.3
1949,random,0x19d411000,0x18798c000,0x1ad9d000,random,1,264.00,80.4
1949,random,0x19d411000,0x18798c000,0x1ad9d000,random,2,264.00,80.6
1950,random,0x19d411000,0x189038000,0x14429000,random,0,256.36,66.2
1950,random,0x19d411000,0x189038000,0x14429000,random,1,256.00,66.2
1950,random,0x19d411000,0x189038000,0x14429000,random,2,256.00,66.1
1951,random,0x19d411000,0x1a0dfa000,0x3d9eb000,random,0,263.05,80.4
1951,random,0x19d411000,0x1a0dfa000,0x3d9eb000,random,1,264.00,80.3
1951,random,0x19d411000,0x1a0dfa000,0x3d9eb000,random,2,264.00,80.4
1952,random,0x19d411000,0x1a7d85000,0x3a994000,random,0,258.68,62.4
1952,random,0x19d411000,0x1a7d85000,0x3a994000,random,1,258.50,62.4
1952,random,0x19d411000,0x1a7d85000,0x3a994000,random,2,258.65,62.4
1953,random,0x19d411000,0x1a0ed1000,0x3dac0000,random,0,259.00,62.1
1953,random,0x19d411000,0x1a0ed1000,0x3dac0000,random,1,258.62,62.3
1953,random,0x19d411000,0x1a0ed1000,0x3dac0000,random,2,258.85,62.4
1954,random,0x19d411000,0x1a0a8f000,0x3de9e000,random,0,263.42,80.5
1954,random,0x19d411000,0x1a0a8f000,0x3de9e000,random,1,264.00,80.4
1954,random,0x19d411000,0x1a0a8f000,0x3de9e000,random,2,264.00,80.5
1955,random,0x19d411000,0xbb078000,0x126469000,random,0,264.00,80.2
1955,random,0x19d411000,0xbb078000,0x126469000,random,1,264.00,80.1
1955,random,0x19d411000,0xbb078000,0x126469000,random,2,264.00,80.4
1956,random,0x19d411000,0xad53c000,0x13012d000,random,0,264.00,80.5
1956,random,0x19d411000,0xad53c000,0x13012d000,random,1,264.00,80.5
1956,random,0x19d411000,0xad53c000,0x13012d000,random,2,264.00,80.2
1957,random,0x19d411000,0x1b0d82000,0x2d993000,random,0,264.00,80.2
1957,random,0x19d411000,0x1b0d82000,0x2d993000,random,1,264.00,80.2
1957,random,0x19d411000,0x1b0d82000,0x2d993000,random,2,264.00,80.4
1958,random,0x19d411000,0x1aafc9000,0x37bd8000,random,0,259.08,62.4
1958,random,0x19d411000,0x1aafc9000,0x37bd8000,random,1,258.81,62.3
1958,random,0x19d411000,0x1aafc9000,0x37bd8000,random,2,258.68,62.4
1959,random,0x19d411000,0x18d2ff000,0x106ee000,random,0,263.40,80.3
1959,random,0x19d411000,0x18d2ff000,0x106ee000,random,1,264.00,80.4
1959,random,0x19d411000,0x18d2ff000,0x106ee000,random,2,264.00,80.3
1960,random,0x19d411000,0x19c34f000,0x175e000,random,0,264.00,80.4
1960,random,0x19d411000,0x19c34f000,0x175e000,random,1,264.00,80.3
1960,random,0x19d411000,0x19c34f000,0x175e000,random,2,264.00,80.4
1961,random,0x19d411000,0x1aee3c000,0x33a2d000,random,0,256.33,79.1
1961,random,0x19d411000,0x1aee3c000,0x33a2d000,random,1,256.00,78.9
1961,random,0x19d411000,0x1aee3c000,0x33a2d000,random,2,256.00,78.7
1962,random,0x19d411000,0x18bec8000,0x16ad9000,random,0,263.11,80.6
1962,random,0x19d411000,0x18bec8000,0x16ad9000,random,1,264.00,80.4
1962,random,0x19d411000,0x18bec8000,0x16ad9000,random,2,264.00,80.5
1963,random,0x19d411000,0x18474d000,0x1935c000,random,0,259.55,62.0
1963,random,0x19d411000,0x18474d000,0x1935c000,random,1,259.24,62.0
1963,random,0x19d411000,0x18474d000,0x1935c000,random,2,258.95,62.0
1964,random,0x19d411000,0x1926aa000,0xf2bb000,random,0,256.00,77.1
1964,random,0x19d411000,0x1926aa000,0xf2bb000,random,1,256.00,78.9
1964,random,0x19d411000,0x1926aa000,0xf2bb000,random,2,256.00,79.1
1965,random,0x19d411000,0x1b4ef8000,0x29ae9000,random,0,262.92,79.9
1965,random,0x19d411000,0x1b4ef8000,0x29ae9000,random,1,264.00,80.0
1965,random,0x19d411000,0x1b4ef8000,0x29ae9000,random,2,264.00,79.8
1966,random,0x19d411000,0x1a7ed4000,0x3aac5000,random,0,256.33,79.0
1966,random,0x19d411000,0x1a7ed4000,0x3aac5000,random,1,256.00,79.2
1966,random,0x19d411000,0x1a7ed4000,0x3aac5000,random,2,256.00,79.0
1967,random,0x19d411000,0x19a7b9000,0x73a8000,random,0,257.80,61.8
1967,random,0x19d411000,0x19a7b9000,0x73a8000,random,1,258.61,61.8
1967,random,0x19d411000,0x19a7b9000,0x73a8000,random,2,258.52,61.8
1968,random,0x19d411000,0xaf07d000,0x13246c000,random,0,255.41,61.2
1968,random,0x19d411000,0xaf07d000,0x13246c000,random,1,254.95,61.2
1968,random,0x19d411000,0xaf07d000,0x13246c000,random,2,254.60,61.2
1969,random,0x19d411000,0xb3260000,0x12e671000,random,0,263.07,80.5
1969,random,0x19d411000,0xb3260000,0x12e671000,random,1,264.00,80.5
1969,random,0x19d411000,0xb3260000,0x12e671000,random,2,264.00,80.3
1970,random,0x19d411000,0xaf641000,0x132250000,random,0,259.31,62.2
1970,random,0x19d411000,0xaf641000,0x132250000,random,1,259.09,62.3
1970,random,0x19d411000,0xaf641000,0x132250000,random,2,258.97,62.3
1971,random,0x19d411000,0x1ad0bf000,0x304ae000,random,0,256.00,79.2
1971,random,0x19d411000,0x1ad0bf000,0x304ae000,random,1,256.00,79.1
1971,random,0x19d411000,0x1ad0bf000,0x304ae000,random,2,256.00,79.0
1972,random,0x19d411000,0x1a61b6000,0x3b5a7000,random,0,262.94,79.8
1972,random,0x19d411000,0x1a61b6000,0x3b5a7000,random,1,264.00,80.0
1972,random,0x19d411000,0x1a61b6000,0x3b5a7000,random,2,263.98,79.9
1973,random,0x19d411000,0x1a1390000,0x3c781000,random,0,264.00,80.0
1973,random,0x19d411000,0x1a1390000,0x3c781000,random,1,264.00,80.0
1973,random,0x19d411000,0x1a1390000,0x3c781000,random,2,264.00,80.0
1974,random,0x19d411000,0x190538000,0xd129000,random,0,264.00,80.3
1974,random,0x19d411000,0x190538000,0xd129000,random,1,264.00,80.2
1974,random,0x19d411000,0x190538000,0xd129000,random,2,264.00,80.4
1975,random,0x19d411000,0x18e03c000,0x1342d000,random,0,264.00,80.4
1975,random,0x19d411000,0x18e03c000,0x1342d000,random,1,264.00,80.5
1975,random,0x19d411000,0x18e03c000,0x1342d000,random,2,264.00,80.4
1976,random,0x19d411000,0x1b2b6d000,0x2ff7c000,random,0,252.68,61.2
1976,random,0x19d411000,0x1b2b6d000,0x2ff7c000,random,1,252.00,61.2
1976,random,0x19d411000,0x1b2b6d000,0x2ff7c000,random,2,252.00,61.2
1977,random,0x19d411000,0x1932cd000,0xe6dc000,random,0,257.36,62.3
1977,random,0x19d411000,0x1932cd000,0xe6dc000,random,1,258.17,62.1
1977,random,0x19d411000,0x1932cd000,0xe6dc000,random,2,258.70,62.5
1978,random,0x19d411000,0xaee9c000,0x133a8d000,random,0,263.40,79.7
1978,random,0x19d411000,0xaee9c000,0x133a8d000,random,1,264.00,80.0
1978,random,0x19d411000,0xaee9c000,0x133a8d000,random,2,264.00,80.0
1979,random,0x19d411000,0xb0608000,0x12d219000,random,0,264.00,79.8
1979,random,0x19d411000,0xb0608000,0x12d219000,random,1,264.00,80.0
1979,random,0x19d411000,0xb0608000,0x12d219000,random,2,264.00,80.0
1980,random,0x19d411000,0x19a167000,0x7576000,random,0,264.00,80.0
1980,random,0x19d411000,0x19a167000,0x7576000,random,1,264.00,79.9
1980,random,0x19d411000,0x19a167000,0x7576000,random,2,264.00,80.0
1981,random,0x19d411000,0x195be8000,0x8ff9000,random,0,264.00,80.5
1981,random,0x19d411000,0x195be8000,0x8ff9000,random,1,264.00,80.5
1981,random,0x19d411000,0x195be8000,0x8ff9000,random,2,264.00,80.5
1982,random,0x19d411000,0xac97b000,0x131d6a000,random,0,264.00,79.9
1982,random,0x19d411000,0xac97b000,0x131d6a000,random,1,264.00,79.7
1982,random,0x19d411000,0xac97b000,0x131d6a000,random,2,264.00,79.9
1983,random,0x19d411000,0x1b3bc9000,0x2efd8000,random,0,258.87,61.8
1983,random,0x19d411000,0x1b3bc9000,0x2efd8000,random,1,258.32,61.8
1983,random,0x19d411000,0x1b3bc9000,0x2efd8000,random,2,258.44,62.2
1984,random,0x19d411000,0x199dce000,0x49df000,random,0,263.44,80.4
1984,random,0x19d411000,0x199dce000,0x49df000,random,1,264.00,80.5
1984,random,0x19d411000,0x199dce000,0x49df000,random,2,264.00,80.5
1985,random,0x19d411000,0x1b5829000,0x28c38000,random,0,252.71,61.2
1985,random,0x19d411000,0x1b5829000,0x28c38000,random,1,252.00,61.2
1985,random,0x19d411000,0x1b5829000,0x28c38000,random,2,252.00,61.2
1986,random,0x19d411000,0x187994000,0x1ad85000,random,0,262.73,80.4
1986,random,0x19d411000,0x187994000,0x1ad85000,random,1,264.00,80.3
1986,random,0x19d411000,0x187994000,0x1ad85000,random,2,264.00,80.4
1987,random,0x19d411000,0x19161f000,0xc20e000,random,0,264.00,79.9
1987,random,0x19d411000,0x19161f000,0xc20e000,random,1,264.00,80.0
1987,random,0x19d411000,0x19161f000,0xc20e000,random,2,264.00,80.0
1988,random,0x19d411000,0x1a96c0000,0x342d1000,random,0,256.32,79.2
1988,random,0x19d411000,0x1a96c0000,0x342d1000,random,1,256.00,79.2
1988,random,0x19d411000,0x1a96c0000,0x342d1000,random,2,256.00,79.2
1989,random,0x19d411000,0x191da2000,0xc9b3000,random,0,263.08,80.5
1989,random,0x19d411000,0x191da2000,0xc9b3000,random,1,264.00,80.5
1989,random,0x19d411000,0x191da2000,0xc9b3000,random,2,264.00,80.4
1990,random,0x19d411000,0xb9ebf000,0x124aae000,random,0,264.00,80.0
1990,random,0x19d411000,0xb9ebf000,0x124aae000,random,1,264.00,79.9
1990,random,0x19d411000,0xb9ebf000,0x124aae000,random,2,264.00,79.7
1991,random,0x19d411000,0x1a1485000,0x3c094000,random,0,259.47,62.1
1991,random,0x19d411000,0x1a1485000,0x3c094000,random,1,259.22,62.1
1991,random,0x19d411000,0x1a1485000,0x3c094000,random,2,259.27,62.1
1992,random,0x19d411000,0x19d178000,0x569000,random,0,263.40,80.3
1992,random,0x19d411000,0x19d178000,0x569000,random,1,264.00,80.4
1992,random,0x19d411000,0x19d178000,0x569000,random,2,264.00,80.5
1993,random,0x19d411000,0x1ad1da000,0x305cb000,random,0,264.00,80.5
1993,random,0x19d411000,0x1ad1da000,0x305cb000,random,1,264.00,80.6
1993,random,0x19d411000,0x1ad1da000,0x305cb000,random,2,264.00,80.5
1994,random,0x19d411000,0x1b0c3f000,0x2d82e000,random,0,264.00,80.4
1994,random,0x19d411000,0x1b0c3f000,0x2d82e000,random,1,264.00,80.5
1994,random,0x19d411000,0x1b0c3f000,0x2d82e000,random,2,264.00,80.4
1995,random,0x19d411000,0xb1f12000,0x12cb03000,random,0,264.00,79.9
1995,random,0x19d411000,0xb1f12000,0x12cb03000,random,1,264.00,80.1
1995,random,0x19d411000,0xb1f12000,0x12cb03000,random,2,264.00,79.8
1996,random,0x19d411000,0x19c438000,0x1029000,random,0,264.00,80.5
1996,random,0x19d411000,0x19c438000,0x1029000,random,1,264.00,80.5
1996,random,0x19d411000,0x19c438000,0x1029000,random,2,264.00,80.7
1997,random,0x19d411000,0x191ec7000,0xcad6000,random,0,264.00,80.1
1997,random,0x19d411000,0x191ec7000,0xcad6000,random,1,264.00,80.0
1997,random,0x19d411000,0x191ec7000,0xcad6000,random,2,264.00,79.9
1998,random,0x19d411000,0x1a9c76000,0x34867000,random,0,264.00,80.0
1998,random,0x19d411000,0x1a9c76000,0x34867000,random,1,264.00,80.0
1998,random,0x19d411000,0x1a9c76000,0x34867000,random,2,264.00,80.0
1999,random,0x19d411000,0x1b76a6000,0x2a2b7000,random,0,264.00,79.9
1999,random,0x19d411000,0x1b76a6000,0x2a2b7000,random,1,264.00,80.6
1999,random,0x19d411000,0x1b76a6000,0x2a2b7000,random,2,264.00,80.4
2000,random,0x19d411000,0xbe5d1000,0x1231c0000,random,0,255.14,61.2
2000,random,0x19d411000,0xbe5d1000,0x1231c0000,random,1,254.29,61.2
2000,random,0x19d411000,0xbe5d1000,0x1231c0000,random,2,254.20,61.2
2001,random,0x19d411000,0x19e004000,0x3415000,random,0,263.03,80.5
2001,random,0x19d411000,0x19e004000,0x3415000,random,1,264.00,80.5
2001,random,0x19d411000,0x19e004000,0x3415000,random,2,264.00,80.4
2002,random,0x19d411000,0x1a686b000,0x3bc7a000,random,0,264.00,79.9
2002,random,0x19d411000,0x1a686b000,0x3bc7a000,random,1,263.98,79.8
2002,random,0x19d411000,0x1a686b000,0x3bc7a000,random,2,264.00,80.0
2003,random,0x19d411000,0xad20b000,0x13061a000,random,0,264.00,80.5
2003,random,0x19d411000,0xad20b000,0x13061a000,random,1,264.00,80.3
2003,random,0x19d411000,0xad20b000,0x13061a000,random,2,264.00,80.4
2004,random,0x19d411000,0x1ad24c000,0x3065d000,random,0,256.34,79.1
2004,random,0x19d411000,0x1ad24c000,0x3065d000,random,1,256.00,79.1
2004,random,0x19d411000,0x1ad24c000,0x3065d000,random,2,256.00,79.1
2005,random,0x19d411000,0xbb9e0000,0x126df1000,random,0,256.74,76.2
2005,random,0x19d411000,0xbb9e0000,0x126df1000,random,1,256.85,76.3
2005,random,0x19d411000,0xbb9e0000,0x126df1000,random,2,256.66,76.2
2006,random,0x19d411000,0x185ebe000,0x18aaf000,random,0,263.32,80.4
2006,random,0x19d411000,0x185ebe000,0x18aaf000,random,1,264.00,80.5
2006,random,0x19d411000,0x185ebe000,0x18aaf000,random,2,264.00,80.5
2007,random,0x19d411000,0x1894a1000,0x140b0000,random,0,252.68,61.2
2007,random,0x19d411000,0x1894a1000,0x140b0000,random,1,252.00,61.0
2007,random,0x19d411000,0x1894a1000,0x140b0000,random,2,252.00,61.2
2008,random,0x19d411000,0x18a3e0000,0x177f1000,random,0,262.79,80.2
2008,random,0x19d411000,0x18a3e0000,0x177f1000,random,1,264.00,80.5
2008,random,0x19d411000,0x18a3e0000,0x177f1000,random,2,264.00,80.5
2009,random,0x19d411000,0x199534000,0x4125000,random,0,256.37,79.2
2009,random,0x19d411000,0x199534000,0x4125000,random,1,256.00,79.2
2009,random,0x19d411000,0x199534000,0x4125000,random,2,256.00,79.2
2010,random,0x19d411000,0xb3be7000,0x12eff6000,random,0,263.13,80.3
2010,random,0x19d411000,0xb3be7000,0x12eff6000,random,1,264.00,80.5
2010,random,0x19d411000,0xb3be7000,0x12eff6000,random,2,264.00,80.5
2011,random,0x19d411000,0x1a10d7000,0x3c4c6000,random,0,256.33,79.2
2011,random,0x19d411000,0x1a10d7000,0x3c4c6000,random,1,256.00,79.2
2011,random,0x19d411000,0x1a10d7000,0x3c4c6000,random,2,256.00,79.0
2012,random,0x19d411000,0x192073000,0xf462000,random,0,256.00,66.2
2012,random,0x19d411000,0x192073000,0xf462000,random,1,256.00,66.2
2012,random,0x19d411000,0x192073000,0xf462000,random,2,256.00,66.2
2013,random,0x19d411000,0x1a7de3000,0x3a9f2000,random,0,263.14,80.3
2013,random,0x19d411000,0x1a7de3000,0x3a9f2000,random,1,264.00,80.0
2013,random,0x19d411000,0x1a7de3000,0x3a9f2000,random,2,264.00,80.4
2014,random,0x19d411000,0x1aaa97000,0x37e86000,random,0,264.00,80.1
2014,random,0x19d411000,0x1aaa97000,0x37e86000,random,1,264.00,79.9
2014,random,0x19d411000,0x1aaa97000,0x37e86000,random,2,264.00,79.9
2015,random,0x19d411000,0x1a64db000,0x3b0ca000,random,0,264.00,80.0
2015,random,0x19d411000,0x1a64db000,0x3b0ca000,random,1,264.00,80.0
2015,random,0x19d411000,0x1a64db000,0x3b0ca000,random,2,264.00,79.9
2016,random,0x19d411000,0x1a2611000,0x3f200000,random,0,258.59,61.7
2016,random,0x19d411000,0x1a2611000,0x3f200000,random,1,258.11,61.8
2016,random,0x19d411000,0x1a2611000,0x3f200000,random,2,258.14,61.8
2017,random,0x19d411000,0x18503f000,0x1842e000,random,0,256.00,79.2
2017,random,0x19d411000,0x18503f000,0x1842e000,random,1,256.00,79.2
2017,random,0x19d411000,0x18503f000,0x1842e000,random,2,256.00,79.2
2018,random,0x19d411000,0x194b24000,0x9f35000,random,0,262.93,80.4
2018,random,0x19d411000,0x194b24000,0x9f35000,random,1,264.00,80.3
2018,random,0x19d411000,0x194b24000,0x9f35000,random,2,264.00,80.4
2019,random,0x19d411000,0x1b14c3000,0x2c0d2000,random,0,264.00,80.4
2019,random,0x19d411000,0x1b14c3000,0x2c0d2000,random,1,264.00,80.4
2019,random,0x19d411000,0x1b14c3000,0x2c0d2000,random,2,264.00,80.4
2020,random,0x19d411000,0x1ae7cc000,0x333dd000,random,0,256.31,79.0
2020,random,0x19d411000,0x1ae7cc000,0x333dd000,random,1,256.00,79.2
2020,random,0x19d411000,0x1ae7cc000,0x333dd000,random,2,256.00,79.2
2021,random,0x19d411000,0x1b30b8000,0x2e4a9000,random,0,256.00,79.2
2021,random,0x19d411000,0x1b30b8000,0x2e4a9000,random,1,256.00,79.2
2021,random,0x19d411000,0x1b30b8000,0x2e4a9000,random,2,256.00,79.2
2022,random,0x19d411000,0x19510a000,0x851b000,random,0,262.98,79.9
2022,random,0x19d411000,0x19510a000,0x851b000,random,1,264.00,79.7
2022,random,0x19d411000,0x19510a000,0x851b000,random,2,264.00,80.1
2023,random,0x19d411000,0x1a492f000,0x39d3e000,random,0,264.00,80.5
2023,random,0x19d411000,0x1a492f000,0x39d3e000,random,1,264.00,80.4
2023,random,0x19d411000,0x1a492f000,0x39d3e000,random,2,264.00,80.4
2024,random,0x19d411000,0x1acbc6000,0x31fd7000,random,0,264.00,80.3
2024,random,0x19d411000,0x1acbc6000,0x31fd7000,random,1,264.00,80.2
2024,random,0x19d411000,0x1acbc6000,0x31fd7000,random,2,264.00,80.2
2025,random,0x19d411000,0xbab62000,0x127f73000,random,0,264.00,80.3
2025,random,0x19d411000,0xbab62000,0x127f73000,random,1,264.00,80.4
2025,random,0x19d411000,0xbab62000,0x127f73000,random,2,264.00,80.3
2026,random,0x19d411000,0xbe99d000,0x123d8c000,random,0,259.29,62.3
2026,random,0x19d411000,0xbe99d000,0x123d8c000,random,1,259.04,62.4
2026,random,0x19d411000,0xbe99d000,0x123d8c000,random,2,259.10,62.3
2027,random,0x19d411000,0x187a17000,0x1ae06000,random,0,263.29,80.5
2027,random,0x19d411000,0x187a17000,0x1ae06000,random,1,264.00,80.4
2027,random,0x19d411000,0x187a17000,0x1ae06000,random,2,264.00,80.4
2028,random,0x19d411000,0x1a1959000,0x3cd48000,random,0,252.69,61.2
2028,random,0x19d411000,0x1a1959000,0x3cd48000,random,1,252.00,61.0
2028,random,0x19d411000,0x1a1959000,0x3cd48000,random,2,252.00,61.2
2029,random,0x19d411000,0x187eec000,0x1aafd000,random,0,255.64,79.0
2029,random,0x19d411000,0x187eec000,0x1aafd000,random,1,256.00,79.1
2029,random,0x19d411000,0x187eec000,0x1aafd000,random,2,256.00,79.0
2030,random,0x19d411000,0x1a8bd4000,0x35fc5000,random,0,256.00,66.2
2030,random,0x19d411000,0x1a8bd4000,0x35fc5000,random,1,256.00,66.2
2030,random,0x19d411000,0x1a8bd4000,0x35fc5000,random,2,256.00,66.2
2031,random,0x19d411000,0xbd6b1000,0x1202a0000,random,0,258.45,62.3
2031,random,0x19d411000,0xbd6b1000,0x1202a0000,random,1,258.84,62.4
2031,random,0x19d411000,0xbd6b1000,0x1202a0000,random,2,259.02,62.5
2032,random,0x19d411000,0x1ab866000,0x36c77000,random,0,263.28,80.0
2032,random,0x19d411000,0x1ab866000,0x36c77000,random,1,264.00,80.0
2032,random,0x19d411000,0x1ab866000,0x36c77000,random,2,264.00,79.8
2033,random,0x19d411000,0x1b0165000,0x2d574000,random,0,252.63,61.2
2033,random,0x19d411000,0x1b0165000,0x2d574000,random,1,252.00,61.2
2033,random,0x19d411000,0x1b0165000,0x2d574000,random,2,252.00,61.2
2034,random,0x19d411000,0xbb414000,0x126005000,random,0,262.66,79.9
2034,random,0x19d411000,0xbb414000,0x126005000,random,1,264.00,80.0
2034,random,0x19d411000,0xbb414000,0x126005000,random,2,264.00,79.9
2035,random,0x19d411000,0x1a60ec000,0x3b4fd000,random,0,264.00,80.3
2035,random,0x19d411000,0x1a60ec000,0x3b4fd000,random,1,264.00,80.2
2035,random,0x19d411000,0x1a60ec000,0x3b4fd000,random,2,264.00,80.3
2036,random,0x19d411000,0x1b3133000,0x2e522000,random,0,256.34,66.2
2036,random,0x19d411000,0x1b3133000,0x2e522000,random,1,256.00,66.2
2036,random,0x19d411000,0x1b3133000,0x2e522000,random,2,256.00,66.1
2037,random,0x19d411000,0x19fd39000,0x2928000,random,0,257.49,61.7
2037,random,0x19d411000,0x19fd39000,0x2928000,random,1,258.14,61.8
2037,random,0x19d411000,0x19fd39000,0x2928000,random,2,257.99,61.8
2038,random,0x19d411000,0x1ad5db000,0x301ca000,random,0,256.00,79.1
2038,random,0x19d411000,0x1ad5db000,0x301ca000,random,1,256.00,79.1
2038,random,0x19d411000,0x1ad5db000,0x301ca000,random,2,256.00,79.1
2039,random,0x19d411000,0x193136000,0xe527000,random,0,256.00,79.1
2039,random,0x19d411000,0x193136000,0xe527000,random,1,256.00,78.8
2039,random,0x19d411000,0x193136000,0xe527000,random,2,256.00,79.1
2040,random,0x19d411000,0x1a1f20000,0x3cb31000,random,0,262.90,79.8
2040,random,0x19d411000,0x1a1f20000,0x3cb31000,random,1,264.00,80.0
2040,random,0x19d411000,0x1a1f20000,0x3cb31000,random,2,264.00,80.0
2041,random,0x19d411000,0x193582000,0xe193000,random,0,256.35,66.0
2041,random,0x19d411000,0x193582000,0xe193000,random,1,256.00,66.2
2041,random,0x19d411000,0x193582000,0xe193000,random,2,256.00,66.2
2042,random,0x19d411000,0xb7147000,0x12a556000,random,0,263.09,80.3
2042,random,0x19d411000,0xb7147000,0x12a556000,random,1,264.00,80.4
2042,random,0x19d411000,0xb7147000,0x12a556000,random,2,264.00,80.3
2043,random,0x19d411000,0xaea01000,0x133e10000,random,0,258.93,62.0
2043,random,0x19d411000,0xaea01000,0x133e10000,random,1,259.07,62.1
2043,random,0x19d411000,0xaea01000,0x133e10000,random,2,259.05,62.1
2044,random,0x19d411000,0x1ae1ff000,0x335ee000,random,0,263.42,79.9
2044,random,0x19d411000,0x1ae1ff000,0x335ee000,random,1,264.00,80.0
2044,random,0x19d411000,0x1ae1ff000,0x335ee000,random,2,264.00,80.0
2045,random,0x19d411000,0x195c1f000,0x880e000,random,0,256.35,66.2
2045,random,0x19d411000,0x195c1f000,0x880e000,random,1,256.00,66.1
2045,random,0x19d411000,0x195c1f000,0x880e000,random,2,256.00,66.2
2046,random,0x19d411000,0xbbccd000,0x1268dc000,random,0,258.23,61.8
2046,random,0x19d411000,0xbbccd000,0x1268dc000,random,1,259.16,61.8
2046,random,0x19d411000,0xbbccd000,0x1268dc000,random,2,258.89,61.8
2047,random,0x19d411000,0xb0da9000,0x12d9b8000,random,0,258.74,61.8
2047,random,0x19d411000,0xb0da9000,0x12d9b8000,random,1,258.39,61.6
2047,random,0x19d411000,0xb0da9000,0x12d9b8000,random,2,258.41,61.6
2048,random,0x19d411000,0x19a16d000,0x757c000,random,0,252.31,61.2
2048,random,0x19d411000,0x19a16d000,0x757c000,random,1,252.00,61.2
2048,random,0x19d411000,0x19a16d000,0x757c000,random,2,252.00,61.2
2049,random,0x19d411000,0x18fc6a000,0x1287b000,random,0,255.61,79.2
2049,random,0x19d411000,0x18fc6a000,0x1287b000,random,1,256.00,79.0
2049,random,0x19d411000,0x18fc6a000,0x1287b000,random,2,256.00,79.2
2050,random,0x19d411000,0x18fb2c000,0x12f3d000,random,0,263.16,80.4
2050,random,0x19d411000,0x18fb2c000,0x12f3d000,random,1,264.00,80.4
2050,random,0x19d411000,0x18fb2c000,0x12f3d000,random,2,264.00,80.4
2051,random,0x19d411000,0x18f4c2000,0x120d3000,random,0,264.00,80.5
2051,random,0x19d411000,0x18f4c2000,0x120d3000,random,1,264.00,80.4
2051,random,0x19d411000,0x18f4c2000,0x120d3000,random,2,264.00,80.5
2052,random,0x19d411000,0xada2d000,0x130e3c000,random,0,258.95,61.8
2052,random,0x19d411000,0xada2d000,0x130e3c000,random,1,258.83,61.8
2052,random,0x19d411000,0xada2d000,0x130e3c000,random,2,258.85,61.8
2053,random,0x19d411000,0x1a5d45000,0x38954000,random,0,259.07,62.0
2053,random,0x19d411000,0x1a5d45000,0x38954000,random,1,258.89,62.1
2053,random,0x19d411000,0x1a5d45000,0x38954000,random,2,259.02,61.9
2054,random,0x19d411000,0xbb674000,0x126265000,random,0,263.43,80.5
2054,random,0x19d411000,0xbb674000,0x126265000,random,1,264.00,80.4
2054,random,0x19d411000,0xbb674000,0x126265000,random,2,264.00,80.5
2055,random,0x19d411000,0xbcf6a000,0x121b7b000,random,0,258.39,76.2
2055,random,0x19d411000,0xbcf6a000,0x121b7b000,random,1,257.37,76.3
2055,random,0x19d411000,0xbcf6a000,0x121b7b000,random,2,257.16,76.2
2056,random,0x19d411000,0x19be28000,0x6a39000,random,0,256.00,79.2
2056,random,0x19d411000,0x19be28000,0x6a39000,random,1,256.00,79.2
2056,random,0x19d411000,0x19be28000,0x6a39000,random,2,256.00,79.2
2057,random,0x19d411000,0x1b5847000,0x28c56000,random,0,256.00,79.1
2057,random,0x19d411000,0x1b5847000,0x28c56000,random,1,256.00,79.1
2057,random,0x19d411000,0x1b5847000,0x28c56000,random,2,256.00,78.9
2058,random,0x19d411000,0x186267000,0x1b676000,random,0,263.20,80.5
2058,random,0x19d411000,0x186267000,0x1b676000,random,1,264.00,80.4
2058,random,0x19d411000,0x186267000,0x1b676000,random,2,264.00,80.4
2059,random,0x19d411000,0x1b7e51000,0x2aa40000,random,0,258.94,62.4
2059,random,0x19d411000,0x1b7e51000,0x2aa40000,random,1,258.37,61.6
2059,random,0x19d411000,0x1b7e51000,0x2aa40000,random,2,258.68,62.2
2060,random,0x19d411000,0x1866bc000,0x1b2ad000,random,0,263.27,80.5
2060,random,0x19d411000,0x1866bc000,0x1b2ad000,random,1,264.00,80.4
2060,random,0x19d411000,0x1866bc000,0x1b2ad000,random,2,264.00,80.3
2061,random,0x19d411000,0x1abf4a000,0x36b5b000,random,0,264.00,80.0
2061,random,0x19d411000,0x1abf4a000,0x36b5b000,random,1,264.00,80.1
2061,random,0x19d411000,0x1abf4a000,0x36b5b000,random,2,264.00,80.0
2062,random,0x19d411000,0x187847000,0x1ac56000,random,0,264.00,80.2
2062,random,0x19d411000,0x187847000,0x1ac56000,random,1,264.00,80.4
2062,random,0x19d411000,0x187847000,0x1ac56000,random,2,264.00,80.4
2063,random,0x19d411000,0xbac0a000,0x12781b000,random,0,264.00,80.0
2063,random,0x19d411000,0xbac0a000,0x12781b000,random,1,264.00,80.0
2063,random,0x19d411000,0xbac0a000,0x12781b000,random,2,264.00,79.9
2064,random,0x19d411000,0x1a4f7f000,0x39b6e000,random,0,256.30,79.2
2064,random,0x19d411000,0x1a4f7f000,0x39b6e000,random,1,256.00,79.2
2064,random,0x19d411000,0x1a4f7f000,0x39b6e000,random,2,256.00,79.2
2065,random,0x19d411000,0x1b50de000,0x284cf000,random,0,263.08,80.1
2065,random,0x19d411000,0x1b50de000,0x284cf000,random,1,264.00,80.0
2065,random,0x19d411000,0x1b50de000,0x284cf000,random,2,264.00,80.0
2066,random,0x19d411000,0x1a0f80000,0x3db91000,random,0,264.00,79.9
2066,random,0x19d411000,0x1a0f80000,0x3db91000,random,1,264.00,79.9
2066,random,0x19d411000,0x1a0f80000,0x3db91000,random,2,264.00,79.8
2067,random,0x19d411000,0x1b4da0000,0x299b1000,random,0,264.00,80.6
2067,random,0x19d411000,0x1b4da0000,0x299b1000,random,1,264.00,80.6
2067,random,0x19d411000,0x1b4da0000,0x299b1000,random,2,264.00,80.2
2068,random,0x19d411000,0x190497000,0xd086000,random,0,264.00,80.1
2068,random,0x19d411000,0x190497000,0xd086000,random,1,264.00,80.3
2068,random,0x19d411000,0x190497000,0xd086000,random,2,264.00,80.4
2069,random,0x19d411000,0x1b11c5000,0x2c5d4000,random,0,252.67,61.2
2069,random,0x19d411000,0x1b11c5000,0x2c5d4000,random,1,252.00,61.2
2069,random,0x19d411000,0x1b11c5000,0x2c5d4000,random,2,252.00,61.2
2070,random,0x19d411000,0x19df90000,0xb81000,random,0,262.66,80.3
2070,random,0x19d411000,0x19df90000,0xb81000,random,1,264.00,80.2
2070,random,0x19d411000,0x19df90000,0xb81000,random,2,264.00,80.2
2071,random,0x19d411000,0x1a4b28000,0x39f39000,random,0,264.00,79.8
2071,random,0x19d411000,0x1a4b28000,0x39f39000,random,1,264.00,79.8
2071,random,0x19d411000,0x1a4b28000,0x39f39000,random,2,264.00,79.9
2072,random,0x19d411000,0x1b6f4d000,0x2bb5c000,random,0,259.58,62.1
2072,random,0x19d411000,0x1b6f4d000,0x2bb5c000,random,1,259.38,62.1
2072,random,0x19d411000,0x1b6f4d000,0x2bb5c000,random,2,259.42,62.1
2073,random,0x19d411000,0x1ab92c000,0x36d3d000,random,0,263.34,80.5
2073,random,0x19d411000,0x1ab92c000,0x36d3d000,random,1,264.00,80.4
2073,random,0x19d411000,0x1ab92c000,0x36d3d000,random,2,264.00,80.4
2074,random,0x19d411000,0xb19fa000,0x12cdeb000,random,0,264.00,80.4
2074,random,0x19d411000,0xb19fa000,0x12cdeb000,random,1,264.00,80.4
2074,random,0x19d411000,0xb19fa000,0x12cdeb000,random,2,264.00,80.3
2075,random,0x19d411000,0x1b307b000,0x2e46a000,random,0,264.00,80.4
2075,random,0x19d411000,0x1b307b000,0x2e46a000,random,1,264.00,80.4
2075,random,0x19d411000,0x1b307b000,0x2e46a000,random,2,264.00,80.2
2076,random,0x19d411000,0x1a6a71000,0x3be60000,random,0,258.61,61.7
2076,random,0x19d411000,0x1a6a71000,0x3be60000,random,1,258.42,61.8
2076,random,0x19d411000,0x1a6a71000,0x3be60000,random,2,258.51,61.8
2077,random,0x19d411000,0x1ae49f000,0x3308e000,random,0,263.41,80.5
2077,random,0x19d411000,0x1ae49f000,0x3308e000,random,1,264.00,80.5
2077,random,0x19d411000,0x1ae49f000,0x3308e000,random,2,264.00,80.3
2078,random,0x19d411000,0xb04fe000,0x12d0ef000,random,0,264.00,80.3
2078,random,0x19d411000,0xb04fe000,0x12d0ef000,random,1,264.00,80.3
2078,random,0x19d411000,0xb04fe000,0x12d0ef000,random,2,264.00,80.1
2079,random,0x19d411000,0x1b37ea000,0x2e3fb000,random,0,256.34,79.0
2079,random,0x19d411000,0x1b37ea000,0x2e3fb000,random,1,256.00,79.1
2079,random,0x19d411000,0x1b37ea000,0x2e3fb000,random,2,256.00,79.1
2080,random,0x19d411000,0x186e99000,0x1ba88000,random,0,252.14,61.2
2080,random,0x19d411000,0x186e99000,0x1ba88000,random,1,252.00,61.2
2080,random,0x19d411000,0x186e99000,0x1ba88000,random,2,252.00,61.2
2081,random,0x19d411000,0x1a428a000,0x3969b000,random,0,262.64,80.0
2081,random,0x19d411000,0x1a428a000,0x3969b000,random,1,264.00,79.9
2081,random,0x19d411000,0x1a428a000,0x3969b000,random,2,264.00,80.0
2082,random,0x19d411000,0xb78c8000,0x12acd9000,random,0,264.00,80.4
2082,random,0x19d411000,0xb78c8000,0x12acd9000,random,1,264.00,80.3
2082,random,0x19d411000,0xb78c8000,0x12acd9000,random,2,264.00,80.5
2083,random,0x19d411000,0x1a9cee000,0x348ff000,random,0,264.00,80.1
2083,random,0x19d411000,0x1a9cee000,0x348ff000,random,1,264.00,80.5
2083,random,0x19d411000,0x1a9cee000,0x348ff000,random,2,264.00,80.4
2084,random,0x19d411000,0x19c45b000,0x104a000,random,0,264.00,79.9
2084,random,0x19d411000,0x19c45b000,0x104a000,random,1,264.00,80.0
2084,random,0x19d411000,0x19c45b000,0x104a000,random,2,264.00,80.1
2085,random,0x19d411000,0xbef1f000,0x123b0e000,random,0,264.00,80.5
2085,random,0x19d411000,0xbef1f000,0x123b0e000,random,1,264.00,80.5
2085,random,0x19d411000,0xbef1f000,0x123b0e000,random,2,264.00,80.2
2086,random,0x19d411000,0x18c5e5000,0x111f4000,random,0,259.38,62.4
2086,random,0x19d411000,0x18c5e5000,0x111f4000,random,1,258.95,62.2
2086,random,0x19d411000,0x18c5e5000,0x111f4000,random,2,258.91,62.3
2087,random,0x19d411000,0x19ab70000,0x7f61000,random,0,263.15,79.8
2087,random,0x19d411000,0x19ab70000,0x7f61000,random,1,264.00,79.8
2087,random,0x19d411000,0x19ab70000,0x7f61000,random,2,264.00,79.9
2088,random,0x19d411000,0x189e70000,0x14a61000,random,0,264.00,80.1
2088,random,0x19d411000,0x189e70000,0x14a61000,random,1,264.00,80.0
2088,random,0x19d411000,0x189e70000,0x14a61000,random,2,264.00,80.0
2089,random,0x19d411000,0x18d945000,0x10d54000,random,0,259.58,62.1
2089,random,0x19d411000,0x18d945000,0x10d54000,random,1,259.32,62.1
2089,random,0x19d411000,0x18d945000,0x10d54000,random,2,259.49,62.1
2090,random,0x19d411000,0x19e33b000,0x372a000,random,0,263.26,79.9
2090,random,0x19d411000,0x19e33b000,0x372a000,random,1,264.00,80.0
2090,random,0x19d411000,0x19e33b000,0x372a000,random,2,264.00,80.1
2091,random,0x19d411000,0x1b2eca000,0x2fadb000,random,0,264.00,80.6
2091,random,0x19d411000,0x1b2eca000,0x2fadb000,random,1,264.00,80.1
2091,random,0x19d411000,0x1b2eca000,0x2fadb000,random,2,264.00,80.4
2092,random,0x19d411000,0x19229b000,0xf68a000,random,0,264.00,80.0
2092,random,0x19d411000,0x19229b000,0xf68a000,random,1,264.00,80.0
2092,random,0x19d411000,0x19229b000,0xf68a000,random,2,264.00,80.0
2093,random,0x19d411000,0x193e3b000,0xea2a000,random,0,256.33,79.0
2093,random,0x19d411000,0x193e3b000,0xea2a000,random,1,256.00,79.1
2093,random,0x19d411000,0x193e3b000,0xea2a000,random,2,256.00,79.1
2094,random,0x19d411000,0x1a0d18000,0x3d909000,random,0,263.18,80.3
2094,random,0x19d411000,0x1a0d18000,0x3d909000,random,1,264.00,80.4
2094,random,0x19d411000,0x1a0d18000,0x3d909000,random,2,264.00,80.4
2095,random,0x19d411000,0x190249000,0xd658000,random,0,258.69,61.8
2095,random,0x19d411000,0x190249000,0xd658000,random,1,257.93,61.8
2095,random,0x19d411000,0x190249000,0xd658000,random,2,257.99,61.6
2096,random,0x19d411000,0x1aef38000,0x33b29000,random,0,256.00,79.1
2096,random,0x19d411000,0x1aef38000,0x33b29000,random,1,256.00,79.1
2096,random,0x19d411000,0x1aef38000,0x33b29000,random,2,256.00,79.1
2097,random,0x19d411000,0x186c21000,0x1b830000,random,0,252.14,61.2
2097,random,0x19d411000,0x186c21000,0x1b830000,random,1,252.00,61.2
2097,random,0x19d411000,0x186c21000,0x1b830000,random,2,252.00,61.2
2098,random,0x19d411000,0xae5a4000,0x1331b5000,random,0,262.80,80.4
2098,random,0x19d411000,0xae5a4000,0x1331b5000,random,1,264.00,80.3
2098,random,0x19d411000,0xae5a4000,0x1331b5000,random,2,264.00,80.4
2099,random,0x19d411000,0xb78bc000,0x12acad000,random,0,264.00,80.5
2099,random,0x19d411000,0xb78bc000,0x12acad000,random,1,264.00,80.5
2099,random,0x19d411000,0xb78bc000,0x12acad000,random,2,264.00,80.1
2100,random,0x19d411000,0x1b4ef4000,0x29ae5000,random,0,264.00,80.4
2100,random,0x19d411000,0x1b4ef4000,0x29ae5000,random,1,264.00,80.4
2100,random,0x19d411000,0x1b4ef4000,0x29ae5000,random,2,264.00,80.6
2101,random,0x19d411000,0x1aac11000,0x37800000,random,0,259.51,62.0
2101,random,0x19d411000,0x1aac11000,0x37800000,random,1,259.29,62.1
2101,random,0x19d411000,0x1aac11000,0x37800000,random,2,259.42,62.0
2102,random,0x19d411000,0xb9151000,0x124540000,random,0,255.36,61.2
2102,random,0x19d411000,0xb9151000,0x124540000,random,1,254.64,61.1
2102,random,0x19d411000,0xb9151000,0x124540000,random,2,255.06,61.2
2103,random,0x19d411000,0xb2650000,0x12f241000,random,0,263.03,80.6
2103,random,0x19d411000,0xb2650000,0x12f241000,random,1,264.00,80.5
2103,random,0x19d411000,0xb2650000,0x12f241000,random,2,264.00,80.5
2104,random,0x19d411000,0x19d80c000,0xc1d000,random,0,264.00,80.1
2104,random,0x19d411000,0x19d80c000,0xc1d000,random,1,264.00,80.3
2104,random,0x19d411000,0x19d80c000,0xc1d000,random,2,264.00,80.4
2105,random,0x19d411000,0xad437000,0x130026000,random,0,257.94,76.2
2105,random,0x19d411000,0xad437000,0x130026000,random,1,257.06,76.3
2105,random,0x19d411000,0xad437000,0x130026000,random,2,257.84,76.2
2106,random,0x19d411000,0x196116000,0xb507000,random,0,263.25,80.1
2106,random,0x19d411000,0x196116000,0xb507000,random,1,264.00,80.1
2106,random,0x19d411000,0x196116000,0xb507000,random,2,264.00,79.8
2107,random,0x19d411000,0x18ad4c000,0x1795d000,random,0,256.36,66.2
2107,random,0x19d411000,0x18ad4c000,0x1795d000,random,1,256.00,66.2
2107,random,0x19d411000,0x18ad4c000,0x1795d000,random,2,256.00,66.2
2108,random,0x19d411000,0x1b6002000,0x2b413000,random,0,263.03,80.3
2108,random,0x19d411000,0x1b6002000,0x2b413000,random,1,264.00,80.5
2108,random,0x19d411000,0x1b6002000,0x2b413000,random,2,264.00,80.5
2109,random,0x19d411000,0x1aaedd000,0x37acc000,random,0,259.40,62.4
2109,random,0x19d411000,0x1aaedd000,0x37acc000,random,1,259.41,62.5
2109,random,0x19d411000,0x1aaedd000,0x37acc000,random,2,259.25,62.2
2110,random,0x19d411000,0x187405000,0x1a014000,random,0,259.43,62.1
2110,random,0x19d411000,0x187405000,0x1a014000,random,1,259.40,62.1
2110,random,0x19d411000,0x187405000,0x1a014000,random,2,259.42,62.1
2111,random,0x19d411000,0xac64d000,0x13125c000,random,0,259.08,62.2
2111,random,0x19d411000,0xac64d000,0x13125c000,random,1,259.03,62.3
2111,random,0x19d411000,0xac64d000,0x13125c000,random,2,259.13,62.4
2112,random,0x19d411000,0x1940f1000,0x94e0000,random,0,259.23,62.1
2112,random,0x19d411000,0x1940f1000,0x94e0000,random,1,259.30,61.9
2112,random,0x19d411000,0x1940f1000,0x94e0000,random,2,259.02,62.0
2113,random,0x19d411000,0x18c878000,0x11c69000,random,0,256.00,78.3
2113,random,0x19d411000,0x18c878000,0x11c69000,random,1,256.00,79.2
2113,random,0x19d411000,0x18c878000,0x11c69000,random,2,256.00,79.2
2114,random,0x19d411000,0x1acb67000,0x31f76000,random,0,263.09,80.4
2114,random,0x19d411000,0x1acb67000,0x31f76000,random,1,264.00,80.4
2114,random,0x19d411000,0x1acb67000,0x31f76000,random,2,264.00,80.5
2115,random,0x19d411000,0xbacbf000,0x1278ae000,random,0,264.00,80.4
2115,random,0x19d411000,0xbacbf000,0x1278ae000,random,1,264.00,80.5
2115,random,0x19d411000,0xbacbf000,0x1278ae000,random,2,264.00,80.5
2116,random,0x19d411000,0x190482000,0xd093000,random,0,256.33,79.1
2116,random,0x19d411000,0x190482000,0xd093000,random,1,256.00,79.0
2116,random,0x19d411000,0x190482000,0xd093000,random,2,256.00,79.0
2117,random,0x19d411000,0x1b625b000,0x2b64a000,random,0,263.20,80.6
2117,random,0x19d411000,0x1b625b000,0x2b64a000,random,1,264.00,80.5
2117,random,0x19d411000,0x1b625b000,0x2b64a000,random,2,264.00,80.6
2118,random,0x19d411000,0x19089a000,0xdc8b000,random,0,264.00,80.0
2118,random,0x19d411000,0x19089a000,0xdc8b000,random,1,264.00,80.1
2118,random,0x19d411000,0x19089a000,0xdc8b000,random,2,264.00,79.7
2119,random,0x19d411000,0x199801000,0x4c10000,random,0,259.34,62.0
2119,random,0x19d411000,0x199801000,0x4c10000,random,1,259.34,62.1
2119,random,0x19d411000,0x199801000,0x4c10000,random,2,259.14,62.0
2120,random,0x19d411000,0x18cb2a000,0x11f3b000,random,0,263.47,80.5
2120,random,0x19d411000,0x18cb2a000,0x11f3b000,random,1,264.00,80.5
2120,random,0x19d411000,0x18cb2a000,0x11f3b000,random,2,264.00,80.3
2121,random,0x19d411000,0x1ad8e4000,0x30cf5000,random,0,264.00,80.4
2121,random,0x19d411000,0x1ad8e4000,0x30cf5000,random,1,264.00,80.3
2121,random,0x19d411000,0x1ad8e4000,0x30cf5000,random,2,264.00,80.2
2122,random,0x19d411000,0xb0128000,0x12d539000,random,0,264.00,80.5
2122,random,0x19d411000,0xb0128000,0x12d539000,random,1,264.00,80.4
2122,random,0x19d411000,0xb0128000,0x12d539000,random,2,264.00,80.3
2123,random,0x19d411000,0x19e21b000,0x360a000,random,0,264.00,79.8
2123,random,0x19d411000,0x19e21b000,0x360a000,random,1,264.00,80.0
2123,random,0x19d411000,0x19e21b000,0x360a000,random,2,264.00,80.0
2124,random,0x19d411000,0xad2bc000,0x1306ad000,random,0,258.00,76.3
2124,random,0x19d411000,0xad2bc000,0x1306ad000,random,1,257.56,76.3
2124,random,0x19d411000,0xad2bc000,0x1306ad000,random,2,257.80,76.2
2125,random,0x19d411000,0x1b107b000,0x2c46a000,random,0,256.00,78.8
2125,random,0x19d411000,0x1b107b000,0x2c46a000,random,1,256.00,79.1
2125,random,0x19d411000,0x1b107b000,0x2c46a000,random,2,256.00,79.1
2126,random,0x19d411000,0xba26b000,0x12767a000,random,0,263.10,80.4
2126,random,0x19d411000,0xba26b000,0x12767a000,random,1,264.00,80.3
2126,random,0x19d411000,0xba26b000,0x12767a000,random,2,264.00,80.4
2127,random,0x19d411000,0x1b6635000,0x2b224000,random,0,252.68,61.2
2127,random,0x19d411000,0x1b6635000,0x2b224000,random,1,252.00,61.2
2127,random,0x19d411000,0x1b6635000,0x2b224000,random,2,252.00,61.2
2128,random,0x19d411000,0x1b4daa000,0x299bb000,random,0,262.74,80.3
2128,random,0x19d411000,0x1b4daa000,0x299bb000,random,1,264.00,80.5
2128,random,0x19d411000,0x1b4daa000,0x299bb000,random,2,264.00,80.4
2129,random,0x19d411000,0x1b77b3000,0x2a3a2000,random,0,264.00,80.3
2129,random,0x19d411000,0x1b77b3000,0x2a3a2000,random,1,264.00,80.4
2129,random,0x19d411000,0x1b77b3000,0x2a3a2000,random,2,264.00,80.5
2130,random,0x19d411000,0x18785c000,0x1ac4d000,random,0,264.00,80.5
2130,random,0x19d411000,0x18785c000,0x1ac4d000,random,1,264.00,80.6
2130,random,0x19d411000,0x18785c000,0x1ac4d000,random,2,264.00,80.5
2131,random,0x19d411000,0x1b2b6f000,0x2ff7e000,random,0,264.00,79.9
2131,random,0x19d411000,0x1b2b6f000,0x2ff7e000,random,1,264.00,80.0
2131,random,0x19d411000,0x1b2b6f000,0x2ff7e000,random,2,264.00,80.0
2132,random,0x19d411000,0x1abcd3000,0x368c2000,random,0,264.00,80.0
2132,random,0x19d411000,0x1abcd3000,0x368c2000,random,1,264.00,80.1
2132,random,0x19d411000,0x1abcd3000,0x368c2000,random,2,264.00,80.2
2133,random,0x19d411000,0x1ae8fa000,0x33ceb000,random,0,264.00,80.4
2133,random,0x19d411000,0x1ae8fa000,0x33ceb000,random,1,264.00,80.2
2133,random,0x19d411000,0x1ae8fa000,0x33ceb000,random,2,264.00,80.5
2134,random,0x19d411000,0x195c09000,0x8818000,random,0,259.67,62.1
2134,random,0x19d411000,0x195c09000,0x8818000,random,1,259.36,62.1
2134,random,0x19d411000,0x195c09000,0x8818000,random,2,259.38,62.1
2135,random,0x19d411000,0xaf0bf000,0x1324ae000,random,0,263.47,80.4
2135,random,0x19d411000,0xaf0bf000,0x1324ae000,random,1,264.00,80.5
2135,random,0x19d411000,0xaf0bf000,0x1324ae000,random,2,264.00,80.4
2136,random,0x19d411000,0x1b645d000,0x2b04c000,random,0,259.32,62.4
2136,random,0x19d411000,0x1b645d000,0x2b04c000,random,1,258.65,62.4
2136,random,0x19d411000,0x1b645d000,0x2b04c000,random,2,259.00,62.3
2137,random,0x19d411000,0x1ace2e000,0x31a3f000,random,0,263.37,80.4
2137,random,0x19d411000,0x1ace2e000,0x31a3f000,random,1,264.00,80.3
2137,random,0x19d411000,0x1ace2e000,0x31a3f000,random,2,264.00,80.3
2138,random,0x19d411000,0xb1a98000,0x12ce89000,random,0,264.00,80.3
2138,random,0x19d411000,0xb1a98000,0x12ce89000,random,1,264.00,80.3
2138,random,0x19d411000,0xb1a98000,0x12ce89000,random,2,264.00,80.2
2139,random,0x19d411000,0x1b53e8000,0x287f9000,random,0,264.00,80.4
2139,random,0x19d411000,0x1b53e8000,0x287f9000,random,1,264.00,80.6
2139,random,0x19d411000,0x1b53e8000,0x287f9000,random,2,264.00,80.4
2140,random,0x19d411000,0x1a0c95000,0x3d884000,random,0,252.72,61.2
2140,random,0x19d411000,0x1a0c95000,0x3d884000,random,1,252.00,61.2
2140,random,0x19d411000,0x1a0c95000,0x3d884000,random,2,252.00,61.2
2141,random,0x19d411000,0x1b6fd7000,0x2bbc6000,random,0,262.65,80.1
2141,random,0x19d411000,0x1b6fd7000,0x2bbc6000,random,1,264.00,79.7
2141,random,0x19d411000,0x1b6fd7000,0x2bbc6000,random,2,264.00,79.8
2142,random,0x19d411000,0x1b80db000,0x254ca000,random,0,264.00,79.9
2142,random,0x19d411000,0x1b80db000,0x254ca000,random,1,264.00,79.9
2142,random,0x19d411000,0x1b80db000,0x254ca000,random,2,264.00,79.9
2143,random,0x19d411000,0xbbbd5000,0x126fc4000,random,0,259.37,61.8
2143,random,0x19d411000,0xbbbd5000,0x126fc4000,random,1,259.11,61.8
2143,random,0x19d411000,0xbbbd5000,0x126fc4000,random,2,259.16,61.8
2144,random,0x19d411000,0xb9095000,0x124484000,random,0,259.28,62.3
2144,random,0x19d411000,0xb9095000,0x124484000,random,1,259.33,62.3
2144,random,0x19d411000,0xb9095000,0x124484000,random,2,259.12,62.5
2145,random,0x19d411000,0x1add52000,0x30943000,random,0,263.29,80.0
2145,random,0x19d411000,0x1add52000,0x30943000,random,1,264.00,79.9
2145,random,0x19d411000,0x1add52000,0x30943000,random,2,264.00,80.1
2146,random,0x19d411000,0xb9181000,0x124590000,random,0,259.62,62.3
2146,random,0x19d411000,0xb9181000,0x124590000,random,1,259.26,62.4
2146,random,0x19d411000,0xb9181000,0x124590000,random,2,259.04,62.4
2147,random,0x19d411000,0x2393df000,0x3a47ce000,random,0,263.43,80.5
2147,random,0x19d411000,0x2393df000,0x3a47ce000,random,1,264.00,80.4
2147,random,0x19d411000,0x2393df000,0x3a47ce000,random,2,264.00,80.2
2148,random,0x19d411000,0x1acf36000,0x31b27000,random,0,256.37,79.1
2148,random,0x19d411000,0x1acf36000,0x31b27000,random,1,256.00,79.1
2148,random,0x19d411000,0x1acf36000,0x31b27000,random,2,256.00,79.1
2149,random,0x19d411000,0x184628000,0x19239000,random,0,256.00,79.1
2149,random,0x19d411000,0x184628000,0x19239000,random,1,256.00,79.1
2149,random,0x19d411000,0x184628000,0x19239000,random,2,256.00,79.1
2150,random,0x19d411000,0x1999c0000,0x4dd1000,random,0,263.19,80.2
2150,random,0x19d411000,0x1999c0000,0x4dd1000,random,1,264.00,80.5
2150,random,0x19d411000,0x1999c0000,0x4dd1000,random,2,264.00,80.4
2151,random,0x19d411000,0x1b7ab6000,0x2aea7000,random,0,264.00,80.3
2151,random,0x19d411000,0x1b7ab6000,0x2aea7000,random,1,264.00,80.5
2151,random,0x19d411000,0x1b7ab6000,0x2aea7000,random,2,264.00,80.4
2152,random,0x19d411000,0x1ae11b000,0x3350a000,random,0,264.00,80.4
2152,random,0x19d411000,0x1ae11b000,0x3350a000,random,1,264.00,80.3
2152,random,0x19d411000,0x1ae11b000,0x3350a000,random,2,264.00,80.6
2153,random,0x19d411000,0x1ab924000,0x36d35000,random,0,264.00,80.6
2153,random,0x19d411000,0x1ab924000,0x36d35000,random,1,264.00,80.5
2153,random,0x19d411000,0x1ab924000,0x36d35000,random,2,264.00,80.5
2154,random,0x19d411000,0x19dc5a000,0x84b000,random,0,264.00,80.2
2154,random,0x19d411000,0x19dc5a000,0x84b000,random,1,264.00,80.2
2154,random,0x19d411000,0x19dc5a000,0x84b000,random,2,264.00,80.4
2155,random,0x19d411000,0x1b58d2000,0x28cc3000,random,0,264.00,80.1
2155,random,0x19d411000,0x1b58d2000,0x28cc3000,random,1,264.00,80.0
2155,random,0x19d411000,0x1b58d2000,0x28cc3000,random,2,264.00,80.0
2156,random,0x19d411000,0x1a586e000,0x38c7f000,random,0,264.00,80.0
2156,random,0x19d411000,0x1a586e000,0x38c7f000,random,1,264.00,79.9
2156,random,0x19d411000,0x1a586e000,0x38c7f000,random,2,264.00,80.0
2157,random,0x19d411000,0x191955000,0xcd44000,random,0,259.64,62.1
2157,random,0x19d411000,0x191955000,0xcd44000,random,1,259.40,62.1
2157,random,0x19d411000,0x191955000,0xcd44000,random,2,258.83,61.9
2158,random,0x19d411000,0xbcbc3000,0x121fd2000,random,0,263.45,80.5
2158,random,0x19d411000,0xbcbc3000,0x121fd2000,random,1,264.00,80.2
2158,random,0x19d411000,0xbcbc3000,0x121fd2000,random,2,264.00,80.4
2159,random,0x19d411000,0x1a34e8000,0x3e0f9000,random,0,264.00,79.9
2159,random,0x19d411000,0x1a34e8000,0x3e0f9000,random,1,264.00,79.6
2159,random,0x19d411000,0x1a34e8000,0x3e0f9000,random,2,264.00,80.1
2160,random,0x19d411000,0x192a17000,0xfe06000,random,0,264.00,80.4
2160,random,0x19d411000,0x192a17000,0xfe06000,random,1,264.00,80.3
2160,random,0x19d411000,0x192a17000,0xfe06000,random,2,264.00,80.3
2161,random,0x19d411000,0x1855bc000,0x181ad000,random,0,264.00,80.4
2161,random,0x19d411000,0x1855bc000,0x181ad000,random,1,264.00,80.4
2161,random,0x19d411000,0x1855bc000,0x181ad000,random,2,264.00,80.3
2162,random,0x19d411000,0x19d3e0000,0x7f1000,random,0,256.43,79.2
2162,random,0x19d411000,0x19d3e0000,0x7f1000,random,1,256.00,79.0
2162,random,0x19d411000,0x19d3e0000,0x7f1000,random,2,256.00,78.9
2163,random,0x19d411000,0xbe895000,0x123c84000,random,0,255.29,61.2
2163,random,0x19d411000,0xbe895000,0x123c84000,random,1,255.24,61.2
2163,random,0x19d411000,0xbe895000,0x123c84000,random,2,255.15,61.2
2164,random,0x19d411000,0x1b0fc5000,0x2dbd4000,random,0,258.05,61.8
2164,random,0x19d411000,0x1b0fc5000,0x2dbd4000,random,1,258.36,61.8
2164,random,0x19d411000,0x1b0fc5000,0x2dbd4000,random,2,258.90,61.8
2165,random,0x19d411000,0x1b1cf8000,0x2c8e9000,random,0,263.42,80.3
2165,random,0x19d411000,0x1b1cf8000,0x2c8e9000,random,1,264.00,80.5
2165,random,0x19d411000,0x1b1cf8000,0x2c8e9000,random,2,264.00,80.4
2166,random,0x19d411000,0x194730000,0x9321000,random,0,264.00,79.9
2166,random,0x19d411000,0x194730000,0x9321000,random,1,264.00,80.1
2166,random,0x19d411000,0x194730000,0x9321000,random,2,264.00,79.6
2167,random,0x19d411000,0x1b03ab000,0x2d7ba000,random,0,256.34,79.0
2167,random,0x19d411000,0x1b03ab000,0x2d7ba000,random,1,256.00,79.1
2167,random,0x19d411000,0x1b03ab000,0x2d7ba000,random,2,256.00,79.1
2168,random,0x19d411000,0xb8537000,0x125126000,random,0,263.18,80.3
2168,random,0x19d411000,0xb8537000,0x125126000,random,1,264.00,80.4
2168,random,0x19d411000,0xb8537000,0x125126000,random,2,264.00,80.4
2169,random,0x19d411000,0x1ad648000,0x30259000,random,0,264.00,80.0
2169,random,0x19d411000,0x1ad648000,0x30259000,random,1,264.00,80.0
2169,random,0x19d411000,0x1ad648000,0x30259000,random,2,264.00,80.0
2170,random,0x19d411000,0x1ae662000,0x33273000,random,0,256.36,79.3
2170,random,0x19d411000,0x1ae662000,0x33273000,random,1,256.00,79.2
2170,random,0x19d411000,0x1ae662000,0x33273000,random,2,256.00,79.2
2171,random,0x19d411000,0x18d614000,0x10205000,random,0,256.00,66.0
2171,random,0x19d411000,0x18d614000,0x10205000,random,1,256.00,66.2
2171,random,0x19d411000,0x18d614000,0x10205000,random,2,256.00,66.2
2172,random,0x19d411000,0xafe50000,0x132a41000,random,0,257.51,76.3
2172,random,0x19d411000,0xafe50000,0x132a41000,random,1,257.47,76.2
2172,random,0x19d411000,0xafe50000,0x132a41000,random,2,257.78,76.3
2173,random,0x19d411000,0x1af84c000,0x32c5d000,random,0,256.00,66.2
2173,random,0x19d411000,0x1af84c000,0x32c5d000,random,1,256.00,66.2
2173,random,0x19d411000,0x1af84c000,0x32c5d000,random,2,256.00,66.2
2174,random,0x19d411000,0xb78dc000,0x12accd000,random,0,263.18,80.0
2174,random,0x19d411000,0xb78dc000,0x12accd000,random,1,264.00,80.0
2174,random,0x19d411000,0xb78dc000,0x12accd000,random,2,264.00,80.0
2175,random,0x19d411000,0xbead3000,0x123ec2000,random,0,264.00,80.4
2175,random,0x19d411000,0xbead3000,0x123ec2000,random,1,264.00,80.3
2175,random,0x19d411000,0xbead3000,0x123ec2000,random,2,264.00,80.5
2176,random,0x19d411000,0x1a646d000,0x3b07c000,random,0,259.63,62.1
2176,random,0x19d411000,0x1a646d000,0x3b07c000,random,1,259.32,62.1
2176,random,0x19d411000,0x1a646d000,0x3b07c000,random,2,259.25,62.0
2177,random,0x19d411000,0x1af38c000,0x3279d000,random,0,263.44,80.3
2177,random,0x19d411000,0x1af38c000,0x3279d000,random,1,264.00,80.4
2177,random,0x19d411000,0x1af38c000,0x3279d000,random,2,264.00,80.6
2178,random,0x19d411000,0xb7b1d000,0x12af0c000,random,0,255.53,61.2
2178,random,0x19d411000,0xb7b1d000,0x12af0c000,random,1,255.12,61.2
2178,random,0x19d411000,0xb7b1d000,0x12af0c000,random,2,254.52,61.2
2179,random,0x19d411000,0xb1c18000,0x12c809000,random,0,262.94,80.4
2179,random,0x19d411000,0xb1c18000,0x12c809000,random,1,264.00,80.3
2179,random,0x19d411000,0xb1c18000,0x12c809000,random,2,264.00,80.4
2180,random,0x19d411000,0x1afbc2000,0x32fd3000,random,0,264.00,80.3
2180,random,0x19d411000,0x1afbc2000,0x32fd3000,random,1,264.00,80.3
2180,random,0x19d411000,0x1afbc2000,0x32fd3000,random,2,264.00,80.4
2181,random,0x19d411000,0x19c264000,0x1675000,random,0,264.00,80.4
2181,random,0x19d411000,0x19c264000,0x1675000,random,1,264.00,80.4
2181,random,0x19d411000,0x19c264000,0x1675000,random,2,264.00,80.4
2182,random,0x19d411000,0x19a0b2000,0x74a3000,random,0,264.00,80.4
2182,random,0x19d411000,0x19a0b2000,0x74a3000,random,1,264.00,80.1
2182,random,0x19d411000,0x19a0b2000,0x74a3000,random,2,264.00,80.5
2183,random,0x19d411000,0x1a6c66000,0x3b877000,random,0,256.38,79.1
2183,random,0x19d411000,0x1a6c66000,0x3b877000,random,1,256.00,79.1
2183,random,0x19d411000,0x1a6c66000,0x3b877000,random,2,256.00,78.9
2184,random,0x19d411000,0x18e657000,0x13246000,random,0,263.21,80.4
2184,random,0x19d411000,0x18e657000,0x13246000,random,1,264.00,80.3
2184,random,0x19d411000,0x18e657000,0x13246000,random,2,264.00,80.5
2185,random,0x19d411000,0x1b461b000,0x2920a000,random,0,264.00,80.4
2185,random,0x19d411000,0x1b461b000,0x2920a000,random,1,264.00,80.5
2185,random,0x19d411000,0x1b461b000,0x2920a000,random,2,264.00,80.4
2186,random,0x19d411000,0x1a5407000,0x38016000,random,0,264.00,80.4
2186,random,0x19d411000,0x1a5407000,0x38016000,random,1,264.00,80.5
2186,random,0x19d411000,0x1a5407000,0x38016000,random,2,264.00,80.4
2187,random,0x19d411000,0x1b0fd4000,0x2dbc5000,random,0,264.00,80.1
2187,random,0x19d411000,0x1b0fd4000,0x2dbc5000,random,1,264.00,80.0
2187,random,0x19d411000,0x1b0fd4000,0x2dbc5000,random,2,264.00,79.8
2188,random,0x19d411000,0x18ee3e000,0x13a2f000,random,0,264.00,80.3
2188,random,0x19d411000,0x18ee3e000,0x13a2f000,random,1,264.00,80.5
2188,random,0x19d411000,0x18ee3e000,0x13a2f000,random,2,264.00,80.5
2189,random,0x19d411000,0x1a3166000,0x3e577000,random,0,256.35,79.3
2189,random,0x19d411000,0x1a3166000,0x3e577000,random,1,256.00,79.3
2189,random,0x19d411000,0x1a3166000,0x3e577000,random,2,256.00,79.2
2190,random,0x19d411000,0xb2189000,0x12f598000,random,0,258.66,61.8
2190,random,0x19d411000,0xb2189000,0x12f598000,random,1,259.19,61.8
2190,random,0x19d411000,0xb2189000,0x12f598000,random,2,259.23,61.8
2191,random,0x19d411000,0x1a2964000,0x3fd75000,random,0,263.40,80.4
2191,random,0x19d411000,0x1a2964000,0x3fd75000,random,1,264.00,80.4
2191,random,0x19d411000,0x1a2964000,0x3fd75000,random,2,264.00,80.4
2192,random,0x19d411000,0x1a5832000,0x38c23000,random,0,264.00,80.1
2192,random,0x19d411000,0x1a5832000,0x38c23000,random,1,264.00,80.4
2192,random,0x19d411000,0x1a5832000,0x38c23000,random,2,264.00,80.5
2193,random,0x19d411000,0xbce08000,0x121a19000,random,0,257.96,76.2
2193,random,0x19d411000,0xbce08000,0x121a19000,random,1,257.72,76.3
2193,random,0x19d411000,0xbce08000,0x121a19000,random,2,257.81,76.2
2194,random,0x19d411000,0x1a70e7000,0x3a4f6000,random,0,263.51,80.5
2194,random,0x19d411000,0x1a70e7000,0x3a4f6000,random,1,264.00,80.5
2194,random,0x19d411000,0x1a70e7000,0x3a4f6000,random,2,264.00,80.5
2195,random,0x19d411000,0xb2d74000,0x12f965000,random,0,264.00,80.4
2195,random,0x19d411000,0xb2d74000,0x12f965000,random,1,264.00,80.5
2195,random,0x19d411000,0xb2d74000,0x12f965000,random,2,264.00,80.4
2196,random,0x19d411000,0x1b00fe000,0x2d4ef000,random,0,256.34,79.0
2196,random,0x19d411000,0x1b00fe000,0x2d4ef000,random,1,256.00,79.1
2196,random,0x19d411000,0x1b00fe000,0x2d4ef000,random,2,256.00,79.2
2197,random,0x19d411000,0x1b6ae6000,0x2bef7000,random,0,263.11,80.4
2197,random,0x19d411000,0x1b6ae6000,0x2bef7000,random,1,264.00,80.4
2197,random,0x19d411000,0x1b6ae6000,0x2bef7000,random,2,264.00,80.3
2198,random,0x19d411000,0xb08c8000,0x12dcd9000,random,0,264.00,80.4
2198,random,0x19d411000,0xb08c8000,0x12dcd9000,random,1,264.00,80.6
2198,random,0x19d411000,0xb08c8000,0x12dcd9000,random,2,264.00,80.5
2199,random,0x19d411000,0x1a0a7d000,0x3de6c000,random,0,259.27,62.4
2199,random,0x19d411000,0x1a0a7d000,0x3de6c000,random,1,258.83,62.3
2199,random,0x19d411000,0x1a0a7d000,0x3de6c000,random,2,258.73,62.0
2200,random,0x19d411000,0x1aee3d000,0x33a2c000,random,0,252.31,61.2
2200,random,0x19d411000,0x1aee3d000,0x33a2c000,random,1,252.00,61.0
2200,random,0x19d411000,0x1aee3d000,0x33a2c000,random,2,252.00,61.2
2201,random,0x19d411000,0x18bf2c000,0x16b3d000,random,0,262.82,80.4
2201,random,0x19d411000,0x18bf2c000,0x16b3d000,random,1,264.00,80.5
2201,random,0x19d411000,0x18bf2c000,0x16b3d000,random,2,264.00,80.6
2202,random,0x19d411000,0x1ab0e5000,0x364f4000,random,0,259.25,61.8
2202,random,0x19d411000,0x1ab0e5000,0x364f4000,random,1,258.77,61.8
2202,random,0x19d411000,0x1ab0e5000,0x364f4000,random,2,258.52,61.8
2203,random,0x19d411000,0x18a6b5000,0x172a4000,random,0,258.59,61.8
2203,random,0x19d411000,0x18a6b5000,0x172a4000,random,1,258.15,61.8
2203,random,0x19d411000,0x18a6b5000,0x172a4000,random,2,258.42,61.8
2204,random,0x19d411000,0x1b6a47000,0x2be56000,random,0,263.33,80.5
2204,random,0x19d411000,0x1b6a47000,0x2be56000,random,1,264.00,80.6
2204,random,0x19d411000,0x1b6a47000,0x2be56000,random,2,264.00,80.1
2205,random,0x19d411000,0x1b056c000,0x2d17d000,random,0,264.00,80.5
2205,random,0x19d411000,0x1b056c000,0x2d17d000,random,1,264.00,80.6
2205,random,0x19d411000,0x1b056c000,0x2d17d000,random,2,264.00,80.5
2206,random,0x19d411000,0xadf73000,0x130b62000,random,0,264.00,80.5
2206,random,0x19d411000,0xadf73000,0x130b62000,random,1,264.00,80.4
2206,random,0x19d411000,0xadf73000,0x130b62000,random,2,264.00,80.5
2207,random,0x19d411000,0xb858f000,0x12519e000,random,0,264.00,80.5
2207,random,0x19d411000,0xb858f000,0x12519e000,random,1,264.00,80.6
2207,random,0x19d411000,0xb858f000,0x12519e000,random,2,264.00,80.5
2208,random,0x19d411000,0x1a87c7000,0x353d6000,random,0,256.38,79.2
2208,random,0x19d411000,0x1a87c7000,0x353d6000,random,1,256.00,79.2
2208,random,0x19d411000,0x1a87c7000,0x353d6000,random,2,256.00,79.0
2209,random,0x19d411000,0x18f583000,0x12192000,random,0,256.00,79.1
2209,random,0x19d411000,0x18f583000,0x12192000,random,1,256.00,79.1
2209,random,0x19d411000,0x18f583000,0x12192000,random,2,256.00,79.0
2210,random,0x19d411000,0x1a1312000,0x3c703000,random,0,263.18,80.5
2210,random,0x19d411000,0x1a1312000,0x3c703000,random,1,264.00,80.6
2210,random,0x19d411000,0x1a1312000,0x3c703000,random,2,264.00,80.6
2211,random,0x19d411000,0x1aa4f6000,0x370e7000,random,0,264.00,80.4
2211,random,0x19d411000,0x1aa4f6000,0x370e7000,random,1,264.00,80.4
2211,random,0x19d411000,0x1aa4f6000,0x370e7000,random,2,264.00,80.4
2212,random,0x19d411000,0x1a1c3a000,0x3c82b000,random,0,264.00,80.6
2212,random,0x19d411000,0x1a1c3a000,0x3c82b000,random,1,264.00,80.5
2212,random,0x19d411000,0x1a1c3a000,0x3c82b000,random,2,264.00,80.6
2213,random,0x19d411000,0x18ce47000,0x11a56000,random,0,264.00,80.3
2213,random,0x19d411000,0x18ce47000,0x11a56000,random,1,264.00,80.5
2213,random,0x19d411000,0x18ce47000,0x11a56000,random,2,264.00,80.5
2214,random,0x19d411000,0x1b5c5d000,0x2884c000,random,0,259.63,62.4
2214,random,0x19d411000,0x1b5c5d000,0x2884c000,random,1,259.29,62.3
2214,random,0x19d411000,0x1b5c5d000,0x2884c000,random,2,259.13,62.4
2215,random,0x19d411000,0x19d524000,0x135000,random,0,263.42,80.4
2215,random,0x19d411000,0x19d524000,0x135000,random,1,264.00,80.4
2215,random,0x19d411000,0x19d524000,0x135000,random,2,264.00,80.5
2216,random,0x19d411000,0x1af35d000,0x3274c000,random,0,259.24,61.8
2216,random,0x19d411000,0x1af35d000,0x3274c000,random,1,258.86,61.8
2216,random,0x19d411000,0x1af35d000,0x3274c000,random,2,258.57,61.8
2217,random,0x19d411000,0x1afb01000,0x32f10000,random,0,252.31,61.1
2217,random,0x19d411000,0x1afb01000,0x32f10000,random,1,252.00,61.1
2217,random,0x19d411000,0x1afb01000,0x32f10000,random,2,252.00,61.2
2218,random,0x19d411000,0xb9745000,0x124354000,random,0,253.71,61.2
2218,random,0x19d411000,0xb9745000,0x124354000,random,1,254.26,61.2
2218,random,0x19d411000,0xb9745000,0x124354000,random,2,254.10,61.2
2219,random,0x19d411000,0x199793000,0x4382000,random,0,263.09,80.6
2219,random,0x19d411000,0x199793000,0x4382000,random,1,264.00,80.5
2219,random,0x19d411000,0x199793000,0x4382000,random,2,264.00,80.5
2220,random,0x19d411000,0xafac1000,0x132ed0000,random,0,255.63,61.2
2220,random,0x19d411000,0xafac1000,0x132ed0000,random,1,254.76,61.2
2220,random,0x19d411000,0xafac1000,0x132ed0000,random,2,255.14,61.2
2221,random,0x19d411000,0x19295f000,0xfd4e000,random,0,256.00,79.1
2221,random,0x19d411000,0x19295f000,0xfd4e000,random,1,256.00,78.6
2221,random,0x19d411000,0x19295f000,0xfd4e000,random,2,256.00,79.1
2222,random,0x19d411000,0x185b4e000,0x18f5f000,random,0,263.17,80.4
2222,random,0x19d411000,0x185b4e000,0x18f5f000,random,1,264.00,80.4
2222,random,0x19d411000,0x185b4e000,0x18f5f000,random,2,264.00,80.5
2223,random,0x19d411000,0x19021c000,0xd60d000,random,0,264.00,80.4
2223,random,0x19d411000,0x19021c000,0xd60d000,random,1,264.00,80.4
2223,random,0x19d411000,0x19021c000,0xd60d000,random,2,264.00,80.4
2224,random,0x19d411000,0x1b7b54000,0x2af45000,random,0,264.00,80.0
2224,random,0x19d411000,0x1b7b54000,0x2af45000,random,1,264.00,80.0
2224,random,0x19d411000,0x1b7b54000,0x2af45000,random,2,264.00,80.0
2225,random,0x19d411000,0x1a2324000,0x3f735000,random,0,256.33,79.1
2225,random,0x19d411000,0x1a2324000,0x3f735000,random,1,256.00,78.4
2225,random,0x19d411000,0x1a2324000,0x3f735000,random,2,256.00,78.9
2226,random,0x19d411000,0xacbd3000,0x131fc2000,random,0,263.22,79.9
2226,random,0x19d411000,0xacbd3000,0x131fc2000,random,1,264.00,80.0
2226,random,0x19d411000,0xacbd3000,0x131fc2000,random,2,264.00,79.8
2227,random,0x19d411000,0xbdb1d000,0x120f0c000,random,0,259.51,62.4
2227,random,0x19d411000,0xbdb1d000,0x120f0c000,random,1,259.28,62.4
2227,random,0x19d411000,0xbdb1d000,0x120f0c000,random,2,259.27,62.3
2228,random,0x19d411000,0x1b3e2e000,0x2ea3f000,random,0,256.00,79.1
2228,random,0x19d411000,0x1b3e2e000,0x2ea3f000,random,1,256.00,79.1
2228,random,0x19d411000,0x1b3e2e000,0x2ea3f000,random,2,256.00,79.1
2229,random,0x19d411000,0x1a6d74000,0x3b965000,random,0,263.10,80.4
2229,random,0x19d411000,0x1a6d74000,0x3b965000,random,1,264.00,80.5
2229,random,0x19d411000,0x1a6d74000,0x3b965000,random,2,264.00,80.4
2230,random,0x19d411000,0x1b0110000,0x2d501000,random,0,264.00,79.9
2230,random,0x19d411000,0x1b0110000,0x2d501000,random,1,264.00,80.1
2230,random,0x19d411000,0x1b0110000,0x2d501000,random,2,264.00,80.0
2231,random,0x19d411000,0x188c29000,0x15838000,random,0,252.68,61.2
2231,random,0x19d411000,0x188c29000,0x15838000,random,1,252.00,61.2
2231,random,0x19d411000,0x188c29000,0x15838000,random,2,252.00,61.2
2232,random,0x19d411000,0x196de2000,0xb9f3000,random,0,262.76,80.3
2232,random,0x19d411000,0x196de2000,0xb9f3000,random,1,264.00,80.3
2232,random,0x19d411000,0x196de2000,0xb9f3000,random,2,264.00,80.4
2233,random,0x19d411000,0xc04f0000,0x15d0e1000,random,0,258.23,76.3
2233,random,0x19d411000,0xc04f0000,0x15d0e1000,random,1,257.20,76.2
2233,random,0x19d411000,0xc04f0000,0x15d0e1000,random,2,257.23,76.3
2234,random,0x19d411000,0xad1c2000,0x1305d3000,random,0,263.49,80.1
2234,random,0x19d411000,0xad1c2000,0x1305d3000,random,1,264.00,80.5
2234,random,0x19d411000,0xad1c2000,0x1305d3000,random,2,264.00,80.4
2235,random,0x19d411000,0x19021e000,0xd60f000,random,0,264.00,80.4
2235,random,0x19d411000,0x19021e000,0xd60f000,random,1,264.00,80.5
2235,random,0x19d411000,0x19021e000,0xd60f000,random,2,264.00,80.3
2236,random,0x19d411000,0x18d53c000,0x1012d000,random,0,264.00,80.0
2236,random,0x19d411000,0x18d53c000,0x1012d000,random,1,264.00,80.0
2236,random,0x19d411000,0x18d53c000,0x1012d000,random,2,264.00,80.1
2237,random,0x19d411000,0x1af10b000,0x3251a000,random,0,264.00,80.4
2237,random,0x19d411000,0x1af10b000,0x3251a000,random,1,264.00,80.4
2237,random,0x19d411000,0x1af10b000,0x3251a000,random,2,264.00,80.4
2238,random,0x19d411000,0xbd022000,0x120433000,random,0,264.00,80.3
2238,random,0x19d411000,0xbd022000,0x120433000,random,1,264.00,80.3
2238,random,0x19d411000,0xbd022000,0x120433000,random,2,264.00,80.3
2239,random,0x19d411000,0x19bfcf000,0x6bde000,random,0,264.00,79.9
2239,random,0x19d411000,0x19bfcf000,0x6bde000,random,1,264.00,79.9
2239,random,0x19d411000,0x19bfcf000,0x6bde000,random,2,264.00,79.9
2240,random,0x19d411000,0xbcc50000,0x121841000,random,0,258.16,76.3
2240,random,0x19d411000,0xbcc50000,0x121841000,random,1,258.04,76.3
2240,random,0x19d411000,0xbcc50000,0x121841000,random,2,257.03,76.3
2241,random,0x19d411000,0x19e18f000,0x359e000,random,0,263.30,80.6
2241,random,0x19d411000,0x19e18f000,0x359e000,random,1,264.00,80.3
2241,random,0x19d411000,0x19e18f000,0x359e000,random,2,264.00,80.3
2242,random,0x19d411000,0xae0b3000,0x1334a2000,random,0,258.27,76.2
2242,random,0x19d411000,0xae0b3000,0x1334a2000,random,1,258.23,76.1
2242,random,0x19d411000,0xae0b3000,0x1334a2000,random,2,257.73,76.2
2243,random,0x19d411000,0xb2ea6000,0x12fab7000,random,0,263.35,80.2
2243,random,0x19d411000,0xb2ea6000,0x12fab7000,random,1,264.00,80.4
2243,random,0x19d411000,0xb2ea6000,0x12fab7000,random,2,264.00,80.4
2244,random,0x19d411000,0x1a9ce5000,0x348f4000,random,0,259.79,62.1
2244,random,0x19d411000,0x1a9ce5000,0x348f4000,random,1,259.55,62.1
2244,random,0x19d411000,0x1a9ce5000,0x348f4000,random,2,259.25,62.1
2245,random,0x19d411000,0x18bb7a000,0x16f6b000,random,0,263.49,80.2
2245,random,0x19d411000,0x18bb7a000,0x16f6b000,random,1,264.00,80.4
2245,random,0x19d411000,0x18bb7a000,0x16f6b000,random,2,264.00,80.4
2246,random,0x19d411000,0x1dab8f000,0x47f9e000,random,0,264.00,80.5
2246,random,0x19d411000,0x1dab8f000,0x47f9e000,random,1,264.00,80.4
2246,random,0x19d411000,0x1dab8f000,0x47f9e000,random,2,264.00,80.2
2247,random,0x19d411000,0x1a1f10000,0x3cb01000,random,0,264.00,80.4
2247,random,0x19d411000,0x1a1f10000,0x3cb01000,random,1,264.00,80.5
2247,random,0x19d411000,0x1a1f10000,0x3cb01000,random,2,264.00,80.4
2248,random,0x19d411000,0x1b6a05000,0x2be14000,random,0,259.56,62.1
2248,random,0x19d411000,0x1b6a05000,0x2be14000,random,1,258.94,62.0
2248,random,0x19d411000,0x1b6a05000,0x2be14000,random,2,259.23,62.1
2249,random,0x19d411000,0x1abdca000,0x369db000,random,0,263.41,80.5
2249,random,0x19d411000,0x1abdca000,0x369db000,random,1,264.00,80.3
2249,random,0x19d411000,0x1abdca000,0x369db000,random,2,264.00,80.3
2250,random,0x19d411000,0xbd30c000,0x12071d000,random,0,258.40,76.2
2250,random,0x19d411000,0xbd30c000,0x12071d000,random,1,257.62,76.2
2250,random,0x19d411000,0xbd30c000,0x12071d000,random,2,258.32,76.1
2251,random,0x19d411000,0x19352a000,0xe13b000,random,0,263.28,79.9
2251,random,0x19d411000,0x19352a000,0xe13b000,random,1,264.00,79.7
2251,random,0x19d411000,0x19352a000,0xe13b000,random,2,264.00,80.0
2252,random,0x19d411000,0xbe8d3000,0x123cc2000,random,0,264.00,80.4
2252,random,0x19d411000,0xbe8d3000,0x123cc2000,random,1,264.00,80.5
2252,random,0x19d411000,0xbe8d3000,0x123cc2000,random,2,264.00,80.4
2253,random,0x19d411000,0x184e8a000,0x19a9b000,random,0,264.00,80.4
2253,random,0x19d411000,0x184e8a000,0x19a9b000,random,1,264.00,80.3
2253,random,0x19d411000,0x184e8a000,0x19a9b000,random,2,264.00,80.4
2254,random,0x19d411000,0x1a4855000,0x39c44000,random,0,259.68,62.2
2254,random,0x19d411000,0x1a4855000,0x39c44000,random,1,259.45,62.1
2254,random,0x19d411000,0x1a4855000,0x39c44000,random,2,259.40,62.1
2255,random,0x19d411000,0x1870d5000,0x1a4c4000,random,0,258.86,62.1
2255,random,0x19d411000,0x1870d5000,0x1a4c4000,random,1,258.69,62.2
2255,random,0x19d411000,0x1870d5000,0x1a4c4000,random,2,258.86,62.3
2256,random,0x19d411000,0x1a42bd000,0x396ac000,random,0,252.31,61.2
2256,random,0x19d411000,0x1a42bd000,0x396ac000,random,1,252.00,61.2
2256,random,0x19d411000,0x1a42bd000,0x396ac000,random,2,252.00,61.2
2257,random,0x19d411000,0x1aac06000,0x37817000,random,0,255.71,66.2
2257,random,0x19d411000,0x1aac06000,0x37817000,random,1,256.00,66.2
2257,random,0x19d411000,0x1aac06000,0x37817000,random,2,256.06,66.2
2258,random,0x19d411000,0xb790b000,0x12ad1a000,random,0,263.38,80.4
2258,random,0x19d411000,0xb790b000,0x12ad1a000,random,1,264.00,80.4
2258,random,0x19d411000,0xb790b000,0x12ad1a000,random,2,264.00,80.5
2259,random,0x19d411000,0x1a0fba000,0x3dbab000,random,0,264.00,80.2
2259,random,0x19d411000,0x1a0fba000,0x3dbab000,random,1,264.00,80.4
2259,random,0x19d411000,0x1a0fba000,0x3dbab000,random,2,264.00,80.5
2260,random,0x19d411000,0xb136a000,0x12c77b000,random,0,264.00,80.5
2260,random,0x19d411000,0xb136a000,0x12c77b000,random,1,264.00,80.5
2260,random,0x19d411000,0xb136a000,0x12c77b000,random,2,264.00,80.5
2261,random,0x19d411000,0x1b550c000,0x2811d000,random,0,264.00,80.4
2261,random,0x19d411000,0x1b550c000,0x2811d000,random,1,264.00,80.5
2261,random,0x19d411000,0x1b550c000,0x2811d000,random,2,264.00,80.5
2262,random,0x19d411000,0xb7cf1000,0x12a8e0000,random,0,259.54,62.4
2262,random,0x19d411000,0xb7cf1000,0x12a8e0000,random,1,259.25,62.5
2262,random,0x19d411000,0xb7cf1000,0x12a8e0000,random,2,259.14,62.3
2263,random,0x19d411000,0xba9a1000,0x127db0000,random,0,254.67,61.2
2263,random,0x19d411000,0xba9a1000,0x127db0000,random,1,254.41,61.0
2263,random,0x19d411000,0xba9a1000,0x127db0000,random,2,254.25,61.2
2264,random,0x19d411000,0xbd067000,0x120476000,random,0,262.97,79.9
2264,random,0x19d411000,0xbd067000,0x120476000,random,1,264.00,79.8
2264,random,0x19d411000,0xbd067000,0x120476000,random,2,264.00,79.8
2265,random,0x19d411000,0x1ae23b000,0x3362a000,random,0,264.00,80.4
2265,random,0x19d411000,0x1ae23b000,0x3362a000,random,1,264.00,80.2
2265,random,0x19d411000,0x1ae23b000,0x3362a000,random,2,264.00,80.3
2266,random,0x19d411000,0x1878e0000,0x1acf1000,random,0,256.34,79.2
2266,random,0x19d411000,0x1878e0000,0x1acf1000,random,1,256.00,79.2
2266,random,0x19d411000,0x1878e0000,0x1acf1000,random,2,256.00,79.2
2267,random,0x19d411000,0x18c173000,0x11562000,random,0,262.77,80.0
2267,random,0x19d411000,0x18c173000,0x11562000,random,1,264.00,79.9
2267,random,0x19d411000,0x18c173000,0x11562000,random,2,264.00,79.9
2268,random,0x19d411000,0xb715d000,0x12a54c000,random,0,258.87,62.3
2268,random,0x19d411000,0xb715d000,0x12a54c000,random,1,258.76,62.3
2268,random,0x19d411000,0xb715d000,0x12a54c000,random,2,258.56,62.4
2269,random,0x19d411000,0x18635d000,0x1b74c000,random,0,259.04,62.1
2269,random,0x19d411000,0x18635d000,0x1b74c000,random,1,258.77,62.1
2269,random,0x19d411000,0x18635d000,0x1b74c000,random,2,258.89,62.0
2270,random,0x19d411000,0x1a6e51000,0x3ba40000,random,0,252.29,61.2
2270,random,0x19d411000,0x1a6e51000,0x3ba40000,random,1,252.00,61.2
2270,random,0x19d411000,0x1a6e51000,0x3ba40000,random,2,252.00,61.2
2271,random,0x19d411000,0x1a4178000,0x39569000,random,0,262.62,80.4
2271,random,0x19d411000,0x1a4178000,0x39569000,random,1,264.00,80.6
2271,random,0x19d411000,0x1a4178000,0x39569000,random,2,264.00,80.2
2272,random,0x19d411000,0x1a31fb000,0x3e5ea000,random,0,264.00,80.0
2272,random,0x19d411000,0x1a31fb000,0x3e5ea000,random,1,264.00,80.0
2272,random,0x19d411000,0x1a31fb000,0x3e5ea000,random,2,264.00,80.0
2273,random,0x19d411000,0x1b0ef4000,0x2dae5000,random,0,263.97,80.0
2273,random,0x19d411000,0x1b0ef4000,0x2dae5000,random,1,264.00,80.1
2273,random,0x19d411000,0x1b0ef4000,0x2dae5000,random,2,264.00,79.9
2274,random,0x19d411000,0xaca2e000,0x131e3f000,random,0,264.00,80.1
2274,random,0x19d411000,0xaca2e000,0x131e3f000,random,1,264.00,80.0
2274,random,0x19d411000,0xaca2e000,0x131e3f000,random,2,264.00,80.0
2275,random,0x19d411000,0x191daf000,0xc9be000,random,0,263.81,80.0
2275,random,0x19d411000,0x191daf000,0xc9be000,random,1,263.22,79.8
2275,random,0x19d411000,0x191daf000,0xc9be000,random,2,263.42,80.1
2276,random,0x19d411000,0xac40b000,0x13101a000,random,0,263.98,79.7
2276,random,0x19d411000,0xac40b000,0x13101a000,random,1,264.00,80.0
2276,random,0x19d411000,0xac40b000,0x13101a000,random,2,263.92,79.9
2277,random,0x19d411000,0xace0f000,0x131a1e000,random,0,256.79,76.3
2277,random,0x19d411000,0xace0f000,0x131a1e000,random,1,256.00,76.3
2277,random,0x19d411000,0xace0f000,0x131a1e000,random,2,256.05,76.2
2278,random,0x19d411000,0x1b0dcf000,0x2d9de000,random,0,263.05,79.9
2278,random,0x19d411000,0x1b0dcf000,0x2d9de000,random,1,263.53,79.8
2278,random,0x19d411000,0x1b0dcf000,0x2d9de000,random,2,263.39,80.0
2279,random,0x19d411000,0x187052000,0x1a443000,random,0,263.64,80.4
2279,random,0x19d411000,0x187052000,0x1a443000,random,1,263.96,80.4
2279,random,0x19d411000,0x187052000,0x1a443000,random,2,263.76,80.4
2280,random,0x19d411000,0x1b275c000,0x2f34d000,random,0,264.00,80.2
2280,random,0x19d411000,0x1b275c000,0x2f34d000,random,1,264.00,80.3
2280,random,0x19d411000,0x1b275c000,0x2f34d000,random,2,264.00,80.5
2281,random,0x19d411000,0x1b010b000,0x2d51a000,random,0,256.30,79.1
2281,random,0x19d411000,0x1b010b000,0x2d51a000,random,1,256.00,79.3
2281,random,0x19d411000,0x1b010b000,0x2d51a000,random,2,256.00,79.2
2282,random,0x19d411000,0x199a8c000,0x4e9d000,random,0,262.99,80.6
2282,random,0x19d411000,0x199a8c000,0x4e9d000,random,1,264.00,80.6
2282,random,0x19d411000,0x199a8c000,0x4e9d000,random,2,263.90,80.4
2283,random,0x19d411000,0xb8275000,0x125664000,random,0,257.13,62.4
2283,random,0x19d411000,0xb8275000,0x125664000,random,1,256.50,62.4
2283,random,0x19d411000,0xb8275000,0x125664000,random,2,256.00,62.3
2284,random,0x19d411000,0xbbc6f000,0x12687e000,random,0,262.81,80.0
2284,random,0x19d411000,0xbbc6f000,0x12687e000,random,1,263.90,79.7
2284,random,0x19d411000,0xbbc6f000,0x12687e000,random,2,263.56,80.0
2285,random,0x19d411000,0x184e6b000,0x19a7a000,random,0,262.59,80.3
2285,random,0x19d411000,0x184e6b000,0x19a7a000,random,1,263.01,80.4
2285,random,0x19d411000,0x184e6b000,0x19a7a000,random,2,263.04,80.3
2286,random,0x19d411000,0x186ec1000,0x1bad0000,random,0,256.58,61.8
2286,random,0x19d411000,0x186ec1000,0x1bad0000,random,1,256.00,61.8
2286,random,0x19d411000,0x186ec1000,0x1bad0000,random,2,256.00,61.8
2287,random,0x19d411000,0x19d630000,0x221000,random,0,263.00,80.5
2287,random,0x19d411000,0x19d630000,0x221000,random,1,263.91,80.6
2287,random,0x19d411000,0x19d630000,0x221000,random,2,264.00,80.5
2288,random,0x19d411000,0xba01e000,0x12740f000,random,0,263.65,80.4
2288,random,0x19d411000,0xba01e000,0x12740f000,random,1,262.86,80.2
2288,random,0x19d411000,0xba01e000,0x12740f000,random,2,262.97,80.2
2289,random,0x19d411000,0x18c2be000,0x116af000,random,0,263.86,80.5
2289,random,0x19d411000,0x18c2be000,0x116af000,random,1,263.65,80.2
2289,random,0x19d411000,0x18c2be000,0x116af000,random,2,263.81,80.4
2290,random,0x19d411000,0xc055c000,0x15d14d000,random,0,263.32,79.9
2290,random,0x19d411000,0xc055c000,0x15d14d000,random,1,262.51,80.0
2290,random,0x19d411000,0xc055c000,0x15d14d000,random,2,263.32,80.0
2291,random,0x19d411000,0x18c298000,0x11689000,random,0,263.24,80.3
2291,random,0x19d411000,0x18c298000,0x11689000,random,1,263.12,80.2
2291,random,0x19d411000,0x18c298000,0x11689000,random,2,263.21,80.4
2292,random,0x19d411000,0x18a753000,0x17342000,random,0,256.18,79.1
2292,random,0x19d411000,0x18a753000,0x17342000,random,1,255.79,79.1
2292,random,0x19d411000,0x18a753000,0x17342000,random,2,255.98,78.9
2293,random,0x19d411000,0x1a8f76000,0x35b67000,random,0,262.59,80.5
2293,random,0x19d411000,0x1a8f76000,0x35b67000,random,1,263.72,80.4
2293,random,0x19d411000,0x1a8f76000,0x35b67000,random,2,263.67,80.4
2294,random,0x19d411000,0x1b825b000,0x2564a000,random,0,263.12,80.4
2294,random,0x19d411000,0x1b825b000,0x2564a000,random,1,263.62,80.5
2294,random,0x19d411000,0x1b825b000,0x2564a000,random,2,263.15,80.4
2295,random,0x19d411000,0x18938b000,0x1479a000,random,0,262.92,80.6
2295,random,0x19d411000,0x18938b000,0x1479a000,random,1,263.21,80.4
2295,random,0x19d411000,0x18938b000,0x1479a000,random,2,262.88,80.4
2296,random,0x19d411000,0x1b6c80000,0x2b891000,random,0,256.24,79.2
2296,random,0x19d411000,0x1b6c80000,0x2b891000,random,1,255.82,79.2
2296,random,0x19d411000,0x1b6c80000,0x2b891000,random,2,255.54,78.7
2297,random,0x19d411000,0x18834b000,0x1575a000,random,0,255.67,79.0
2297,random,0x19d411000,0x18834b000,0x1575a000,random,1,255.08,78.9
2297,random,0x19d411000,0x18834b000,0x1575a000,random,2,255.43,79.0
2298,random,0x19d411000,0x19260d000,0xf21c000,random,0,256.00,62.3
2298,random,0x19d411000,0x19260d000,0xf21c000,random,1,256.00,62.2
2298,random,0x19d411000,0x19260d000,0xf21c000,random,2,256.00,62.4
2299,random,0x19d411000,0x18b21f000,0x1660e000,random,0,261.36,80.5
2299,random,0x19d411000,0x18b21f000,0x1660e000,random,1,262.89,80.5
2299,random,0x19d411000,0x18b21f000,0x1660e000,random,2,261.82,80.0
2300,random,0x19d411000,0x18b7b7000,0x163a6000,random,0,262.31,79.8
2300,random,0x19d411000,0x18b7b7000,0x163a6000,random,1,262.66,80.4
2300,random,0x19d411000,0x18b7b7000,0x163a6000,random,2,262.67,80.4
2301,random,0x19d411000,0x1b656d000,0x2b17c000,random,0,256.60,62.3
2301,random,0x19d411000,0x1b656d000,0x2b17c000,random,1,256.00,62.3
2301,random,0x19d411000,0x1b656d000,0x2b17c000,random,2,256.00,62.4
2302,random,0x19d411000,0x1ac4a7000,0x310b6000,random,0,260.16,80.2
2302,random,0x19d411000,0x1ac4a7000,0x310b6000,random,1,260.94,80.4
2302,random,0x19d411000,0x1ac4a7000,0x310b6000,random,2,261.34,80.5
2303,random,0x19d411000,0x1abac2000,0x36ed3000,random,0,262.37,80.4
2303,random,0x19d411000,0x1abac2000,0x36ed3000,random,1,262.03,80.4
2303,random,0x19d411000,0x1abac2000,0x36ed3000,random,2,261.83,80.4
2304,random,0x19d411000,0xbb2a6000,0x1266b7000,random,0,261.94,80.4
2304,random,0x19d411000,0xbb2a6000,0x1266b7000,random,1,261.31,80.2
2304,random,0x19d411000,0xbb2a6000,0x1266b7000,random,2,261.00,80.3
2305,random,0x19d411000,0xbbcaa000,0x1268bb000,random,0,260.28,79.7
2305,random,0x19d411000,0xbbcaa000,0x1268bb000,random,1,260.92,79.7
2305,random,0x19d411000,0xbbcaa000,0x1268bb000,random,2,260.82,79.9
2306,random,0x19d411000,0x186740000,0x1b351000,random,0,260.48,80.5
2306,random,0x19d411000,0x186740000,0x1b351000,random,1,260.27,80.4
2306,random,0x19d411000,0x186740000,0x1b351000,random,2,260.20,80.4
2307,random,0x19d411000,0x1b2e38000,0x2fa29000,random,0,260.43,80.4
2307,random,0x19d411000,0x1b2e38000,0x2fa29000,random,1,261.24,80.3
2307,random,0x19d411000,0x1b2e38000,0x2fa29000,random,2,260.38,80.3
2308,random,0x19d411000,0x184a60000,0x19e71000,random,0,254.77,79.2
2308,random,0x19d411000,0x184a60000,0x19e71000,random,1,253.77,79.2
2308,random,0x19d411000,0x184a60000,0x19e71000,random,2,253.80,79.3
2309,random,0x19d411000,0x1b461e000,0x2920f000,random,0,254.15,79.1
2309,random,0x19d411000,0x1b461e000,0x2920f000,random,1,253.83,78.8
2309,random,0x19d411000,0x1b461e000,0x2920f000,random,2,254.20,79.0
2310,random,0x19d411000,0x19ff99000,0x2b88000,random,0,256.00,61.8
2310,random,0x19d411000,0x19ff99000,0x2b88000,random,1,256.00,61.7
2310,random,0x19d411000,0x19ff99000,0x2b88000,random,2,256.00,61.8
2311,random,0x19d411000,0x1b42cc000,0x296dd000,random,0,254.79,79.2
2311,random,0x19d411000,0x1b42cc000,0x296dd000,random,1,253.92,79.2
2311,random,0x19d411000,0x1b42cc000,0x296dd000,random,2,253.87,79.2
2312,random,0x19d411000,0x1ad5f8000,0x301e9000,random,0,260.52,80.4
2312,random,0x19d411000,0x1ad5f8000,0x301e9000,random,1,260.76,80.5
2312,random,0x19d411000,0x1ad5f8000,0x301e9000,random,2,260.18,80.3
2313,random,0x19d411000,0xb1758000,0x12c349000,random,0,260.08,80.2
2313,random,0x19d411000,0xb1758000,0x12c349000,random,1,260.00,80.2
2313,random,0x19d411000,0xb1758000,0x12c349000,random,2,260.04,80.1
2314,random,0x19d411000,0x1b40b9000,0x294a8000,random,0,252.48,61.2
2314,random,0x19d411000,0x1b40b9000,0x294a8000,random,1,252.00,61.2
2314,random,0x19d411000,0x1b40b9000,0x294a8000,random,2,252.00,61.2
2315,random,0x19d411000,0x1a856c000,0x3517d000,random,0,259.51,80.1
2315,random,0x19d411000,0x1a856c000,0x3517d000,random,1,260.00,80.0
2315,random,0x19d411000,0x1a856c000,0x3517d000,random,2,260.00,79.9
2316,random,0x19d411000,0x19b86f000,0x6c7e000,random,0,254.05,79.0
2316,random,0x19d411000,0x19b86f000,0x6c7e000,random,1,252.77,79.1
2316,random,0x19d411000,0x19b86f000,0x6c7e000,random,2,252.91,78.6
2317,random,0x19d411000,0x1b7c49000,0x2a858000,random,0,256.00,62.0
2317,random,0x19d411000,0x1b7c49000,0x2a858000,random,1,256.00,62.1
2317,random,0x19d411000,0x1b7c49000,0x2a858000,random,2,256.00,62.0
2318,random,0x19d411000,0xadd5e000,0x13094f000,random,0,260.48,80.5
2318,random,0x19d411000,0xadd5e000,0x13094f000,random,1,260.27,80.4
2318,random,0x19d411000,0xadd5e000,0x13094f000,random,2,260.00,80.5
2319,random,0x19d411000,0x18eebe000,0x13aaf000,random,0,254.05,79.2
2319,random,0x19d411000,0x18eebe000,0x13aaf000,random,1,252.58,79.1
2319,random,0x19d411000,0x18eebe000,0x13aaf000,random,2,252.41,79.1
2320,random,0x19d411000,0x18d217000,0x10606000,random,0,259.70,80.4
2320,random,0x19d411000,0x18d217000,0x10606000,random,1,260.00,80.5
2320,random,0x19d411000,0x18d217000,0x10606000,random,2,260.00,80.5
2321,random,0x19d411000,0x18e8ef000,0x13cfe000,random,0,260.20,80.5
2321,random,0x19d411000,0x18e8ef000,0x13cfe000,random,1,260.16,80.4
2321,random,0x19d411000,0x18e8ef000,0x13cfe000,random,2,261.67,80.5
2322,random,0x19d411000,0x194a7a000,0x9e6b000,random,0,260.40,80.3
2322,random,0x19d411000,0x194a7a000,0x9e6b000,random,1,260.10,80.3
2322,random,0x19d411000,0x194a7a000,0x9e6b000,random,2,260.02,80.4
2323,random,0x19d411000,0x1b4975000,0x29d64000,random,0,251.65,61.2
2323,random,0x19d411000,0x1b4975000,0x29d64000,random,1,251.91,61.2
2323,random,0x19d411000,0x1b4975000,0x29d64000,random,2,250.68,61.2
2324,random,0x19d411000,0x19b18a000,0x659b000,random,0,259.45,80.3
2324,random,0x19d411000,0x19b18a000,0x659b000,random,1,260.00,80.4
2324,random,0x19d411000,0x19b18a000,0x659b000,random,2,260.00,80.4
2325,random,0x19d411000,0x19d313000,0x702000,random,0,260.00,80.0
2325,random,0x19d411000,0x19d313000,0x702000,random,1,260.00,79.9
2325,random,0x19d411000,0x19d313000,0x702000,random,2,260.00,80.0
2326,random,0x19d411000,0x19bcc4000,0x68d5000,random,0,260.00,80.5
2326,random,0x19d411000,0x19bcc4000,0x68d5000,random,1,260.65,80.2
2326,random,0x19d411000,0x19bcc4000,0x68d5000,random,2,260.00,80.5
2327,random,0x19d411000,0x1a21e4000,0x3f5f5000,random,0,260.00,80.5
2327,random,0x19d411000,0x1a21e4000,0x3f5f5000,random,1,260.00,80.3
2327,random,0x19d411000,0x1a21e4000,0x3f5f5000,random,2,260.00,80.4
2328,random,0x19d411000,0x1ae630000,0x33221000,random,0,254.22,79.1
2328,random,0x19d411000,0x1ae630000,0x33221000,random,1,252.87,79.1
2328,random,0x19d411000,0x1ae630000,0x33221000,random,2,252.32,79.2
2329,random,0x19d411000,0x1a5bf2000,0x38fe3000,random,0,259.75,80.5
2329,random,0x19d411000,0x1a5bf2000,0x38fe3000,random,1,260.24,80.4
2329,random,0x19d411000,0x1a5bf2000,0x38fe3000,random,2,260.38,80.2
2330,random,0x19d411000,0x1aaaaa000,0x37ebb000,random,0,260.00,79.9
2330,random,0x19d411000,0x1aaaaa000,0x37ebb000,random,1,260.00,79.7
2330,random,0x19d411000,0x1aaaaa000,0x37ebb000,random,2,260.00,79.9
2331,random,0x19d411000,0x1ada6c000,0x30e7d000,random,0,255.83,66.2
2331,random,0x19d411000,0x1ada6c000,0x30e7d000,random,1,255.60,66.0
2331,random,0x19d411000,0x1ada6c000,0x30e7d000,random,2,255.54,66.0
2332,random,0x19d411000,0x199422000,0x4033000,random,0,259.76,79.9
2332,random,0x19d411000,0x199422000,0x4033000,random,1,260.00,80.0
2332,random,0x19d411000,0x199422000,0x4033000,random,2,260.00,80.0
2333,random,0x19d411000,0xb2c5d000,0x12f84c000,random,0,256.45,62.5
2333,random,0x19d411000,0xb2c5d000,0x12f84c000,random,1,256.00,62.4
2333,random,0x19d411000,0xb2c5d000,0x12f84c000,random,2,256.00,62.2
2334,random,0x19d411000,0x1a6d25000,0x3b934000,random,0,256.00,62.3
2334,random,0x19d411000,0x1a6d25000,0x3b934000,random,1,256.00,62.5
2334,random,0x19d411000,0x1a6d25000,0x3b934000,random,2,256.00,62.2
2335,random,0x19d411000,0x192145000,0xf554000,random,0,256.00,62.0
2335,random,0x19d411000,0x192145000,0xf554000,random,1,256.00,62.0
2335,random,0x19d411000,0x192145000,0xf554000,random,2,256.00,62.0
2336,random,0x19d411000,0x1a2d45000,0x3f954000,random,0,256.00,62.1
2336,random,0x19d411000,0x1a2d45000,0x3f954000,random,1,256.00,62.0
2336,random,0x19d411000,0x1a2d45000,0x3f954000,random,2,256.00,62.0
2337,random,0x19d411000,0x1a2ae7000,0x3fef6000,random,0,260.20,80.5
2337,random,0x19d411000,0x1a2ae7000,0x3fef6000,random,1,260.24,80.3
2337,random,0x19d411000,0x1a2ae7000,0x3fef6000,random,2,261.19,80.4
2338,random,0x19d411000,0x193cb4000,0xe8a5000,random,0,260.00,79.9
2338,random,0x19d411000,0x193cb4000,0xe8a5000,random,1,260.00,79.9
2338,random,0x19d411000,0x193cb4000,0xe8a5000,random,2,260.00,79.8
2339,random,0x19d411000,0x1b6e31000,0x2ba20000,random,0,252.51,61.1
2339,random,0x19d411000,0x1b6e31000,0x2ba20000,random,1,252.00,61.2
2339,random,0x19d411000,0x1b6e31000,0x2ba20000,random,2,252.00,61.2
2340,random,0x19d411000,0xb3e79000,0x12ea68000,random,0,255.76,62.4
2340,random,0x19d411000,0xb3e79000,0x12ea68000,random,1,256.00,62.3
2340,random,0x19d411000,0xb3e79000,0x12ea68000,random,2,256.00,62.4
2341,random,0x19d411000,0x190e4f000,0xda5e000,random,0,261.33,80.5
2341,random,0x19d411000,0x190e4f000,0xda5e000,random,1,261.71,80.4
2341,random,0x19d411000,0x190e4f000,0xda5e000,random,2,261.68,80.4
2342,random,0x19d411000,0x1927b2000,0xf3a3000,random,0,260.79,80.4
2342,random,0x19d411000,0x1927b2000,0xf3a3000,random,1,260.26,80.2
2342,random,0x19d411000,0x1927b2000,0xf3a3000,random,2,260.56,80.4
2343,random,0x19d411000,0x19f80d000,0x2c1c000,random,0,252.51,61.0
2343,random,0x19d411000,0x19f80d000,0x2c1c000,random,1,252.00,61.2
2343,random,0x19d411000,0x19f80d000,0x2c1c000,random,2,252.00,61.2
2344,random,0x19d411000,0x18ddd7000,0x109c6000,random,0,259.81,80.4
2344,random,0x19d411000,0x18ddd7000,0x109c6000,random,1,260.33,80.3
2344,random,0x19d411000,0x18ddd7000,0x109c6000,random,2,260.29,80.2
2345,random,0x19d411000,0x1b74a7000,0x2a0b6000,random,0,260.84,80.5
2345,random,0x19d411000,0x1b74a7000,0x2a0b6000,random,1,260.33,80.4
2345,random,0x19d411000,0x1b74a7000,0x2a0b6000,random,2,260.48,80.4
2346,random,0x19d411000,0x19b805000,0x6c14000,random,0,256.45,62.3
2346,random,0x19d411000,0x19b805000,0x6c14000,random,1,256.00,62.3
2346,random,0x19d411000,0x19b805000,0x6c14000,random,2,256.00,62.4
2347,random,0x19d411000,0x18ed30000,0x13921000,random,0,260.79,80.5
2347,random,0x19d411000,0x18ed30000,0x13921000,random,1,262.45,80.4
2347,random,0x19d411000,0x18ed30000,0x13921000,random,2,261.89,80.3
2348,random,0x19d411000,0x18d422000,0x10033000,random,0,256.24,66.1
2348,random,0x19d411000,0x18d422000,0x10033000,random,1,256.00,66.2
2348,random,0x19d411000,0x18d422000,0x10033000,random,2,256.00,66.2
2349,random,0x19d411000,0x1a93d3000,0x347c2000,random,0,255.14,79.2
2349,random,0x19d411000,0x1a93d3000,0x347c2000,random,1,255.31,79.2
2349,random,0x19d411000,0x1a93d3000,0x347c2000,random,2,255.28,79.2
2350,random,0x19d411000,0x19b456000,0x6047000,random,0,261.61,80.6
2350,random,0x19d411000,0x19b456000,0x6047000,random,1,262.91,80.6
2350,random,0x19d411000,0x19b456000,0x6047000,random,2,262.80,80.5
2351,random,0x19d411000,0x19b220000,0x6631000,random,0,260.02,79.6
2351,random,0x19d411000,0x19b220000,0x6631000,random,1,260.00,79.9
2351,random,0x19d411000,0x19b220000,0x6631000,random,2,260.00,80.1
2352,random,0x19d411000,0x18a5c1000,0x171d0000,random,0,256.51,62.1
2352,random,0x19d411000,0x18a5c1000,0x171d0000,random,1,256.00,62.0
2352,random,0x19d411000,0x18a5c1000,0x171d0000,random,2,256.00,62.1
2353,random,0x19d411000,0x1aebdf000,0x33fce000,random,0,256.00,66.2
2353,random,0x19d411000,0x1aebdf000,0x33fce000,random,1,256.00,66.1
2353,random,0x19d411000,0x1aebdf000,0x33fce000,random,2,256.00,66.2
2354,random,0x19d411000,0x196663000,0xb272000,random,0,255.57,79.0
2354,random,0x19d411000,0x196663000,0xb272000,random,1,255.58,79.2
2354,random,0x19d411000,0x196663000,0xb272000,random,2,255.63,79.2
2355,random,0x19d411000,0x1a43a0000,0x397b1000,random,0,255.29,79.2
2355,random,0x19d411000,0x1a43a0000,0x397b1000,random,1,255.35,79.0
2355,random,0x19d411000,0x1a43a0000,0x397b1000,random,2,255.14,77.9
2356,random,0x19d411000,0x192a7b000,0xfe6a000,random,0,261.37,80.5
2356,random,0x19d411000,0x192a7b000,0xfe6a000,random,1,262.45,80.4
2356,random,0x19d411000,0x192a7b000,0xfe6a000,random,2,262.65,80.3
2357,random,0x19d411000,0xbb6ef000,0x1262fe000,random,0,261.72,80.0
2357,random,0x19d411000,0xbb6ef000,0x1262fe000,random,1,262.62,79.9
2357,random,0x19d411000,0xbb6ef000,0x1262fe000,random,2,262.44,79.9
2358,random,0x19d411000,0x18b50d000,0x1611c000,random,0,256.56,62.4
2358,random,0x19d411000,0x18b50d000,0x1611c000,random,1,256.00,62.4
2358,random,0x19d411000,0x18b50d000,0x1611c000,random,2,256.00,62.4
2359,random,0x19d411000,0xad0a7000,0x1304b6000,random,0,256.00,76.3
2359,random,0x19d411000,0xad0a7000,0x1304b6000,random,1,256.00,76.3
2359,random,0x19d411000,0xad0a7000,0x1304b6000,random,2,256.12,76.1
2360,random,0x19d411000,0x19dfb2000,0xba3000,random,0,260.42,79.9
2360,random,0x19d411000,0x19dfb2000,0xba3000,random,1,260.37,79.8
2360,random,0x19d411000,0x19dfb2000,0xba3000,random,2,260.56,79.9
2361,random,0x19d411000,0x1b30c7000,0x2e4d6000,random,0,255.94,79.1
2361,random,0x19d411000,0x1b30c7000,0x2e4d6000,random,1,255.27,79.1
2361,random,0x19d411000,0x1b30c7000,0x2e4d6000,random,2,255.72,79.0
2362,random,0x19d411000,0x1b4baf000,0x29fbe000,random,0,260.63,80.4
2362,random,0x19d411000,0x1b4baf000,0x29fbe000,random,1,262.51,80.4
2362,random,0x19d411000,0x1b4baf000,0x29fbe000,random,2,262.29,80.4
2363,random,0x19d411000,0x1b3ce4000,0x2e8f5000,random,0,262.48,80.4
2363,random,0x19d411000,0x1b3ce4000,0x2e8f5000,random,1,262.27,80.4
2363,random,0x19d411000,0x1b3ce4000,0x2e8f5000,random,2,262.32,80.3
2364,random,0x19d411000,0x19988b000,0x4c9a000,random,0,260.43,79.6
2364,random,0x19d411000,0x19988b000,0x4c9a000,random,1,260.00,79.8
2364,random,0x19d411000,0x19988b000,0x4c9a000,random,2,260.16,79.9
2365,random,0x19d411000,0xb7469000,0x12a078000,random,0,256.59,62.1
2365,random,0x19d411000,0xb7469000,0x12a078000,random,1,256.00,62.1
2365,random,0x19d411000,0xb7469000,0x12a078000,random,2,256.00,62.1
2366,random,0x19d411000,0x18edb2000,0x139a3000,random,0,260.07,80.1
2366,random,0x19d411000,0x18edb2000,0x139a3000,random,1,260.35,80.0
2366,random,0x19d411000,0x18edb2000,0x139a3000,random,2,260.29,79.9
2367,random,0x19d411000,0x1b8287000,0x25696000,random,0,262.91,80.5
2367,random,0x19d411000,0x1b8287000,0x25696000,random,1,263.03,80.4
2367,random,0x19d411000,0x1b8287000,0x25696000,random,2,263.51,80.5
2368,random,0x19d411000,0x18c215000,0x11604000,random,0,256.67,62.3
2368,random,0x19d411000,0x18c215000,0x11604000,random,1,256.00,62.2
2368,random,0x19d411000,0x18c215000,0x11604000,random,2,256.00,62.4
2369,random,0x19d411000,0xbe43d000,0x12302c000,random,0,252.58,61.2
2369,random,0x19d411000,0xbe43d000,0x12302c000,random,1,252.00,61.2
2369,random,0x19d411000,0xbe43d000,0x12302c000,random,2,252.00,61.2
2370,random,0x19d411000,0xb31d0000,0x12e5c1000,random,0,261.61,79.8
2370,random,0x19d411000,0xb31d0000,0x12e5c1000,random,1,263.60,80.1
2370,random,0x19d411000,0xb31d0000,0x12e5c1000,random,2,263.31,80.0
2371,random,0x19d411000,0x1abc73000,0x36862000,random,0,256.24,79.3
2371,random,0x19d411000,0x1abc73000,0x36862000,random,1,255.93,78.8
2371,random,0x19d411000,0x1abc73000,0x36862000,random,2,255.99,79.3
2372,random,0x19d411000,0x1b1a1a000,0x2ce0b000,random,0,256.00,79.3
2372,random,0x19d411000,0x1b1a1a000,0x2ce0b000,random,1,256.00,79.1
2372,random,0x19d411000,0x1b1a1a000,0x2ce0b000,random,2,256.00,79.3
2373,random,0x19d411000,0xbb077000,0x126466000,random,0,256.00,76.2
2373,random,0x19d411000,0xbb077000,0x126466000,random,1,256.00,76.2
2373,random,0x19d411000,0xbb077000,0x126466000,random,2,256.00,76.3
2374,random,0x19d411000,0xb9adb000,0x124eca000,random,0,263.03,80.5
2374,random,0x19d411000,0xb9adb000,0x124eca000,random,1,263.65,80.5
2374,random,0x19d411000,0xb9adb000,0x124eca000,random,2,264.00,80.5
2375,random,0x19d411000,0x18877b000,0x1536a000,random,0,262.73,79.9
2375,random,0x19d411000,0x18877b000,0x1536a000,random,1,261.85,79.8
2375,random,0x19d411000,0x18877b000,0x1536a000,random,2,261.92,80.0
2376,random,0x19d411000,0x1b0a59000,0x2de48000,random,0,256.56,61.8
2376,random,0x19d411000,0x1b0a59000,0x2de48000,random,1,256.00,61.8
2376,random,0x19d411000,0x1b0a59000,0x2de48000,random,2,256.00,61.6
2377,random,0x19d411000,0x18dedf000,0x10ace000,random,0,260.46,79.9
2377,random,0x19d411000,0x18dedf000,0x10ace000,random,1,261.85,80.1
2377,random,0x19d411000,0x18dedf000,0x10ace000,random,2,262.86,80.0
2378,random,0x19d411000,0xb0771000,0x12d360000,random,0,253.05,61.2
2378,random,0x19d411000,0xb0771000,0x12d360000,random,1,252.00,61.2
2378,random,0x19d411000,0xb0771000,0x12d360000,random,2,252.00,61.2
2379,random,0x19d411000,0x186e04000,0x1ba15000,random,0,260.10,80.0
2379,random,0x19d411000,0x186e04000,0x1ba15000,random,1,261.25,80.0
2379,random,0x19d411000,0x186e04000,0x1ba15000,random,2,260.80,80.0
2380,random,0x19d411000,0xbc83c000,0x121c2d000,random,0,263.22,80.3
2380,random,0x19d411000,0xbc83c000,0x121c2d000,random,1,263.70,80.4
2380,random,0x19d411000,0xbc83c000,0x121c2d000,random,2,263.23,80.0
2381,random,0x19d411000,0x1ae720000,0x33331000,random,0,262.67,80.2
2381,random,0x19d411000,0x1ae720000,0x33331000,random,1,262.80,80.4
2381,random,0x19d411000,0x1ae720000,0x33331000,random,2,263.14,80.5
2382,random,0x19d411000,0x1a0d33000,0x3d922000,random,0,256.24,79.1
2382,random,0x19d411000,0x1a0d33000,0x3d922000,random,1,256.00,79.1
2382,random,0x19d411000,0x1a0d33000,0x3d922000,random,2,256.00,79.1
2383,random,0x19d411000,0x187852000,0x1ac43000,random,0,256.00,79.2
2383,random,0x19d411000,0x187852000,0x1ac43000,random,1,256.00,79.2
2383,random,0x19d411000,0x187852000,0x1ac43000,random,2,256.00,79.2
2384,random,0x19d411000,0xb7116000,0x12a507000,random,0,261.79,80.3
2384,random,0x19d411000,0xb7116000,0x12a507000,random,1,263.61,80.4
2384,random,0x19d411000,0xb7116000,0x12a507000,random,2,263.30,80.4
2385,random,0x19d411000,0xbc866000,0x121c77000,random,0,263.31,80.1
2385,random,0x19d411000,0xbc866000,0x121c77000,random,1,262.59,79.9
2385,random,0x19d411000,0xbc866000,0x121c77000,random,2,263.61,80.4
2386,random,0x19d411000,0x1a8d00000,0x35911000,random,0,263.11,80.4
2386,random,0x19d411000,0x1a8d00000,0x35911000,random,1,262.99,80.5
2386,random,0x19d411000,0x1a8d00000,0x35911000,random,2,263.09,80.5
2387,random,0x19d411000,0x1b5d59000,0x28948000,random,0,256.82,62.4
2387,random,0x19d411000,0x1b5d59000,0x28948000,random,1,256.05,62.4
2387,random,0x19d411000,0x1b5d59000,0x28948000,random,2,256.00,62.4
2388,random,0x19d411000,0x1ae520000,0x33131000,random,0,262.48,80.4
2388,random,0x19d411000,0x1ae520000,0x33131000,random,1,263.85,80.6
2388,random,0x19d411000,0x1ae520000,0x33131000,random,2,263.96,80.6
2389,random,0x19d411000,0xbb7a6000,0x1263b7000,random,0,263.93,80.3
2389,random,0x19d411000,0xbb7a6000,0x1263b7000,random,1,263.74,80.3
2389,random,0x19d411000,0xbb7a6000,0x1263b7000,random,2,263.70,80.2
2390,random,0x19d411000,0x188c5c000,0x1584d000,random,0,261.89,79.9
2390,random,0x19d411000,0x188c5c000,0x1584d000,random,1,262.35,80.1
2390,random,0x19d411000,0x188c5c000,0x1584d000,random,2,262.65,80.1
2391,random,0x19d411000,0xb00a4000,0x12d4b5000,random,0,256.60,76.3
2391,random,0x19d411000,0xb00a4000,0x12d4b5000,random,1,256.00,76.2
2391,random,0x19d411000,0xb00a4000,0x12d4b5000,random,2,256.00,76.2
2392,random,0x19d411000,0x1ad2b4000,0x306a5000,random,0,256.00,79.1
2392,random,0x19d411000,0x1ad2b4000,0x306a5000,random,1,256.00,79.1
2392,random,0x19d411000,0x1ad2b4000,0x306a5000,random,2,256.00,79.0
2393,random,0x19d411000,0xbd7ea000,0x1203fb000,random,0,256.00,76.3
2393,random,0x19d411000,0xbd7ea000,0x1203fb000,random,1,256.00,76.1
2393,random,0x19d411000,0xbd7ea000,0x1203fb000,random,2,256.00,76.3
2394,random,0x19d411000,0x18fc0d000,0x1281c000,random,0,252.30,52.8
2394,random,0x19d411000,0x18fc0d000,0x1281c000,random,1,252.00,52.9
2394,random,0x19d411000,0x18fc0d000,0x1281c000,random,2,252.00,52.9
2395,random,0x19d411000,0xae2ce000,0x1336df000,random,0,255.83,76.3
2395,random,0x19d411000,0xae2ce000,0x1336df000,random,1,256.00,76.3
2395,random,0x19d411000,0xae2ce000,0x1336df000,random,2,256.00,76.3
2396,random,0x19d411000,0x1a8049000,0x35458000,random,0,252.22,61.2
2396,random,0x19d411000,0x1a8049000,0x35458000,random,1,252.00,61.2
2396,random,0x19d411000,0x1a8049000,0x35458000,random,2,252.00,61.2
2397,random,0x19d411000,0x19dece000,0xadf000,random,0,261.87,80.4
2397,random,0x19d411000,0x19dece000,0xadf000,random,1,263.83,80.3
2397,random,0x19d411000,0x19dece000,0xadf000,random,2,263.80,80.3
2398,random,0x19d411000,0xae309000,0x133718000,random,0,256.69,62.1
2398,random,0x19d411000,0xae309000,0x133718000,random,1,256.00,62.1
2398,random,0x19d411000,0xae309000,0x133718000,random,2,256.00,62.1
2399,random,0x19d411000,0xbb7f6000,0x1263e7000,random,0,263.05,80.5
2399,random,0x19d411000,0xbb7f6000,0x1263e7000,random,1,264.00,80.5
2399,random,0x19d411000,0xbb7f6000,0x1263e7000,random,2,264.00,80.4
2400,random,0x19d411000,0x188513000,0x15102000,random,0,263.95,80.4
2400,random,0x19d411000,0x188513000,0x15102000,random,1,263.73,80.5
2400,random,0x19d411000,0x188513000,0x15102000,random,2,263.81,80.4
2401,random,0x19d411000,0x1aad67000,0x37976000,random,0,261.77,79.6
2401,random,0x19d411000,0x1aad67000,0x37976000,random,1,262.45,80.0
2401,random,0x19d411000,0x1aad67000,0x37976000,random,2,262.71,79.7
2402,random,0x19d411000,0x1a5eaf000,0x38abe000,random,0,262.57,79.9
2402,random,0x19d411000,0x1a5eaf000,0x38abe000,random,1,262.35,79.8
2402,random,0x19d411000,0x1a5eaf000,0x38abe000,random,2,262.17,79.7
2403,random,0x19d411000,0x19f83c000,0x2c2d000,random,0,263.62,79.9
2403,random,0x19d411000,0x19f83c000,0x2c2d000,random,1,263.95,80.4
2403,random,0x19d411000,0x19f83c000,0x2c2d000,random,2,263.73,80.4
2404,random,0x19d411000,0x1a3992000,0x3ed83000,random,0,256.26,79.1
2404,random,0x19d411000,0x1a3992000,0x3ed83000,random,1,256.00,79.1
2404,random,0x19d411000,0x1a3992000,0x3ed83000,random,2,256.00,79.1
2405,random,0x19d411000,0x196988000,0xbd99000,random,0,262.91,80.5
2405,random,0x19d411000,0x196988000,0xbd99000,random,1,264.00,80.4
2405,random,0x19d411000,0x196988000,0xbd99000,random,2,264.00,80.5
2406,random,0x19d411000,0x188686000,0x15297000,random,0,262.91,79.9
2406,random,0x19d411000,0x188686000,0x15297000,random,1,262.36,79.8
2406,random,0x19d411000,0x188686000,0x15297000,random,2,262.51,80.0
2407,random,0x19d411000,0x19b774000,0x6365000,random,0,263.98,80.5
2407,random,0x19d411000,0x19b774000,0x6365000,random,1,263.97,80.5
2407,random,0x19d411000,0x19b774000,0x6365000,random,2,264.00,80.5
2408,random,0x19d411000,0xbe1d9000,0x1235c8000,random,0,258.07,62.1
2408,random,0x19d411000,0xbe1d9000,0x1235c8000,random,1,258.03,62.1
2408,random,0x19d411000,0xbe1d9000,0x1235c8000,random,2,257.94,62.1
2409,random,0x19d411000,0xb24bf000,0x12f0ae000,random,0,263.04,80.0
2409,random,0x19d411000,0xb24bf000,0x12f0ae000,random,1,263.69,80.0
2409,random,0x19d411000,0xb24bf000,0x12f0ae000,random,2,263.90,80.0
2410,random,0x19d411000,0x1a1287000,0x3c696000,random,0,256.24,79.0
2410,random,0x19d411000,0x1a1287000,0x3c696000,random,1,256.00,79.1
2410,random,0x19d411000,0x1a1287000,0x3c696000,random,2,256.00,78.9
2411,random,0x19d411000,0xb3f02000,0x12eb13000,random,0,262.61,80.4
2411,random,0x19d411000,0xb3f02000,0x12eb13000,random,1,263.75,80.4
2411,random,0x19d411000,0xb3f02000,0x12eb13000,random,2,263.78,80.4
2412,random,0x19d411000,0x191340000,0xc751000,random,0,263.60,80.1
2412,random,0x19d411000,0x191340000,0xc751000,random,1,263.95,80.4
2412,random,0x19d411000,0x191340000,0xc751000,random,2,264.00,80.5
2413,random,0x19d411000,0x186f44000,0x1bb55000,random,0,263.94,80.4
2413,random,0x19d411000,0x186f44000,0x1bb55000,random,1,263.76,80.3
2413,random,0x19d411000,0x186f44000,0x1bb55000,random,2,263.92,80.4
2414,random,0x19d411000,0x1a74ad000,0x3a0bc000,random,0,252.61,61.2
2414,random,0x19d411000,0x1a74ad000,0x3a0bc000,random,1,252.00,61.0
2414,random,0x19d411000,0x1a74ad000,0x3a0bc000,random,2,252.00,61.2
2415,random,0x19d411000,0x1b461d000,0x2920c000,random,0,255.79,61.8
2415,random,0x19d411000,0x1b461d000,0x2920c000,random,1,256.00,61.8
2415,random,0x19d411000,0x1b461d000,0x2920c000,random,2,256.00,61.8
2416,random,0x19d411000,0x1b7f72000,0x2ab63000,random,0,263.28,80.6
2416,random,0x19d411000,0x1b7f72000,0x2ab63000,random,1,264.00,80.6
2416,random,0x19d411000,0x1b7f72000,0x2ab63000,random,2,264.00,80.5
2417,random,0x19d411000,0xb0ba6000,0x12dfb7000,random,0,256.73,76.3
2417,random,0x19d411000,0xb0ba6000,0x12dfb7000,random,1,256.00,76.3
2417,random,0x19d411000,0xb0ba6000,0x12dfb7000,random,2,256.00,76.3
2418,random,0x19d411000,0x1b32ff000,0x2e6ee000,random,0,263.24,80.4
2418,random,0x19d411000,0x1b32ff000,0x2e6ee000,random,1,264.00,80.1
2418,random,0x19d411000,0x1b32ff000,0x2e6ee000,random,2,264.00,80.3
2419,random,0x19d411000,0x1af8e7000,0x32cf6000,random,0,256.31,79.1
2419,random,0x19d411000,0x1af8e7000,0x32cf6000,random,1,256.00,79.1
2419,random,0x19d411000,0x1af8e7000,0x32cf6000,random,2,256.00,79.2
2420,random,0x19d411000,0xaec39000,0x133828000,random,0,257.08,62.1
2420,random,0x19d411000,0xaec39000,0x133828000,random,1,257.88,62.1
2420,random,0x19d411000,0xaec39000,0x133828000,random,2,257.89,62.1
2421,random,0x19d411000,0xbda41000,0x120e50000,random,0,257.89,62.1
2421,random,0x19d411000,0xbda41000,0x120e50000,random,1,257.71,62.0
2421,random,0x19d411000,0xbda41000,0x120e50000,random,2,257.81,62.1
2422,random,0x19d411000,0x18b811000,0x16c00000,random,0,257.61,62.1
2422,random,0x19d411000,0x18b811000,0x16c00000,random,1,257.58,62.1
2422,random,0x19d411000,0x18b811000,0x16c00000,random,2,257.69,61.9
2423,random,0x19d411000,0x1854a7000,0x180b6000,random,0,256.00,79.1
2423,random,0x19d411000,0x1854a7000,0x180b6000,random,1,256.00,79.1
2423,random,0x19d411000,0x1854a7000,0x180b6000,random,2,256.00,79.1
2424,random,0x19d411000,0x1886cf000,0x152de000,random,0,256.00,79.3
2424,random,0x19d411000,0x1886cf000,0x152de000,random,1,256.00,79.3
2424,random,0x19d411000,0x1886cf000,0x152de000,random,2,256.00,79.3
2425,random,0x19d411000,0x19a92f000,0x7d3e000,random,0,262.90,80.3
2425,random,0x19d411000,0x19a92f000,0x7d3e000,random,1,264.00,80.5
2425,random,0x19d411000,0x19a92f000,0x7d3e000,random,2,264.00,80.3
2426,random,0x19d411000,0x18fbc4000,0x12fd5000,random,0,264.00,80.3
2426,random,0x19d411000,0x18fbc4000,0x12fd5000,random,1,264.00,80.5
2426,random,0x19d411000,0x18fbc4000,0x12fd5000,random,2,263.98,80.5
2427,random,0x19d411000,0xba407000,0x127016000,random,0,264.00,79.8
2427,random,0x19d411000,0xba407000,0x127016000,random,1,264.00,80.1
2427,random,0x19d411000,0xba407000,0x127016000,random,2,264.00,79.8
2428,random,0x19d411000,0x1b510c000,0x2851d000,random,0,256.32,79.2
2428,random,0x19d411000,0x1b510c000,0x2851d000,random,1,256.00,79.3
2428,random,0x19d411000,0x1b510c000,0x2851d000,random,2,256.00,79.3
2429,random,0x19d411000,0x19c94b000,0x1d5a000,random,0,262.89,80.5
2429,random,0x19d411000,0x19c94b000,0x1d5a000,random,1,264.00,80.4
2429,random,0x19d411000,0x19c94b000,0x1d5a000,random,2,264.00,80.3
2430,random,0x19d411000,0xb84ea000,0x1250fb000,random,0,256.70,76.3
2430,random,0x19d411000,0xb84ea000,0x1250fb000,random,1,256.00,76.2
2430,random,0x19d411000,0xb84ea000,0x1250fb000,random,2,256.12,76.3
2431,random,0x19d411000,0x1864ee000,0x1b0ff000,random,0,263.13,80.3
2431,random,0x19d411000,0x1864ee000,0x1b0ff000,random,1,264.00,80.2
2431,random,0x19d411000,0x1864ee000,0x1b0ff000,random,2,264.00,80.3
2432,random,0x19d411000,0x18e181000,0x13590000,random,0,258.61,62.1
2432,random,0x19d411000,0x18e181000,0x13590000,random,1,257.92,62.1
2432,random,0x19d411000,0x18e181000,0x13590000,random,2,257.99,62.1
2433,random,0x19d411000,0x1927e1000,0xf3f0000,random,0,257.61,62.4
2433,random,0x19d411000,0x1927e1000,0xf3f0000,random,1,257.93,62.5
2433,random,0x19d411000,0x1927e1000,0xf3f0000,random,2,257.13,62.3
2434,random,0x19d411000,0xbd67e000,0x12026f000,random,0,263.10,80.3
2434,random,0x19d411000,0xbd67e000,0x12026f000,random,1,264.00,80.5
2434,random,0x19d411000,0xbd67e000,0x12026f000,random,2,264.00,80.4
2435,random,0x19d411000,0x1aec23000,0x33832000,random,0,264.00,80.6
2435,random,0x19d411000,0x1aec23000,0x33832000,random,1,264.00,80.3
2435,random,0x19d411000,0x1aec23000,0x33832000,random,2,264.00,80.5
2436,random,0x19d411000,0x1aa279000,0x37668000,random,0,252.64,61.2
2436,random,0x19d411000,0x1aa279000,0x37668000,random,1,252.00,61.2
2436,random,0x19d411000,0x1aa279000,0x37668000,random,2,252.00,61.2
2437,random,0x19d411000,0xad9cc000,0x130ddd000,random,0,262.64,80.4
2437,random,0x19d411000,0xad9cc000,0x130ddd000,random,1,264.00,80.4
2437,random,0x19d411000,0xad9cc000,0x130ddd000,random,2,264.00,80.4
2438,random,0x19d411000,0xaf544000,0x132155000,random,0,264.00,80.6
2438,random,0x19d411000,0xaf544000,0x132155000,random,1,264.00,80.2
2438,random,0x19d411000,0xaf544000,0x132155000,random,2,264.00,80.2
2439,random,0x19d411000,0x194abf000,0x9eae000,random,0,264.00,80.4
2439,random,0x19d411000,0x194abf000,0x9eae000,random,1,264.00,80.2
2439,random,0x19d411000,0x194abf000,0x9eae000,random,2,264.00,80.2
2440,random,0x19d411000,0x1a69ef000,0x3bdfe000,random,0,264.00,80.5
2440,random,0x19d411000,0x1a69ef000,0x3bdfe000,random,1,264.00,80.5
2440,random,0x19d411000,0x1a69ef000,0x3bdfe000,random,2,264.00,80.5
2441,random,0x19d411000,0xbad1b000,0x12790a000,random,0,264.00,80.6
2441,random,0x19d411000,0xbad1b000,0x12790a000,random,1,264.00,80.5
2441,random,0x19d411000,0xbad1b000,0x12790a000,random,2,264.00,80.2
2442,random,0x19d411000,0xbc965000,0x121d74000,random,0,257.79,61.7
2442,random,0x19d411000,0xbc965000,0x121d74000,random,1,257.28,61.8
2442,random,0x19d411000,0xbc965000,0x121d74000,random,2,257.69,61.8
2443,random,0x19d411000,0xbcb70000,0x121f61000,random,0,263.27,80.3
2443,random,0x19d411000,0xbcb70000,0x121f61000,random,1,264.00,80.5
2443,random,0x19d411000,0xbcb70000,0x121f61000,random,2,264.00,80.1
2444,random,0x19d411000,0x1b324f000,0x2e65e000,random,0,264.00,80.5
2444,random,0x19d411000,0x1b324f000,0x2e65e000,random,1,264.00,80.4
2444,random,0x19d411000,0x1b324f000,0x2e65e000,random,2,264.00,80.3
2445,random,0x19d411000,0x1a4b52000,0x39f43000,random,0,264.00,80.3
2445,random,0x19d411000,0x1a4b52000,0x39f43000,random,1,264.00,80.4
2445,random,0x19d411000,0x1a4b52000,0x39f43000,random,2,264.00,80.4
2446,random,0x19d411000,0x1b2329000,0x2f738000,random,0,257.48,61.8
2446,random,0x19d411000,0x1b2329000,0x2f738000,random,1,256.71,61.8
2446,random,0x19d411000,0x1b2329000,0x2f738000,random,2,256.18,61.7
2447,random,0x19d411000,0x1b46d1000,0x292c0000,random,0,256.28,61.8
2447,random,0x19d411000,0x1b46d1000,0x292c0000,random,1,256.72,61.9
2447,random,0x19d411000,0x1b46d1000,0x292c0000,random,2,256.83,61.8
2448,random,0x19d411000,0x19fcde000,0x28cf000,random,0,256.00,79.0
2448,random,0x19d411000,0x19fcde000,0x28cf000,random,1,256.00,79.1
2448,random,0x19d411000,0x19fcde000,0x28cf000,random,2,256.00,78.7
2449,random,0x19d411000,0xba8d4000,0x127cc5000,random,0,262.81,80.2
2449,random,0x19d411000,0xba8d4000,0x127cc5000,random,1,264.00,80.4
2449,random,0x19d411000,0xba8d4000,0x127cc5000,random,2,263.96,80.5
2450,random,0x19d411000,0x1acf41000,0x31b50000,random,0,252.61,61.2
2450,random,0x19d411000,0x1acf41000,0x31b50000,random,1,252.00,61.2
2450,random,0x19d411000,0x1acf41000,0x31b50000,random,2,252.00,61.2
2451,random,0x19d411000,0x18eed2000,0x13ac3000,random,0,261.98,80.1
2451,random,0x19d411000,0x18eed2000,0x13ac3000,random,1,263.63,79.9
2451,random,0x19d411000,0x18eed2000,0x13ac3000,random,2,263.73,79.9
2452,random,0x19d411000,0x1b04ec000,0x2d0fd000,random,0,264.00,80.2
2452,random,0x19d411000,0x1b04ec000,0x2d0fd000,random,1,264.00,80.4
2452,random,0x19d411000,0x1b04ec000,0x2d0fd000,random,2,264.00,80.5
2453,random,0x19d411000,0x1b5862000,0x28c73000,random,0,256.29,79.3
2453,random,0x19d411000,0x1b5862000,0x28c73000,random,1,256.00,79.2
2453,random,0x19d411000,0x1b5862000,0x28c73000,random,2,256.00,79.3
2454,random,0x19d411000,0x191488000,0xc099000,random,0,256.00,79.1
2454,random,0x19d411000,0x191488000,0xc099000,random,1,256.00,79.1
2454,random,0x19d411000,0x191488000,0xc099000,random,2,256.00,79.1
2455,random,0x19d411000,0x1b5ccb000,0x288da000,random,0,262.88,80.4
2455,random,0x19d411000,0x1b5ccb000,0x288da000,random,1,264.00,80.3
2455,random,0x19d411000,0x1b5ccb000,0x288da000,random,2,264.00,80.4
2456,random,0x19d411000,0xb1496000,0x12c087000,random,0,264.00,80.0
2456,random,0x19d411000,0xb1496000,0x12c087000,random,1,264.00,79.8
2456,random,0x19d411000,0xb1496000,0x12c087000,random,2,264.00,80.1
2457,random,0x19d411000,0x1a215b000,0x3f54a000,random,0,263.49,80.0
2457,random,0x19d411000,0x1a215b000,0x3f54a000,random,1,263.76,79.9
2457,random,0x19d411000,0x1a215b000,0x3f54a000,random,2,263.76,80.0
2458,random,0x19d411000,0x1ac3c1000,0x317d0000,random,0,258.46,62.3
2458,random,0x19d411000,0x1ac3c1000,0x317d0000,random,1,257.92,62.4
2458,random,0x19d411000,0x1ac3c1000,0x317d0000,random,2,257.90,62.3
2459,random,0x19d411000,0x194cf5000,0x98e4000,random,0,252.27,61.2
2459,random,0x19d411000,0x194cf5000,0x98e4000,random,1,252.00,61.2
2459,random,0x19d411000,0x194cf5000,0x98e4000,random,2,252.00,61.2
2460,random,0x19d411000,0x185576000,0x18167000,random,0,255.55,79.2
2460,random,0x19d411000,0x185576000,0x18167000,random,1,256.00,79.1
2460,random,0x19d411000,0x185576000,0x18167000,random,2,256.00,79.3
2461,random,0x19d411000,0x19b0f3000,0x64e2000,random,0,263.05,80.6
2461,random,0x19d411000,0x19b0f3000,0x64e2000,random,1,264.00,80.5
2461,random,0x19d411000,0x19b0f3000,0x64e2000,random,2,264.00,80.5
2462,random,0x19d411000,0x19a6f2000,0x72e3000,random,0,256.31,79.3
2462,random,0x19d411000,0x19a6f2000,0x72e3000,random,1,256.00,79.2
2462,random,0x19d411000,0x19a6f2000,0x72e3000,random,2,256.00,79.2
2463,random,0x19d411000,0xaf343000,0x132752000,random,0,262.98,80.5
2463,random,0x19d411000,0xaf343000,0x132752000,random,1,264.00,80.4
2463,random,0x19d411000,0xaf343000,0x132752000,random,2,264.00,80.4
2464,random,0x19d411000,0x1ac5e2000,0x311f3000,random,0,264.00,80.6
2464,random,0x19d411000,0x1ac5e2000,0x311f3000,random,1,264.00,80.5
2464,random,0x19d411000,0x1ac5e2000,0x311f3000,random,2,264.00,80.2
2465,random,0x19d411000,0x19dcb6000,0x8a7000,random,0,256.31,79.3
2465,random,0x19d411000,0x19dcb6000,0x8a7000,random,1,256.00,79.1
2465,random,0x19d411000,0x19dcb6000,0x8a7000,random,2,256.00,79.3
2466,random,0x19d411000,0x1883b1000,0x157a0000,random,0,256.65,61.8
2466,random,0x19d411000,0x1883b1000,0x157a0000,random,1,256.92,61.8
2466,random,0x19d411000,0x1883b1000,0x157a0000,random,2,256.67,61.8
2467,random,0x19d411000,0x19db2a000,0xf3b000,random,0,263.20,80.1
2467,random,0x19d411000,0x19db2a000,0xf3b000,random,1,264.00,80.0
2467,random,0x19d411000,0x19db2a000,0xf3b000,random,2,264.00,80.1
2468,random,0x19d411000,0x1a8554000,0x35145000,random,0,264.00,80.6
2468,random,0x19d411000,0x1a8554000,0x35145000,random,1,264.00,80.8
2468,random,0x19d411000,0x1a8554000,0x35145000,random,2,264.00,80.4
2469,random,0x19d411000,0x1963e1000,0xb7f0000,random,0,259.36,62.1
2469,random,0x19d411000,0x1963e1000,0xb7f0000,random,1,259.07,62.1
2469,random,0x19d411000,0x1963e1000,0xb7f0000,random,2,259.16,62.1
2470,random,0x19d411000,0xbb83b000,0x126c2a000,random,0,263.21,79.9
2470,random,0x19d411000,0xbb83b000,0x126c2a000,random,1,264.00,80.1
2470,random,0x19d411000,0xbb83b000,0x126c2a000,random,2,264.00,80.1
2471,random,0x19d411000,0x193ecd000,0xeadc000,random,0,259.47,62.2
2471,random,0x19d411000,0x193ecd000,0xeadc000,random,1,259.09,62.2
2471,random,0x19d411000,0x193ecd000,0xeadc000,random,2,259.31,62.2
2472,random,0x19d411000,0x18e567000,0x13176000,random,0,263.37,80.3
2472,random,0x19d411000,0x18e567000,0x13176000,random,1,264.00,80.4
2472,random,0x19d411000,0x18e567000,0x13176000,random,2,264.00,80.4
2473,random,0x19d411000,0x1ae99c000,0x33d8d000,random,0,264.00,79.8
2473,random,0x19d411000,0x1ae99c000,0x33d8d000,random,1,264.00,79.8
2473,random,0x19d411000,0x1ae99c000,0x33d8d000,random,2,264.00,80.0
2474,random,0x19d411000,0x191bd9000,0xcfc8000,random,0,259.33,62.1
2474,random,0x19d411000,0x191bd9000,0xcfc8000,random,1,258.80,62.1
2474,random,0x19d411000,0x191bd9000,0xcfc8000,random,2,259.09,62.2
2475,random,0x19d411000,0x18a686000,0x17297000,random,0,263.29,80.4
2475,random,0x19d411000,0x18a686000,0x17297000,random,1,264.00,80.6
2475,random,0x19d411000,0x18a686000,0x17297000,random,2,264.00,80.5
2476,random,0x19d411000,0x19a877000,0x7c66000,random,0,263.94,80.0
2476,random,0x19d411000,0x19a877000,0x7c66000,random,1,264.00,80.2
2476,random,0x19d411000,0x19a877000,0x7c66000,random,2,264.00,79.9
2477,random,0x19d411000,0xbd8a3000,0x120cb2000,random,0,264.00,80.5
2477,random,0x19d411000,0xbd8a3000,0x120cb2000,random,1,264.00,80.3
2477,random,0x19d411000,0xbd8a3000,0x120cb2000,random,2,264.00,80.4
2478,random,0x19d411000,0xb1b3e000,0x12cf2f000,random,0,264.00,80.5
2478,random,0x19d411000,0xb1b3e000,0x12cf2f000,random,1,264.00,80.4
2478,random,0x19d411000,0xb1b3e000,0x12cf2f000,random,2,264.00,80.4
2479,random,0x19d411000,0x1b7e53000,0x2aa42000,random,0,264.00,80.5
2479,random,0x19d411000,0x1b7e53000,0x2aa42000,random,1,264.00,80.6
2479,random,0x19d411000,0x1b7e53000,0x2aa42000,random,2,264.00,80.5
2480,random,0x19d411000,0x1b1c76000,0x2c867000,random,0,264.00,80.5
2480,random,0x19d411000,0x1b1c76000,0x2c867000,random,1,264.00,80.5
2480,random,0x19d411000,0x1b1c76000,0x2c867000,random,2,264.00,80.6
2481,random,0x19d411000,0xb86e7000,0x1252f6000,random,0,264.00,80.6
2481,random,0x19d411000,0xb86e7000,0x1252f6000,random,1,264.00,80.2
2481,random,0x19d411000,0xb86e7000,0x1252f6000,random,2,264.00,80.3
2482,random,0x19d411000,0x1b184e000,0x2cc5f000,random,0,264.00,80.4
2482,random,0x19d411000,0x1b184e000,0x2cc5f000,random,1,264.00,80.1
2482,random,0x19d411000,0x1b184e000,0x2cc5f000,random,2,264.00,80.4
2483,random,0x19d411000,0xbb31d000,0x12670c000,random,0,258.66,61.8
2483,random,0x19d411000,0xbb31d000,0x12670c000,random,1,258.07,61.8
2483,random,0x19d411000,0xbb31d000,0x12670c000,random,2,257.79,61.8
2484,random,0x19d411000,0xbd381000,0x120790000,random,0,258.13,61.8
2484,random,0x19d411000,0xbd381000,0x120790000,random,1,258.16,61.8
2484,random,0x19d411000,0xbd381000,0x120790000,random,2,257.88,61.8
2485,random,0x19d411000,0x1b03e8000,0x2d7f9000,random,0,256.00,79.0
2485,random,0x19d411000,0x1b03e8000,0x2d7f9000,random,1,256.00,79.1
2485,random,0x19d411000,0x1b03e8000,0x2d7f9000,random,2,256.00,78.9
2486,random,0x19d411000,0xaf0a1000,0x1324b0000,random,0,252.33,61.2
2486,random,0x19d411000,0xaf0a1000,0x1324b0000,random,1,252.00,61.2
2486,random,0x19d411000,0xaf0a1000,0x1324b0000,random,2,252.51,61.2
2487,random,0x19d411000,0x1a1680000,0x3c291000,random,0,255.97,79.1
2487,random,0x19d411000,0x1a1680000,0x3c291000,random,1,256.00,79.1
2487,random,0x19d411000,0x1a1680000,0x3c291000,random,2,256.00,79.1
2488,random,0x19d411000,0x1a5731000,0x38320000,random,0,256.25,61.8
2488,random,0x19d411000,0x1a5731000,0x38320000,random,1,256.84,61.8
2488,random,0x19d411000,0x1a5731000,0x38320000,random,2,257.15,61.8
2489,random,0x19d411000,0xbe3c6000,0x1237d7000,random,0,263.32,79.9
2489,random,0x19d411000,0xbe3c6000,0x1237d7000,random,1,264.00,79.9
2489,random,0x19d411000,0xbe3c6000,0x1237d7000,random,2,264.00,80.0
2490,random,0x19d411000,0x1a3d04000,0x3e915000,random,0,264.00,80.3
2490,random,0x19d411000,0x1a3d04000,0x3e915000,random,1,264.00,80.5
2490,random,0x19d411000,0x1a3d04000,0x3e915000,random,2,264.00,80.6
2491,random,0x19d411000,0x1872f3000,0x1a6e2000,random,0,264.00,80.4
2491,random,0x19d411000,0x1872f3000,0x1a6e2000,random,1,264.00,80.4
2491,random,0x19d411000,0x1872f3000,0x1a6e2000,random,2,264.00,80.3
2492,random,0x19d411000,0x18700f000,0x1a41e000,random,0,263.52,80.0
2492,random,0x19d411000,0x18700f000,0x1a41e000,random,1,263.78,80.0
2492,random,0x19d411000,0x18700f000,0x1a41e000,random,2,263.65,80.1
2493,random,0x19d411000,0x1b16d4000,0x2c2c5000,random,0,256.28,79.0
2493,random,0x19d411000,0x1b16d4000,0x2c2c5000,random,1,256.00,79.2
2493,random,0x19d411000,0x1b16d4000,0x2c2c5000,random,2,256.00,79.2
2494,random,0x19d411000,0x1b09e5000,0x2ddf4000,random,0,257.13,61.7
2494,random,0x19d411000,0x1b09e5000,0x2ddf4000,random,1,256.96,61.8
2494,random,0x19d411000,0x1b09e5000,0x2ddf4000,random,2,257.10,61.8
2495,random,0x19d411000,0x1a39d4000,0x3edc5000,random,0,263.29,80.5
2495,random,0x19d411000,0x1a39d4000,0x3edc5000,random,1,264.00,80.4
2495,random,0x19d411000,0x1a39d4000,0x3edc5000,random,2,264.00,80.4
2496,random,0x19d411000,0x1b7b94000,0x2af85000,random,0,264.00,80.5
2496,random,0x19d411000,0x1b7b94000,0x2af85000,random,1,264.00,80.7
2496,random,0x19d411000,0x1b7b94000,0x2af85000,random,2,264.00,80.5
2497,random,0x19d411000,0xb0b06000,0x12df17000,random,0,264.00,80.0
2497,random,0x19d411000,0xb0b06000,0x12df17000,random,1,264.00,80.1
2497,random,0x19d411000,0xb0b06000,0x12df17000,random,2,264.00,79.8
2498,random,0x19d411000,0x190eb2000,0xdaa3000,random,0,264.00,79.9
2498,random,0x19d411000,0x190eb2000,0xdaa3000,random,1,264.00,79.9
2498,random,0x19d411000,0x190eb2000,0xdaa3000,random,2,264.00,80.0
2499,random,0x19d411000,0x195e45000,0x8a54000,random,0,258.18,61.8
2499,random,0x19d411000,0x195e45000,0x8a54000,random,1,257.50,61.8
2499,random,0x19d411000,0x195e45000,0x8a54000,random,2,257.42,61.8
2500,random,0x19d411000,0xaec2f000,0x13383e000,random,0,256.92,76.3
2500,random,0x19d411000,0xaec2f000,0x13383e000,random,1,256.74,76.3
2500,random,0x19d411000,0xaec2f000,0x13383e000,random,2,256.86,76.2
2501,random,0x19d411000,0x1a5dd3000,0x389c2000,random,0,263.39,80.2
2501,random,0x19d411000,0x1a5dd3000,0x389c2000,random,1,264.00,80.4
2501,random,0x19d411000,0x1a5dd3000,0x389c2000,random,2,264.00,80.3
2502,random,0x19d411000,0x1a54bb000,0x380aa000,random,0,256.31,79.1
2502,random,0x19d411000,0x1a54bb000,0x380aa000,random,1,256.00,78.9
2502,random,0x19d411000,0x1a54bb000,0x380aa000,random,2,256.00,79.1
2503,random,0x19d411000,0x186b85000,0x1bf94000,random,0,258.03,62.1
2503,random,0x19d411000,0x186b85000,0x1bf94000,random,1,258.62,62.1
2503,random,0x19d411000,0x186b85000,0x1bf94000,random,2,258.75,62.1
2504,random,0x19d411000,0x1b4abc000,0x29ead000,random,0,263.23,80.0
2504,random,0x19d411000,0x1b4abc000,0x29ead000,random,1,264.00,80.0
2504,random,0x19d411000,0x1b4abc000,0x29ead000,random,2,264.00,80.1
2505,random,0x19d411000,0x1acc50000,0x31841000,random,0,264.00,80.4
2505,random,0x19d411000,0x1acc50000,0x31841000,random,1,264.00,80.4
2505,random,0x19d411000,0x1acc50000,0x31841000,random,2,264.00,80.4
2506,random,0x19d411000,0x1b6d0b000,0x2b91a000,random,0,256.32,79.1
2506,random,0x19d411000,0x1b6d0b000,0x2b91a000,random,1,256.00,79.1
2506,random,0x19d411000,0x1b6d0b000,0x2b91a000,random,2,256.00,78.9
2507,random,0x19d411000,0x18a817000,0x17c06000,random,0,262.69,80.0
2507,random,0x19d411000,0x18a817000,0x17c06000,random,1,264.00,80.1
2507,random,0x19d411000,0x18a817000,0x17c06000,random,2,263.99,79.9
2508,random,0x19d411000,0xbba68000,0x126e79000,random,0,257.33,76.3
2508,random,0x19d411000,0xbba68000,0x126e79000,random,1,256.25,76.3
2508,random,0x19d411000,0xbba68000,0x126e79000,random,2,256.29,76.2
2509,random,0x19d411000,0xbcd41000,0x121950000,random,0,258.33,62.3
2509,random,0x19d411000,0xbcd41000,0x121950000,random,1,258.27,62.3
2509,random,0x19d411000,0xbcd41000,0x121950000,random,2,258.53,62.4
2510,random,0x19d411000,0x18bb79000,0x16f68000,random,0,259.19,62.1
2510,random,0x19d411000,0x18bb79000,0x16f68000,random,1,259.19,62.1
2510,random,0x19d411000,0x18bb79000,0x16f68000,random,2,259.18,62.0
2511,random,0x19d411000,0x1ac583000,0x31192000,random,0,256.07,79.1
2511,random,0x19d411000,0x1ac583000,0x31192000,random,1,256.00,78.8
2511,random,0x19d411000,0x1ac583000,0x31192000,random,2,256.00,78.9
2512,random,0x19d411000,0xb7115000,0x12a504000,random,0,258.03,62.1
2512,random,0x19d411000,0xb7115000,0x12a504000,random,1,258.74,62.1
2512,random,0x19d411000,0xb7115000,0x12a504000,random,2,258.79,62.2
2513,random,0x19d411000,0x186297000,0x1b686000,random,0,263.30,80.4
2513,random,0x19d411000,0x186297000,0x1b686000,random,1,264.00,80.3
2513,random,0x19d411000,0x186297000,0x1b686000,random,2,264.00,80.3
2514,random,0x19d411000,0x1a58b4000,0x38ca5000,random,0,264.00,80.5
2514,random,0x19d411000,0x1a58b4000,0x38ca5000,random,1,264.00,80.4
2514,random,0x19d411000,0x1a58b4000,0x38ca5000,random,2,264.00,80.5
2515,random,0x19d411000,0xbe183000,0x123592000,random,0,264.00,80.3
2515,random,0x19d411000,0xbe183000,0x123592000,random,1,264.00,80.5
2515,random,0x19d411000,0xbe183000,0x123592000,random,2,264.00,80.4
2516,random,0x19d411000,0xbc40c000,0x12101d000,random,0,264.00,80.0
2516,random,0x19d411000,0xbc40c000,0x12101d000,random,1,264.00,79.9
2516,random,0x19d411000,0xbc40c000,0x12101d000,random,2,264.00,80.1
2517,random,0x19d411000,0x1b2953000,0x2fd42000,random,0,256.34,66.2
2517,random,0x19d411000,0x1b2953000,0x2fd42000,random,1,256.00,66.2
2517,random,0x19d411000,0x1b2953000,0x2fd42000,random,2,256.00,66.2
2518,random,0x19d411000,0x18bcfa000,0x168eb000,random,0,263.05,80.0
2518,random,0x19d411000,0x18bcfa000,0x168eb000,random,1,264.00,79.9
2518,random,0x19d411000,0x18bcfa000,0x168eb000,random,2,264.00,80.0
2519,random,0x19d411000,0x1a1e4a000,0x3ca5b000,random,0,264.00,80.0
2519,random,0x19d411000,0x1a1e4a000,0x3ca5b000,random,1,264.00,79.9
2519,random,0x19d411000,0x1a1e4a000,0x3ca5b000,random,2,264.00,80.0
2520,random,0x19d411000,0x1acb0f000,0x31f1e000,random,0,264.00,80.0
2520,random,0x19d411000,0x1acb0f000,0x31f1e000,random,1,264.00,79.9
2520,random,0x19d411000,0x1acb0f000,0x31f1e000,random,2,264.00,79.9
2521,random,0x19d411000,0xb70da000,0x12a4cb000,random,0,258.44,76.3
2521,random,0x19d411000,0xb70da000,0x12a4cb000,random,1,257.86,76.2
2521,random,0x19d411000,0xb70da000,0x12a4cb000,random,2,257.74,76.2
2522,random,0x19d411000,0x1a578e000,0x3839f000,random,0,263.43,80.5
2522,random,0x19d411000,0x1a578e000,0x3839f000,random,1,264.00,80.4
2522,random,0x19d411000,0x1a578e000,0x3839f000,random,2,264.00,80.4
2523,random,0x19d411000,0xb7dc7000,0x12a9d6000,random,0,264.00,79.9
2523,random,0x19d411000,0xb7dc7000,0x12a9d6000,random,1,264.00,79.6
2523,random,0x19d411000,0xb7dc7000,0x12a9d6000,random,2,264.00,80.0
2524,random,0x19d411000,0x19df00000,0xb11000,random,0,264.00,79.9
2524,random,0x19d411000,0x19df00000,0xb11000,random,1,264.00,79.8
2524,random,0x19d411000,0x19df00000,0xb11000,random,2,264.00,80.0
2525,random,0x19d411000,0x18e0ec000,0x134fd000,random,0,256.32,79.2
2525,random,0x19d411000,0x18e0ec000,0x134fd000,random,1,256.00,79.1
2525,random,0x19d411000,0x18e0ec000,0x134fd000,random,2,256.00,79.3
2526,random,0x19d411000,0x1a6bcf000,0x3bfde000,random,0,262.99,80.0
2526,random,0x19d411000,0x1a6bcf000,0x3bfde000,random,1,264.00,79.9
2526,random,0x19d411000,0x1a6bcf000,0x3bfde000,random,2,264.00,79.8
2527,random,0x19d411000,0x1b1bef000,0x2cffe000,random,0,256.32,79.3
2527,random,0x19d411000,0x1b1bef000,0x2cffe000,random,1,256.00,79.2
2527,random,0x19d411000,0x1b1bef000,0x2cffe000,random,2,256.00,79.0
2528,random,0x19d411000,0x19e3f3000,0x37e2000,random,0,263.03,80.4
2528,random,0x19d411000,0x19e3f3000,0x37e2000,random,1,264.00,80.4
2528,random,0x19d411000,0x19e3f3000,0x37e2000,random,2,264.00,80.4
2529,random,0x19d411000,0x18599e000,0x18d8f000,random,0,264.00,80.0
2529,random,0x19d411000,0x18599e000,0x18d8f000,random,1,264.00,80.0
2529,random,0x19d411000,0x18599e000,0x18d8f000,random,2,264.00,79.8
2530,random,0x19d411000,0x189dd8000,0x149c9000,random,0,264.00,80.4
2530,random,0x19d411000,0x189dd8000,0x149c9000,random,1,264.00,80.4
2530,random,0x19d411000,0x189dd8000,0x149c9000,random,2,264.00,80.5
2531,random,0x19d411000,0x18ad50000,0x17941000,random,0,264.00,80.5
2531,random,0x19d411000,0x18ad50000,0x17941000,random,1,264.00,80.6
2531,random,0x19d411000,0x18ad50000,0x17941000,random,2,264.00,80.2
2532,random,0x19d411000,0x1a7eae000,0x3aabf000,random,0,264.00,80.5
2532,random,0x19d411000,0x1a7eae000,0x3aabf000,random,1,264.00,80.5
2532,random,0x19d411000,0x1a7eae000,0x3aabf000,random,2,264.00,80.5
2533,random,0x19d411000,0xae442000,0x133053000,random,0,264.00,80.4
2533,random,0x19d411000,0xae442000,0x133053000,random,1,264.00,80.4
2533,random,0x19d411000,0xae442000,0x133053000,random,2,264.00,80.5
2534,random,0x19d411000,0x188795000,0x15384000,random,0,258.76,62.3
2534,random,0x19d411000,0x188795000,0x15384000,random,1,258.42,62.2
2534,random,0x19d411000,0x188795000,0x15384000,random,2,258.36,62.4
2535,random,0x19d411000,0x19be88000,0x6a99000,random,0,263.17,80.0
2535,random,0x19d411000,0x19be88000,0x6a99000,random,1,264.00,80.1
2535,random,0x19d411000,0x19be88000,0x6a99000,random,2,264.00,80.0
2536,random,0x19d411000,0x1aac87000,0x37896000,random,0,264.00,80.3
2536,random,0x19d411000,0x1aac87000,0x37896000,random,1,264.00,80.5
2536,random,0x19d411000,0x1aac87000,0x37896000,random,2,264.00,80.6
2537,random,0x19d411000,0x190001000,0xd410000,random,0,257.83,61.8
2537,random,0x19d411000,0x190001000,0xd410000,random,1,256.94,61.8
2537,random,0x19d411000,0x190001000,0xd410000,random,2,257.14,61.8
2538,random,0x19d411000,0xb06c1000,0x12d2d0000,random,0,258.78,62.1
2538,random,0x19d411000,0xb06c1000,0x12d2d0000,random,1,259.07,62.1
2538,random,0x19d411000,0xb06c1000,0x12d2d0000,random,2,258.93,62.2
2539,random,0x19d411000,0x1a8e4e000,0x35a5f000,random,0,263.42,80.5
2539,random,0x19d411000,0x1a8e4e000,0x35a5f000,random,1,264.00,80.3
2539,random,0x19d411000,0x1a8e4e000,0x35a5f000,random,2,264.00,80.5
2540,random,0x19d411000,0x19b08a000,0x649b000,random,0,256.34,78.5
2540,random,0x19d411000,0x19b08a000,0x649b000,random,1,256.00,79.1
2540,random,0x19d411000,0x19b08a000,0x649b000,random,2,256.00,79.3
2541,random,0x19d411000,0x1897e8000,0x143f9000,random,0,263.04,80.5
2541,random,0x19d411000,0x1897e8000,0x143f9000,random,1,264.00,80.4
2541,random,0x19d411000,0x1897e8000,0x143f9000,random,2,264.00,80.3
2542,random,0x19d411000,0x193fa4000,0xebb5000,random,0,264.00,80.5
2542,random,0x19d411000,0x193fa4000,0xebb5000,random,1,264.00,80.4
2542,random,0x19d411000,0x193fa4000,0xebb5000,random,2,264.00,80.2
2543,random,0x19d411000,0x1b6c31000,0x2b820000,random,0,258.12,61.8
2543,random,0x19d411000,0x1b6c31000,0x2b820000,random,1,258.13,61.8
2543,random,0x19d411000,0x1b6c31000,0x2b820000,random,2,258.07,61.8
2544,random,0x19d411000,0x1ac1aa000,0x315bb000,random,0,263.36,80.0
2544,random,0x19d411000,0x1ac1aa000,0x315bb000,random,1,264.00,79.9
2544,random,0x19d411000,0x1ac1aa000,0x315bb000,random,2,264.00,80.0
2545,random,0x19d411000,0xb8015000,0x125404000,random,0,254.95,61.2
2545,random,0x19d411000,0xb8015000,0x125404000,random,1,254.21,61.2
2545,random,0x19d411000,0xb8015000,0x125404000,random,2,253.79,61.2
2546,random,0x19d411000,0x19ab48000,0x7f59000,random,0,263.06,80.5
2546,random,0x19d411000,0x19ab48000,0x7f59000,random,1,264.00,80.7
2546,random,0x19d411000,0x19ab48000,0x7f59000,random,2,264.00,80.5
2547,random,0x19d411000,0xb850d000,0x12511c000,random,0,259.10,61.8
2547,random,0x19d411000,0xb850d000,0x12511c000,random,1,258.19,61.8
2547,random,0x19d411000,0xb850d000,0x12511c000,random,2,258.25,61.8
2548,random,0x19d411000,0x18b429000,0x16038000,random,0,252.38,53.0
2548,random,0x19d411000,0x18b429000,0x16038000,random,1,252.00,52.9
2548,random,0x19d411000,0x18b429000,0x16038000,random,2,252.00,52.9
2549,random,0x19d411000,0xeff03000,0x172b12000,random,0,262.70,80.6
2549,random,0x19d411000,0xeff03000,0x172b12000,random,1,264.00,80.3
2549,random,0x19d411000,0xeff03000,0x172b12000,random,2,264.00,80.4
2550,random,0x19d411000,0x18dfc5000,0x10bd4000,random,0,258.90,62.4
2550,random,0x19d411000,0x18dfc5000,0x10bd4000,random,1,258.29,62.5
2550,random,0x19d411000,0x18dfc5000,0x10bd4000,random,2,258.31,62.4
2551,random,0x19d411000,0x1b5046000,0x28457000,random,0,263.20,80.4
2551,random,0x19d411000,0x1b5046000,0x28457000,random,1,264.00,80.4
2551,random,0x19d411000,0x1b5046000,0x28457000,random,2,263.92,80.4
2552,random,0x19d411000,0x1a67bd000,0x3b3ac000,random,0,258.38,62.3
2552,random,0x19d411000,0x1a67bd000,0x3b3ac000,random,1,258.03,62.4
2552,random,0x19d411000,0x1a67bd000,0x3b3ac000,random,2,257.83,62.1
2553,random,0x19d411000,0x1b0862000,0x2dc73000,random,0,263.17,80.4
2553,random,0x19d411000,0x1b0862000,0x2dc73000,random,1,264.00,80.5
2553,random,0x19d411000,0x1b0862000,0x2dc73000,random,2,264.00,80.5
2554,random,0x19d411000,0xb7771000,0x12a360000,random,0,253.33,61.2
2554,random,0x19d411000,0xb7771000,0x12a360000,random,1,252.31,61.2
2554,random,0x19d411000,0xb7771000,0x12a360000,random,2,252.00,61.2
2555,random,0x19d411000,0x18b18c000,0x1659d000,random,0,262.78,80.4
2555,random,0x19d411000,0x18b18c000,0x1659d000,random,1,264.00,80.4
2555,random,0x19d411000,0x18b18c000,0x1659d000,random,2,264.00,80.5
2556,random,0x19d411000,0xbe984000,0x123d95000,random,0,264.00,80.5
2556,random,0x19d411000,0xbe984000,0x123d95000,random,1,263.98,80.4
2556,random,0x19d411000,0xbe984000,0x123d95000,random,2,263.89,80.4
2557,random,0x19d411000,0x190bdb000,0xdfca000,random,0,264.00,80.2
2557,random,0x19d411000,0x190bdb000,0xdfca000,random,1,264.00,80.5
2557,random,0x19d411000,0x190bdb000,0xdfca000,random,2,264.00,80.6
2558,random,0x19d411000,0x185d04000,0x18915000,random,0,256.29,79.2
2558,random,0x19d411000,0x185d04000,0x18915000,random,1,256.00,79.1
2558,random,0x19d411000,0x185d04000,0x18915000,random,2,256.00,79.2
2559,random,0x19d411000,0x1a49da000,0x39dcb000,random,0,262.51,80.0
2559,random,0x19d411000,0x1a49da000,0x39dcb000,random,1,263.47,80.1
2559,random,0x19d411000,0x1a49da000,0x39dcb000,random,2,263.48,80.0
2560,random,0x19d411000,0xb0272000,0x12d663000,random,0,256.49,76.2
2560,random,0x19d411000,0xb0272000,0x12d663000,random,1,256.00,76.3
2560,random,0x19d411000,0xb0272000,0x12d663000,random,2,256.00,76.2
2561,random,0x19d411000,0x18cbea000,0x11ffb000,random,0,262.71,79.9
2561,random,0x19d411000,0x18cbea000,0x11ffb000,random,1,263.65,79.9
2561,random,0x19d411000,0x18cbea000,0x11ffb000,random,2,263.17,79.9
2562,random,0x19d411000,0x1ac839000,0x31c28000,random,0,257.13,62.1
2562,random,0x19d411000,0x1ac839000,0x31c28000,random,1,256.91,62.1
2562,random,0x19d411000,0x1ac839000,0x31c28000,random,2,256.57,62.1
2563,random,0x19d411000,0x1b6805000,0x2bc14000,random,0,256.00,62.4
2563,random,0x19d411000,0x1b6805000,0x2bc14000,random,1,256.00,62.3
2563,random,0x19d411000,0x1b6805000,0x2bc14000,random,2,256.00,62.4
2564,random,0x19d411000,0xb1854000,0x12cc45000,random,0,263.11,80.4
2564,random,0x19d411000,0xb1854000,0x12cc45000,random,1,263.82,80.5
2564,random,0x19d411000,0xb1854000,0x12cc45000,random,2,263.92,80.5
2565,random,0x19d411000,0x1b2022000,0x2f433000,random,0,263.90,80.5
2565,random,0x19d411000,0x1b2022000,0x2f433000,random,1,263.92,80.2
2565,random,0x19d411000,0x1b2022000,0x2f433000,random,2,263.72,80.4
2566,random,0x19d411000,0x19d39c000,0x78d000,random,0,262.41,80.0
2566,random,0x19d411000,0x19d39c000,0x78d000,random,1,261.55,79.9
2566,random,0x19d411000,0x19d39c000,0x78d000,random,2,261.31,80.0
2567,random,0x19d411000,0x18afae000,0x17bbf000,random,0,256.25,79.2
2567,random,0x19d411000,0x18afae000,0x17bbf000,random,1,256.00,78.9
2567,random,0x19d411000,0x18afae000,0x17bbf000,random,2,256.00,79.2
2568,random,0x19d411000,0xbb2fc000,0x1266ed000,random,0,262.11,80.4
2568,random,0x19d411000,0xbb2fc000,0x1266ed000,random,1,263.50,80.4
2568,random,0x19d411000,0xbb2fc000,0x1266ed000,random,2,263.34,80.5
2569,random,0x19d411000,0xbb816000,0x126c07000,random,0,262.32,79.9
2569,random,0x19d411000,0xbb816000,0x126c07000,random,1,262.53,79.9
2569,random,0x19d411000,0xbb816000,0x126c07000,random,2,261.63,79.8
2570,random,0x19d411000,0x1a4d47000,0x39956000,random,0,263.22,80.5
2570,random,0x19d411000,0x1a4d47000,0x39956000,random,1,262.94,80.5
2570,random,0x19d411000,0x1a4d47000,0x39956000,random,2,263.03,80.5
2571,random,0x19d411000,0xb8203000,0x125612000,random,0,263.50,80.4
2571,random,0x19d411000,0xb8203000,0x125612000,random,1,262.73,80.5
2571,random,0x19d411000,0xb8203000,0x125612000,random,2,263.32,80.4
2572,random,0x19d411000,0x18e200000,0x13611000,random,0,262.72,80.4
2572,random,0x19d411000,0x18e200000,0x13611000,random,1,263.07,80.6
2572,random,0x19d411000,0x18e200000,0x13611000,random,2,262.40,80.4
2573,random,0x19d411000,0x189d01000,0x14910000,random,0,256.50,61.8
2573,random,0x19d411000,0x189d01000,0x14910000,random,1,256.00,61.8
2573,random,0x19d411000,0x189d01000,0x14910000,random,2,256.00,61.7
2574,random,0x19d411000,0x1abdb1000,0x369a0000,random,0,256.00,61.8
2574,random,0x19d411000,0x1abdb1000,0x369a0000,random,1,256.00,61.8
2574,random,0x19d411000,0x1abdb1000,0x369a0000,random,2,256.00,61.8
2575,random,0x19d411000,0x18d92e000,0x10d3f000,random,0,259.92,80.1
2575,random,0x19d411000,0x18d92e000,0x10d3f000,random,1,260.31,80.2
2575,random,0x19d411000,0x18d92e000,0x10d3f000,random,2,260.12,80.1
2576,random,0x19d411000,0x1a3558000,0x3e149000,random,0,262.06,80.4
2576,random,0x19d411000,0x1a3558000,0x3e149000,random,1,260.77,80.3
2576,random,0x19d411000,0x1a3558000,0x3e149000,random,2,261.69,80.4
2577,random,0x19d411000,0x19ab06000,0x7f17000,random,0,260.44,80.0
2577,random,0x19d411000,0x19ab06000,0x7f17000,random,1,260.32,79.9
2577,random,0x19d411000,0x19ab06000,0x7f17000,random,2,260.00,80.0
2578,random,0x19d411000,0x195e67000,0x8a76000,random,0,262.29,80.3
2578,random,0x19d411000,0x195e67000,0x8a76000,random,1,261.97,80.3
2578,random,0x19d411000,0x195e67000,0x8a76000,random,2,261.69,80.3
2579,random,0x19d411000,0xbe44b000,0x12305a000,random,0,256.55,76.3
2579,random,0x19d411000,0xbe44b000,0x12305a000,random,1,256.00,76.2
2579,random,0x19d411000,0xbe44b000,0x12305a000,random,2,256.00,76.3
2580,random,0x19d411000,0x1a77d9000,0x3a3c8000,random,0,256.00,62.3
2580,random,0x19d411000,0x1a77d9000,0x3a3c8000,random,1,256.00,62.4
2580,random,0x19d411000,0x1a77d9000,0x3a3c8000,random,2,256.00,62.5
2581,random,0x19d411000,0x193e36000,0xea27000,random,0,260.85,80.4
2581,random,0x19d411000,0x193e36000,0xea27000,random,1,260.76,80.3
2581,random,0x19d411000,0x193e36000,0xea27000,random,2,261.34,80.3
2582,random,0x19d411000,0x18f20f000,0x1261e000,random,0,260.47,79.8
2582,random,0x19d411000,0x18f20f000,0x1261e000,random,1,260.00,79.9
2582,random,0x19d411000,0x18f20f000,0x1261e000,random,2,260.00,79.8
2583,random,0x19d411000,0xb35b0000,0x12e1a1000,random,0,260.53,79.9
2583,random,0x19d411000,0xb35b0000,0x12e1a1000,random,1,261.27,80.0
2583,random,0x19d411000,0xb35b0000,0x12e1a1000,random,2,260.66,80.0
2584,random,0x19d411000,0x1b5fc8000,0x28bd9000,random,0,255.16,79.1
2584,random,0x19d411000,0x1b5fc8000,0x28bd9000,random,1,254.34,79.1
2584,random,0x19d411000,0x1b5fc8000,0x28bd9000,random,2,254.29,79.1
2585,random,0x19d411000,0x1998aa000,0x4cbb000,random,0,261.16,80.4
2585,random,0x19d411000,0x1998aa000,0x4cbb000,random,1,262.19,80.4
2585,random,0x19d411000,0x1998aa000,0x4cbb000,random,2,261.73,80.5
2586,random,0x19d411000,0x1a58f1000,0x38ce0000,random,0,256.47,61.8
2586,random,0x19d411000,0x1a58f1000,0x38ce0000,random,1,256.00,61.7
2586,random,0x19d411000,0x1a58f1000,0x38ce0000,random,2,256.00,61.7
2587,random,0x19d411000,0x19c6bd000,0x12ac000,random,0,256.00,62.0
2587,random,0x19d411000,0x19c6bd000,0x12ac000,random,1,256.00,62.1
2587,random,0x19d411000,0x19c6bd000,0x12ac000,random,2,256.00,62.1
2588,random,0x19d411000,0x18f199000,0x12588000,random,0,256.00,62.2
2588,random,0x19d411000,0x18f199000,0x12588000,random,1,256.00,62.4
2588,random,0x19d411000,0x18f199000,0x12588000,random,2,256.00,62.4
2589,random,0x19d411000,0x1a4209000,0x39618000,random,0,256.00,62.1
2589,random,0x19d411000,0x1a4209000,0x39618000,random,1,256.00,62.0
2589,random,0x19d411000,0x1a4209000,0x39618000,random,2,256.00,62.1
2590,random,0x19d411000,0x1a7fb7000,0x3aba6000,random,0,254.27,79.1
2590,random,0x19d411000,0x1a7fb7000,0x3aba6000,random,1,253.90,78.9
2590,random,0x19d411000,0x1a7fb7000,0x3aba6000,random,2,254.05,79.0
2591,random,0x19d411000,0x1848a1000,0x19cb0000,random,0,256.00,62.0
2591,random,0x19d411000,0x1848a1000,0x19cb0000,random,1,256.00,62.0
2591,random,0x19d411000,0x1848a1000,0x19cb0000,random,2,256.00,62.0
2592,random,0x19d411000,0xbe1ae000,0x1235bf000,random,0,260.27,80.3
2592,random,0x19d411000,0xbe1ae000,0x1235bf000,random,1,260.09,80.4
2592,random,0x19d411000,0xbe1ae000,0x1235bf000,random,2,260.90,80.4
2593,random,0x19d411000,0x1886a6000,0x152b7000,random,0,260.31,80.6
2593,random,0x19d411000,0x1886a6000,0x152b7000,random,1,260.13,80.4
2593,random,0x19d411000,0x1886a6000,0x152b7000,random,2,260.22,80.3
2594,random,0x19d411000,0xbc4dc000,0x1210cd000,random,0,260.59,80.4
2594,random,0x19d411000,0xbc4dc000,0x1210cd000,random,1,260.01,80.3
2594,random,0x19d411000,0xbc4dc000,0x1210cd000,random,2,260.85,80.1
2595,random,0x19d411000,0x189643000,0x14252000,random,0,254.11,79.1
2595,random,0x19d411000,0x189643000,0x14252000,random,1,252.79,79.0
2595,random,0x19d411000,0x189643000,0x14252000,random,2,252.57,79.1
2596,random,0x19d411000,0x190b2b000,0xdf3a000,random,0,260.02,80.4
2596,random,0x19d411000,0x190b2b000,0xdf3a000,random,1,260.37,80.5
2596,random,0x19d411000,0x190b2b000,0xdf3a000,random,2,260.34,80.4
2597,random,0x19d411000,0x187909000,0x1ad18000,random,0,256.47,62.3
2597,random,0x19d411000,0x187909000,0x1ad18000,random,1,256.00,62.4
2597,random,0x19d411000,0x187909000,0x1ad18000,random,2,256.00,62.4
2598,random,0x19d411000,0x1b7ad8000,0x2aec9000,random,0,259.96,80.5
2598,random,0x19d411000,0x1b7ad8000,0x2aec9000,random,1,260.00,80.4
2598,random,0x19d411000,0x1b7ad8000,0x2aec9000,random,2,260.00,80.4
2599,random,0x19d411000,0x18ad87000,0x17996000,random,0,260.72,80.4
2599,random,0x19d411000,0x18ad87000,0x17996000,random,1,260.45,80.5
2599,random,0x19d411000,0x18ad87000,0x17996000,random,2,260.36,80.6
2600,random,0x19d411000,0x1a975f000,0x3434e000,random,0,260.02,80.3
2600,random,0x19d411000,0x1a975f000,0x3434e000,random,1,260.51,80.5
2600,random,0x19d411000,0x1a975f000,0x3434e000,random,2,260.41,80.4
2601,random,0x19d411000,0x1b66de000,0x2b2cf000,random,0,260.00,80.0
2601,random,0x19d411000,0x1b66de000,0x2b2cf000,random,1,260.27,79.8
2601,random,0x19d411000,0x1b66de000,0x2b2cf000,random,2,260.00,80.0
2602,random,0x19d411000,0x196096000,0xb487000,random,0,253.91,79.1
2602,random,0x19d411000,0x196096000,0xb487000,random,1,252.62,79.1
2602,random,0x19d411000,0x196096000,0xb487000,random,2,252.85,79.1
2603,random,0x19d411000,0x1b056f000,0x2d17e000,random,0,259.88,80.2
2603,random,0x19d411000,0x1b056f000,0x2d17e000,random,1,260.46,80.4
2603,random,0x19d411000,0x1b056f000,0x2d17e000,random,2,260.00,80.4
2604,random,0x19d411000,0x1ab35e000,0x3674f000,random,0,260.42,80.4
2604,random,0x19d411000,0x1ab35e000,0x3674f000,random,1,260.00,80.3
2604,random,0x19d411000,0x1ab35e000,0x3674f000,random,2,260.02,80.4
2605,random,0x19d411000,0x1a4ad5000,0x39ec4000,random,0,256.44,61.8
2605,random,0x19d411000,0x1a4ad5000,0x39ec4000,random,1,256.00,61.7
2605,random,0x19d411000,0x1a4ad5000,0x39ec4000,random,2,256.00,61.8
2606,random,0x19d411000,0x19ad98000,0x7989000,random,0,260.70,80.5
2606,random,0x19d411000,0x19ad98000,0x7989000,random,1,261.77,80.4
2606,random,0x19d411000,0x19ad98000,0x7989000,random,2,260.70,80.3
2607,random,0x19d411000,0x18c933000,0x11d22000,random,0,260.12,80.4
2607,random,0x19d411000,0x18c933000,0x11d22000,random,1,260.03,80.1
2607,random,0x19d411000,0x18c933000,0x11d22000,random,2,260.98,80.5
2608,random,0x19d411000,0x1daac4000,0x47ed5000,random,0,260.19,80.0
2608,random,0x19d411000,0x1daac4000,0x47ed5000,random,1,260.00,80.0
2608,random,0x19d411000,0x1daac4000,0x47ed5000,random,2,260.00,80.0
2609,random,0x19d411000,0x1853ea000,0x187fb000,random,0,261.24,80.3
2609,random,0x19d411000,0x1853ea000,0x187fb000,random,1,261.31,80.4
2609,random,0x19d411000,0x1853ea000,0x187fb000,random,2,260.72,80.4
2610,random,0x19d411000,0x1b121b000,0x2c60a000,random,0,261.56,80.4
2610,random,0x19d411000,0x1b121b000,0x2c60a000,random,1,260.99,80.4
2610,random,0x19d411000,0x1b121b000,0x2c60a000,random,2,261.36,80.4
2611,random,0x19d411000,0xb084c000,0x12dc5d000,random,0,260.20,80.3
2611,random,0x19d411000,0xb084c000,0x12dc5d000,random,1,260.86,80.1
2611,random,0x19d411000,0xb084c000,0x12dc5d000,random,2,260.19,80.4
2612,random,0x19d411000,0x191707000,0xc316000,random,0,260.83,80.4
2612,random,0x19d411000,0x191707000,0xc316000,random,1,261.08,80.5
2612,random,0x19d411000,0x191707000,0xc316000,random,2,261.39,80.5
2613,random,0x19d411000,0x1994ae000,0x40bf000,random,0,254.93,79.0
2613,random,0x19d411000,0x1994ae000,0x40bf000,random,1,254.24,78.6
2613,random,0x19d411000,0x1994ae000,0x40bf000,random,2,253.96,79.1
2614,random,0x19d411000,0x1936a0000,0xe2b1000,random,0,253.83,78.2
2614,random,0x19d411000,0x1936a0000,0xe2b1000,random,1,254.36,78.8
2614,random,0x19d411000,0x1936a0000,0xe2b1000,random,2,254.41,79.0
2615,random,0x19d411000,0x1a9cc0000,0x348d1000,random,0,260.80,80.5
2615,random,0x19d411000,0x1a9cc0000,0x348d1000,random,1,262.20,80.5
2615,random,0x19d411000,0x1a9cc0000,0x348d1000,random,2,261.79,80.3
2616,random,0x19d411000,0x18586e000,0x18c7f000,random,0,261.55,80.3
2616,random,0x19d411000,0x18586e000,0x18c7f000,random,1,262.52,80.4
2616,random,0x19d411000,0x18586e000,0x18c7f000,random,2,262.60,80.3
2617,random,0x19d411000,0x1a42db000,0x396ca000,random,0,255.53,79.1
2617,random,0x19d411000,0x1a42db000,0x396ca000,random,1,255.46,79.0
2617,random,0x19d411000,0x1a42db000,0x396ca000,random,2,254.52,79.0
2618,random,0x19d411000,0x18ce4c000,0x11a5d000,random,0,260.70,80.4
2618,random,0x19d411000,0x18ce4c000,0x11a5d000,random,1,260.60,80.3
2618,random,0x19d411000,0x18ce4c000,0x11a5d000,random,2,260.18,80.4
2619,random,0x19d411000,0x191b16000,0xcf07000,random,0,261.21,80.3
2619,random,0x19d411000,0x191b16000,0xcf07000,random,1,261.68,80.5
2619,random,0x19d411000,0x191b16000,0xcf07000,random,2,261.65,80.4
2620,random,0x19d411000,0xae1e8000,0x1335f9000,random,0,261.75,80.4
2620,random,0x19d411000,0xae1e8000,0x1335f9000,random,1,261.83,80.5
2620,random,0x19d411000,0xae1e8000,0x1335f9000,random,2,261.86,80.4
2621,random,0x19d411000,0x1b1f13000,0x2cb02000,random,0,260.48,80.0
2621,random,0x19d411000,0x1b1f13000,0x2cb02000,random,1,260.23,80.0
2621,random,0x19d411000,0x1b1f13000,0x2cb02000,random,2,260.18,80.1
2622,random,0x19d411000,0x1934c6000,0xe0d7000,random,0,260.00,80.0
2622,random,0x19d411000,0x1934c6000,0xe0d7000,random,1,260.00,79.8
2622,random,0x19d411000,0x1934c6000,0xe0d7000,random,2,260.00,79.7
2623,random,0x19d411000,0x1afc9a000,0x3288b000,random,0,260.91,80.1
2623,random,0x19d411000,0x1afc9a000,0x3288b000,random,1,261.60,80.4
2623,random,0x19d411000,0x1afc9a000,0x3288b000,random,2,261.71,80.3
2624,random,0x19d411000,0xc043a000,0x15d02b000,random,0,262.80,80.3
2624,random,0x19d411000,0xc043a000,0x15d02b000,random,1,263.18,80.6
2624,random,0x19d411000,0xc043a000,0x15d02b000,random,2,262.24,80.4
2625,random,0x19d411000,0x18fe23000,0x12a32000,random,0,255.99,78.9
2625,random,0x19d411000,0x18fe23000,0x12a32000,random,1,255.53,79.0
2625,random,0x19d411000,0x18fe23000,0x12a32000,random,2,255.59,79.1
2626,random,0x19d411000,0xbd28b000,0x12069a000,random,0,261.32,80.5
2626,random,0x19d411000,0xbd28b000,0x12069a000,random,1,262.48,80.4
2626,random,0x19d411000,0xbd28b000,0x12069a000,random,2,261.92,80.3
2627,random,0x19d411000,0xaf62a000,0x13223b000,random,0,256.38,76.3
2627,random,0x19d411000,0xaf62a000,0x13223b000,random,1,256.00,76.2
2627,random,0x19d411000,0xaf62a000,0x13223b000,random,2,256.00,76.3
2628,random,0x19d411000,0x19483b000,0x9c2a000,random,0,261.34,80.4
2628,random,0x19d411000,0x19483b000,0x9c2a000,random,1,262.15,80.2
2628,random,0x19d411000,0x19483b000,0x9c2a000,random,2,261.75,80.4
2629,random,0x19d411000,0x1b5d92000,0x28983000,random,0,260.33,79.9
2629,random,0x19d411000,0x1b5d92000,0x28983000,random,1,260.68,80.0
2629,random,0x19d411000,0x1b5d92000,0x28983000,random,2,260.62,80.0
2630,random,0x19d411000,0xb203f000,0x12f42e000,random,0,262.17,80.0
2630,random,0x19d411000,0xb203f000,0x12f42e000,random,1,262.02,79.9
2630,random,0x19d411000,0xb203f000,0x12f42e000,random,2,262.32,80.0
2631,random,0x19d411000,0x186f25000,0x1bb34000,random,0,256.52,61.8
2631,random,0x19d411000,0x186f25000,0x1bb34000,random,1,256.00,61.7
2631,random,0x19d411000,0x186f25000,0x1bb34000,random,2,256.00,61.8
2632,random,0x19d411000,0x1b53fa000,0x287eb000,random,0,262.58,80.4
2632,random,0x19d411000,0x1b53fa000,0x287eb000,random,1,263.00,80.2
2632,random,0x19d411000,0x1b53fa000,0x287eb000,random,2,263.26,80.3
2633,random,0x19d411000,0xbb1e9000,0x1265f8000,random,0,256.55,61.8
2633,random,0x19d411000,0xbb1e9000,0x1265f8000,random,1,256.00,62.2
2633,random,0x19d411000,0xbb1e9000,0x1265f8000,random,2,256.00,62.4
2634,random,0x19d411000,0xbc8a9000,0x121cb8000,random,0,256.00,62.0
2634,random,0x19d411000,0xbc8a9000,0x121cb8000,random,1,256.00,62.1
2634,random,0x19d411000,0xbc8a9000,0x121cb8000,random,2,256.00,62.1
2635,random,0x19d411000,0xb8e77000,0x125a66000,random,0,261.75,80.4
2635,random,0x19d411000,0xb8e77000,0x125a66000,random,1,262.22,80.4
2635,random,0x19d411000,0xb8e77000,0x125a66000,random,2,262.65,80.4
2636,random,0x19d411000,0x19bf5b000,0x6b4a000,random,0,256.23,79.1
2636,random,0x19d411000,0x19bf5b000,0x6b4a000,random,1,255.98,79.1
2636,random,0x19d411000,0x19bf5b000,0x6b4a000,random,2,256.00,78.9
2637,random,0x19d411000,0x195e0a000,0x8a1b000,random,0,261.46,80.4
2637,random,0x19d411000,0x195e0a000,0x8a1b000,random,1,263.06,80.3
2637,random,0x19d411000,0x195e0a000,0x8a1b000,random,2,263.06,80.6
2638,random,0x19d411000,0x1b3123000,0x2e532000,random,0,256.07,79.1
2638,random,0x19d411000,0x1b3123000,0x2e532000,random,1,255.77,79.1
2638,random,0x19d411000,0x1b3123000,0x2e532000,random,2,255.73,79.1
2639,random,0x19d411000,0x19c92f000,0x1d3e000,random,0,261.85,80.4
2639,random,0x19d411000,0x19c92f000,0x1d3e000,random,1,262.84,80.5
2639,random,0x19d411000,0x19c92f000,0x1d3e000,random,2,263.00,80.4
2640,random,0x19d411000,0x19a702000,0x7313000,random,0,261.94,80.4
2640,random,0x19d411000,0x19a702000,0x7313000,random,1,261.67,80.4
2640,random,0x19d411000,0x19a702000,0x7313000,random,2,261.43,80.1
2641,random,0x19d411000,0x1ad20c000,0x3061d000,random,0,260.64,80.0
2641,random,0x19d411000,0x1ad20c000,0x3061d000,random,1,261.60,80.0
2641,random,0x19d411000,0x1ad20c000,0x3061d000,random,2,260.92,79.9
2642,random,0x19d411000,0x1afd8d000,0x3299c000,random,0,256.62,62.0
2642,random,0x19d411000,0x1afd8d000,0x3299c000,random,1,256.00,62.0
2642,random,0x19d411000,0x1afd8d000,0x3299c000,random,2,256.00,62.0
2643,random,0x19d411000,0x1aab19000,0x37f08000,random,0,256.00,62.0
2643,random,0x19d411000,0x1aab19000,0x37f08000,random,1,256.00,62.0
2643,random,0x19d411000,0x1aab19000,0x37f08000,random,2,256.00,62.0
2644,random,0x19d411000,0xae133000,0x133522000,random,0,262.43,79.9
2644,random,0x19d411000,0xae133000,0x133522000,random,1,263.35,80.0
2644,random,0x19d411000,0xae133000,0x133522000,random,2,263.09,79.9
2645,random,0x19d411000,0x18c3b8000,0x117a9000,random,0,263.54,80.3
2645,random,0x19d411000,0x18c3b8000,0x117a9000,random,1,263.85,80.5
2645,random,0x19d411000,0x18c3b8000,0x117a9000,random,2,263.87,80.5
2646,random,0x19d411000,0x19baa8000,0x6eb9000,random,0,256.25,79.1
2646,random,0x19d411000,0x19baa8000,0x6eb9000,random,1,256.00,79.1
2646,random,0x19d411000,0x19baa8000,0x6eb9000,random,2,256.00,79.1
2647,random,0x19d411000,0xaef02000,0x133b13000,random,0,262.23,80.6
2647,random,0x19d411000,0xaef02000,0x133b13000,random,1,263.59,80.4
2647,random,0x19d411000,0xaef02000,0x133b13000,random,2,263.43,80.5
2648,random,0x19d411000,0x1ad7a2000,0x303b3000,random,0,262.80,80.4
2648,random,0x19d411000,0x1ad7a2000,0x303b3000,random,1,263.21,80.5
2648,random,0x19d411000,0x1ad7a2000,0x303b3000,random,2,262.99,80.3
2649,random,0x19d411000,0x1a7603000,0x3a212000,random,0,263.43,80.4
2649,random,0x19d411000,0x1a7603000,0x3a212000,random,1,263.47,80.3
2649,random,0x19d411000,0x1a7603000,0x3a212000,random,2,263.56,80.5
2650,random,0x19d411000,0x1a272c000,0x3f33d000,random,0,263.62,80.3
2650,random,0x19d411000,0x1a272c000,0x3f33d000,random,1,263.36,80.4
2650,random,0x19d411000,0x1a272c000,0x3f33d000,random,2,263.68,80.4
2651,random,0x19d411000,0x1847df000,0x193ce000,random,0,260.42,79.5
2651,random,0x19d411000,0x1847df000,0x193ce000,random,1,260.85,79.6
2651,random,0x19d411000,0x1847df000,0x193ce000,random,2,260.65,79.4
2652,random,0x19d411000,0x1a249f000,0x3f08e000,random,0,256.23,78.2
2652,random,0x19d411000,0x1a249f000,0x3f08e000,random,1,256.00,79.2
2652,random,0x19d411000,0x1a249f000,0x3f08e000,random,2,256.00,79.2
2653,random,0x19d411000,0xbc0c9000,0x1214d8000,random,0,256.00,62.4
2653,random,0x19d411000,0xbc0c9000,0x1214d8000,random,1,256.00,62.2
2653,random,0x19d411000,0xbc0c9000,0x1214d8000,random,2,256.00,62.3
2654,random,0x19d411000,0xbb459000,0x126048000,random,0,256.04,62.3
2654,random,0x19d411000,0xbb459000,0x126048000,random,1,256.00,62.4
2654,random,0x19d411000,0xbb459000,0x126048000,random,2,256.00,62.2
2655,random,0x19d411000,0x1a2a36000,0x3fe27000,random,0,261.15,80.0
2655,random,0x19d411000,0x1a2a36000,0x3fe27000,random,1,261.66,80.0
2655,random,0x19d411000,0x1a2a36000,0x3fe27000,random,2,262.07,80.0
2656,random,0x19d411000,0x18baae000,0x16ebf000,random,0,256.25,79.2
2656,random,0x19d411000,0x18baae000,0x16ebf000,random,1,256.00,79.3
2656,random,0x19d411000,0x18baae000,0x16ebf000,random,2,256.00,79.2
2657,random,0x19d411000,0xbafd2000,0x127bc3000,random,0,256.00,76.3
2657,random,0x19d411000,0xbafd2000,0x127bc3000,random,1,256.00,76.2
2657,random,0x19d411000,0xbafd2000,0x127bc3000,random,2,256.00,76.1
2658,random,0x19d411000,0xbb5a9000,0x1261b8000,random,0,252.51,61.2
2658,random,0x19d411000,0xbb5a9000,0x1261b8000,random,1,252.00,61.2
2658,random,0x19d411000,0xbb5a9000,0x1261b8000,random,2,252.00,61.2
2659,random,0x19d411000,0x1a13f8000,0x3c7e9000,random,0,261.83,80.4
2659,random,0x19d411000,0x1a13f8000,0x3c7e9000,random,1,263.13,80.3
2659,random,0x19d411000,0x1a13f8000,0x3c7e9000,random,2,262.83,80.4
2660,random,0x19d411000,0x1ae7a3000,0x333b2000,random,0,256.25,79.1
2660,random,0x19d411000,0x1ae7a3000,0x333b2000,random,1,256.00,79.1
2660,random,0x19d411000,0x1ae7a3000,0x333b2000,random,2,256.00,79.1
2661,random,0x19d411000,0xafed5000,0x132ac4000,random,0,256.00,61.8
2661,random,0x19d411000,0xafed5000,0x132ac4000,random,1,256.10,61.8
2661,random,0x19d411000,0xafed5000,0x132ac4000,random,2,256.09,61.6
2662,random,0x19d411000,0x1a542c000,0x3803d000,random,0,256.00,79.2
2662,random,0x19d411000,0x1a542c000,0x3803d000,random,1,256.00,79.2
2662,random,0x19d411000,0x1a542c000,0x3803d000,random,2,256.00,79.3
2663,random,0x19d411000,0xb9fc4000,0x124bd5000,random,0,261.93,80.0
2663,random,0x19d411000,0xb9fc4000,0x124bd5000,random,1,263.75,79.9
2663,random,0x19d411000,0xb9fc4000,0x124bd5000,random,2,263.47,80.0
2664,random,0x19d411000,0xad9ab000,0x130dba000,random,0,263.39,80.4
2664,random,0x19d411000,0xad9ab000,0x130dba000,random,1,263.44,80.4
2664,random,0x19d411000,0xad9ab000,0x130dba000,random,2,263.58,80.5
2665,random,0x19d411000,0x1a289f000,0x3fc8e000,random,0,261.95,80.0
2665,random,0x19d411000,0x1a289f000,0x3fc8e000,random,1,262.35,79.9
2665,random,0x19d411000,0x1a289f000,0x3fc8e000,random,2,261.85,80.0
2666,random,0x19d411000,0xb2b27000,0x12ff36000,random,0,256.61,76.1
2666,random,0x19d411000,0xb2b27000,0x12ff36000,random,1,256.00,76.2
2666,random,0x19d411000,0xb2b27000,0x12ff36000,random,2,256.00,76.3
2667,random,0x19d411000,0x1a6893000,0x3bc82000,random,0,261.35,79.9
2667,random,0x19d411000,0x1a6893000,0x3bc82000,random,1,262.76,80.0
2667,random,0x19d411000,0x1a6893000,0x3bc82000,random,2,262.56,80.0
2668,random,0x19d411000,0x1b57b7000,0x283a6000,random,0,263.68,80.4
2668,random,0x19d411000,0x1b57b7000,0x283a6000,random,1,263.20,80.4
2668,random,0x19d411000,0x1b57b7000,0x283a6000,random,2,263.75,80.3
2669,random,0x19d411000,0x1994c7000,0x40d6000,random,0,263.71,80.6
2669,random,0x19d411000,0x1994c7000,0x40d6000,random,1,263.94,80.4
2669,random,0x19d411000,0x1994c7000,0x40d6000,random,2,263.88,80.5
2670,random,0x19d411000,0x189c91000,0x14880000,random,0,252.56,61.1
2670,random,0x19d411000,0x189c91000,0x14880000,random,1,252.00,61.1
2670,random,0x19d411000,0x189c91000,0x14880000,random,2,252.00,61.2
2671,random,0x19d411000,0x196a44000,0xbe55000,random,0,255.37,79.2
2671,random,0x19d411000,0x196a44000,0xbe55000,random,1,256.00,78.8
2671,random,0x19d411000,0x196a44000,0xbe55000,random,2,256.00,79.3
2672,random,0x19d411000,0xae14c000,0x13355d000,random,0,261.71,79.9
2672,random,0x19d411000,0xae14c000,0x13355d000,random,1,262.81,79.7
2672,random,0x19d411000,0xae14c000,0x13355d000,random,2,262.94,80.0
2673,random,0x19d411000,0x1b7b2e000,0x2af3f000,random,0,263.99,80.4
2673,random,0x19d411000,0x1b7b2e000,0x2af3f000,random,1,264.00,80.5
2673,random,0x19d411000,0x1b7b2e000,0x2af3f000,random,2,264.00,80.5
2674,random,0x19d411000,0x18a42b000,0x1703a000,random,0,256.29,79.1
2674,random,0x19d411000,0x18a42b000,0x1703a000,random,1,256.00,78.9
2674,random,0x19d411000,0x18a42b000,0x1703a000,random,2,256.00,79.0
2675,random,0x19d411000,0x1998f5000,0x4ce4000,random,0,256.00,61.8
2675,random,0x19d411000,0x1998f5000,0x4ce4000,random,1,256.00,61.8
2675,random,0x19d411000,0x1998f5000,0x4ce4000,random,2,256.00,61.8
2676,random,0x19d411000,0xada7c000,0x130e6d000,random,0,256.00,76.2
2676,random,0x19d411000,0xada7c000,0x130e6d000,random,1,256.00,76.3
2676,random,0x19d411000,0xada7c000,0x130e6d000,random,2,256.01,76.2
2677,random,0x19d411000,0xb75bc000,0x12a1ad000,random,0,262.95,79.9
2677,random,0x19d411000,0xb75bc000,0x12a1ad000,random,1,263.74,79.9
2677,random,0x19d411000,0xb75bc000,0x12a1ad000,random,2,263.80,80.0
2678,random,0x19d411000,0x1a810b000,0x3551a000,random,0,263.44,80.4
2678,random,0x19d411000,0x1a810b000,0x3551a000,random,1,263.80,80.5
2678,random,0x19d411000,0x1a810b000,0x3551a000,random,2,263.51,80.2
2679,random,0x19d411000,0x1b6666000,0x2b277000,random,0,256.25,79.3
2679,random,0x19d411000,0x1b6666000,0x2b277000,random,1,256.00,79.3
2679,random,0x19d411000,0x1b6666000,0x2b277000,random,2,256.00,79.3
2680,random,0x19d411000,0x191170000,0xc561000,random,0,261.10,80.0
2680,random,0x19d411000,0x191170000,0xc561000,random,1,262.60,79.9
2680,random,0x19d411000,0x191170000,0xc561000,random,2,262.65,80.0
2681,random,0x19d411000,0x18f7c1000,0x123d0000,random,0,256.84,61.8
2681,random,0x19d411000,0x18f7c1000,0x123d0000,random,1,256.65,61.7
2681,random,0x19d411000,0x18f7c1000,0x123d0000,random,2,256.19,61.8
2682,random,0x19d411000,0xefc98000,0x172889000,random,0,263.29,80.4
2682,random,0x19d411000,0xefc98000,0x172889000,random,1,264.00,80.2
2682,random,0x19d411000,0xefc98000,0x172889000,random,2,264.00,80.2
2683,random,0x19d411000,0x1b071e000,0x2d30f000,random,0,256.34,66.0
2683,random,0x19d411000,0x1b071e000,0x2d30f000,random,1,256.00,66.1
2683,random,0x19d411000,0x1b071e000,0x2d30f000,random,2,256.00,66.2
2684,random,0x19d411000,0x18b44c000,0x1605d000,random,0,262.17,79.8
2684,random,0x19d411000,0x18b44c000,0x1605d000,random,1,263.32,79.8
2684,random,0x19d411000,0x18b44c000,0x1605d000,random,2,263.86,80.0
2685,random,0x19d411000,0x1b09aa000,0x2ddbb000,random,0,264.00,80.4
2685,random,0x19d411000,0x1b09aa000,0x2ddbb000,random,1,264.00,80.4
2685,random,0x19d411000,0x1b09aa000,0x2ddbb000,random,2,264.00,80.4
2686,random,0x19d411000,0xb1b3d000,0x12cf2c000,random,0,258.32,62.1
2686,random,0x19d411000,0xb1b3d000,0x12cf2c000,random,1,257.88,62.1
2686,random,0x19d411000,0xb1b3d000,0x12cf2c000,random,2,257.26,62.1
2687,random,0x19d411000,0x194009000,0x9418000,random,0,256.63,62.0
2687,random,0x19d411000,0x194009000,0x9418000,random,1,256.90,62.0
2687,random,0x19d411000,0x194009000,0x9418000,random,2,256.22,62.0
2688,random,0x19d411000,0x1a93bb000,0x347aa000,random,0,263.31,80.5
2688,random,0x19d411000,0x1a93bb000,0x347aa000,random,1,264.00,80.5
2688,random,0x19d411000,0x1a93bb000,0x347aa000,random,2,264.00,80.5
2689,random,0x19d411000,0xaf9d4000,0x132dc5000,random,0,264.00,80.0
2689,random,0x19d411000,0xaf9d4000,0x132dc5000,random,1,264.00,80.0
2689,random,0x19d411000,0xaf9d4000,0x132dc5000,random,2,264.00,80.0
2690,random,0x19d411000,0x1b2510000,0x2f101000,random,0,263.58,80.1
2690,random,0x19d411000,0x1b2510000,0x2f101000,random,1,262.74,80.0
2690,random,0x19d411000,0x1b2510000,0x2f101000,random,2,263.39,79.9
2691,random,0x19d411000,0xb33bd000,0x12e7ac000,random,0,257.75,61.7
2691,random,0x19d411000,0xb33bd000,0x12e7ac000,random,1,256.58,61.7
2691,random,0x19d411000,0xb33bd000,0x12e7ac000,random,2,256.97,61.8
2692,random,0x19d411000,0x1a5864000,0x38c75000,random,0,256.00,66.2
2692,random,0x19d411000,0x1a5864000,0x38c75000,random,1,256.00,66.2
2692,random,0x19d411000,0x1a5864000,0x38c75000,random,2,256.00,66.2
2693,random,0x19d411000,0xb3310000,0x12e701000,random,0,262.72,80.4
2693,random,0x19d411000,0xb3310000,0x12e701000,random,1,263.99,80.4
2693,random,0x19d411000,0xb3310000,0x12e701000,random,2,263.79,80.5
2694,random,0x19d411000,0xafc6d000,0x13287c000,random,0,257.85,61.8
2694,random,0x19d411000,0xafc6d000,0x13287c000,random,1,256.45,61.8
2694,random,0x19d411000,0xafc6d000,0x13287c000,random,2,256.70,61.8
2695,random,0x19d411000,0xba8bf000,0x127cae000,random,0,262.83,80.0
2695,random,0x19d411000,0xba8bf000,0x127cae000,random,1,263.91,79.8
2695,random,0x19d411000,0xba8bf000,0x127cae000,random,2,263.28,79.6
2696,random,0x19d411000,0x188033000,0x15422000,random,0,256.24,78.9
2696,random,0x19d411000,0x188033000,0x15422000,random,1,256.00,79.1
2696,random,0x19d411000,0x188033000,0x15422000,random,2,256.00,79.1
2697,random,0x19d411000,0x1ae606000,0x33217000,random,0,261.93,80.2
2697,random,0x19d411000,0x1ae606000,0x33217000,random,1,263.32,80.0
2697,random,0x19d411000,0x1ae606000,0x33217000,random,2,263.21,80.0
2698,random,0x19d411000,0xb246e000,0x12f07f000,random,0,263.94,80.5
2698,random,0x19d411000,0xb246e000,0x12f07f000,random,1,263.98,80.6
2698,random,0x19d411000,0xb246e000,0x12f07f000,random,2,264.00,80.4
2699,random,0x19d411000,0xbd7c8000,0x1203d9000,random,0,264.00,80.5
2699,random,0x19d411000,0xbd7c8000,0x1203d9000,random,1,264.00,80.3
2699,random,0x19d411000,0xbd7c8000,0x1203d9000,random,2,263.94,80.2
2700,random,0x19d411000,0x18e59c000,0x1318d000,random,0,264.00,80.3
2700,random,0x19d411000,0x18e59c000,0x1318d000,random,1,263.99,80.4
2700,random,0x19d411000,0x18e59c000,0x1318d000,random,2,264.00,80.5
2701,random,0x19d411000,0xb7535000,0x12a124000,random,0,257.55,62.4
2701,random,0x19d411000,0xb7535000,0x12a124000,random,1,256.74,62.3
2701,random,0x19d411000,0xb7535000,0x12a124000,random,2,257.30,62.4
2702,random,0x19d411000,0x19c60c000,0x121d000,random,0,262.76,80.4
2702,random,0x19d411000,0x19c60c000,0x121d000,random,1,263.78,80.3
2702,random,0x19d411000,0x19c60c000,0x121d000,random,2,263.82,80.5
2703,random,0x19d411000,0x19ad07000,0x7916000,random,0,263.99,80.6
2703,random,0x19d411000,0x19ad07000,0x7916000,random,1,264.00,80.5
2703,random,0x19d411000,0x19ad07000,0x7916000,random,2,263.94,80.1
2704,random,0x19d411000,0x1a449d000,0x3908c000,random,0,252.60,61.2
2704,random,0x19d411000,0x1a449d000,0x3908c000,random,1,252.00,61.2
2704,random,0x19d411000,0x1a449d000,0x3908c000,random,2,252.00,61.2
2705,random,0x19d411000,0x1a5747000,0x38356000,random,0,261.20,79.8
2705,random,0x19d411000,0x1a5747000,0x38356000,random,1,263.51,80.0
2705,random,0x19d411000,0x1a5747000,0x38356000,random,2,263.20,80.0
2706,random,0x19d411000,0xbb67f000,0x12626e000,random,0,264.00,80.4
2706,random,0x19d411000,0xbb67f000,0x12626e000,random,1,264.00,80.5
2706,random,0x19d411000,0xbb67f000,0x12626e000,random,2,264.00,80.4
2707,random,0x19d411000,0xba2e5000,0x1276f4000,random,0,258.01,62.2
2707,random,0x19d411000,0xba2e5000,0x1276f4000,random,1,257.23,62.2
2707,random,0x19d411000,0xba2e5000,0x1276f4000,random,2,257.44,62.2
2708,random,0x19d411000,0x18f2b2000,0x126a3000,random,0,263.00,80.2
2708,random,0x19d411000,0x18f2b2000,0x126a3000,random,1,264.00,80.4
2708,random,0x19d411000,0x18f2b2000,0x126a3000,random,2,263.99,80.4
2709,random,0x19d411000,0x1a1ee5000,0x3caf4000,random,0,258.59,62.0
2709,random,0x19d411000,0x1a1ee5000,0x3caf4000,random,1,258.39,62.1
2709,random,0x19d411000,0x1a1ee5000,0x3caf4000,random,2,258.38,62.1
2710,random,0x19d411000,0x1ac951000,0x31d40000,random,0,257.64,62.4
2710,random,0x19d411000,0x1ac951000,0x31d40000,random,1,257.51,62.4
2710,random,0x19d411000,0x1ac951000,0x31d40000,random,2,257.75,62.4
2711,random,0x19d411000,0xb3778000,0x12e369000,random,0,263.24,80.4
2711,random,0x19d411000,0xb3778000,0x12e369000,random,1,264.00,80.4
2711,random,0x19d411000,0xb3778000,0x12e369000,random,2,264.00,80.5
2712,random,0x19d411000,0x1ae7b5000,0x333a4000,random,0,259.02,62.0
2712,random,0x19d411000,0x1ae7b5000,0x333a4000,random,1,258.26,62.1
2712,random,0x19d411000,0x1ae7b5000,0x333a4000,random,2,258.33,62.1
2713,random,0x19d411000,0xb9fcd000,0x124bdc000,random,0,257.32,61.8
2713,random,0x19d411000,0xb9fcd000,0x124bdc000,random,1,257.17,61.8
2713,random,0x19d411000,0xb9fcd000,0x124bdc000,random,2,257.37,61.8
2714,random,0x19d411000,0x196bd9000,0xbfc8000,random,0,258.55,62.1
2714,random,0x19d411000,0x196bd9000,0xbfc8000,random,1,258.56,62.1
2714,random,0x19d411000,0x196bd9000,0xbfc8000,random,2,258.12,62.1
2715,random,0x19d411000,0x19fd10000,0x2901000,random,0,263.20,80.4
2715,random,0x19d411000,0x19fd10000,0x2901000,random,1,263.96,80.5
2715,random,0x19d411000,0x19fd10000,0x2901000,random,2,264.00,80.5
2716,random,0x19d411000,0x1a63a8000,0x3b7b9000,random,0,264.00,80.5
2716,random,0x19d411000,0x1a63a8000,0x3b7b9000,random,1,264.00,80.1
2716,random,0x19d411000,0x1a63a8000,0x3b7b9000,random,2,264.00,80.4
2717,random,0x19d411000,0xbb0e0000,0x1264f1000,random,0,256.85,76.3
2717,random,0x19d411000,0xbb0e0000,0x1264f1000,random,1,256.00,76.2
2717,random,0x19d411000,0xbb0e0000,0x1264f1000,random,2,256.00,76.3
2718,random,0x19d411000,0x193ca1000,0xe8b0000,random,0,258.42,62.1
2718,random,0x19d411000,0x193ca1000,0xe8b0000,random,1,258.34,62.1
2718,random,0x19d411000,0x193ca1000,0xe8b0000,random,2,258.44,62.1
2719,random,0x19d411000,0x194633000,0x9222000,random,0,263.11,80.4
2719,random,0x19d411000,0x194633000,0x9222000,random,1,264.00,80.4
2719,random,0x19d411000,0x194633000,0x9222000,random,2,264.00,80.4
2720,random,0x19d411000,0xad3a1000,0x1307b0000,random,0,253.73,61.2
2720,random,0x19d411000,0xad3a1000,0x1307b0000,random,1,252.13,61.1
2720,random,0x19d411000,0xad3a1000,0x1307b0000,random,2,252.43,61.1
2721,random,0x19d411000,0x18f081000,0x12490000,random,0,252.00,61.2
2721,random,0x19d411000,0x18f081000,0x12490000,random,1,252.00,61.2
2721,random,0x19d411000,0x18f081000,0x12490000,random,2,252.00,61.2
2722,random,0x19d411000,0x1b2228000,0x2f639000,random,0,262.52,80.4
2722,random,0x19d411000,0x1b2228000,0x2f639000,random,1,263.89,80.3
2722,random,0x19d411000,0x1b2228000,0x2f639000,random,2,264.00,80.3
2723,random,0x19d411000,0x1ad1bb000,0x305aa000,random,0,256.31,79.3
2723,random,0x19d411000,0x1ad1bb000,0x305aa000,random,1,256.00,79.2
2723,random,0x19d411000,0x1ad1bb000,0x305aa000,random,2,256.00,79.2
2724,random,0x19d411000,0x1aca55000,0x31e44000,random,0,257.07,62.1
2724,random,0x19d411000,0x1aca55000,0x31e44000,random,1,256.66,61.8
2724,random,0x19d411000,0x1aca55000,0x31e44000,random,2,258.10,61.9
2725,random,0x19d411000,0x18d5d4000,0x101c5000,random,0,263.03,80.0
2725,random,0x19d411000,0x18d5d4000,0x101c5000,random,1,263.54,80.0
2725,random,0x19d411000,0x18d5d4000,0x101c5000,random,2,263.76,80.2
2726,random,0x19d411000,0x1a4627000,0x39236000,random,0,263.27,80.0
2726,random,0x19d411000,0x1a4627000,0x39236000,random,1,263.61,80.0
2726,random,0x19d411000,0x1a4627000,0x39236000,random,2,263.75,80.1
2727,random,0x19d411000,0x1b1b97000,0x2cf86000,random,0,264.00,80.6
2727,random,0x19d411000,0x1b1b97000,0x2cf86000,random,1,264.00,80.5
2727,random,0x19d411000,0x1b1b97000,0x2cf86000,random,2,264.00,80.4
2728,random,0x19d411000,0x184aa9000,0x19eb8000,random,0,257.87,62.5
2728,random,0x19d411000,0x184aa9000,0x19eb8000,random,1,257.56,62.5
2728,random,0x19d411000,0x184aa9000,0x19eb8000,random,2,257.28,62.3
2729,random,0x19d411000,0x1871f7000,0x1a5e6000,random,0,263.29,80.4
2729,random,0x19d411000,0x1871f7000,0x1a5e6000,random,1,264.00,80.5
2729,random,0x19d411000,0x1871f7000,0x1a5e6000,random,2,264.00,80.6
2730,random,0x19d411000,0x1b535f000,0x2874e000,random,0,264.00,80.0
2730,random,0x19d411000,0x1b535f000,0x2874e000,random,1,263.73,80.0
2730,random,0x19d411000,0x1b535f000,0x2874e000,random,2,264.00,80.1
2731,random,0x19d411000,0xaf0f0000,0x1324e1000,random,0,264.00,79.9
2731,random,0x19d411000,0xaf0f0000,0x1324e1000,random,1,264.00,79.9
2731,random,0x19d411000,0xaf0f0000,0x1324e1000,random,2,264.00,80.0
2732,random,0x19d411000,0x1a8da6000,0x359b7000,random,0,256.30,79.1
2732,random,0x19d411000,0x1a8da6000,0x359b7000,random,1,256.00,79.1
2732,random,0x19d411000,0x1a8da6000,0x359b7000,random,2,256.00,79.1
2733,random,0x19d411000,0xb1c6b000,0x12c87a000,random,0,262.90,79.9
2733,random,0x19d411000,0xb1c6b000,0x12c87a000,random,1,264.00,80.0
2733,random,0x19d411000,0xb1c6b000,0x12c87a000,random,2,264.00,79.9
2734,random,0x19d411000,0x1a9b6a000,0x34f7b000,random,0,264.00,80.5
2734,random,0x19d411000,0x1a9b6a000,0x34f7b000,random,1,264.00,80.5
2734,random,0x19d411000,0x1a9b6a000,0x34f7b000,random,2,264.00,80.5
2735,random,0x19d411000,0x192112000,0xf503000,random,0,263.92,80.1
2735,random,0x19d411000,0x192112000,0xf503000,random,1,263.66,80.1
2735,random,0x19d411000,0x192112000,0xf503000,random,2,263.55,80.1
2736,random,0x19d411000,0xbef30000,0x123b21000,random,0,264.00,80.5
2736,random,0x19d411000,0xbef30000,0x123b21000,random,1,264.00,80.6
2736,random,0x19d411000,0xbef30000,0x123b21000,random,2,264.00,80.5
2737,random,0x19d411000,0x1a3945000,0x3ed54000,random,0,257.41,61.8
2737,random,0x19d411000,0x1a3945000,0x3ed54000,random,1,257.50,61.7
2737,random,0x19d411000,0x1a3945000,0x3ed54000,random,2,256.14,61.7
2738,random,0x19d411000,0x1883fd000,0x157ec000,random,0,257.55,62.3
2738,random,0x19d411000,0x1883fd000,0x157ec000,random,1,257.87,62.4
2738,random,0x19d411000,0x1883fd000,0x157ec000,random,2,257.85,62.3
2739,random,0x19d411000,0x192f86000,0xfb97000,random,0,256.00,79.2
2739,random,0x19d411000,0x192f86000,0xfb97000,random,1,256.00,79.1
2739,random,0x19d411000,0x192f86000,0xfb97000,random,2,256.00,79.2
2740,random,0x19d411000,0x18a7b4000,0x173a5000,random,0,263.05,80.5
2740,random,0x19d411000,0x18a7b4000,0x173a5000,random,1,264.00,80.5
2740,random,0x19d411000,0x18a7b4000,0x173a5000,random,2,264.00,80.5
2741,random,0x19d411000,0x1b1e5c000,0x2ca4d000,random,0,264.00,80.0
2741,random,0x19d411000,0x1b1e5c000,0x2ca4d000,random,1,264.00,79.7
2741,random,0x19d411000,0x1b1e5c000,0x2ca4d000,random,2,264.00,79.9
2742,random,0x19d411000,0x1b15c8000,0x2c1d9000,random,0,264.00,80.0
2742,random,0x19d411000,0x1b15c8000,0x2c1d9000,random,1,263.78,80.0
2742,random,0x19d411000,0x1b15c8000,0x2c1d9000,random,2,263.87,80.0
2743,random,0x19d411000,0x1b6078000,0x2b469000,random,0,263.94,80.1
2743,random,0x19d411000,0x1b6078000,0x2b469000,random,1,264.00,79.9
2743,random,0x19d411000,0x1b6078000,0x2b469000,random,2,264.00,80.0
2744,random,0x19d411000,0x1a785a000,0x3ac4b000,random,0,264.00,80.5
2744,random,0x19d411000,0x1a785a000,0x3ac4b000,random,1,264.00,80.4
2744,random,0x19d411000,0x1a785a000,0x3ac4b000,random,2,264.00,80.4
2745,random,0x19d411000,0x191129000,0xc538000,random,0,252.63,61.2
2745,random,0x19d411000,0x191129000,0xc538000,random,1,252.00,61.2
2745,random,0x19d411000,0x191129000,0xc538000,random,2,252.00,61.0
2746,random,0x19d411000,0x1b5d12000,0x28903000,random,0,262.69,80.4
2746,random,0x19d411000,0x1b5d12000,0x28903000,random,1,264.00,80.5
2746,random,0x19d411000,0x1b5d12000,0x28903000,random,2,264.00,80.4
2747,random,0x19d411000,0xafebf000,0x132aae000,random,0,264.00,80.5
2747,random,0x19d411000,0xafebf000,0x132aae000,random,1,264.00,80.5
2747,random,0x19d411000,0xafebf000,0x132aae000,random,2,264.00,80.6
2748,random,0x19d411000,0xacfa5000,0x131bb4000,random,0,258.50,62.3
2748,random,0x19d411000,0xacfa5000,0x131bb4000,random,1,257.95,62.3
2748,random,0x19d411000,0xacfa5000,0x131bb4000,random,2,258.28,62.4
2749,random,0x19d411000,0x192882000,0xfc93000,random,0,263.14,80.5
2749,random,0x19d411000,0x192882000,0xfc93000,random,1,264.00,80.4
2749,random,0x19d411000,0x192882000,0xfc93000,random,2,264.00,80.4
2750,random,0x19d411000,0x1a82ce000,0x356df000,random,0,264.00,79.7
2750,random,0x19d411000,0x1a82ce000,0x356df000,random,1,263.99,80.0
2750,random,0x19d411000,0x1a82ce000,0x356df000,random,2,263.91,79.9
2751,random,0x19d411000,0x191714000,0xc305000,random,0,264.00,80.1
2751,random,0x19d411000,0x191714000,0xc305000,random,1,264.00,80.3
2751,random,0x19d411000,0x191714000,0xc305000,random,2,264.00,80.4
2752,random,0x19d411000,0x1a2a12000,0x3fe03000,random,0,263.96,80.0
2752,random,0x19d411000,0x1a2a12000,0x3fe03000,random,1,263.68,80.0
2752,random,0x19d411000,0x1a2a12000,0x3fe03000,random,2,263.86,80.0
2753,random,0x19d411000,0x1a33c5000,0x3e7d4000,random,0,257.19,61.8
2753,random,0x19d411000,0x1a33c5000,0x3e7d4000,random,1,256.06,61.7
2753,random,0x19d411000,0x1a33c5000,0x3e7d4000,random,2,256.40,61.7
2754,random,0x19d411000,0xbe906000,0x123d17000,random,0,257.45,76.1
2754,random,0x19d411000,0xbe906000,0x123d17000,random,1,256.14,76.2
2754,random,0x19d411000,0xbe906000,0x123d17000,random,2,256.69,76.2
2755,random,0x19d411000,0xb071c000,0x12d30d000,random,0,263.28,80.1
2755,random,0x19d411000,0xb071c000,0x12d30d000,random,1,264.00,80.1
2755,random,0x19d411000,0xb071c000,0x12d30d000,random,2,264.00,80.0
2756,random,0x19d411000,0xba513000,0x127102000,random,0,264.00,79.9
2756,random,0x19d411000,0xba513000,0x127102000,random,1,264.00,79.9
2756,random,0x19d411000,0xba513000,0x127102000,random,2,264.00,79.9
2757,random,0x19d411000,0x1a8f90000,0x35b81000,random,0,256.33,79.1
2757,random,0x19d411000,0x1a8f90000,0x35b81000,random,1,256.00,79.1
2757,random,0x19d411000,0x1a8f90000,0x35b81000,random,2,256.00,79.0
2758,random,0x19d411000,0xaea55000,0x133e44000,random,0,253.11,61.1
2758,random,0x19d411000,0xaea55000,0x133e44000,random,1,253.70,61.1
2758,random,0x19d411000,0xaea55000,0x133e44000,random,2,252.82,61.2
2759,random,0x19d411000,0x1af660000,0x32271000,random,0,255.96,79.3
2759,random,0x19d411000,0x1af660000,0x32271000,random,1,256.00,79.3
2759,random,0x19d411000,0x1af660000,0x32271000,random,2,256.00,79.3
2760,random,0x19d411000,0x1ad296000,0x30687000,random,0,262.97,80.6
2760,random,0x19d411000,0x1ad296000,0x30687000,random,1,264.00,80.5
2760,random,0x19d411000,0x1ad296000,0x30687000,random,2,264.00,80.4
2761,random,0x19d411000,0x18d085000,0x10494000,random,0,257.48,61.8
2761,random,0x19d411000,0x18d085000,0x10494000,random,1,257.10,61.8
2761,random,0x19d411000,0x18d085000,0x10494000,random,2,256.58,61.8
2762,random,0x19d411000,0x18873e000,0x1532f000,random,0,263.15,80.4
2762,random,0x19d411000,0x18873e000,0x1532f000,random,1,264.00,80.2
2762,random,0x19d411000,0x18873e000,0x1532f000,random,2,264.00,80.4
2763,random,0x19d411000,0x19d30a000,0x71b000,random,0,263.90,79.9
2763,random,0x19d411000,0x19d30a000,0x71b000,random,1,264.00,79.9
2763,random,0x19d411000,0x19d30a000,0x71b000,random,2,263.94,80.0
2764,random,0x19d411000,0xb722e000,0x12a63f000,random,0,264.00,80.4
2764,random,0x19d411000,0xb722e000,0x12a63f000,random,1,264.00,80.5
2764,random,0x19d411000,0xb722e000,0x12a63f000,random,2,264.00,80.3
2765,random,0x19d411000,0x1af3b7000,0x327a6000,random,0,256.33,79.1
2765,random,0x19d411000,0x1af3b7000,0x327a6000,random,1,256.00,79.1
2765,random,0x19d411000,0x1af3b7000,0x327a6000,random,2,256.00,79.2
2766,random,0x19d411000,0x1ae12c000,0x3353d000,random,0,262.73,80.4
2766,random,0x19d411000,0x1ae12c000,0x3353d000,random,1,264.00,80.4
2766,random,0x19d411000,0x1ae12c000,0x3353d000,random,2,264.00,80.3
2767,random,0x19d411000,0x1aa2a4000,0x376b5000,random,0,256.30,66.2
2767,random,0x19d411000,0x1aa2a4000,0x376b5000,random,1,256.00,66.2
2767,random,0x19d411000,0x1aa2a4000,0x376b5000,random,2,256.00,66.0
2768,random,0x19d411000,0xb19d0000,0x12cdc1000,random,0,256.19,76.2
2768,random,0x19d411000,0xb19d0000,0x12cdc1000,random,1,256.04,76.2
2768,random,0x19d411000,0xb19d0000,0x12cdc1000,random,2,256.76,76.2
2769,random,0x19d411000,0x1b3637000,0x2e226000,random,0,263.29,80.5
2769,random,0x19d411000,0x1b3637000,0x2e226000,random,1,264.00,80.4
2769,random,0x19d411000,0x1b3637000,0x2e226000,random,2,264.00,80.5
2770,random,0x19d411000,0x1860f9000,0x1b4e8000,random,0,259.20,62.1
2770,random,0x19d411000,0x1860f9000,0x1b4e8000,random,1,258.66,62.1
2770,random,0x19d411000,0x1860f9000,0x1b4e8000,random,2,258.97,62.1
2771,random,0x19d411000,0x1a348f000,0x3e09e000,random,0,263.25,79.8
2771,random,0x19d411000,0x1a348f000,0x3e09e000,random,1,263.99,79.9
2771,random,0x19d411000,0x1a348f000,0x3e09e000,random,2,264.00,80.0
2772,random,0x19d411000,0x1ae41c000,0x3300d000,random,0,264.00,80.0
2772,random,0x19d411000,0x1ae41c000,0x3300d000,random,1,263.95,80.0
2772,random,0x19d411000,0x1ae41c000,0x3300d000,random,2,264.00,80.0
2773,random,0x19d411000,0x1b47d0000,0x293c1000,random,0,264.00,80.3
2773,random,0x19d411000,0x1b47d0000,0x293c1000,random,1,264.00,80.5
2773,random,0x19d411000,0x1b47d0000,0x293c1000,random,2,264.00,80.5
2774,random,0x19d411000,0x1a2490000,0x3f081000,random,0,264.00,80.6
2774,random,0x19d411000,0x1a2490000,0x3f081000,random,1,264.00,80.5
2774,random,0x19d411000,0x1a2490000,0x3f081000,random,2,264.00,80.5
2775,random,0x19d411000,0x19d000000,0x411000,random,0,264.00,80.4
2775,random,0x19d411000,0x19d000000,0x411000,random,1,264.00,80.7
2775,random,0x19d411000,0x19d000000,0x411000,random,2,264.00,80.4
2776,random,0x19d411000,0x18e7c8000,0x133d9000,random,0,256.33,79.3
2776,random,0x19d411000,0x18e7c8000,0x133d9000,random,1,256.00,79.3
2776,random,0x19d411000,0x18e7c8000,0x133d9000,random,2,256.00,79.3
2777,random,0x19d411000,0x1a1071000,0x3c460000,random,0,257.39,62.4
2777,random,0x19d411000,0x1a1071000,0x3c460000,random,1,257.87,62.4
2777,random,0x19d411000,0x1a1071000,0x3c460000,random,2,257.86,62.3
2778,random,0x19d411000,0x1ae7e1000,0x333f0000,random,0,252.39,53.0
2778,random,0x19d411000,0x1ae7e1000,0x333f0000,random,1,252.00,52.9
2778,random,0x19d411000,0x1ae7e1000,0x333f0000,random,2,252.00,53.0
2779,random,0x19d411000,0x195694000,0x8285000,random,0,262.37,79.7
2779,random,0x19d411000,0x195694000,0x8285000,random,1,264.00,79.8
2779,random,0x19d411000,0x195694000,0x8285000,random,2,263.95,80.0
2780,random,0x19d411000,0x1b0a02000,0x2de13000,random,0,264.00,79.9
2780,random,0x19d411000,0x1b0a02000,0x2de13000,random,1,264.00,80.0
2780,random,0x19d411000,0x1b0a02000,0x2de13000,random,2,263.86,79.4
2781,random,0x19d411000,0x19dd7e000,0x96f000,random,0,256.33,66.2
2781,random,0x19d411000,0x19dd7e000,0x96f000,random,1,256.00,66.1
2781,random,0x19d411000,0x19dd7e000,0x96f000,random,2,256.00,66.2
2782,random,0x19d411000,0xb8655000,0x125244000,random,0,257.81,62.1
2782,random,0x19d411000,0xb8655000,0x125244000,random,1,258.83,62.1
2782,random,0x19d411000,0xb8655000,0x125244000,random,2,258.65,62.1
2783,random,0x19d411000,0x19a6e3000,0x72f2000,random,0,256.00,79.2
2783,random,0x19d411000,0x19a6e3000,0x72f2000,random,1,256.00,79.1
2783,random,0x19d411000,0x19a6e3000,0x72f2000,random,2,256.00,79.3
2784,random,0x19d411000,0xbd88f000,0x120c9e000,random,0,262.94,80.5
2784,random,0x19d411000,0xbd88f000,0x120c9e000,random,1,264.00,80.4
2784,random,0x19d411000,0xbd88f000,0x120c9e000,random,2,264.00,80.5
2785,random,0x19d411000,0x1ac766000,0x31377000,random,0,264.00,80.5
2785,random,0x19d411000,0x1ac766000,0x31377000,random,1,264.00,80.4
2785,random,0x19d411000,0x1ac766000,0x31377000,random,2,264.00,80.5
2786,random,0x19d411000,0x1ad7e3000,0x303f2000,random,0,264.00,80.4
2786,random,0x19d411000,0x1ad7e3000,0x303f2000,random,1,264.00,80.6
2786,random,0x19d411000,0x1ad7e3000,0x303f2000,random,2,264.00,80.5
2787,random,0x19d411000,0x1b27c9000,0x2f3d8000,random,0,258.74,62.4
2787,random,0x19d411000,0x1b27c9000,0x2f3d8000,random,1,258.53,62.4
2787,random,0x19d411000,0x1b27c9000,0x2f3d8000,random,2,258.24,62.1
2788,random,0x19d411000,0x19c9c5000,0x1dd4000,random,0,258.53,62.4
2788,random,0x19d411000,0x19c9c5000,0x1dd4000,random,1,258.63,62.4
2788,random,0x19d411000,0x19c9c5000,0x1dd4000,random,2,258.38,62.3
2789,random,0x19d411000,0x185508000,0x18119000,random,0,256.00,79.1
2789,random,0x19d411000,0x185508000,0x18119000,random,1,256.00,79.1
2789,random,0x19d411000,0x185508000,0x18119000,random,2,256.00,79.1
2790,random,0x19d411000,0x1aacf9000,0x378e8000,random,0,258.06,62.0
2790,random,0x19d411000,0x1aacf9000,0x378e8000,random,1,259.06,62.1
2790,random,0x19d411000,0x1aacf9000,0x378e8000,random,2,259.09,62.1
2791,random,0x19d411000,0x1907e4000,0xd3f5000,random,0,263.47,80.6
2791,random,0x19d411000,0x1907e4000,0xd3f5000,random,1,264.00,80.5
2791,random,0x19d411000,0x1907e4000,0xd3f5000,random,2,264.00,80.3
2792,random,0x19d411000,0x18f69d000,0x1228c000,random,0,252.65,61.1
2792,random,0x19d411000,0x18f69d000,0x1228c000,random,1,252.00,61.2
2792,random,0x19d411000,0x18f69d000,0x1228c000,random,2,252.00,61.2
2793,random,0x19d411000,0x1b0545000,0x2d154000,random,0,256.14,61.7
2793,random,0x19d411000,0x1b0545000,0x2d154000,random,1,257.14,61.8
2793,random,0x19d411000,0x1b0545000,0x2d154000,random,2,256.89,61.8
2794,random,0x19d411000,0x1ac7fe000,0x313ef000,random,0,256.00,66.2
2794,random,0x19d411000,0x1ac7fe000,0x313ef000,random,1,256.00,66.2
2794,random,0x19d411000,0x1ac7fe000,0x313ef000,random,2,256.00,66.2
2795,random,0x19d411000,0x1b2d7b000,0x2f96a000,random,0,263.03,80.1
2795,random,0x19d411000,0x1b2d7b000,0x2f96a000,random,1,264.00,80.0
2795,random,0x19d411000,0x1b2d7b000,0x2f96a000,random,2,264.00,80.1
2796,random,0x19d411000,0x1a87cb000,0x353da000,random,0,264.00,80.2
2796,random,0x19d411000,0x1a87cb000,0x353da000,random,1,264.00,80.3
2796,random,0x19d411000,0x1a87cb000,0x353da000,random,2,264.00,80.3
2797,random,0x19d411000,0xb5aef000,0x128efe000,random,0,257.60,76.2
2797,random,0x19d411000,0xb5aef000,0x128efe000,random,1,256.77,76.2
2797,random,0x19d411000,0xb5aef000,0x128efe000,random,2,256.34,76.3
2798,random,0x19d411000,0x1a5fa8000,0x38bb9000,random,0,256.00,79.1
2798,random,0x19d411000,0x1a5fa8000,0x38bb9000,random,1,256.00,79.1
2798,random,0x19d411000,0x1a5fa8000,0x38bb9000,random,2,256.00,79.1
2799,random,0x19d411000,0x189320000,0x14731000,random,0,263.01,80.5
2799,random,0x19d411000,0x189320000,0x14731000,random,1,264.00,80.6
2799,random,0x19d411000,0x189320000,0x14731000,random,2,264.00,80.6
2800,random,0x19d411000,0x19e1b8000,0x35a9000,random,0,264.00,80.2
2800,random,0x19d411000,0x19e1b8000,0x35a9000,random,1,264.00,80.1
2800,random,0x19d411000,0x19e1b8000,0x35a9000,random,2,264.00,80.3
2801,random,0x19d411000,0x1a91b1000,0x345a0000,random,0,259.49,62.1
2801,random,0x19d411000,0x1a91b1000,0x345a0000,random,1,258.82,62.0
2801,random,0x19d411000,0x1a91b1000,0x345a0000,random,2,258.86,62.1
2802,random,0x19d411000,0x1a98bd000,0x34cac000,random,0,257.45,61.8
2802,random,0x19d411000,0x1a98bd000,0x34cac000,random,1,257.00,61.7
2802,random,0x19d411000,0x1a98bd000,0x34cac000,random,2,257.40,61.7
2803,random,0x19d411000,0x19315e000,0xe54f000,random,0,263.37,80.4
2803,random,0x19d411000,0x19315e000,0xe54f000,random,1,264.00,80.5
2803,random,0x19d411000,0x19315e000,0xe54f000,random,2,264.00,80.2
2804,random,0x19d411000,0xb7339000,0x12a728000,random,0,259.17,62.4
2804,random,0x19d411000,0xb7339000,0x12a728000,random,1,258.89,61.9
2804,random,0x19d411000,0xb7339000,0x12a728000,random,2,258.96,62.2
2805,random,0x19d411000,0xaf470000,0x132061000,random,0,263.24,79.9
2805,random,0x19d411000,0xaf470000,0x132061000,random,1,264.00,80.0
2805,random,0x19d411000,0xaf470000,0x132061000,random,2,264.00,80.0
2806,random,0x19d411000,0xbabbb000,0x127faa000,random,0,258.46,76.2
2806,random,0x19d411000,0xbabbb000,0x127faa000,random,1,257.29,76.3
2806,random,0x19d411000,0xbabbb000,0x127faa000,random,2,257.71,76.2
2807,random,0x19d411000,0x1b21e2000,0x2f5f3000,random,0,263.41,80.4
2807,random,0x19d411000,0x1b21e2000,0x2f5f3000,random,1,264.00,80.5
2807,random,0x19d411000,0x1b21e2000,0x2f5f3000,random,2,264.00,80.5
2808,random,0x19d411000,0xbaba5000,0x127fb4000,random,0,259.15,62.1
2808,random,0x19d411000,0xbaba5000,0x127fb4000,random,1,259.14,62.1
2808,random,0x19d411000,0xbaba5000,0x127fb4000,random,2,259.02,61.9
2809,random,0x19d411000,0x1a651d000,0x3b10c000,random,0,258.87,62.4
2809,random,0x19d411000,0x1a651d000,0x3b10c000,random,1,258.89,62.4
2809,random,0x19d411000,0x1a651d000,0x3b10c000,random,2,258.65,62.4
2810,random,0x19d411000,0x190746000,0xd357000,random,0,263.29,80.4
2810,random,0x19d411000,0x190746000,0xd357000,random,1,264.00,80.5
2810,random,0x19d411000,0x190746000,0xd357000,random,2,264.00,80.3
2811,random,0x19d411000,0x1a8728000,0x35339000,random,0,264.00,80.5
2811,random,0x19d411000,0x1a8728000,0x35339000,random,1,264.00,80.4
2811,random,0x19d411000,0x1a8728000,0x35339000,random,2,264.00,80.4
2812,random,0x19d411000,0x18ae23000,0x17a32000,random,0,264.00,80.4
2812,random,0x19d411000,0x18ae23000,0x17a32000,random,1,264.00,80.6
2812,random,0x19d411000,0x18ae23000,0x17a32000,random,2,264.00,80.3
2813,random,0x19d411000,0xbce6c000,0x121a7d000,random,0,264.00,80.0
2813,random,0x19d411000,0xbce6c000,0x121a7d000,random,1,264.00,79.9
2813,random,0x19d411000,0xbce6c000,0x121a7d000,random,2,264.00,79.9
2814,random,0x19d411000,0xace68000,0x131a79000,random,0,257.20,76.2
2814,random,0x19d411000,0xace68000,0x131a79000,random,1,256.75,76.3
2814,random,0x19d411000,0xace68000,0x131a79000,random,2,257.16,76.3
2815,random,0x19d411000,0xaef40000,0x133b51000,random,0,263.36,80.6
2815,random,0x19d411000,0xaef40000,0x133b51000,random,1,264.00,80.1
2815,random,0x19d411000,0xaef40000,0x133b51000,random,2,264.00,80.3
2816,random,0x19d411000,0x1aad43000,0x37952000,random,0,263.96,79.9
2816,random,0x19d411000,0x1aad43000,0x37952000,random,1,264.00,80.1
2816,random,0x19d411000,0x1aad43000,0x37952000,random,2,264.00,80.0
2817,random,0x19d411000,0x1b41ce000,0x295df000,random,0,264.00,80.2
2817,random,0x19d411000,0x1b41ce000,0x295df000,random,1,264.00,80.3
2817,random,0x19d411000,0x1b41ce000,0x295df000,random,2,264.00,80.3
2818,random,0x19d411000,0x18b297000,0x16686000,random,0,256.33,79.2
2818,random,0x19d411000,0x18b297000,0x16686000,random,1,256.00,79.2
2818,random,0x19d411000,0x18b297000,0x16686000,random,2,256.00,79.2
2819,random,0x19d411000,0x18e291000,0x13680000,random,0,252.14,61.2
2819,random,0x19d411000,0x18e291000,0x13680000,random,1,252.00,61.2
2819,random,0x19d411000,0x18e291000,0x13680000,random,2,252.00,61.2
2820,random,0x19d411000,0x1b67e5000,0x2b3f4000,random,0,252.00,52.9
2820,random,0x19d411000,0x1b67e5000,0x2b3f4000,random,1,252.00,52.8
2820,random,0x19d411000,0x1b67e5000,0x2b3f4000,random,2,252.00,52.9
2821,random,0x19d411000,0x1b309f000,0x2e48e000,random,0,262.64,79.8
2821,random,0x19d411000,0x1b309f000,0x2e48e000,random,1,264.00,79.8
2821,random,0x19d411000,0x1b309f000,0x2e48e000,random,2,264.00,80.0
2822,random,0x19d411000,0xb2e8e000,0x12fa9f000,random,0,258.14,76.2
2822,random,0x19d411000,0xb2e8e000,0x12fa9f000,random,1,257.55,76.3
2822,random,0x19d411000,0xb2e8e000,0x12fa9f000,random,2,256.85,76.2
2823,random,0x19d411000,0x18ed52000,0x13943000,random,0,263.29,80.0
2823,random,0x19d411000,0x18ed52000,0x13943000,random,1,264.00,79.9
2823,random,0x19d411000,0x18ed52000,0x13943000,random,2,264.00,80.0
2824,random,0x19d411000,0x1ac4b4000,0x310a5000,random,0,264.00,80.6
2824,random,0x19d411000,0x1ac4b4000,0x310a5000,random,1,264.00,80.6
2824,random,0x19d411000,0x1ac4b4000,0x310a5000,random,2,264.00,80.6
2825,random,0x19d411000,0x191251000,0xc640000,random,0,252.67,61.2
2825,random,0x19d411000,0x191251000,0xc640000,random,1,252.00,61.0
2825,random,0x19d411000,0x191251000,0xc640000,random,2,252.00,61.2
2826,random,0x19d411000,0x18aa56000,0x17e47000,random,0,262.50,79.9
2826,random,0x19d411000,0x18aa56000,0x17e47000,random,1,264.00,80.0
2826,random,0x19d411000,0x18aa56000,0x17e47000,random,2,264.00,79.9
2827,random,0x19d411000,0x19c008000,0x1419000,random,0,264.00,80.4
2827,random,0x19d411000,0x19c008000,0x1419000,random,1,264.00,80.4
2827,random,0x19d411000,0x19c008000,0x1419000,random,2,264.00,80.5
2828,random,0x19d411000,0xbbac7000,0x126ed6000,random,0,264.00,80.1
2828,random,0x19d411000,0xbbac7000,0x126ed6000,random,1,264.00,80.4
2828,random,0x19d411000,0xbbac7000,0x126ed6000,random,2,264.00,80.4
2829,random,0x19d411000,0x1ada54000,0x30e45000,random,0,264.00,80.3
2829,random,0x19d411000,0x1ada54000,0x30e45000,random,1,264.00,80.4
2829,random,0x19d411000,0x1ada54000,0x30e45000,random,2,264.00,80.2
2830,random,0x19d411000,0x1a4037000,0x39426000,random,0,264.00,80.4
2830,random,0x19d411000,0x1a4037000,0x39426000,random,1,264.00,80.4
2830,random,0x19d411000,0x1a4037000,0x39426000,random,2,263.93,80.4
2831,random,0x19d411000,0x19689a000,0xbc8b000,random,0,256.32,79.3
2831,random,0x19d411000,0x19689a000,0xbc8b000,random,1,256.00,79.3
2831,random,0x19d411000,0x19689a000,0xbc8b000,random,2,256.00,79.3
2832,random,0x19d411000,0xb2e98000,0x12fa89000,random,0,263.12,80.5
2832,random,0x19d411000,0xb2e98000,0x12fa89000,random,1,264.00,80.4
2832,random,0x19d411000,0xb2e98000,0x12fa89000,random,2,264.00,80.5
2833,random,0x19d411000,0x19287e000,0xfc6f000,random,0,256.31,79.2
2833,random,0x19d411000,0x19287e000,0xfc6f000,random,1,256.00,79.2
2833,random,0x19d411000,0x19287e000,0xfc6f000,random,2,256.00,79.1
2834,random,0x19d411000,0x1aab06000,0x37f17000,random,0,256.00,79.2
2834,random,0x19d411000,0x1aab06000,0x37f17000,random,1,256.00,79.3
2834,random,0x19d411000,0x1aab06000,0x37f17000,random,2,256.00,79.2
2835,random,0x19d411000,0xad6be000,0x1302af000,random,0,263.04,80.4
2835,random,0x19d411000,0xad6be000,0x1302af000,random,1,264.00,80.5
2835,random,0x19d411000,0xad6be000,0x1302af000,random,2,264.00,80.4
2836,random,0x19d411000,0xbe7e3000,0x1233f2000,random,0,264.00,80.3
2836,random,0x19d411000,0xbe7e3000,0x1233f2000,random,1,264.00,80.3
2836,random,0x19d411000,0xbe7e3000,0x1233f2000,random,2,264.00,80.4
2837,random,0x19d411000,0x1a2843000,0x3fc52000,random,0,263.99,80.0
2837,random,0x19d411000,0x1a2843000,0x3fc52000,random,1,263.69,80.0
2837,random,0x19d411000,0x1a2843000,0x3fc52000,random,2,264.00,79.9
2838,random,0x19d411000,0x186419000,0x1b008000,random,0,252.64,61.1
2838,random,0x19d411000,0x186419000,0x1b008000,random,1,252.00,61.2
2838,random,0x19d411000,0x186419000,0x1b008000,random,2,252.00,61.2
2839,random,0x19d411000,0x19a6d1000,0x72c0000,random,0,257.80,62.2
2839,random,0x19d411000,0x19a6d1000,0x72c0000,random,1,259.00,62.1
2839,random,0x19d411000,0x19a6d1000,0x72c0000,random,2,258.96,62.1
2840,random,0x19d411000,0xae490000,0x133081000,random,0,257.02,76.3
2840,random,0x19d411000,0xae490000,0x133081000,random,1,256.55,76.3
2840,random,0x19d411000,0xae490000,0x133081000,random,2,256.93,76.2
2841,random,0x19d411000,0x193c6f000,0xe87e000,random,0,263.29,80.4
2841,random,0x19d411000,0x193c6f000,0xe87e000,random,1,264.00,80.3
2841,random,0x19d411000,0x193c6f000,0xe87e000,random,2,264.00,80.4
2842,random,0x19d411000,0xace55000,0x131a44000,random,0,254.79,61.0
2842,random,0x19d411000,0xace55000,0x131a44000,random,1,253.44,61.2
2842,random,0x19d411000,0xace55000,0x131a44000,random,2,252.92,61.2
2843,random,0x19d411000,0xb0f42000,0x12db53000,random,0,262.79,79.9
2843,random,0x19d411000,0xb0f42000,0x12db53000,random,1,264.00,80.0
2843,random,0x19d411000,0xb0f42000,0x12db53000,random,2,264.00,80.0
2844,random,0x19d411000,0x19224c000,0xf65d000,random,0,256.36,66.2
2844,random,0x19d411000,0x19224c000,0xf65d000,random,1,256.00,66.2
2844,random,0x19d411000,0x19224c000,0xf65d000,random,2,256.00,66.2
2845,random,0x19d411000,0x19036d000,0xd77c000,random,0,258.52,62.1
2845,random,0x19d411000,0x19036d000,0xd77c000,random,1,258.62,62.0
2845,random,0x19d411000,0x19036d000,0xd77c000,random,2,258.88,62.0
2846,random,0x19d411000,0x1a6871000,0x3bc60000,random,0,252.38,52.9
2846,random,0x19d411000,0x1a6871000,0x3bc60000,random,1,252.00,52.8
2846,random,0x19d411000,0x1a6871000,0x3bc60000,random,2,252.00,52.9
2847,random,0x19d411000,0x185e5e000,0x18a4f000,random,0,262.80,80.4
2847,random,0x19d411000,0x185e5e000,0x18a4f000,random,1,264.00,80.4
2847,random,0x19d411000,0x185e5e000,0x18a4f000,random,2,264.00,80.4
2848,random,0x19d411000,0x18d40a000,0x1001b000,random,0,264.00,80.4
2848,random,0x19d411000,0x18d40a000,0x1001b000,random,1,264.00,80.5
2848,random,0x19d411000,0x18d40a000,0x1001b000,random,2,264.00,80.5
2849,random,0x19d411000,0xbaada000,0x127ecb000,random,0,264.00,80.0
2849,random,0x19d411000,0xbaada000,0x127ecb000,random,1,264.00,80.0
2849,random,0x19d411000,0xbaada000,0x127ecb000,random,2,264.00,79.8
2850,random,0x19d411000,0x1911fe000,0xc5ef000,random,0,264.00,79.9
2850,random,0x19d411000,0x1911fe000,0xc5ef000,random,1,264.00,79.9
2850,random,0x19d411000,0x1911fe000,0xc5ef000,random,2,264.00,79.9
2851,random,0x19d411000,0xadec8000,0x130ad9000,random,0,257.69,76.3
2851,random,0x19d411000,0xadec8000,0x130ad9000,random,1,257.02,76.2
2851,random,0x19d411000,0xadec8000,0x130ad9000,random,2,257.07,76.3
2852,random,0x19d411000,0x1aab86000,0x37f97000,random,0,263.35,80.4
2852,random,0x19d411000,0x1aab86000,0x37f97000,random,1,264.00,80.3
2852,random,0x19d411000,0x1aab86000,0x37f97000,random,2,264.00,80.3
2853,random,0x19d411000,0x1ade92000,0x30a83000,random,0,256.34,66.2
2853,random,0x19d411000,0x1ade92000,0x30a83000,random,1,256.00,66.2
2853,random,0x19d411000,0x1ade92000,0x30a83000,random,2,256.00,66.2
2854,random,0x19d411000,0xb1e65000,0x12ca74000,random,0,258.25,62.1
2854,random,0x19d411000,0xb1e65000,0x12ca74000,random,1,259.22,62.1
2854,random,0x19d411000,0xb1e65000,0x12ca74000,random,2,258.88,61.9
2855,random,0x19d411000,0x19e3c2000,0x37d3000,random,0,262.97,80.1
2855,random,0x19d411000,0x19e3c2000,0x37d3000,random,1,264.00,80.0
2855,random,0x19d411000,0x19e3c2000,0x37d3000,random,2,264.00,80.0
2856,random,0x19d411000,0x187fb2000,0x1aba3000,random,0,256.30,79.0
2856,random,0x19d411000,0x187fb2000,0x1aba3000,random,1,256.00,79.1
2856,random,0x19d411000,0x187fb2000,0x1aba3000,random,2,256.00,79.1
2857,random,0x19d411000,0x1a4484000,0x39095000,random,0,256.00,79.2
2857,random,0x19d411000,0x1a4484000,0x39095000,random,1,256.00,79.2
2857,random,0x19d411000,0x1a4484000,0x39095000,random,2,256.00,79.2
2858,random,0x19d411000,0xb81a5000,0x1255b4000,random,0,258.32,62.1
2858,random,0x19d411000,0xb81a5000,0x1255b4000,random,1,259.20,62.1
2858,random,0x19d411000,0xb81a5000,0x1255b4000,random,2,259.06,62.1
2859,random,0x19d411000,0xb819f000,0x12558e000,random,0,257.07,76.1
2859,random,0x19d411000,0xb819f000,0x12558e000,random,1,256.48,76.3
2859,random,0x19d411000,0xb819f000,0x12558e000,random,2,256.51,76.3
2860,random,0x19d411000,0x196e61000,0xba70000,random,0,259.09,62.1
2860,random,0x19d411000,0x196e61000,0xba70000,random,1,259.00,62.1
2860,random,0x19d411000,0x196e61000,0xba70000,random,2,259.07,62.1
2861,random,0x19d411000,0x1a3be0000,0x3eff1000,random,0,263.45,80.4
2861,random,0x19d411000,0x1a3be0000,0x3eff1000,random,1,264.00,80.5
2861,random,0x19d411000,0x1a3be0000,0x3eff1000,random,2,264.00,80.4
2862,random,0x19d411000,0x19643c000,0xb02d000,random,0,264.00,80.6
2862,random,0x19d411000,0x19643c000,0xb02d000,random,1,264.00,80.6
2862,random,0x19d411000,0x19643c000,0xb02d000,random,2,264.00,80.5
2863,random,0x19d411000,0xbc54e000,0x12115f000,random,0,264.00,80.3
2863,random,0x19d411000,0xbc54e000,0x12115f000,random,1,264.00,80.4
2863,random,0x19d411000,0xbc54e000,0x12115f000,random,2,264.00,80.4
2864,random,0x19d411000,0x1b356d000,0x2e17c000,random,0,258.46,61.8
2864,random,0x19d411000,0x1b356d000,0x2e17c000,random,1,257.94,61.8
2864,random,0x19d411000,0x1b356d000,0x2e17c000,random,2,258.06,61.8
2865,random,0x19d411000,0x189ecb000,0x14ada000,random,0,263.32,79.9
2865,random,0x19d411000,0x189ecb000,0x14ada000,random,1,264.00,80.0
2865,random,0x19d411000,0x189ecb000,0x14ada000,random,2,263.97,80.0
2866,random,0x19d411000,0xbd8fa000,0x120ceb000,random,0,264.00,80.4
2866,random,0x19d411000,0xbd8fa000,0x120ceb000,random,1,264.00,80.4
2866,random,0x19d411000,0xbd8fa000,0x120ceb000,random,2,264.00,80.2
2867,random,0x19d411000,0x1a0aa1000,0x3deb0000,random,0,258.44,62.4
2867,random,0x19d411000,0x1a0aa1000,0x3deb0000,random,1,258.32,62.1
2867,random,0x19d411000,0x1a0aa1000,0x3deb0000,random,2,258.59,62.5
2868,random,0x19d411000,0x1a981e000,0x34c0f000,random,0,263.26,80.0
2868,random,0x19d411000,0x1a981e000,0x34c0f000,random,1,263.99,80.0
2868,random,0x19d411000,0x1a981e000,0x34c0f000,random,2,264.00,80.1
2869,random,0x19d411000,0x18b1a5000,0x165b4000,random,0,252.60,61.2
2869,random,0x19d411000,0x18b1a5000,0x165b4000,random,1,252.00,61.2
2869,random,0x19d411000,0x18b1a5000,0x165b4000,random,2,252.00,61.2
2870,random,0x19d411000,0x1b5e81000,0x28a90000,random,0,257.80,62.1
2870,random,0x19d411000,0x1b5e81000,0x28a90000,random,1,258.91,62.1
2870,random,0x19d411000,0x1b5e81000,0x28a90000,random,2,258.93,62.1
2871,random,0x19d411000,0x1b455d000,0x2914c000,random,0,258.93,62.2
2871,random,0x19d411000,0x1b455d000,0x2914c000,random,1,259.25,62.0
2871,random,0x19d411000,0x1b455d000,0x2914c000,random,2,259.28,62.0
2872,random,0x19d411000,0x19e323000,0x3732000,random,0,263.10,79.9
2872,random,0x19d411000,0x19e323000,0x3732000,random,1,263.98,80.0
2872,random,0x19d411000,0x19e323000,0x3732000,random,2,264.00,80.0
2873,random,0x19d411000,0x1886d3000,0x152c2000,random,0,264.00,80.4
2873,random,0x19d411000,0x1886d3000,0x152c2000,random,1,264.00,80.4
2873,random,0x19d411000,0x1886d3000,0x152c2000,random,2,264.00,80.5
2874,random,0x19d411000,0x193049000,0xe458000,random,0,258.78,62.4
2874,random,0x19d411000,0x193049000,0xe458000,random,1,258.10,62.4
2874,random,0x19d411000,0x193049000,0xe458000,random,2,258.45,62.4
2875,random,0x19d411000,0xbace2000,0x1278f3000,random,0,263.23,79.9
2875,random,0x19d411000,0xbace2000,0x1278f3000,random,1,264.00,80.0
2875,random,0x19d411000,0xbace2000,0x1278f3000,random,2,264.00,79.7
2876,random,0x19d411000,0x195b50000,0x8f41000,random,0,264.00,80.4
2876,random,0x19d411000,0x195b50000,0x8f41000,random,1,264.00,80.3
2876,random,0x19d411000,0x195b50000,0x8f41000,random,2,264.00,80.4
2877,random,0x19d411000,0x1b79c9000,0x2add8000,random,0,258.77,61.8
2877,random,0x19d411000,0x1b79c9000,0x2add8000,random,1,257.83,61.8
2877,random,0x19d411000,0x1b79c9000,0x2add8000,random,2,257.73,61.8
2878,random,0x19d411000,0x1b21ea000,0x2f5fb000,random,0,263.43,80.5
2878,random,0x19d411000,0x1b21ea000,0x2f5fb000,random,1,264.00,80.5
2878,random,0x19d411000,0x1b21ea000,0x2f5fb000,random,2,264.00,80.5
2879,random,0x19d411000,0x1a406a000,0x3947b000,random,0,256.33,79.2
2879,random,0x19d411000,0x1a406a000,0x3947b000,random,1,256.00,79.2
2879,random,0x19d411000,0x1a406a000,0x3947b000,random,2,256.00,79.2
2880,random,0x19d411000,0x1ae4b0000,0x330a1000,random,0,263.05,80.3
2880,random,0x19d411000,0x1ae4b0000,0x330a1000,random,1,264.00,80.4
2880,random,0x19d411000,0x1ae4b0000,0x330a1000,random,2,264.00,80.4
2881,random,0x19d411000,0x18c2b7000,0x116a6000,random,0,264.00,80.4
2881,random,0x19d411000,0x18c2b7000,0x116a6000,random,1,264.00,80.4
2881,random,0x19d411000,0x18c2b7000,0x116a6000,random,2,264.00,80.5
2882,random,0x19d411000,0xba5e7000,0x1271f6000,random,0,264.00,80.5
2882,random,0x19d411000,0xba5e7000,0x1271f6000,random,1,264.00,80.5
2882,random,0x19d411000,0xba5e7000,0x1271f6000,random,2,264.00,80.7
2883,random,0x19d411000,0x1a1f04000,0x3cb15000,random,0,263.92,80.0
2883,random,0x19d411000,0x1a1f04000,0x3cb15000,random,1,263.96,80.0
2883,random,0x19d411000,0x1a1f04000,0x3cb15000,random,2,264.00,80.1
2884,random,0x19d411000,0xf9800000,0x164c11000,random,0,257.39,76.1
2884,random,0x19d411000,0xf9800000,0x164c11000,random,1,256.63,76.2
2884,random,0x19d411000,0xf9800000,0x164c11000,random,2,256.47,76.2
2885,random,0x19d411000,0x18f4e0000,0x120f1000,random,0,256.00,79.1
2885,random,0x19d411000,0x18f4e0000,0x120f1000,random,1,256.00,79.2
2885,random,0x19d411000,0x18f4e0000,0x120f1000,random,2,256.00,79.2
2886,random,0x19d411000,0x186d96000,0x1b987000,random,0,256.00,66.2
2886,random,0x19d411000,0x186d96000,0x1b987000,random,1,256.00,66.2
2886,random,0x19d411000,0x186d96000,0x1b987000,random,2,256.00,66.2
2887,random,0x19d411000,0xb786c000,0x12ac7d000,random,0,256.40,76.3
2887,random,0x19d411000,0xb786c000,0x12ac7d000,random,1,257.09,76.2
2887,random,0x19d411000,0xb786c000,0x12ac7d000,random,2,257.12,76.3
2888,random,0x19d411000,0x1b0a73000,0x2de62000,random,0,263.23,80.5
2888,random,0x19d411000,0x1b0a73000,0x2de62000,random,1,264.00,80.3
2888,random,0x19d411000,0x1b0a73000,0x2de62000,random,2,264.00,80.1
2889,random,0x19d411000,0x18693e000,0x1bd2f000,random,0,264.00,80.3
2889,random,0x19d411000,0x18693e000,0x1bd2f000,random,1,264.00,80.4
2889,random,0x19d411000,0x18693e000,0x1bd2f000,random,2,264.00,79.9
2890,random,0x19d411000,0xbd8f8000,0x120ce9000,random,0,264.00,80.2
2890,random,0x19d411000,0xbd8f8000,0x120ce9000,random,1,264.00,80.4
2890,random,0x19d411000,0xbd8f8000,0x120ce9000,random,2,264.00,80.2
2891,random,0x19d411000,0x19085e000,0xdc4f000,random,0,264.00,79.9
2891,random,0x19d411000,0x19085e000,0xdc4f000,random,1,264.00,79.8
2891,random,0x19d411000,0x19085e000,0xdc4f000,random,2,264.00,79.9
2892,random,0x19d411000,0x1a762d000,0x3a23c000,random,0,259.26,62.3
2892,random,0x19d411000,0x1a762d000,0x3a23c000,random,1,259.15,62.2
2892,random,0x19d411000,0x1a762d000,0x3a23c000,random,2,258.65,62.0
2893,random,0x19d411000,0x19d680000,0x291000,random,0,263.40,80.3
2893,random,0x19d411000,0x19d680000,0x291000,random,1,264.00,80.4
2893,random,0x19d411000,0x19d680000,0x291000,random,2,264.00,80.1
2894,random,0x19d411000,0xae11c000,0x13350d000,random,0,258.18,76.3
2894,random,0x19d411000,0xae11c000,0x13350d000,random,1,257.18,76.3
2894,random,0x19d411000,0xae11c000,0x13350d000,random,2,256.84,76.2
2895,random,0x19d411000,0xb5bec000,0x128ffd000,random,0,263.35,80.2
2895,random,0x19d411000,0xb5bec000,0x128ffd000,random,1,264.00,80.2
2895,random,0x19d411000,0xb5bec000,0x128ffd000,random,2,264.00,80.5
2896,random,0x19d411000,0xb70e9000,0x12a4f8000,random,0,259.36,62.0
2896,random,0x19d411000,0xb70e9000,0x12a4f8000,random,1,259.22,62.1
2896,random,0x19d411000,0xb70e9000,0x12a4f8000,random,2,259.08,61.9
2897,random,0x19d411000,0x191fb8000,0xcba9000,random,0,263.44,80.5
2897,random,0x19d411000,0x191fb8000,0xcba9000,random,1,264.00,80.3
2897,random,0x19d411000,0x191fb8000,0xcba9000,random,2,264.00,80.4
2898,random,0x19d411000,0x189493000,0x14082000,random,0,264.00,80.4
2898,random,0x19d411000,0x189493000,0x14082000,random,1,264.00,80.3
2898,random,0x19d411000,0x189493000,0x14082000,random,2,264.00,80.4
2899,random,0x19d411000,0x194948000,0x9d59000,random,0,264.00,80.3
2899,random,0x19d411000,0x194948000,0x9d59000,random,1,264.00,80.4
2899,random,0x19d411000,0x194948000,0x9d59000,random,2,264.00,80.3
2900,random,0x19d411000,0x19c66d000,0x127c000,random,0,258.37,61.8
2900,random,0x19d411000,0x19c66d000,0x127c000,random,1,257.67,61.8
2900,random,0x19d411000,0x19c66d000,0x127c000,random,2,257.85,61.7
2901,random,0x19d411000,0x1881e4000,0x155f5000,random,0,263.55,80.2
2901,random,0x19d411000,0x1881e4000,0x155f5000,random,1,264.00,80.4
2901,random,0x19d411000,0x1881e4000,0x155f5000,random,2,264.00,80.2
2902,random,0x19d411000,0x191e2e000,0xca3f000,random,0,264.00,80.0
2902,random,0x19d411000,0x191e2e000,0xca3f000,random,1,264.00,79.9
2902,random,0x19d411000,0x191e2e000,0xca3f000,random,2,264.00,80.1
2903,random,0x19d411000,0x23938f000,0x3a479e000,random,0,264.00,80.5
2903,random,0x19d411000,0x23938f000,0x3a479e000,random,1,264.00,80.4
2903,random,0x19d411000,0x23938f000,0x3a479e000,random,2,264.00,80.5
2904,random,0x19d411000,0x18d9c7000,0x10dd6000,random,0,264.00,80.0
2904,random,0x19d411000,0x18d9c7000,0x10dd6000,random,1,264.00,80.0
2904,random,0x19d411000,0x18d9c7000,0x10dd6000,random,2,264.00,80.0
2905,random,0x19d411000,0x1a5f86000,0x38b97000,random,0,264.00,79.5
2905,random,0x19d411000,0x1a5f86000,0x38b97000,random,1,264.00,80.0
2905,random,0x19d411000,0x1a5f86000,0x38b97000,random,2,264.00,80.0
2906,random,0x19d411000,0x1af3ed000,0x327fc000,random,0,252.67,61.2
2906,random,0x19d411000,0x1af3ed000,0x327fc000,random,1,252.00,61.2
2906,random,0x19d411000,0x1af3ed000,0x327fc000,random,2,252.00,61.2
2907,random,0x19d411000,0xbe7a4000,0x1233b5000,random,0,256.62,76.3
2907,random,0x19d411000,0xbe7a4000,0x1233b5000,random,1,257.72,76.2
2907,random,0x19d411000,0xbe7a4000,0x1233b5000,random,2,257.53,76.3
2908,random,0x19d411000,0x1a581e000,0x38c0f000,random,0,263.44,80.4
2908,random,0x19d411000,0x1a581e000,0x38c0f000,random,1,264.00,80.4
2908,random,0x19d411000,0x1a581e000,0x38c0f000,random,2,264.00,80.4
2909,random,0x19d411000,0x1aa4a6000,0x370b7000,random,0,264.00,80.4
2909,random,0x19d411000,0x1aa4a6000,0x370b7000,random,1,264.00,80.2
2909,random,0x19d411000,0x1aa4a6000,0x370b7000,random,2,264.00,80.4
2910,random,0x19d411000,0x18d55e000,0x1014f000,random,0,264.00,80.4
2910,random,0x19d411000,0x18d55e000,0x1014f000,random,1,264.00,80.3
2910,random,0x19d411000,0x18d55e000,0x1014f000,random,2,264.00,80.2
2911,random,0x19d411000,0x19af9d000,0x7b8c000,random,0,252.69,61.2
2911,random,0x19d411000,0x19af9d000,0x7b8c000,random,1,252.00,61.2
2911,random,0x19d411000,0x19af9d000,0x7b8c000,random,2,252.00,61.2
2912,random,0x19d411000,0x1b386e000,0x2ec7f000,random,0,262.78,80.4
2912,random,0x19d411000,0x1b386e000,0x2ec7f000,random,1,264.00,80.4
2912,random,0x19d411000,0x1b386e000,0x2ec7f000,random,2,264.00,80.3
2913,random,0x19d411000,0x1b811e000,0x2550f000,random,0,264.00,80.3
2913,random,0x19d411000,0x1b811e000,0x2550f000,random,1,264.00,80.2
2913,random,0x19d411000,0x1b811e000,0x2550f000,random,2,264.00,80.4
2914,random,0x19d411000,0x18472a000,0x1933b000,random,0,264.00,80.4
2914,random,0x19d411000,0x18472a000,0x1933b000,random,1,264.00,80.3
2914,random,0x19d411000,0x18472a000,0x1933b000,random,2,264.00,80.6
2915,random,0x19d411000,0xbc49e000,0x12108f000,random,0,264.00,80.5
2915,random,0x19d411000,0xbc49e000,0x12108f000,random,1,264.00,80.3
2915,random,0x19d411000,0xbc49e000,0x12108f000,random,2,264.00,80.5
2916,random,0x19d411000,0x19070d000,0xd31c000,random,0,259.56,62.1
2916,random,0x19d411000,0x19070d000,0xd31c000,random,1,259.31,62.1
2916,random,0x19d411000,0x19070d000,0xd31c000,random,2,259.33,62.1
2917,random,0x19d411000,0x1878cf000,0x1acde000,random,0,263.27,80.0
2917,random,0x19d411000,0x1878cf000,0x1acde000,random,1,264.00,79.8
2917,random,0x19d411000,0x1878cf000,0x1acde000,random,2,264.00,79.7
2918,random,0x19d411000,0xbd4f7000,0x1200e6000,random,0,264.00,79.7
2918,random,0x19d411000,0xbd4f7000,0x1200e6000,random,1,264.00,80.0
2918,random,0x19d411000,0xbd4f7000,0x1200e6000,random,2,264.00,80.0
2919,random,0x19d411000,0x18a10a000,0x1751b000,random,0,264.00,80.5
2919,random,0x19d411000,0x18a10a000,0x1751b000,random,1,264.00,80.5
2919,random,0x19d411000,0x18a10a000,0x1751b000,random,2,264.00,80.5
2920,random,0x19d411000,0xad72d000,0x13033c000,random,0,259.21,62.3
2920,random,0x19d411000,0xad72d000,0x13033c000,random,1,259.16,62.4
2920,random,0x19d411000,0xad72d000,0x13033c000,random,2,259.07,62.4
2921,random,0x19d411000,0x18983b000,0x14c2a000,random,0,263.38,80.3
2921,random,0x19d411000,0x18983b000,0x14c2a000,random,1,264.00,80.2
2921,random,0x19d411000,0x18983b000,0x14c2a000,random,2,264.00,80.0
2922,random,0x19d411000,0xb1936000,0x12cd27000,random,0,264.00,80.1
2922,random,0x19d411000,0xb1936000,0x12cd27000,random,1,264.00,80.3
2922,random,0x19d411000,0xb1936000,0x12cd27000,random,2,264.00,80.3
2923,random,0x19d411000,0xbafa3000,0x127bb2000,random,0,264.00,80.2
2923,random,0x19d411000,0xbafa3000,0x127bb2000,random,1,264.00,80.3
2923,random,0x19d411000,0xbafa3000,0x127bb2000,random,2,264.00,80.2
2924,random,0x19d411000,0xbe2b8000,0x1236a9000,random,0,264.00,80.2
2924,random,0x19d411000,0xbe2b8000,0x1236a9000,random,1,264.00,80.2
2924,random,0x19d411000,0xbe2b8000,0x1236a9000,random,2,264.00,80.1
2925,random,0x19d411000,0x1a5cf8000,0x388e9000,random,0,264.00,80.3
2925,random,0x19d411000,0x1a5cf8000,0x388e9000,random,1,264.00,80.4
2925,random,0x19d411000,0x1a5cf8000,0x388e9000,random,2,264.00,80.5
2926,random,0x19d411000,0xb1c7c000,0x12c86d000,random,0,264.00,80.2
2926,random,0x19d411000,0xb1c7c000,0x12c86d000,random,1,264.00,80.5
2926,random,0x19d411000,0xb1c7c000,0x12c86d000,random,2,264.00,80.5
2927,random,0x19d411000,0xaf48d000,0x13209c000,random,0,259.47,62.1
2927,random,0x19d411000,0xaf48d000,0x13209c000,random,1,259.06,62.1
2927,random,0x19d411000,0xaf48d000,0x13209c000,random,2,259.24,62.1
2928,random,0x19d411000,0x1b4dc1000,0x299d0000,random,0,252.31,61.2
2928,random,0x19d411000,0x1b4dc1000,0x299d0000,random,1,252.00,61.2
2928,random,0x19d411000,0x1b4dc1000,0x299d0000,random,2,252.00,61.2
2929,random,0x19d411000,0x1a29ef000,0x3fdfe000,random,0,255.61,79.2
2929,random,0x19d411000,0x1a29ef000,0x3fdfe000,random,1,256.00,79.2
2929,random,0x19d411000,0x1a29ef000,0x3fdfe000,random,2,256.00,79.2
2930,random,0x19d411000,0x1a6691000,0x3b280000,random,0,252.13,61.1
2930,random,0x19d411000,0x1a6691000,0x3b280000,random,1,252.00,61.1
2930,random,0x19d411000,0x1a6691000,0x3b280000,random,2,252.00,61.2
2931,random,0x19d411000,0x19a2fd000,0x76ec000,random,0,252.00,61.2
2931,random,0x19d411000,0x19a2fd000,0x76ec000,random,1,252.00,61.2
2931,random,0x19d411000,0x19a2fd000,0x76ec000,random,2,252.00,61.2
2932,random,0x19d411000,0x1a7ce2000,0x3a8f3000,random,0,255.66,79.2
2932,random,0x19d411000,0x1a7ce2000,0x3a8f3000,random,1,256.00,78.7
2932,random,0x19d411000,0x1a7ce2000,0x3a8f3000,random,2,256.00,79.2
2933,random,0x19d411000,0x1b55cf000,0x281de000,random,0,256.00,66.2
2933,random,0x19d411000,0x1b55cf000,0x281de000,random,1,256.00,66.2
2933,random,0x19d411000,0x1b55cf000,0x281de000,random,2,256.00,66.2
2934,random,0x19d411000,0xb1b85000,0x12cf94000,random,0,258.23,62.3
2934,random,0x19d411000,0xb1b85000,0x12cf94000,random,1,259.17,62.3
2934,random,0x19d411000,0xb1b85000,0x12cf94000,random,2,259.00,62.2
2935,random,0x19d411000,0x1b27b7000,0x2f3a6000,random,0,263.40,80.4
2935,random,0x19d411000,0x1b27b7000,0x2f3a6000,random,1,264.00,80.3
2935,random,0x19d411000,0x1b27b7000,0x2f3a6000,random,2,264.00,80.4
2936,random,0x19d411000,0x1a4424000,0x39035000,random,0,264.00,79.9
2936,random,0x19d411000,0x1a4424000,0x39035000,random,1,264.00,80.0
2936,random,0x19d411000,0x1a4424000,0x39035000,random,2,264.00,79.9
2937,random,0x19d411000,0x1903e0000,0xd7f1000,random,0,264.00,80.6
2937,random,0x19d411000,0x1903e0000,0xd7f1000,random,1,264.00,80.4
2937,random,0x19d411000,0x1903e0000,0xd7f1000,random,2,264.00,80.3
2938,random,0x19d411000,0x19e0ac000,0x34bd000,random,0,264.00,80.4
2938,random,0x19d411000,0x19e0ac000,0x34bd000,random,1,264.00,80.4
2938,random,0x19d411000,0x19e0ac000,0x34bd000,random,2,264.00,80.2
2939,random,0x19d411000,0x18ebcc000,0x13fdd000,random,0,264.00,80.4
2939,random,0x19d411000,0x18ebcc000,0x13fdd000,random,1,264.00,80.4
2939,random,0x19d411000,0x18ebcc000,0x13fdd000,random,2,264.00,80.4
2940,random,0x19d411000,0x184657000,0x19246000,random,0,256.33,79.2
2940,random,0x19d411000,0x184657000,0x19246000,random,1,256.00,79.2
2940,random,0x19d411000,0x184657000,0x19246000,random,2,256.00,79.2
2941,random,0x19d411000,0x1aa319000,0x37708000,random,0,257.39,61.8
2941,random,0x19d411000,0x1aa319000,0x37708000,random,1,258.32,61.8
2941,random,0x19d411000,0x1aa319000,0x37708000,random,2,258.13,61.8
2942,random,0x19d411000,0x1a8878000,0x35c69000,random,0,256.00,79.2
2942,random,0x19d411000,0x1a8878000,0x35c69000,random,1,256.00,79.2
2942,random,0x19d411000,0x1a8878000,0x35c69000,random,2,256.00,79.0
2943,random,0x19d411000,0xbc77d000,0x12136c000,random,0,258.59,61.8
2943,random,0x19d411000,0xbc77d000,0x12136c000,random,1,259.26,61.8
2943,random,0x19d411000,0xbc77d000,0x12136c000,random,2,259.17,61.8
2944,random,0x19d411000,0xb9877000,0x124c66000,random,0,263.38,80.0
2944,random,0x19d411000,0xb9877000,0x124c66000,random,1,264.00,79.9
2944,random,0x19d411000,0xb9877000,0x124c66000,random,2,264.00,80.0
2945,random,0x19d411000,0x1a93b3000,0x347a2000,random,0,264.00,80.3
2945,random,0x19d411000,0x1a93b3000,0x347a2000,random,1,264.00,80.3
2945,random,0x19d411000,0x1a93b3000,0x347a2000,random,2,264.00,80.4
2946,random,0x19d411000,0xbb508000,0x126119000,random,0,264.00,79.9
2946,random,0x19d411000,0xbb508000,0x126119000,random,1,264.00,80.0
2946,random,0x19d411000,0xbb508000,0x126119000,random,2,264.00,80.0
2947,random,0x19d411000,0x184b23000,0x19f32000,random,0,264.00,80.4
2947,random,0x19d411000,0x184b23000,0x19f32000,random,1,264.00,80.4
2947,random,0x19d411000,0x184b23000,0x19f32000,random,2,264.00,80.3
2948,random,0x19d411000,0x1add91000,0x30980000,random,0,259.03,62.4
2948,random,0x19d411000,0x1add91000,0x30980000,random,1,258.73,62.4
2948,random,0x19d411000,0x1add91000,0x30980000,random,2,258.94,62.4
2949,random,0x19d411000,0x1b25b1000,0x2f1a0000,random,0,252.31,61.2
2949,random,0x19d411000,0x1b25b1000,0x2f1a0000,random,1,252.00,61.2
2949,random,0x19d411000,0x1b25b1000,0x2f1a0000,random,2,252.00,61.2
2950,random,0x19d411000,0x18bd3c000,0x1692d000,random,0,262.72,80.4
2950,random,0x19d411000,0x18bd3c000,0x1692d000,random,1,264.00,80.4
2950,random,0x19d411000,0x18bd3c000,0x1692d000,random,2,264.00,80.2
2951,random,0x19d411000,0x1b61bd000,0x2b5ac000,random,0,259.54,62.0
2951,random,0x19d411000,0x1b61bd000,0x2b5ac000,random,1,259.29,62.0
2951,random,0x19d411000,0x1b61bd000,0x2b5ac000,random,2,259.40,62.1
2952,random,0x19d411000,0x184cbc000,0x198ad000,random,0,263.31,80.4
2952,random,0x19d411000,0x184cbc000,0x198ad000,random,1,264.00,80.4
2952,random,0x19d411000,0x184cbc000,0x198ad000,random,2,264.00,80.5
2953,random,0x19d411000,0x1a4808000,0x39c19000,random,0,256.34,79.2
2953,random,0x19d411000,0x1a4808000,0x39c19000,random,1,256.00,79.2
2953,random,0x19d411000,0x1a4808000,0x39c19000,random,2,256.00,79.2
2954,random,0x19d411000,0xbab1d000,0x127f0c000,random,0,258.41,62.4
2954,random,0x19d411000,0xbab1d000,0x127f0c000,random,1,258.76,62.3
2954,random,0x19d411000,0xbab1d000,0x127f0c000,random,2,259.00,62.4
2955,random,0x19d411000,0x1a7995000,0x3ad84000,random,0,258.15,61.8
2955,random,0x19d411000,0x1a7995000,0x3ad84000,random,1,258.77,61.7
2955,random,0x19d411000,0x1a7995000,0x3ad84000,random,2,258.52,61.8
2956,random,0x19d411000,0x18f48a000,0x1209b000,random,0,263.51,80.4
2956,random,0x19d411000,0x18f48a000,0x1209b000,random,1,264.00,80.4
2956,random,0x19d411000,0x18f48a000,0x1209b000,random,2,264.00,80.5
2957,random,0x19d411000,0xaf086000,0x132497000,random,0,264.00,79.9
2957,random,0x19d411000,0xaf086000,0x132497000,random,1,264.00,80.0
2957,random,0x19d411000,0xaf086000,0x132497000,random,2,264.00,80.0
2958,random,0x19d411000,0x1b56df000,0x282ce000,random,0,264.00,80.5
2958,random,0x19d411000,0x1b56df000,0x282ce000,random,1,264.00,80.5
2958,random,0x19d411000,0x1b56df000,0x282ce000,random,2,264.00,80.5
2959,random,0x19d411000,0x18d11a000,0x1050b000,random,0,264.00,80.5
2959,random,0x19d411000,0x18d11a000,0x1050b000,random,1,264.00,80.3
2959,random,0x19d411000,0x18d11a000,0x1050b000,random,2,264.00,80.2
2960,random,0x19d411000,0xbafbe000,0x127baf000,random,0,264.00,80.0
2960,random,0x19d411000,0xbafbe000,0x127baf000,random,1,264.00,80.1
2960,random,0x19d411000,0xbafbe000,0x127baf000,random,2,264.00,80.2
2961,random,0x19d411000,0x1a4cf9000,0x398e8000,random,0,259.70,62.1
2961,random,0x19d411000,0x1a4cf9000,0x398e8000,random,1,259.27,62.1
2961,random,0x19d411000,0x1a4cf9000,0x398e8000,random,2,259.27,62.1
2962,random,0x19d411000,0x1a6125000,0x3b534000,random,0,259.33,62.2
2962,random,0x19d411000,0x1a6125000,0x3b534000,random,1,259.40,62.1
2962,random,0x19d411000,0x1a6125000,0x3b534000,random,2,259.28,62.1
2963,random,0x19d411000,0x1a02de000,0x3d6cf000,random,0,256.00,79.1
2963,random,0x19d411000,0x1a02de000,0x3d6cf000,random,1,256.00,79.1
2963,random,0x19d411000,0x1a02de000,0x3d6cf000,random,2,256.00,78.8
2964,random,0x19d411000,0xb58ed000,0x128cfc000,random,0,254.94,61.2
2964,random,0x19d411000,0xb58ed000,0x128cfc000,random,1,254.72,61.2
2964,random,0x19d411000,0xb58ed000,0x128cfc000,random,2,254.42,61.2
2965,random,0x19d411000,0x187119000,0x1a508000,random,0,252.00,61.2
2965,random,0x19d411000,0x187119000,0x1a508000,random,1,252.00,61.2
2965,random,0x19d411000,0x187119000,0x1a508000,random,2,252.00,61.2
2966,random,0x19d411000,0x19a220000,0x7631000,random,0,255.60,79.1
2966,random,0x19d411000,0x19a220000,0x7631000,random,1,256.00,79.1
2966,random,0x19d411000,0x19a220000,0x7631000,random,2,256.00,78.3
2967,random,0x19d411000,0x18c545000,0x11154000,random,0,258.41,62.1
2967,random,0x19d411000,0x18c545000,0x11154000,random,1,258.88,62.0
2967,random,0x19d411000,0x18c545000,0x11154000,random,2,259.01,62.1
2968,random,0x19d411000,0xb07c0000,0x12d3d1000,random,0,263.41,79.8
2968,random,0x19d411000,0xb07c0000,0x12d3d1000,random,1,264.00,79.9
2968,random,0x19d411000,0xb07c0000,0x12d3d1000,random,2,264.00,79.9
2969,random,0x19d411000,0xbca82000,0x121e93000,random,0,264.00,80.0
2969,random,0x19d411000,0xbca82000,0x121e93000,random,1,264.00,79.9
2969,random,0x19d411000,0xbca82000,0x121e93000,random,2,264.00,80.0
2970,random,0x19d411000,0x19a620000,0x7231000,random,0,264.00,80.4
2970,random,0x19d411000,0x19a620000,0x7231000,random,1,264.00,80.5
2970,random,0x19d411000,0x19a620000,0x7231000,random,2,264.00,80.3
2971,random,0x19d411000,0xb0a52000,0x12de43000,random,0,257.38,76.2
2971,random,0x19d411000,0xb0a52000,0x12de43000,random,1,256.88,76.2
2971,random,0x19d411000,0xb0a52000,0x12de43000,random,2,256.94,76.3
2972,random,0x19d411000,0x1a7dc3000,0x3a9d2000,random,0,256.00,78.9
2972,random,0x19d411000,0x1a7dc3000,0x3a9d2000,random,1,256.00,79.0
2972,random,0x19d411000,0x1a7dc3000,0x3a9d2000,random,2,256.00,79.1
2973,random,0x19d411000,0x189968000,0x14d79000,random,0,263.12,80.0
2973,random,0x19d411000,0x189968000,0x14d79000,random,1,264.00,80.0
2973,random,0x19d411000,0x189968000,0x14d79000,random,2,264.00,80.0
2974,random,0x19d411000,0xafabc000,0x132ead000,random,0,264.00,79.9
2974,random,0x19d411000,0xafabc000,0x132ead000,random,1,264.00,80.1
2974,random,0x19d411000,0xafabc000,0x132ead000,random,2,264.00,79.9
2975,random,0x19d411000,0x19a5d9000,0x71c8000,random,0,252.68,61.2
2975,random,0x19d411000,0x19a5d9000,0x71c8000,random,1,252.00,61.2
2975,random,0x19d411000,0x19a5d9000,0x71c8000,random,2,252.00,61.2
2976,random,0x19d411000,0x1afe2a000,0x32a3b000,random,0,262.73,80.4
2976,random,0x19d411000,0x1afe2a000,0x32a3b000,random,1,264.00,80.1
2976,random,0x19d411000,0x1afe2a000,0x32a3b000,random,2,264.00,80.4
2977,random,0x19d411000,0xad8b1000,0x130ca0000,random,0,259.42,61.8
2977,random,0x19d411000,0xad8b1000,0x130ca0000,random,1,259.03,61.8
2977,random,0x19d411000,0xad8b1000,0x130ca0000,random,2,258.76,61.8
2978,random,0x19d411000,0x19c20c000,0x161d000,random,0,263.33,79.9
2978,random,0x19d411000,0x19c20c000,0x161d000,random,1,263.96,79.8
2978,random,0x19d411000,0x19c20c000,0x161d000,random,2,264.00,79.9
2979,random,0x19d411000,0xb73ff000,0x12a7ee000,random,0,264.00,80.2
2979,random,0x19d411000,0xb73ff000,0x12a7ee000,random,1,264.00,80.4
2979,random,0x19d411000,0xb73ff000,0x12a7ee000,random,2,264.00,80.1
2980,random,0x19d411000,0x186cc6000,0x1b8d7000,random,0,264.00,80.1
2980,random,0x19d411000,0x186cc6000,0x1b8d7000,random,1,264.00,80.0
2980,random,0x19d411000,0x186cc6000,0x1b8d7000,random,2,264.00,80.0
2981,random,0x19d411000,0x1a6c57000,0x3b846000,random,0,264.00,80.4
2981,random,0x19d411000,0x1a6c57000,0x3b846000,random,1,264.00,80.3
2981,random,0x19d411000,0x1a6c57000,0x3b846000,random,2,264.00,80.4
2982,random,0x19d411000,0x1a5bd1000,0x38fc0000,random,0,252.65,61.2
2982,random,0x19d411000,0x1a5bd1000,0x38fc0000,random,1,252.00,61.2
2982,random,0x19d411000,0x1a5bd1000,0x38fc0000,random,2,252.00,61.2
2983,random,0x19d411000,0x188a91000,0x15e80000,random,0,258.06,62.0
2983,random,0x19d411000,0x188a91000,0x15e80000,random,1,259.31,62.0
2983,random,0x19d411000,0x188a91000,0x15e80000,random,2,259.02,62.0
2984,random,0x19d411000,0x1903e8000,0xd7f9000,random,0,263.34,80.4
2984,random,0x19d411000,0x1903e8000,0xd7f9000,random,1,264.00,80.1
2984,random,0x19d411000,0x1903e8000,0xd7f9000,random,2,264.00,80.3
2985,random,0x19d411000,0x19bafa000,0x6eeb000,random,0,256.35,78.9
2985,random,0x19d411000,0x19bafa000,0x6eeb000,random,1,256.00,78.5
2985,random,0x19d411000,0x19bafa000,0x6eeb000,random,2,256.00,78.8
2986,random,0x19d411000,0x1ad535000,0x30124000,random,0,258.66,62.1
2986,random,0x19d411000,0x1ad535000,0x30124000,random,1,259.23,62.1
2986,random,0x19d411000,0x1ad535000,0x30124000,random,2,259.11,62.1
2987,random,0x19d411000,0x1a08c8000,0x3dcd9000,random,0,256.00,79.1
2987,random,0x19d411000,0x1a08c8000,0x3dcd9000,random,1,256.00,79.1
2987,random,0x19d411000,0x1a08c8000,0x3dcd9000,random,2,256.00,79.1
2988,random,0x19d411000,0xb9426000,0x124037000,random,0,263.01,80.0
2988,random,0x19d411000,0xb9426000,0x124037000,random,1,264.00,80.1
2988,random,0x19d411000,0xb9426000,0x124037000,random,2,264.00,79.9
2989,random,0x19d411000,0x1abb9d000,0x36f8c000,random,0,259.52,61.9
2989,random,0x19d411000,0x1abb9d000,0x36f8c000,random,1,259.40,62.1
2989,random,0x19d411000,0x1abb9d000,0x36f8c000,random,2,259.16,62.1
2990,random,0x19d411000,0x1aaaf0000,0x37ee1000,random,0,263.30,80.0
2990,random,0x19d411000,0x1aaaf0000,0x37ee1000,random,1,264.00,79.7
2990,random,0x19d411000,0x1aaaf0000,0x37ee1000,random,2,264.00,80.1
2991,random,0x19d411000,0xb58d1000,0x128cc0000,random,0,255.27,61.2
2991,random,0x19d411000,0xb58d1000,0x128cc0000,random,1,254.29,61.1
2991,random,0x19d411000,0xb58d1000,0x128cc0000,random,2,253.88,61.2
2992,random,0x19d411000,0x195765000,0x8374000,random,0,258.04,62.0
2992,random,0x19d411000,0x195765000,0x8374000,random,1,259.00,62.0
2992,random,0x19d411000,0x195765000,0x8374000,random,2,259.10,62.0
2993,random,0x19d411000,0xb0ec4000,0x12dad5000,random,0,263.37,80.0
2993,random,0x19d411000,0xb0ec4000,0x12dad5000,random,1,264.00,80.2
2993,random,0x19d411000,0xb0ec4000,0x12dad5000,random,2,264.00,80.2
2994,random,0x19d411000,0x1887e3000,0x153f2000,random,0,264.00,80.3
2994,random,0x19d411000,0x1887e3000,0x153f2000,random,1,264.00,80.4
2994,random,0x19d411000,0x1887e3000,0x153f2000,random,2,264.00,80.3
2995,random,0x19d411000,0x1b5ac6000,0x28ed7000,random,0,264.00,80.4
2995,random,0x19d411000,0x1b5ac6000,0x28ed7000,random,1,264.00,80.5
2995,random,0x19d411000,0x1b5ac6000,0x28ed7000,random,2,264.00,80.3
2996,random,0x19d411000,0x19c10d000,0x151c000,random,0,259.01,62.3
2996,random,0x19d411000,0x19c10d000,0x151c000,random,1,258.99,62.4
2996,random,0x19d411000,0x19c10d000,0x151c000,random,2,258.74,62.3
2997,random,0x19d411000,0x1a1712000,0x3c303000,random,0,256.00,79.1
2997,random,0x19d411000,0x1a1712000,0x3c303000,random,1,256.00,79.0
2997,random,0x19d411000,0x1a1712000,0x3c303000,random,2,256.00,79.2
2998,random,0x19d411000,0xad5d4000,0x1301c5000,random,0,263.12,80.3
2998,random,0x19d411000,0xad5d4000,0x1301c5000,random,1,264.00,80.2
2998,random,0x19d411000,0xad5d4000,0x1301c5000,random,2,264.00,80.2
2999,random,0x19d411000,0x1af425000,0x32034000,random,0,259.55,62.4
2999,random,0x19d411000,0x1af425000,0x32034000,random,1,259.00,62.4
2999,random,0x19d411000,0x1af425000,0x32034000,random,2,258.99,62.4
