rep,num_ones,DDR_VDDQ_A_curr_mA,DDR_VDD2_A_curr_mA,t_s,temp_C
0,256,0.0000,35.1335,2.04,49.9
0,256,0.0000,37.0853,2.04,49.9
0,256,0.0000,36.1094,2.04,49.9
0,256,0.0000,34.1576,2.04,49.9
0,256,0.0000,31.2298,2.04,49.9
0,256,0.0000,34.1576,2.04,49.9
0,256,0.0000,35.1335,2.04,49.9
0,256,0.0000,35.1335,2.04,49.9
0,256,0.0000,36.1094,2.04,49.9
0,256,0.0000,37.0853,2.04,49.9
0,0,0.0000,31.2298,4.34,49.9
0,0,0.0000,31.2298,4.34,49.9
0,0,0.0000,30.2538,4.34,49.9
0,0,0.0000,32.2057,4.34,49.9
0,0,0.0000,30.2538,4.34,49.9
0,0,0.0000,28.3020,4.34,49.9
0,0,0.0000,29.2779,4.34,49.9
0,0,0.0000,30.2538,4.34,49.9
0,0,0.0000,30.2538,4.34,49.9
0,0,0.0000,32.2057,4.34,49.9
0,192,0.0000,32.2057,6.74,49.9
0,192,0.0000,33.1816,6.74,49.9
0,192,0.0000,34.1576,6.74,49.9
0,192,0.0000,33.1816,6.74,49.9
0,192,0.0000,35.1335,6.74,49.9
0,192,0.0000,33.1816,6.74,49.9
0,192,0.0000,34.1576,6.74,49.9
0,192,0.0000,33.1816,6.74,49.9
0,192,0.0000,33.1816,6.74,49.9
0,192,0.0000,35.1335,6.74,49.9
0,384,0.0000,37.0853,8.93,50.5
0,384,0.0000,39.0372,8.93,50.5
0,384,0.0000,34.1576,8.93,50.5
0,384,0.0000,34.1576,8.93,50.5
0,384,0.0000,37.0853,8.93,50.5
0,384,0.0000,35.1335,8.93,50.5
0,384,0.0000,36.1094,8.93,50.5
0,384,0.0000,39.0372,8.93,50.5
0,384,0.0000,39.0372,8.93,50.5
0,384,0.0000,35.1335,8.93,50.5
0,448,0.0000,39.0372,11.23,49.4
0,448,0.0000,38.0613,11.23,49.4
0,448,0.0000,38.0613,11.23,49.4
0,448,0.0000,38.0613,11.23,49.4
0,448,0.0000,38.0613,11.23,49.4
0,448,0.0000,40.0131,11.23,49.4
0,448,0.0000,37.0853,11.23,49.4
0,448,0.0000,37.0853,11.23,49.4
0,448,0.0000,38.0613,11.23,49.4
0,448,0.0000,38.0613,11.23,49.4
0,64,0.0000,33.1816,13.52,49.4
0,64,0.0000,33.1816,13.52,49.4
0,64,0.0000,32.2057,13.52,49.4
0,64,0.0000,31.2298,13.52,49.4
0,64,0.0000,33.1816,13.52,49.4
0,64,0.0000,32.2057,13.52,49.4
0,64,0.0000,33.1816,13.52,49.4
0,64,0.0000,34.1576,13.52,49.4
0,64,0.0000,34.1576,13.52,49.4
0,64,0.0000,31.2298,13.52,49.4
0,320,0.0000,34.1576,15.82,51.0
0,320,0.0000,38.0613,15.82,51.0
0,320,0.0000,36.1094,15.82,51.0
0,320,0.0000,35.1335,15.82,51.0
0,320,0.0000,37.0853,15.82,51.0
0,320,0.0000,35.1335,15.82,51.0
0,320,0.0000,35.1335,15.82,51.0
0,320,0.0000,37.0853,15.82,51.0
0,320,0.0000,32.2057,15.82,51.0
0,320,0.0000,36.1094,15.82,51.0
0,512,0.0000,38.0613,18.12,51.0
0,512,0.0000,39.0372,18.12,51.0
0,512,0.0000,39.0372,18.12,51.0
0,512,0.0000,39.0372,18.12,51.0
0,512,0.0000,38.0613,18.12,51.0
0,512,0.0000,37.0853,18.12,51.0
0,512,0.0000,38.0613,18.12,51.0
0,512,0.0000,37.0853,18.12,51.0
0,512,0.0000,40.9891,18.12,51.0
0,512,0.0000,37.0853,18.12,51.0
0,128,0.0000,32.2057,20.41,50.5
0,128,0.0000,32.2057,20.41,50.5
0,128,0.0000,33.1816,20.41,50.5
0,128,0.0000,31.2298,20.41,50.5
0,128,0.0000,34.1576,20.41,50.5
0,128,0.0000,32.2057,20.41,50.5
0,128,0.0000,36.1094,20.41,50.5
0,128,0.0000,31.2298,20.41,50.5
0,128,0.0000,32.2057,20.41,50.5
0,128,0.0000,34.1576,20.41,50.5
1,64,0.0000,34.1576,22.71,50.5
1,64,0.0000,33.1816,22.71,50.5
1,64,0.0000,30.2538,22.71,50.5
1,64,0.0000,30.2538,22.71,50.5
1,64,0.0000,35.1335,22.71,50.5
1,64,0.0000,33.1816,22.71,50.5
1,64,0.0000,33.1816,22.71,50.5
1,64,0.0000,30.2538,22.71,50.5
1,64,0.0000,34.1576,22.71,50.5
1,64,0.0000,33.1816,22.71,50.5
1,320,0.0000,37.0853,24.90,49.4
1,320,0.0000,36.1094,24.90,49.4
1,320,0.0000,36.1094,24.90,49.4
1,320,0.0000,36.1094,24.90,49.4
1,320,0.0000,36.1094,24.90,49.4
1,320,0.0000,34.1576,24.90,49.4
1,320,0.0000,37.0853,24.90,49.4
1,320,0.0000,37.0853,24.90,49.4
1,320,0.0000,38.0613,24.90,49.4
1,320,0.0000,38.0613,24.90,49.4
1,0,0.0000,30.2538,27.20,50.5
1,0,0.0000,30.2538,27.20,50.5
1,0,0.0000,31.2298,27.20,50.5
1,0,0.0000,30.2538,27.20,50.5
1,0,0.0000,31.2298,27.20,50.5
1,0,0.0000,32.2057,27.20,50.5
1,0,0.0000,32.2057,27.20,50.5
1,0,0.0000,32.2057,27.20,50.5
1,0,0.0000,32.2057,27.20,50.5
1,0,0.0000,27.3260,27.20,50.5
1,384,0.0000,36.1094,29.40,49.9
1,384,0.0000,38.0613,29.40,49.9
1,384,0.0000,37.0853,29.40,49.9
1,384,0.0000,34.1576,29.40,49.9
1,384,0.0000,34.1576,29.40,49.9
1,384,0.0000,35.1335,29.40,49.9
1,384,0.0000,36.1094,29.40,49.9
1,384,0.0000,37.0853,29.40,49.9
1,384,0.0000,40.0131,29.40,49.9
1,384,0.0000,38.0613,29.40,49.9
1,448,0.0000,35.1335,31.69,49.9
1,448,0.0000,38.0613,31.69,49.9
1,448,0.0000,39.0372,31.69,49.9
1,448,0.0000,40.0131,31.69,49.9
1,448,0.0000,40.0131,31.69,49.9
1,448,0.0000,40.0131,31.69,49.9
1,448,0.0000,38.0613,31.69,49.9
1,448,0.0000,36.1094,31.69,49.9
1,448,0.0000,39.0372,31.69,49.9
1,448,0.0000,40.0131,31.69,49.9
1,192,0.0000,34.1576,33.99,50.5
1,192,0.0000,32.2057,33.99,50.5
1,192,0.0000,33.1816,33.99,50.5
1,192,0.0000,35.1335,33.99,50.5
1,192,0.0000,34.1576,33.99,50.5
1,192,0.0000,34.1576,33.99,50.5
1,192,0.0000,35.1335,33.99,50.5
1,192,0.0000,36.1094,33.99,50.5
1,192,0.0000,34.1576,33.99,50.5
1,192,0.0000,34.1576,33.99,50.5
1,512,0.0000,41.9650,36.28,49.9
1,512,0.0000,38.0613,36.28,49.9
1,512,0.0000,39.0372,36.28,49.9
1,512,0.0000,37.0853,36.28,49.9
1,512,0.0000,36.1094,36.28,49.9
1,512,0.0000,39.0372,36.28,49.9
1,512,0.0000,38.0613,36.28,49.9
1,512,0.0000,38.0613,36.28,49.9
1,512,0.0000,38.0613,36.28,49.9
1,512,0.0000,40.0131,36.28,49.9
1,256,0.0000,37.0853,38.58,51.0
1,256,0.0000,34.1576,38.58,51.0
1,256,0.0000,36.1094,38.58,51.0
1,256,0.0000,36.1094,38.58,51.0
1,256,0.0000,34.1576,38.58,51.0
1,256,0.0000,35.1335,38.58,51.0
1,256,0.0000,40.0131,38.58,51.0
1,256,0.0000,35.1335,38.58,51.0
1,256,0.0000,34.1576,38.58,51.0
1,256,0.0000,34.1576,38.58,51.0
1,128,0.0000,31.2298,40.88,50.5
1,128,0.0000,36.1094,40.88,50.5
1,128,0.0000,33.1816,40.88,50.5
1,128,0.0000,32.2057,40.88,50.5
1,128,0.0000,33.1816,40.88,50.5
1,128,0.0000,31.2298,40.88,50.5
1,128,0.0000,33.1816,40.88,50.5
1,128,0.0000,32.2057,40.88,50.5
1,128,0.0000,33.1816,40.88,50.5
1,128,0.0000,33.1816,40.88,50.5
2,320,0.0000,37.0853,43.18,49.4
2,320,0.0000,35.1335,43.18,49.4
2,320,0.0000,35.1335,43.18,49.4
2,320,0.0000,38.0613,43.18,49.4
2,320,0.0000,39.0372,43.18,49.4
2,320,0.0000,33.1816,43.18,49.4
2,320,0.0000,36.1094,43.18,49.4
2,320,0.0000,35.1335,43.18,49.4
2,320,0.0000,37.0853,43.18,49.4
2,320,0.0000,37.0853,43.18,49.4
2,192,0.0000,35.1335,45.47,49.9
2,192,0.0000,35.1335,45.47,49.9
2,192,0.0000,35.1335,45.47,49.9
2,192,0.0000,34.1576,45.47,49.9
2,192,0.0000,35.1335,45.47,49.9
2,192,0.0000,35.1335,45.47,49.9
2,192,0.0000,36.1094,45.47,49.9
2,192,0.0000,34.1576,45.47,49.9
2,192,0.0000,36.1094,45.47,49.9
2,192,0.0000,35.1335,45.47,49.9
2,384,0.0000,38.0613,47.87,49.4
2,384,0.0000,36.1094,47.87,49.4
2,384,0.0000,37.0853,47.87,49.4
2,384,0.0000,36.1094,47.87,49.4
2,384,0.0000,37.0853,47.87,49.4
2,384,0.0000,37.0853,47.87,49.4
2,384,0.0000,34.1576,47.87,49.4
2,384,0.0000,37.0853,47.87,49.4
2,384,0.0000,37.0853,47.87,49.4
2,384,0.0000,37.0853,47.87,49.4
2,448,0.0000,38.0613,50.06,48.8
2,448,0.0000,38.0613,50.06,48.8
2,448,0.0000,38.0613,50.06,48.8
2,448,0.0000,37.0853,50.06,48.8
2,448,0.0000,39.0372,50.06,48.8
2,448,0.0000,38.0613,50.06,48.8
2,448,0.0000,40.0131,50.06,48.8
2,448,0.0000,37.0853,50.06,48.8
2,448,0.0000,38.0613,50.06,48.8
2,448,0.0000,40.9891,50.06,48.8
2,0,0.0000,32.2057,52.36,49.9
2,0,0.0000,29.2779,52.36,49.9
2,0,0.0000,30.2538,52.36,49.9
2,0,0.0000,32.2057,52.36,49.9
2,0,0.0000,29.2779,52.36,49.9
2,0,0.0000,30.2538,52.36,49.9
2,0,0.0000,32.2057,52.36,49.9
2,0,0.0000,31.2298,52.36,49.9
2,0,0.0000,31.2298,52.36,49.9
2,0,0.0000,31.2298,52.36,49.9
2,256,0.0000,37.0853,54.66,49.9
2,256,0.0000,34.1576,54.66,49.9
2,256,0.0000,32.2057,54.66,49.9
2,256,0.0000,36.1094,54.66,49.9
2,256,0.0000,34.1576,54.66,49.9
2,256,0.0000,36.1094,54.66,49.9
2,256,0.0000,37.0853,54.66,49.9
2,256,0.0000,35.1335,54.66,49.9
2,256,0.0000,35.1335,54.66,49.9
2,256,0.0000,35.1335,54.66,49.9
2,128,0.0000,34.1576,56.95,49.9
2,128,0.0000,35.1335,56.95,49.9
2,128,0.0000,34.1576,56.95,49.9
2,128,0.0000,33.1816,56.95,49.9
2,128,0.0000,32.2057,56.95,49.9
2,128,0.0000,33.1816,56.95,49.9
2,128,0.0000,32.2057,56.95,49.9
2,128,0.0000,33.1816,56.95,49.9
2,128,0.0000,34.1576,56.95,49.9
2,128,0.0000,34.1576,56.95,49.9
2,512,0.0000,37.0853,59.25,49.9
2,512,0.0000,40.0131,59.25,49.9
2,512,0.0000,39.0372,59.25,49.9
2,512,0.0000,39.0372,59.25,49.9
2,512,0.0000,36.1094,59.25,49.9
2,512,0.0000,38.0613,59.25,49.9
2,512,0.0000,37.0853,59.25,49.9
2,512,0.0000,39.0372,59.25,49.9
2,512,0.0000,37.0853,59.25,49.9
2,512,0.0000,39.0372,59.25,49.9
2,64,0.0000,30.2538,61.54,49.4
2,64,0.0000,31.2298,61.54,49.4
2,64,0.0000,34.1576,61.54,49.4
2,64,0.0000,32.2057,61.54,49.4
2,64,0.0000,31.2298,61.54,49.4
2,64,0.0000,32.2057,61.54,49.4
2,64,0.0000,32.2057,61.54,49.4
2,64,0.0000,34.1576,61.54,49.4
2,64,0.0000,32.2057,61.54,49.4
2,64,0.0000,31.2298,61.54,49.4
3,192,0.0000,36.1094,63.84,50.5
3,192,0.0000,35.1335,63.84,50.5
3,192,0.0000,35.1335,63.84,50.5
3,192,0.0000,34.1576,63.84,50.5
3,192,0.0000,30.2538,63.84,50.5
3,192,0.0000,36.1094,63.84,50.5
3,192,0.0000,34.1576,63.84,50.5
3,192,0.0000,40.0131,63.84,50.5
3,192,0.0000,35.1335,63.84,50.5
3,192,0.0000,35.1335,63.84,50.5
3,320,0.0000,39.0372,66.14,50.5
3,320,0.0000,35.1335,66.14,50.5
3,320,0.0000,37.0853,66.14,50.5
3,320,0.0000,37.0853,66.14,50.5
3,320,0.0000,36.1094,66.14,50.5
3,320,0.0000,35.1335,66.14,50.5
3,320,0.0000,39.0372,66.14,50.5
3,320,0.0000,37.0853,66.14,50.5
3,320,0.0000,37.0853,66.14,50.5
3,320,0.0000,35.1335,66.14,50.5
3,128,0.0000,34.1576,68.54,48.8
3,128,0.0000,33.1816,68.54,48.8
3,128,0.0000,34.1576,68.54,48.8
3,128,0.0000,33.1816,68.54,48.8
3,128,0.0000,35.1335,68.54,48.8
3,128,0.0000,34.1576,68.54,48.8
3,128,0.0000,31.2298,68.54,48.8
3,128,0.0000,32.2057,68.54,48.8
3,128,0.0000,35.1335,68.54,48.8
3,128,0.0000,30.2538,68.54,48.8
3,0,0.0000,32.2057,70.73,49.4
3,0,0.0000,31.2298,70.73,49.4
3,0,0.0000,30.2538,70.73,49.4
3,0,0.0000,32.2057,70.73,49.4
3,0,0.0000,30.2538,70.73,49.4
3,0,0.0000,30.2538,70.73,49.4
3,0,0.0000,28.3020,70.73,49.4
3,0,0.0000,30.2538,70.73,49.4
3,0,0.0000,30.2538,70.73,49.4
3,0,0.0000,32.2057,70.73,49.4
3,256,0.0000,37.0853,73.03,49.4
3,256,0.0000,36.1094,73.03,49.4
3,256,0.0000,36.1094,73.03,49.4
3,256,0.0000,33.1816,73.03,49.4
3,256,0.0000,32.2057,73.03,49.4
3,256,0.0000,38.0613,73.03,49.4
3,256,0.0000,34.1576,73.03,49.4
3,256,0.0000,35.1335,73.03,49.4
3,256,0.0000,38.0613,73.03,49.4
3,256,0.0000,37.0853,73.03,49.4
3,512,0.0000,39.0372,75.32,49.9
3,512,0.0000,35.1335,75.32,49.9
3,512,0.0000,40.0131,75.32,49.9
3,512,0.0000,38.0613,75.32,49.9
3,512,0.0000,36.1094,75.32,49.9
3,512,0.0000,39.0372,75.32,49.9
3,512,0.0000,38.0613,75.32,49.9
3,512,0.0000,37.0853,75.32,49.9
3,512,0.0000,40.9891,75.32,49.9
3,512,0.0000,37.0853,75.32,49.9
3,384,0.0000,39.0372,77.62,48.3
3,384,0.0000,36.1094,77.62,48.3
3,384,0.0000,34.1576,77.62,48.3
3,384,0.0000,37.0853,77.62,48.3
3,384,0.0000,36.1094,77.62,48.3
3,384,0.0000,39.0372,77.62,48.3
3,384,0.0000,35.1335,77.62,48.3
3,384,0.0000,38.0613,77.62,48.3
3,384,0.0000,39.0372,77.62,48.3
3,384,0.0000,38.0613,77.62,48.3
3,64,0.0000,33.1816,79.92,49.9
3,64,0.0000,32.2057,79.92,49.9
3,64,0.0000,32.2057,79.92,49.9
3,64,0.0000,33.1816,79.92,49.9
3,64,0.0000,34.1576,79.92,49.9
3,64,0.0000,32.2057,79.92,49.9
3,64,0.0000,31.2298,79.92,49.9
3,64,0.0000,33.1816,79.92,49.9
3,64,0.0000,30.2538,79.92,49.9
3,64,0.0000,32.2057,79.92,49.9
3,448,0.0000,39.0372,82.21,50.5
3,448,0.0000,39.0372,82.21,50.5
3,448,0.0000,39.0372,82.21,50.5
3,448,0.0000,38.0613,82.21,50.5
3,448,0.0000,37.0853,82.21,50.5
3,448,0.0000,38.0613,82.21,50.5
3,448,0.0000,40.0131,82.21,50.5
3,448,0.0000,38.0613,82.21,50.5
3,448,0.0000,37.0853,82.21,50.5
3,448,0.0000,38.0613,82.21,50.5
4,256,0.0000,34.1576,84.51,49.9
4,256,0.0000,37.0853,84.51,49.9
4,256,0.0000,34.1576,84.51,49.9
4,256,0.0000,38.0613,84.51,49.9
4,256,0.0000,34.1576,84.51,49.9
4,256,0.0000,34.1576,84.51,49.9
4,256,0.0000,36.1094,84.51,49.9
4,256,0.0000,37.0853,84.51,49.9
4,256,0.0000,34.1576,84.51,49.9
4,256,0.0000,35.1335,84.51,49.9
4,0,0.0000,29.2779,86.81,49.9
4,0,0.0000,30.2538,86.81,49.9
4,0,0.0000,33.1816,86.81,49.9
4,0,0.0000,30.2538,86.81,49.9
4,0,0.0000,31.2298,86.81,49.9
4,0,0.0000,32.2057,86.81,49.9
4,0,0.0000,31.2298,86.81,49.9
4,0,0.0000,31.2298,86.81,49.9
4,0,0.0000,31.2298,86.81,49.9
4,0,0.0000,30.2538,86.81,49.9
4,512,0.0000,39.0372,89.20,49.9
4,512,0.0000,40.0131,89.20,49.9
4,512,0.0000,40.0131,89.20,49.9
4,512,0.0000,37.0853,89.20,49.9
4,512,0.0000,38.0613,89.20,49.9
4,512,0.0000,39.0372,89.20,49.9
4,512,0.0000,40.9891,89.20,49.9
4,512,0.0000,40.0131,89.20,49.9
4,512,0.0000,38.0613,89.20,49.9
4,512,0.0000,40.9891,89.20,49.9
4,128,0.0000,34.1576,91.40,48.8
4,128,0.0000,33.1816,91.40,48.8
4,128,0.0000,30.2538,91.40,48.8
4,128,0.0000,35.1335,91.40,48.8
4,128,0.0000,36.1094,91.40,48.8
4,128,0.0000,33.1816,91.40,48.8
4,128,0.0000,32.2057,91.40,48.8
4,128,0.0000,35.1335,91.40,48.8
4,128,0.0000,34.1576,91.40,48.8
4,128,0.0000,33.1816,91.40,48.8
4,384,0.0000,38.0613,93.70,49.4
4,384,0.0000,34.1576,93.70,49.4
4,384,0.0000,39.0372,93.70,49.4
4,384,0.0000,37.0853,93.70,49.4
4,384,0.0000,38.0613,93.70,49.4
4,384,0.0000,39.0372,93.70,49.4
4,384,0.0000,36.1094,93.70,49.4
4,384,0.0000,36.1094,93.70,49.4
4,384,0.0000,34.1576,93.70,49.4
4,384,0.0000,40.0131,93.70,49.4
4,320,0.0000,36.1094,95.99,49.9
4,320,0.0000,34.1576,95.99,49.9
4,320,0.0000,36.1094,95.99,49.9
4,320,0.0000,37.0853,95.99,49.9
4,320,0.0000,37.0853,95.99,49.9
4,320,0.0000,38.0613,95.99,49.9
4,320,0.0000,36.1094,95.99,49.9
4,320,0.0000,36.1094,95.99,49.9
4,320,0.0000,37.0853,95.99,49.9
4,320,0.0000,37.0853,95.99,49.9
4,448,0.0000,38.0613,98.29,48.3
4,448,0.0000,40.9891,98.29,48.3
4,448,0.0000,35.1335,98.29,48.3
4,448,0.0000,38.0613,98.29,48.3
4,448,0.0000,37.0853,98.29,48.3
4,448,0.0000,39.0372,98.29,48.3
4,448,0.0000,38.0613,98.29,48.3
4,448,0.0000,37.0853,98.29,48.3
4,448,0.0000,35.1335,98.29,48.3
4,448,0.0000,39.0372,98.29,48.3
4,64,0.0000,32.2057,100.58,48.8
4,64,0.0000,32.2057,100.58,48.8
4,64,0.0000,32.2057,100.58,48.8
4,64,0.0000,33.1816,100.58,48.8
4,64,0.0000,31.2298,100.58,48.8
4,64,0.0000,32.2057,100.58,48.8
4,64,0.0000,34.1576,100.58,48.8
4,64,0.0000,32.2057,100.58,48.8
4,64,0.0000,33.1816,100.58,48.8
4,64,0.0000,31.2298,100.58,48.8
4,192,0.0000,32.2057,102.88,49.9
4,192,0.0000,35.1335,102.88,49.9
4,192,0.0000,32.2057,102.88,49.9
4,192,0.0000,34.1576,102.88,49.9
4,192,0.0000,35.1335,102.88,49.9
4,192,0.0000,35.1335,102.88,49.9
4,192,0.0000,33.1816,102.88,49.9
4,192,0.0000,33.1816,102.88,49.9
4,192,0.0000,35.1335,102.88,49.9
4,192,0.0000,33.1816,102.88,49.9
5,64,0.0000,30.2538,105.18,47.7
5,64,0.0000,30.2538,105.18,47.7
5,64,0.0000,33.1816,105.18,47.7
5,64,0.0000,32.2057,105.18,47.7
5,64,0.0000,30.2538,105.18,47.7
5,64,0.0000,33.1816,105.18,47.7
5,64,0.0000,36.1094,105.18,47.7
5,64,0.0000,32.2057,105.18,47.7
5,64,0.0000,32.2057,105.18,47.7
5,64,0.0000,32.2057,105.18,47.7
5,384,0.0000,38.0613,107.47,48.8
5,384,0.0000,36.1094,107.47,48.8
5,384,0.0000,37.0853,107.47,48.8
5,384,0.0000,36.1094,107.47,48.8
5,384,0.0000,37.0853,107.47,48.8
5,384,0.0000,36.1094,107.47,48.8
5,384,0.0000,36.1094,107.47,48.8
5,384,0.0000,35.1335,107.47,48.8
5,384,0.0000,37.0853,107.47,48.8
5,384,0.0000,34.1576,107.47,48.8
5,448,0.0000,40.0131,109.87,48.8
5,448,0.0000,39.0372,109.87,48.8
5,448,0.0000,36.1094,109.87,48.8
5,448,0.0000,36.1094,109.87,48.8
5,448,0.0000,55.6280,109.87,48.8
5,448,0.0000,36.1094,109.87,48.8
5,448,0.0000,38.0613,109.87,48.8
5,448,0.0000,40.0131,109.87,48.8
5,448,0.0000,38.0613,109.87,48.8
5,448,0.0000,36.1094,109.87,48.8
5,128,0.0000,32.2057,112.06,49.4
5,128,0.0000,33.1816,112.06,49.4
5,128,0.0000,34.1576,112.06,49.4
5,128,0.0000,34.1576,112.06,49.4
5,128,0.0000,37.0853,112.06,49.4
5,128,0.0000,32.2057,112.06,49.4
5,128,0.0000,32.2057,112.06,49.4
5,128,0.0000,31.2298,112.06,49.4
5,128,0.0000,31.2298,112.06,49.4
5,128,0.0000,33.1816,112.06,49.4
5,512,0.0000,38.0613,114.39,49.4
5,512,0.0000,35.1335,114.39,49.4
5,512,0.0000,39.0372,114.39,49.4
5,512,0.0000,40.9891,114.39,49.4
5,512,0.0000,107.3523,114.39,49.4
5,512,12.7452,145.4136,114.39,49.4
5,512,0.0000,36.1094,114.39,49.4
5,512,0.0000,39.0372,114.39,49.4
5,512,0.0000,40.9891,114.39,49.4
5,512,0.0000,38.0613,114.39,49.4
5,512,0.0000,36.1094,114.39,49.4
5,0,0.0000,30.2538,116.68,49.9
5,0,0.0000,31.2298,116.68,49.9
5,0,0.0000,30.2538,116.68,49.9
5,0,0.0000,32.2057,116.68,49.9
5,0,0.0000,32.2057,116.68,49.9
5,0,0.0000,30.2538,116.68,49.9
5,0,0.0000,30.2538,116.68,49.9
5,0,0.0000,32.2057,116.68,49.9
5,0,0.0000,30.2538,116.68,49.9
5,0,0.0000,31.2298,116.68,49.9
5,256,0.0000,38.0613,118.88,49.4
5,256,0.0000,35.1335,118.88,49.4
5,256,0.0000,36.1094,118.88,49.4
5,256,0.0000,34.1576,118.88,49.4
5,256,0.0000,33.1816,118.88,49.4
5,256,0.0000,34.1576,118.88,49.4
5,256,0.0000,35.1335,118.88,49.4
5,256,0.0000,34.1576,118.88,49.4
5,256,0.0000,37.0853,118.88,49.4
5,256,0.0000,34.1576,118.88,49.4
5,192,0.0000,35.1335,121.17,49.9
5,192,0.0000,33.1816,121.17,49.9
5,192,0.0000,34.1576,121.17,49.9
5,192,0.0000,37.0853,121.17,49.9
5,192,0.0000,36.1094,121.17,49.9
5,192,0.0000,32.2057,121.17,49.9
5,192,0.0000,35.1335,121.17,49.9
5,192,0.0000,37.0853,121.17,49.9
5,192,0.0000,33.1816,121.17,49.9
5,192,0.0000,34.1576,121.17,49.9
5,320,0.0000,38.0613,123.46,48.8
5,320,0.0000,38.0613,123.46,48.8
5,320,0.0000,39.0372,123.46,48.8
5,320,0.0000,34.1576,123.46,48.8
5,320,0.0000,38.0613,123.46,48.8
5,320,0.0000,40.0131,123.46,48.8
5,320,0.0000,36.1094,123.46,48.8
5,320,0.0000,36.1094,123.46,48.8
5,320,0.0000,36.1094,123.46,48.8
5,320,0.0000,38.0613,123.46,48.8
6,256,0.0000,36.1094,125.76,49.4
6,256,0.0000,33.1816,125.76,49.4
6,256,0.0000,31.2298,125.76,49.4
6,256,0.0000,35.1335,125.76,49.4
6,256,0.0000,35.1335,125.76,49.4
6,256,0.0000,33.1816,125.76,49.4
6,256,0.0000,34.1576,125.76,49.4
6,256,0.0000,36.1094,125.76,49.4
6,256,0.0000,37.0853,125.76,49.4
6,256,0.0000,36.1094,125.76,49.4
6,320,0.0000,39.0372,128.06,49.4
6,320,0.0000,39.0372,128.06,49.4
6,320,0.0000,36.1094,128.06,49.4
6,320,0.0000,35.1335,128.06,49.4
6,320,0.0000,38.0613,128.06,49.4
6,320,0.0000,37.0853,128.06,49.4
6,320,0.0000,35.1335,128.06,49.4
6,320,0.0000,37.0853,128.06,49.4
6,320,0.0000,38.0613,128.06,49.4
6,320,0.0000,36.1094,128.06,49.4
6,128,0.0000,29.2779,130.45,48.8
6,128,0.0000,32.2057,130.45,48.8
6,128,0.0000,31.2298,130.45,48.8
6,128,0.0000,32.2057,130.45,48.8
6,128,0.0000,34.1576,130.45,48.8
6,128,0.0000,32.2057,130.45,48.8
6,128,0.0000,32.2057,130.45,48.8
6,128,0.0000,31.2298,130.45,48.8
6,128,0.0000,30.2538,130.45,48.8
6,128,0.0000,32.2057,130.45,48.8
6,0,0.0000,29.2779,132.65,49.4
6,0,0.0000,30.2538,132.65,49.4
6,0,0.0000,28.3020,132.65,49.4
6,0,0.0000,32.2057,132.65,49.4
6,0,0.0000,31.2298,132.65,49.4
6,0,0.0000,30.2538,132.65,49.4
6,0,0.0000,32.2057,132.65,49.4
6,0,0.0000,31.2298,132.65,49.4
6,0,0.0000,29.2779,132.65,49.4
6,0,0.0000,34.1576,132.65,49.4
6,512,0.0000,38.0613,134.94,49.4
6,512,0.0000,40.9891,134.94,49.4
6,512,0.0000,40.9891,134.94,49.4
6,512,0.0000,36.1094,134.94,49.4
6,512,0.0000,36.1094,134.94,49.4
6,512,0.0000,38.0613,134.94,49.4
6,512,0.0000,39.0372,134.94,49.4
6,512,0.0000,36.1094,134.94,49.4
6,512,0.0000,37.0853,134.94,49.4
6,512,0.0000,39.0372,134.94,49.4
6,64,0.0000,33.1816,137.24,49.4
6,64,0.0000,30.2538,137.24,49.4
6,64,0.0000,33.1816,137.24,49.4
6,64,0.0000,30.2538,137.24,49.4
6,64,0.0000,32.2057,137.24,49.4
6,64,0.0000,32.2057,137.24,49.4
6,64,0.0000,29.2779,137.24,49.4
6,64,0.0000,30.2538,137.24,49.4
6,64,0.0000,33.1816,137.24,49.4
6,64,0.0000,32.2057,137.24,49.4
6,384,0.0000,37.0853,139.54,49.4
6,384,0.0000,37.0853,139.54,49.4
6,384,0.0000,38.0613,139.54,49.4
6,384,0.0000,35.1335,139.54,49.4
6,384,0.0000,36.1094,139.54,49.4
6,384,0.0000,37.0853,139.54,49.4
6,384,0.0000,37.0853,139.54,49.4
6,384,0.0000,38.0613,139.54,49.4
6,384,0.0000,36.1094,139.54,49.4
6,384,0.0000,37.0853,139.54,49.4
6,192,0.0000,34.1576,141.83,49.4
6,192,0.0000,35.1335,141.83,49.4
6,192,0.0000,36.1094,141.83,49.4
6,192,0.0000,29.2779,141.83,49.4
6,192,0.0000,36.1094,141.83,49.4
6,192,0.0000,34.1576,141.83,49.4
6,192,0.0000,34.1576,141.83,49.4
6,192,0.0000,36.1094,141.83,49.4
6,192,0.0000,34.1576,141.83,49.4
6,192,0.0000,36.1094,141.83,49.4
6,448,0.0000,37.0853,144.13,49.9
6,448,0.0000,40.0131,144.13,49.9
6,448,0.0000,39.0372,144.13,49.9
6,448,0.0000,38.0613,144.13,49.9
6,448,0.0000,39.0372,144.13,49.9
6,448,0.0000,35.1335,144.13,49.9
6,448,0.0000,36.1094,144.13,49.9
6,448,0.0000,38.0613,144.13,49.9
6,448,0.0000,37.0853,144.13,49.9
6,448,0.0000,39.0372,144.13,49.9
7,448,0.0000,38.0613,146.43,49.4
7,448,0.0000,36.1094,146.43,49.4
7,448,0.0000,36.1094,146.43,49.4
7,448,0.0000,37.0853,146.43,49.4
7,448,0.0000,37.0853,146.43,49.4
7,448,0.0000,36.1094,146.43,49.4
7,448,0.0000,38.0613,146.43,49.4
7,448,0.0000,39.0372,146.43,49.4
7,448,0.0000,39.0372,146.43,49.4
7,448,0.0000,36.1094,146.43,49.4
7,64,0.0000,31.2298,148.72,49.9
7,64,0.0000,33.1816,148.72,49.9
7,64,0.0000,29.2779,148.72,49.9
7,64,0.0000,36.1094,148.72,49.9
7,64,0.0000,34.1576,148.72,49.9
7,64,0.0000,31.2298,148.72,49.9
7,64,0.0000,32.2057,148.72,49.9
7,64,0.0000,33.1816,148.72,49.9
7,64,0.0000,30.2538,148.72,49.9
7,64,0.0000,31.2298,148.72,49.9
7,192,0.0000,35.1335,151.12,49.9
7,192,0.0000,35.1335,151.12,49.9
7,192,0.0000,35.1335,151.12,49.9
7,192,0.0000,36.1094,151.12,49.9
7,192,0.0000,38.0613,151.12,49.9
7,192,0.0000,35.1335,151.12,49.9
7,192,0.0000,35.1335,151.12,49.9
7,192,0.0000,34.1576,151.12,49.9
7,192,0.0000,36.1094,151.12,49.9
7,192,0.0000,34.1576,151.12,49.9
7,384,0.0000,35.1335,153.32,49.4
7,384,0.0000,37.0853,153.32,49.4
7,384,0.0000,38.0613,153.32,49.4
7,384,0.0000,36.1094,153.32,49.4
7,384,0.0000,36.1094,153.32,49.4
7,384,0.0000,38.0613,153.32,49.4
7,384,0.0000,35.1335,153.32,49.4
7,384,0.0000,34.1576,153.32,49.4
7,384,0.0000,40.0131,153.32,49.4
7,384,0.0000,40.0131,153.32,49.4
7,512,0.0000,38.0613,155.61,47.7
7,512,0.0000,37.0853,155.61,47.7
7,512,0.0000,37.0853,155.61,47.7
7,512,0.0000,34.1576,155.61,47.7
7,512,0.0000,38.0613,155.61,47.7
7,512,0.0000,40.0131,155.61,47.7
7,512,0.0000,38.0613,155.61,47.7
7,512,0.0000,37.0853,155.61,47.7
7,512,0.0000,38.0613,155.61,47.7
7,512,0.0000,37.0853,155.61,47.7
7,0,0.0000,32.2057,157.91,49.9
7,0,0.0000,31.2298,157.91,49.9
7,0,0.0000,30.2538,157.91,49.9
7,0,0.0000,29.2779,157.91,49.9
7,0,0.0000,32.2057,157.91,49.9
7,0,0.0000,32.2057,157.91,49.9
7,0,0.0000,32.2057,157.91,49.9
7,0,0.0000,32.2057,157.91,49.9
7,0,0.0000,33.1816,157.91,49.9
7,0,0.0000,32.2057,157.91,49.9
7,256,0.0000,34.1576,160.20,49.9
7,256,0.0000,37.0853,160.20,49.9
7,256,0.0000,37.0853,160.20,49.9
7,256,0.0000,35.1335,160.20,49.9
7,256,0.4902,35.1335,160.20,49.9
7,256,0.0000,34.1576,160.20,49.9
7,256,0.0000,32.2057,160.20,49.9
7,256,0.0000,37.0853,160.20,49.9
7,256,0.0000,35.1335,160.20,49.9
7,256,0.0000,38.0613,160.20,49.9
7,320,0.0000,35.1335,162.50,49.9
7,320,0.0000,36.1094,162.50,49.9
7,320,0.0000,38.0613,162.50,49.9
7,320,0.0000,37.0853,162.50,49.9
7,320,0.0000,37.0853,162.50,49.9
7,320,0.0000,38.0613,162.50,49.9
7,320,0.0000,38.0613,162.50,49.9
7,320,0.0000,36.1094,162.50,49.9
7,320,0.0000,39.0372,162.50,49.9
7,320,0.0000,37.0853,162.50,49.9
7,128,0.0000,34.1576,164.80,49.4
7,128,0.0000,32.2057,164.80,49.4
7,128,0.0000,34.1576,164.80,49.4
7,128,0.0000,34.1576,164.80,49.4
7,128,0.0000,33.1816,164.80,49.4
7,128,0.0000,33.1816,164.80,49.4
7,128,0.0000,32.2057,164.80,49.4
7,128,0.0000,35.1335,164.80,49.4
7,128,0.0000,31.2298,164.80,49.4
7,128,0.0000,33.1816,164.80,49.4
8,384,0.0000,37.0853,167.10,49.4
8,384,0.0000,38.0613,167.10,49.4
8,384,0.0000,40.0131,167.10,49.4
8,384,0.0000,37.0853,167.10,49.4
8,384,0.0000,35.1335,167.10,49.4
8,384,0.0000,36.1094,167.10,49.4
8,384,0.0000,37.0853,167.10,49.4
8,384,0.0000,37.0853,167.10,49.4
8,384,0.0000,40.0131,167.10,49.4
8,384,0.0000,39.0372,167.10,49.4
8,192,0.0000,37.0853,169.39,49.4
8,192,0.0000,34.1576,169.39,49.4
8,192,0.0000,32.2057,169.39,49.4
8,192,0.0000,35.1335,169.39,49.4
8,192,0.0000,35.1335,169.39,49.4
8,192,0.0000,35.1335,169.39,49.4
8,192,0.0000,34.1576,169.39,49.4
8,192,0.0000,35.1335,169.39,49.4
8,192,0.0000,32.2057,169.39,49.4
8,192,0.0000,37.0853,169.39,49.4
8,320,0.0000,38.0613,171.79,48.3
8,320,0.0000,38.0613,171.79,48.3
8,320,0.0000,35.1335,171.79,48.3
8,320,0.0000,36.1094,171.79,48.3
8,320,0.0000,36.1094,171.79,48.3
8,320,0.0000,35.1335,171.79,48.3
8,320,0.0000,36.1094,171.79,48.3
8,320,0.0000,39.0372,171.79,48.3
8,320,0.0000,35.1335,171.79,48.3
8,320,0.0000,38.0613,171.79,48.3
8,128,0.0000,35.1335,173.98,48.8
8,128,0.0000,32.2057,173.98,48.8
8,128,0.0000,36.1094,173.98,48.8
8,128,0.0000,32.2057,173.98,48.8
8,128,0.0000,32.2057,173.98,48.8
8,128,0.0000,34.1576,173.98,48.8
8,128,0.0000,34.1576,173.98,48.8
8,128,0.0000,33.1816,173.98,48.8
8,128,0.0000,34.1576,173.98,48.8
8,128,0.0000,33.1816,173.98,48.8
8,256,0.0000,35.1335,176.28,49.9
8,256,0.0000,34.1576,176.28,49.9
8,256,0.0000,33.1816,176.28,49.9
8,256,0.0000,36.1094,176.28,49.9
8,256,0.0000,37.0853,176.28,49.9
8,256,0.0000,35.1335,176.28,49.9
8,256,0.0000,34.1576,176.28,49.9
8,256,0.0000,33.1816,176.28,49.9
8,256,0.0000,35.1335,176.28,49.9
8,256,0.0000,34.1576,176.28,49.9
8,512,0.0000,37.0853,178.58,49.9
8,512,0.0000,37.0853,178.58,49.9
8,512,0.0000,40.0131,178.58,49.9
8,512,0.0000,37.0853,178.58,49.9
8,512,0.0000,39.0372,178.58,49.9
8,512,0.0000,38.0613,178.58,49.9
8,512,0.0000,40.0131,178.58,49.9
8,512,0.0000,37.0853,178.58,49.9
8,512,0.0000,40.0131,178.58,49.9
8,512,0.0000,39.0372,178.58,49.9
8,0,0.0000,28.3020,180.87,49.4
8,0,0.0000,33.1816,180.87,49.4
8,0,0.0000,33.1816,180.87,49.4
8,0,0.0000,30.2538,180.87,49.4
8,0,0.0000,28.3020,180.87,49.4
8,0,0.0000,30.2538,180.87,49.4
8,0,0.0000,33.1816,180.87,49.4
8,0,0.0000,31.2298,180.87,49.4
8,0,0.0000,30.2538,180.87,49.4
8,0,0.0000,30.2538,180.87,49.4
8,64,0.0000,32.2057,183.17,48.3
8,64,0.0000,32.2057,183.17,48.3
8,64,0.0000,33.1816,183.17,48.3
8,64,0.0000,34.1576,183.17,48.3
8,64,0.0000,33.1816,183.17,48.3
8,64,0.0000,32.2057,183.17,48.3
8,64,0.0000,33.1816,183.17,48.3
8,64,0.0000,33.1816,183.17,48.3
8,64,0.0000,30.2538,183.17,48.3
8,64,0.0000,34.1576,183.17,48.3
8,448,0.0000,38.0613,185.46,48.8
8,448,0.0000,39.0372,185.46,48.8
8,448,0.0000,38.0613,185.46,48.8
8,448,0.0000,35.1335,185.46,48.8
8,448,0.0000,38.0613,185.46,48.8
8,448,0.0000,40.0131,185.46,48.8
8,448,0.0000,36.1094,185.46,48.8
8,448,0.0000,38.0613,185.46,48.8
8,448,0.0000,37.0853,185.46,48.8
8,448,0.0000,38.0613,185.46,48.8
9,192,0.0000,34.1576,187.76,48.8
9,192,0.0000,36.1094,187.76,48.8
9,192,0.0000,34.1576,187.76,48.8
9,192,0.0000,33.1816,187.76,48.8
9,192,0.0000,36.1094,187.76,48.8
9,192,0.0000,35.1335,187.76,48.8
9,192,0.0000,34.1576,187.76,48.8
9,192,0.0000,34.1576,187.76,48.8
9,192,0.0000,37.0853,187.76,48.8
9,192,0.0000,36.1094,187.76,48.8
9,512,0.0000,38.0613,190.06,49.4
9,512,0.0000,39.0372,190.06,49.4
9,512,0.0000,40.0131,190.06,49.4
9,512,0.0000,39.0372,190.06,49.4
9,512,0.0000,37.0853,190.06,49.4
9,512,0.0000,37.0853,190.06,49.4
9,512,0.0000,34.1576,190.06,49.4
9,512,0.0000,40.0131,190.06,49.4
9,512,0.0000,40.0131,190.06,49.4
9,512,0.0000,37.0853,190.06,49.4
9,384,0.0000,36.1094,192.45,49.9
9,384,0.0000,39.0372,192.45,49.9
9,384,0.0000,37.0853,192.45,49.9
9,384,0.0000,36.1094,192.45,49.9
9,384,0.0000,35.1335,192.45,49.9
9,384,0.0000,37.0853,192.45,49.9
9,384,0.0000,35.1335,192.45,49.9
9,384,0.0000,35.1335,192.45,49.9
9,384,0.0000,36.1094,192.45,49.9
9,384,0.0000,35.1335,192.45,49.9
9,0,0.0000,31.2298,194.65,48.8
9,0,0.0000,32.2057,194.65,48.8
9,0,0.0000,33.1816,194.65,48.8
9,0,0.0000,30.2538,194.65,48.8
9,0,0.0000,33.1816,194.65,48.8
9,0,0.0000,29.2779,194.65,48.8
9,0,0.0000,30.2538,194.65,48.8
9,0,0.0000,30.2538,194.65,48.8
9,0,0.0000,31.2298,194.65,48.8
9,0,0.0000,32.2057,194.65,48.8
9,448,0.0000,38.0613,196.94,49.4
9,448,0.0000,38.0613,196.94,49.4
9,448,0.0000,38.0613,196.94,49.4
9,448,0.0000,38.0613,196.94,49.4
9,448,0.0000,36.1094,196.94,49.4
9,448,0.0000,39.0372,196.94,49.4
9,448,0.0000,39.0372,196.94,49.4
9,448,0.0000,36.1094,196.94,49.4
9,448,0.0000,36.1094,196.94,49.4
9,448,0.0000,35.1335,196.94,49.4
9,64,0.0000,32.2057,199.24,48.8
9,64,0.0000,32.2057,199.24,48.8
9,64,0.0000,33.1816,199.24,48.8
9,64,0.0000,32.2057,199.24,48.8
9,64,0.0000,32.2057,199.24,48.8
9,64,0.0000,31.2298,199.24,48.8
9,64,0.0000,33.1816,199.24,48.8
9,64,0.0000,30.2538,199.24,48.8
9,64,0.0000,32.2057,199.24,48.8
9,64,0.0000,34.1576,199.24,48.8
9,256,0.0000,33.1816,201.54,49.4
9,256,0.0000,36.1094,201.54,49.4
9,256,0.0000,36.1094,201.54,49.4
9,256,0.4902,33.1816,201.54,49.4
9,256,0.0000,35.1335,201.54,49.4
9,256,0.0000,36.1094,201.54,49.4
9,256,0.0000,36.1094,201.54,49.4
9,256,0.0000,33.1816,201.54,49.4
9,256,0.0000,35.1335,201.54,49.4
9,256,0.0000,34.1576,201.54,49.4
9,320,0.0000,33.1816,203.83,48.8
9,320,0.0000,36.1094,203.83,48.8
9,320,0.0000,39.0372,203.83,48.8
9,320,0.0000,37.0853,203.83,48.8
9,320,0.0000,35.1335,203.83,48.8
9,320,0.0000,35.1335,203.83,48.8
9,320,0.0000,34.1576,203.83,48.8
9,320,0.0000,37.0853,203.83,48.8
9,320,0.0000,35.1335,203.83,48.8
9,320,0.0000,36.1094,203.83,48.8
9,128,0.0000,35.1335,206.13,49.9
9,128,0.0000,32.2057,206.13,49.9
9,128,0.0000,32.2057,206.13,49.9
9,128,0.0000,34.1576,206.13,49.9
9,128,0.0000,35.1335,206.13,49.9
9,128,0.0000,30.2538,206.13,49.9
9,128,0.0000,35.1335,206.13,49.9
9,128,0.0000,33.1816,206.13,49.9
9,128,0.0000,32.2057,206.13,49.9
9,128,0.0000,34.1576,206.13,49.9
10,512,0.0000,37.0853,208.43,48.3
10,512,0.0000,35.1335,208.43,48.3
10,512,0.0000,36.1094,208.43,48.3
10,512,0.0000,38.0613,208.43,48.3
10,512,0.0000,38.0613,208.43,48.3
10,512,0.0000,39.0372,208.43,48.3
10,512,0.0000,38.0613,208.43,48.3
10,512,0.0000,39.0372,208.43,48.3
10,512,0.0000,37.0853,208.43,48.3
10,512,0.0000,36.1094,208.43,48.3
10,448,0.0000,37.0853,210.72,49.4
10,448,0.0000,34.1576,210.72,49.4
10,448,0.0000,39.0372,210.72,49.4
10,448,0.0000,38.0613,210.72,49.4
10,448,0.0000,37.0853,210.72,49.4
10,448,0.0000,40.0131,210.72,49.4
10,448,0.0000,37.0853,210.72,49.4
10,448,0.0000,37.0853,210.72,49.4
10,448,0.0000,35.1335,210.72,49.4
10,448,0.0000,38.0613,210.72,49.4
10,192,0.0000,36.1094,213.12,48.8
10,192,0.0000,39.0372,213.12,48.8
10,192,0.0000,34.1576,213.12,48.8
10,192,0.0000,38.0613,213.12,48.8
10,192,0.0000,35.1335,213.12,48.8
10,192,0.0000,33.1816,213.12,48.8
10,192,0.0000,34.1576,213.12,48.8
10,192,0.0000,36.1094,213.12,48.8
10,192,0.0000,33.1816,213.12,48.8
10,192,0.0000,35.1335,213.12,48.8
10,320,0.0000,36.1094,215.34,49.4
10,320,0.0000,38.0613,215.34,49.4
10,320,0.0000,37.0853,215.34,49.4
10,320,0.0000,37.0853,215.34,49.4
10,320,0.0000,38.0613,215.34,49.4
10,320,0.9804,40.0131,215.34,49.4
10,320,0.0000,38.0613,215.34,49.4
10,320,0.0000,36.1094,215.34,49.4
10,320,0.0000,35.1335,215.34,49.4
10,320,0.0000,37.0853,215.34,49.4
10,320,0.0000,38.0613,215.34,49.4
10,384,0.0000,37.0853,217.63,49.4
10,384,0.0000,35.1335,217.63,49.4
10,384,0.0000,37.0853,217.63,49.4
10,384,0.0000,38.0613,217.63,49.4
10,384,0.0000,36.1094,217.63,49.4
10,384,0.0000,37.0853,217.63,49.4
10,384,0.0000,39.0372,217.63,49.4
10,384,0.0000,37.0853,217.63,49.4
10,384,0.0000,38.0613,217.63,49.4
10,384,0.0000,34.1576,217.63,49.4
10,0,0.0000,34.1576,219.92,48.3
10,0,0.0000,32.2057,219.92,48.3
10,0,0.0000,33.1816,219.92,48.3
10,0,0.0000,32.2057,219.92,48.3
10,0,0.0000,29.2779,219.92,48.3
10,0,0.0000,29.2779,219.92,48.3
10,0,0.0000,31.2298,219.92,48.3
10,0,0.0000,28.3020,219.92,48.3
10,0,0.0000,30.2538,219.92,48.3
10,0,0.0000,30.2538,219.92,48.3
10,64,0.0000,32.2057,222.22,48.8
10,64,0.0000,35.1335,222.22,48.8
10,64,0.0000,34.1576,222.22,48.8
10,64,0.0000,35.1335,222.22,48.8
10,64,0.0000,33.1816,222.22,48.8
10,64,0.0000,33.1816,222.22,48.8
10,64,0.0000,34.1576,222.22,48.8
10,64,0.0000,34.1576,222.22,48.8
10,64,0.0000,32.2057,222.22,48.8
10,64,0.0000,34.1576,222.22,48.8
10,256,0.0000,37.0853,224.51,49.9
10,256,0.0000,37.0853,224.51,49.9
10,256,0.0000,37.0853,224.51,49.9
10,256,0.0000,36.1094,224.51,49.9
10,256,0.0000,35.1335,224.51,49.9
10,256,0.0000,35.1335,224.51,49.9
10,256,0.0000,34.1576,224.51,49.9
10,256,0.0000,36.1094,224.51,49.9
10,256,0.0000,34.1576,224.51,49.9
10,256,0.0000,35.1335,224.51,49.9
10,128,0.0000,32.2057,226.80,48.8
10,128,0.0000,32.2057,226.80,48.8
10,128,0.0000,34.1576,226.80,48.8
10,128,0.0000,33.1816,226.80,48.8
10,128,0.0000,34.1576,226.80,48.8
10,128,0.0000,32.2057,226.80,48.8
10,128,0.0000,33.1816,226.80,48.8
10,128,0.0000,34.1576,226.80,48.8
10,128,0.0000,34.1576,226.80,48.8
10,128,0.0000,34.1576,226.80,48.8
11,256,0.0000,39.0372,229.10,48.3
11,256,0.0000,36.1094,229.10,48.3
11,256,0.0000,35.1335,229.10,48.3
11,256,0.0000,35.1335,229.10,48.3
11,256,0.0000,35.1335,229.10,48.3
11,256,0.0000,35.1335,229.10,48.3
11,256,0.0000,34.1576,229.10,48.3
11,256,0.0000,33.1816,229.10,48.3
11,256,0.0000,36.1094,229.10,48.3
11,256,0.0000,32.2057,229.10,48.3
11,512,0.0000,38.0613,231.40,48.3
11,512,0.0000,40.0131,231.40,48.3
11,512,0.0000,37.0853,231.40,48.3
11,512,0.0000,35.1335,231.40,48.3
11,512,0.0000,40.0131,231.40,48.3
11,512,0.0000,39.0372,231.40,48.3
11,512,0.0000,37.0853,231.40,48.3
11,512,0.0000,39.0372,231.40,48.3
11,512,0.0000,40.0131,231.40,48.3
11,512,0.0000,39.0372,231.40,48.3
11,384,0.0000,35.1335,233.80,48.3
11,384,0.0000,37.0853,233.80,48.3
11,384,0.0000,36.1094,233.80,48.3
11,384,0.0000,37.0853,233.80,48.3
11,384,0.0000,37.0853,233.80,48.3
11,384,0.0000,37.0853,233.80,48.3
11,384,0.0000,38.0613,233.80,48.3
11,384,0.0000,36.1094,233.80,48.3
11,384,0.0000,36.1094,233.80,48.3
11,384,0.0000,37.0853,233.80,48.3
11,448,0.0000,38.0613,235.99,49.4
11,448,0.0000,37.0853,235.99,49.4
11,448,0.0000,37.0853,235.99,49.4
11,448,0.0000,38.0613,235.99,49.4
11,448,0.0000,37.0853,235.99,49.4
11,448,0.0000,39.0372,235.99,49.4
11,448,0.0000,36.1094,235.99,49.4
11,448,0.0000,38.0613,235.99,49.4
11,448,0.0000,36.1094,235.99,49.4
11,448,0.0000,36.1094,235.99,49.4
11,128,0.0000,34.1576,238.29,49.4
11,128,0.0000,31.2298,238.29,49.4
11,128,0.0000,32.2057,238.29,49.4
11,128,0.0000,33.1816,238.29,49.4
11,128,0.0000,33.1816,238.29,49.4
11,128,0.0000,35.1335,238.29,49.4
11,128,0.0000,35.1335,238.29,49.4
11,128,0.0000,32.2057,238.29,49.4
11,128,0.0000,31.2298,238.29,49.4
11,128,0.0000,34.1576,238.29,49.4
11,64,0.0000,33.1816,240.58,48.3
11,64,0.0000,32.2057,240.58,48.3
11,64,0.0000,32.2057,240.58,48.3
11,64,0.0000,30.2538,240.58,48.3
11,64,0.0000,33.1816,240.58,48.3
11,64,0.0000,32.2057,240.58,48.3
11,64,0.0000,31.2298,240.58,48.3
11,64,0.0000,34.1576,240.58,48.3
11,64,0.0000,31.2298,240.58,48.3
11,64,0.0000,31.2298,240.58,48.3
11,0,0.0000,31.2298,242.88,49.4
11,0,0.0000,33.1816,242.88,49.4
11,0,0.0000,33.1816,242.88,49.4
11,0,0.0000,32.2057,242.88,49.4
11,0,0.0000,31.2298,242.88,49.4
11,0,0.0000,33.1816,242.88,49.4
11,0,0.0000,29.2779,242.88,49.4
11,0,0.0000,30.2538,242.88,49.4
11,0,0.0000,30.2538,242.88,49.4
11,0,0.0000,29.2779,242.88,49.4
11,192,0.0000,35.1335,245.18,49.4
11,192,0.0000,35.1335,245.18,49.4
11,192,0.0000,32.2057,245.18,49.4
11,192,0.0000,33.1816,245.18,49.4
11,192,0.0000,33.1816,245.18,49.4
11,192,0.0000,33.1816,245.18,49.4
11,192,0.0000,36.1094,245.18,49.4
11,192,0.0000,32.2057,245.18,49.4
11,192,0.0000,36.1094,245.18,49.4
11,192,0.0000,32.2057,245.18,49.4
11,320,0.0000,36.1094,247.47,49.4
11,320,0.0000,35.1335,247.47,49.4
11,320,0.4902,38.0613,247.47,49.4
11,320,0.0000,37.0853,247.47,49.4
11,320,0.0000,37.0853,247.47,49.4
11,320,0.0000,37.0853,247.47,49.4
11,320,0.0000,38.0613,247.47,49.4
11,320,0.0000,37.0853,247.47,49.4
11,320,0.0000,37.0853,247.47,49.4
11,320,0.0000,38.0613,247.47,49.4
12,320,0.0000,37.0853,249.77,49.4
12,320,0.0000,37.0853,249.77,49.4
12,320,0.0000,37.0853,249.77,49.4
12,320,0.0000,38.0613,249.77,49.4
12,320,0.0000,36.1094,249.77,49.4
12,320,0.0000,36.1094,249.77,49.4
12,320,0.0000,38.0613,249.77,49.4
12,320,0.0000,37.0853,249.77,49.4
12,320,0.0000,37.0853,249.77,49.4
12,320,0.0000,38.0613,249.77,49.4
12,128,0.0000,33.1816,252.06,48.8
12,128,0.0000,31.2298,252.06,48.8
12,128,0.0000,33.1816,252.06,48.8
12,128,0.0000,34.1576,252.06,48.8
12,128,0.0000,34.1576,252.06,48.8
12,128,0.0000,32.2057,252.06,48.8
12,128,0.0000,32.2057,252.06,48.8
12,128,0.0000,31.2298,252.06,48.8
12,128,0.0000,36.1094,252.06,48.8
12,128,0.0000,34.1576,252.06,48.8
12,384,0.0000,35.1335,254.46,49.4
12,384,0.0000,35.1335,254.46,49.4
12,384,0.0000,35.1335,254.46,49.4
12,384,0.0000,35.1335,254.46,49.4
12,384,0.0000,34.1576,254.46,49.4
12,384,0.0000,36.1094,254.46,49.4
12,384,0.0000,35.1335,254.46,49.4
12,384,0.0000,36.1094,254.46,49.4
12,384,0.0000,36.1094,254.46,49.4
12,384,0.0000,37.0853,254.46,49.4
12,0,0.0000,33.1816,256.66,49.4
12,0,0.0000,32.2057,256.66,49.4
12,0,0.0000,29.2779,256.66,49.4
12,0,0.0000,30.2538,256.66,49.4
12,0,0.0000,32.2057,256.66,49.4
12,0,0.0000,29.2779,256.66,49.4
12,0,0.0000,29.2779,256.66,49.4
12,0,0.0000,32.2057,256.66,49.4
12,0,0.0000,28.3020,256.66,49.4
12,0,0.0000,32.2057,256.66,49.4
12,64,0.0000,32.2057,258.95,48.8
12,64,0.0000,30.2538,258.95,48.8
12,64,0.0000,31.2298,258.95,48.8
12,64,0.0000,32.2057,258.95,48.8
12,64,0.0000,32.2057,258.95,48.8
12,64,0.0000,30.2538,258.95,48.8
12,64,0.0000,34.1576,258.95,48.8
12,64,0.0000,34.1576,258.95,48.8
12,64,0.0000,33.1816,258.95,48.8
12,64,0.0000,33.1816,258.95,48.8
12,448,0.0000,38.0613,261.25,49.4
12,448,0.0000,40.0131,261.25,49.4
12,448,0.0000,40.0131,261.25,49.4
12,448,0.0000,38.0613,261.25,49.4
12,448,0.0000,37.0853,261.25,49.4
12,448,0.0000,38.0613,261.25,49.4
12,448,0.0000,37.0853,261.25,49.4
12,448,0.0000,39.0372,261.25,49.4
12,448,0.0000,40.0131,261.25,49.4
12,448,0.0000,38.0613,261.25,49.4
12,256,0.0000,37.0853,263.54,47.2
12,256,0.0000,33.1816,263.54,47.2
12,256,0.0000,36.1094,263.54,47.2
12,256,0.0000,35.1335,263.54,47.2
12,256,0.0000,37.0853,263.54,47.2
12,256,0.0000,37.0853,263.54,47.2
12,256,0.0000,36.1094,263.54,47.2
12,256,0.0000,35.1335,263.54,47.2
12,256,0.0000,35.1335,263.54,47.2
12,256,0.0000,33.1816,263.54,47.2
12,192,0.0000,35.1335,265.84,49.9
12,192,0.0000,33.1816,265.84,49.9
12,192,0.0000,33.1816,265.84,49.9
12,192,0.0000,34.1576,265.84,49.9
12,192,0.0000,34.1576,265.84,49.9
12,192,0.0000,34.1576,265.84,49.9
12,192,0.0000,34.1576,265.84,49.9
12,192,0.0000,34.1576,265.84,49.9
12,192,0.0000,35.1335,265.84,49.9
12,192,0.0000,37.0853,265.84,49.9
12,512,0.0000,39.0372,268.14,47.7
12,512,0.0000,36.1094,268.14,47.7
12,512,0.0000,40.9891,268.14,47.7
12,512,0.0000,37.0853,268.14,47.7
12,512,0.0000,37.0853,268.14,47.7
12,512,0.0000,37.0853,268.14,47.7
12,512,0.0000,37.0853,268.14,47.7
12,512,0.0000,38.0613,268.14,47.7
12,512,0.0000,38.0613,268.14,47.7
12,512,0.0000,38.0613,268.14,47.7
13,64,0.0000,35.1335,270.43,48.8
13,64,0.0000,33.1816,270.43,48.8
13,64,0.0000,33.1816,270.43,48.8
13,64,0.0000,34.1576,270.43,48.8
13,64,0.0000,32.2057,270.43,48.8
13,64,0.0000,30.2538,270.43,48.8
13,64,0.0000,33.1816,270.43,48.8
13,64,0.0000,33.1816,270.43,48.8
13,64,0.0000,33.1816,270.43,48.8
13,64,0.0000,33.1816,270.43,48.8
13,256,0.0000,34.1576,272.73,49.4
13,256,0.0000,38.0613,272.73,49.4
13,256,0.0000,33.1816,272.73,49.4
13,256,0.0000,36.1094,272.73,49.4
13,256,0.0000,37.0853,272.73,49.4
13,256,0.0000,33.1816,272.73,49.4
13,256,0.0000,35.1335,272.73,49.4
13,256,0.0000,36.1094,272.73,49.4
13,256,0.0000,36.1094,272.73,49.4
13,256,0.0000,32.2057,272.73,49.4
13,0,0.0000,32.2057,275.12,48.8
13,0,0.0000,31.2298,275.12,48.8
13,0,0.0000,32.2057,275.12,48.8
13,0,0.0000,32.2057,275.12,48.8
13,0,0.0000,32.2057,275.12,48.8
13,0,0.0000,31.2298,275.12,48.8
13,0,0.0000,33.1816,275.12,48.8
13,0,0.0000,31.2298,275.12,48.8
13,0,0.0000,32.2057,275.12,48.8
13,0,0.0000,34.1576,275.12,48.8
13,128,0.0000,31.2298,277.32,49.4
13,128,0.0000,33.1816,277.32,49.4
13,128,0.0000,30.2538,277.32,49.4
13,128,0.0000,33.1816,277.32,49.4
13,128,0.0000,34.1576,277.32,49.4
13,128,0.0000,35.1335,277.32,49.4
13,128,0.0000,32.2057,277.32,49.4
13,128,0.0000,34.1576,277.32,49.4
13,128,0.0000,34.1576,277.32,49.4
13,128,0.0000,34.1576,277.32,49.4
13,448,0.0000,38.0613,279.62,49.4
13,448,0.0000,39.0372,279.62,49.4
13,448,0.0000,38.0613,279.62,49.4
13,448,0.0000,37.0853,279.62,49.4
13,448,0.0000,37.0853,279.62,49.4
13,448,0.0000,36.1094,279.62,49.4
13,448,0.0000,37.0853,279.62,49.4
13,448,0.0000,37.0853,279.62,49.4
13,448,0.0000,37.0853,279.62,49.4
13,448,0.0000,36.1094,279.62,49.4
13,320,0.0000,39.0372,281.91,48.8
13,320,0.0000,36.1094,281.91,48.8
13,320,0.0000,37.0853,281.91,48.8
13,320,0.0000,38.0613,281.91,48.8
13,320,0.0000,34.1576,281.91,48.8
13,320,0.0000,37.0853,281.91,48.8
13,320,0.0000,36.1094,281.91,48.8
13,320,0.0000,39.0372,281.91,48.8
13,320,0.0000,38.0613,281.91,48.8
13,320,0.0000,38.0613,281.91,48.8
13,512,0.0000,40.0131,284.21,49.4
13,512,0.0000,36.1094,284.21,49.4
13,512,0.0000,40.0131,284.21,49.4
13,512,0.0000,37.0853,284.21,49.4
13,512,0.0000,40.9891,284.21,49.4
13,512,0.0000,39.0372,284.21,49.4
13,512,0.0000,38.0613,284.21,49.4
13,512,0.0000,38.0613,284.21,49.4
13,512,0.0000,40.0131,284.21,49.4
13,512,0.0000,39.0372,284.21,49.4
13,384,0.0000,36.1094,286.50,49.4
13,384,0.0000,38.0613,286.50,49.4
13,384,0.0000,34.1576,286.50,49.4
13,384,0.0000,37.0853,286.50,49.4
13,384,0.0000,37.0853,286.50,49.4
13,384,0.0000,38.0613,286.50,49.4
13,384,0.0000,35.1335,286.50,49.4
13,384,0.0000,38.0613,286.50,49.4
13,384,0.0000,34.1576,286.50,49.4
13,384,0.0000,39.0372,286.50,49.4
13,192,0.0000,35.1335,288.80,49.9
13,192,0.0000,37.0853,288.80,49.9
13,192,0.0000,34.1576,288.80,49.9
13,192,0.0000,33.1816,288.80,49.9
13,192,0.0000,35.1335,288.80,49.9
13,192,0.0000,36.1094,288.80,49.9
13,192,0.0000,37.0853,288.80,49.9
13,192,0.0000,33.1816,288.80,49.9
13,192,0.0000,33.1816,288.80,49.9
13,192,0.0000,36.1094,288.80,49.9
14,256,0.0000,35.1335,291.10,48.8
14,256,0.0000,38.0613,291.10,48.8
14,256,0.0000,36.1094,291.10,48.8
14,256,0.0000,37.0853,291.10,48.8
14,256,0.0000,34.1576,291.10,48.8
14,256,0.0000,35.1335,291.10,48.8
14,256,0.0000,37.0853,291.10,48.8
14,256,0.0000,35.1335,291.10,48.8
14,256,0.0000,39.0372,291.10,48.8
14,256,0.0000,33.1816,291.10,48.8
14,64,0.0000,33.1816,293.39,49.4
14,64,0.0000,32.2057,293.39,49.4
14,64,0.0000,31.2298,293.39,49.4
14,64,0.0000,29.2779,293.39,49.4
14,64,0.0000,33.1816,293.39,49.4
14,64,0.0000,33.1816,293.39,49.4
14,64,0.0000,33.1816,293.39,49.4
14,64,0.0000,30.2538,293.39,49.4
14,64,0.0000,34.1576,293.39,49.4
14,64,0.0000,33.1816,293.39,49.4
14,192,0.0000,33.1816,295.69,49.4
14,192,0.0000,34.1576,295.69,49.4
14,192,0.0000,36.1094,295.69,49.4
14,192,0.0000,34.1576,295.69,49.4
14,192,0.0000,33.1816,295.69,49.4
14,192,0.0000,34.1576,295.69,49.4
14,192,0.0000,34.1576,295.69,49.4
14,192,0.0000,35.1335,295.69,49.4
14,192,0.0000,34.1576,295.69,49.4
14,192,0.0000,35.1335,295.69,49.4
14,512,0.0000,38.0613,297.89,49.4
14,512,0.0000,39.0372,297.89,49.4
14,512,0.0000,38.0613,297.89,49.4
14,512,0.0000,38.0613,297.89,49.4
14,512,0.0000,39.0372,297.89,49.4
14,512,0.0000,38.0613,297.89,49.4
14,512,0.0000,36.1094,297.89,49.4
14,512,0.0000,39.0372,297.89,49.4
14,512,0.0000,38.0613,297.89,49.4
14,512,0.0000,40.0131,297.89,49.4
14,0,0.0000,32.2057,300.19,47.7
14,0,0.0000,32.2057,300.19,47.7
14,0,0.0000,29.2779,300.19,47.7
14,0,0.0000,30.2538,300.19,47.7
14,0,0.0000,28.3020,300.19,47.7
14,0,0.0000,28.3020,300.19,47.7
14,0,0.0000,32.2057,300.19,47.7
14,0,0.0000,30.2538,300.19,47.7
14,0,0.0000,32.2057,300.19,47.7
14,0,0.0000,30.2538,300.19,47.7
14,128,0.0000,35.1335,302.48,49.4
14,128,0.0000,34.1576,302.48,49.4
14,128,0.0000,32.2057,302.48,49.4
14,128,0.0000,35.1335,302.48,49.4
14,128,0.0000,34.1576,302.48,49.4
14,128,0.0000,34.1576,302.48,49.4
14,128,0.0000,31.2298,302.48,49.4
14,128,0.0000,32.2057,302.48,49.4
14,128,0.0000,33.1816,302.48,49.4
14,128,0.0000,32.2057,302.48,49.4
14,384,0.0000,38.0613,304.78,48.8
14,384,0.0000,35.1335,304.78,48.8
14,384,0.0000,35.1335,304.78,48.8
14,384,0.0000,36.1094,304.78,48.8
14,384,0.0000,38.0613,304.78,48.8
14,384,0.0000,37.0853,304.78,48.8
14,384,0.0000,38.0613,304.78,48.8
14,384,0.0000,36.1094,304.78,48.8
14,384,0.0000,35.1335,304.78,48.8
14,384,0.0000,37.0853,304.78,48.8
14,320,0.0000,38.0613,307.20,48.8
14,320,0.0000,35.1335,307.20,48.8
14,320,0.0000,35.1335,307.20,48.8
14,320,0.0000,36.1094,307.20,48.8
14,320,0.0000,37.0853,307.20,48.8
14,320,0.0000,38.0613,307.20,48.8
14,320,0.0000,34.1576,307.20,48.8
14,320,0.0000,37.0853,307.20,48.8
14,320,0.0000,34.1576,307.20,48.8
14,320,0.0000,34.1576,307.20,48.8
14,320,0.0000,36.1094,307.20,48.8
14,448,0.0000,38.0613,309.50,49.9
14,448,0.0000,38.0613,309.50,49.9
14,448,0.0000,36.1094,309.50,49.9
14,448,0.0000,38.0613,309.50,49.9
14,448,0.0000,38.0613,309.50,49.9
14,448,0.0000,38.0613,309.50,49.9
14,448,0.0000,37.0853,309.50,49.9
14,448,0.0000,38.0613,309.50,49.9
14,448,0.0000,38.0613,309.50,49.9
14,448,0.0000,40.0131,309.50,49.9
15,128,0.0000,32.2057,311.79,48.3
15,128,0.0000,34.1576,311.79,48.3
15,128,0.0000,32.2057,311.79,48.3
15,128,0.0000,37.0853,311.79,48.3
15,128,0.0000,30.2538,311.79,48.3
15,128,0.0000,32.2057,311.79,48.3
15,128,0.0000,34.1576,311.79,48.3
15,128,0.0000,33.1816,311.79,48.3
15,128,0.0000,33.1816,311.79,48.3
15,128,0.0000,32.2057,311.79,48.3
15,64,0.0000,32.2057,314.19,49.4
15,64,0.0000,33.1816,314.19,49.4
15,64,0.0000,31.2298,314.19,49.4
15,64,0.0000,32.2057,314.19,49.4
15,64,0.0000,30.2538,314.19,49.4
15,64,0.0000,32.2057,314.19,49.4
15,64,0.0000,32.2057,314.19,49.4
15,64,0.0000,33.1816,314.19,49.4
15,64,0.0000,33.1816,314.19,49.4
15,64,0.0000,31.2298,314.19,49.4
15,192,0.0000,38.0613,316.38,49.4
15,192,0.0000,34.1576,316.38,49.4
15,192,0.0000,35.1335,316.38,49.4
15,192,0.0000,34.1576,316.38,49.4
15,192,0.0000,34.1576,316.38,49.4
15,192,0.0000,36.1094,316.38,49.4
15,192,0.0000,33.1816,316.38,49.4
15,192,0.0000,34.1576,316.38,49.4
15,192,0.0000,35.1335,316.38,49.4
15,192,0.0000,36.1094,316.38,49.4
15,384,0.0000,38.0613,318.67,48.3
15,384,0.0000,36.1094,318.67,48.3
15,384,0.0000,26.3501,318.67,48.3
15,384,0.0000,36.1094,318.67,48.3
15,384,0.0000,37.0853,318.67,48.3
15,384,0.0000,36.1094,318.67,48.3
15,384,0.0000,38.0613,318.67,48.3
15,384,0.0000,41.9650,318.67,48.3
15,384,0.0000,35.1335,318.67,48.3
15,384,0.0000,38.0613,318.67,48.3
15,0,0.0000,30.2538,320.96,48.8
15,0,0.0000,32.2057,320.96,48.8
15,0,0.0000,32.2057,320.96,48.8
15,0,0.0000,28.3020,320.96,48.8
15,0,0.0000,32.2057,320.96,48.8
15,0,0.0000,32.2057,320.96,48.8
15,0,0.0000,33.1816,320.96,48.8
15,0,0.0000,31.2298,320.96,48.8
15,0,0.0000,30.2538,320.96,48.8
15,0,0.0000,30.2538,320.96,48.8
15,448,0.0000,38.0613,323.26,48.3
15,448,0.0000,35.1335,323.26,48.3
15,448,0.0000,39.0372,323.26,48.3
15,448,0.0000,38.0613,323.26,48.3
15,448,0.0000,39.0372,323.26,48.3
15,448,0.0000,41.9650,323.26,48.3
15,448,0.0000,39.0372,323.26,48.3
15,448,0.0000,37.0853,323.26,48.3
15,448,0.0000,37.0853,323.26,48.3
15,448,0.0000,39.0372,323.26,48.3
15,512,0.0000,35.1335,325.55,49.4
15,512,0.0000,35.1335,325.55,49.4
15,512,0.0000,38.0613,325.55,49.4
15,512,0.0000,39.0372,325.55,49.4
15,512,0.0000,36.1094,325.55,49.4
15,512,0.0000,39.0372,325.55,49.4
15,512,0.0000,38.0613,325.55,49.4
15,512,0.0000,37.0853,325.55,49.4
15,512,0.0000,37.0853,325.55,49.4
15,512,0.0000,38.0613,325.55,49.4
15,320,0.0000,36.1094,327.84,47.7
15,320,0.0000,36.1094,327.84,47.7
15,320,0.0000,35.1335,327.84,47.7
15,320,0.0000,35.1335,327.84,47.7
15,320,0.0000,37.0853,327.84,47.7
15,320,0.0000,37.0853,327.84,47.7
15,320,0.0000,38.0613,327.84,47.7
15,320,0.0000,37.0853,327.84,47.7
15,320,0.0000,34.1576,327.84,47.7
15,320,0.0000,37.0853,327.84,47.7
15,256,0.0000,35.1335,330.14,48.8
15,256,0.0000,35.1335,330.14,48.8
15,256,0.0000,37.0853,330.14,48.8
15,256,0.0000,35.1335,330.14,48.8
15,256,0.0000,34.1576,330.14,48.8
15,256,0.0000,35.1335,330.14,48.8
15,256,0.0000,32.2057,330.14,48.8
15,256,0.0000,37.0853,330.14,48.8
15,256,0.0000,32.2057,330.14,48.8
15,256,0.0000,34.1576,330.14,48.8
16,448,0.0000,40.0131,332.44,49.4
16,448,0.0000,41.9650,332.44,49.4
16,448,0.0000,38.0613,332.44,49.4
16,448,0.0000,39.0372,332.44,49.4
16,448,0.0000,38.0613,332.44,49.4
16,448,0.0000,38.0613,332.44,49.4
16,448,0.0000,38.0613,332.44,49.4
16,448,0.0000,37.0853,332.44,49.4
16,448,0.0000,37.0853,332.44,49.4
16,448,0.0000,38.0613,332.44,49.4
16,192,0.0000,34.1576,334.83,48.8
16,192,0.0000,33.1816,334.83,48.8
16,192,0.0000,37.0853,334.83,48.8
16,192,0.0000,34.1576,334.83,48.8
16,192,0.0000,32.2057,334.83,48.8
16,192,0.0000,37.0853,334.83,48.8
16,192,0.0000,34.1576,334.83,48.8
16,192,0.0000,34.1576,334.83,48.8
16,192,0.0000,34.1576,334.83,48.8
16,192,0.0000,36.1094,334.83,48.8
16,256,0.0000,38.0613,337.03,48.8
16,256,0.0000,38.0613,337.03,48.8
16,256,0.0000,34.1576,337.03,48.8
16,256,0.0000,37.0853,337.03,48.8
16,256,0.0000,34.1576,337.03,48.8
16,256,0.0000,37.0853,337.03,48.8
16,256,0.0000,35.1335,337.03,48.8
16,256,0.0000,34.1576,337.03,48.8
16,256,0.0000,35.1335,337.03,48.8
16,256,0.0000,37.0853,337.03,48.8
16,320,0.0000,38.0613,339.32,48.8
16,320,0.0000,36.1094,339.32,48.8
16,320,0.0000,36.1094,339.32,48.8
16,320,0.0000,38.0613,339.32,48.8
16,320,0.0000,36.1094,339.32,48.8
16,320,0.0000,36.1094,339.32,48.8
16,320,0.0000,35.1335,339.32,48.8
16,320,0.0000,37.0853,339.32,48.8
16,320,0.0000,39.0372,339.32,48.8
16,320,0.0000,38.0613,339.32,48.8
16,64,0.0000,36.1094,341.62,48.3
16,64,0.0000,31.2298,341.62,48.3
16,64,0.0000,36.1094,341.62,48.3
16,64,0.0000,34.1576,341.62,48.3
16,64,0.0000,32.2057,341.62,48.3
16,64,0.0000,33.1816,341.62,48.3
16,64,0.0000,32.2057,341.62,48.3
16,64,0.0000,32.2057,341.62,48.3
16,64,0.0000,33.1816,341.62,48.3
16,64,0.0000,30.2538,341.62,48.3
16,128,0.0000,35.1335,343.92,48.8
16,128,0.0000,33.1816,343.92,48.8
16,128,0.0000,34.1576,343.92,48.8
16,128,0.0000,34.1576,343.92,48.8
16,128,0.0000,34.1576,343.92,48.8
16,128,0.0000,32.2057,343.92,48.8
16,128,0.0000,33.1816,343.92,48.8
16,128,0.0000,32.2057,343.92,48.8
16,128,0.0000,32.2057,343.92,48.8
16,128,0.0000,32.2057,343.92,48.8
16,512,0.0000,37.0853,346.21,49.4
16,512,0.0000,39.0372,346.21,49.4
16,512,0.0000,38.0613,346.21,49.4
16,512,0.0000,39.0372,346.21,49.4
16,512,0.0000,37.0853,346.21,49.4
16,512,0.0000,38.0613,346.21,49.4
16,512,0.0000,36.1094,346.21,49.4
16,512,0.0000,39.0372,346.21,49.4
16,512,0.0000,35.1335,346.21,49.4
16,512,0.0000,40.0131,346.21,49.4
16,384,0.0000,35.1335,348.51,48.3
16,384,0.0000,36.1094,348.51,48.3
16,384,0.0000,36.1094,348.51,48.3
16,384,0.0000,36.1094,348.51,48.3
16,384,0.0000,34.1576,348.51,48.3
16,384,0.0000,37.0853,348.51,48.3
16,384,0.0000,38.0613,348.51,48.3
16,384,0.0000,36.1094,348.51,48.3
16,384,0.0000,36.1094,348.51,48.3
16,384,0.0000,38.0613,348.51,48.3
16,0,0.0000,29.2779,350.80,48.8
16,0,0.0000,32.2057,350.80,48.8
16,0,0.0000,32.2057,350.80,48.8
16,0,0.0000,32.2057,350.80,48.8
16,0,0.0000,32.2057,350.80,48.8
16,0,0.0000,30.2538,350.80,48.8
16,0,0.0000,30.2538,350.80,48.8
16,0,0.0000,31.2298,350.80,48.8
16,0,0.0000,29.2779,350.80,48.8
16,0,0.0000,31.2298,350.80,48.8
17,64,0.0000,30.2538,353.10,49.4
17,64,0.0000,32.2057,353.10,49.4
17,64,0.0000,31.2298,353.10,49.4
17,64,0.0000,33.1816,353.10,49.4
17,64,0.0000,32.2057,353.10,49.4
17,64,0.0000,31.2298,353.10,49.4
17,64,0.0000,32.2057,353.10,49.4
17,64,0.0000,31.2298,353.10,49.4
17,64,0.0000,32.2057,353.10,49.4
17,64,0.0000,32.2057,353.10,49.4
17,192,0.0000,34.1576,355.50,48.3
17,192,0.0000,34.1576,355.50,48.3
17,192,0.0000,37.0853,355.50,48.3
17,192,0.0000,35.1335,355.50,48.3
17,192,0.0000,33.1816,355.50,48.3
17,192,0.0000,36.1094,355.50,48.3
17,192,0.0000,33.1816,355.50,48.3
17,192,0.0000,32.2057,355.50,48.3
17,192,0.0000,30.2538,355.50,48.3
17,192,0.0000,34.1576,355.50,48.3
17,512,0.0000,40.0131,357.70,48.8
17,512,0.0000,38.0613,357.70,48.8
17,512,0.0000,39.0372,357.70,48.8
17,512,0.0000,38.0613,357.70,48.8
17,512,0.0000,35.1335,357.70,48.8
17,512,0.0000,38.0613,357.70,48.8
17,512,0.0000,38.0613,357.70,48.8
17,512,0.0000,39.0372,357.70,48.8
17,512,0.0000,37.0853,357.70,48.8
17,512,0.0000,37.0853,357.70,48.8
17,384,0.0000,38.0613,359.99,49.4
17,384,0.0000,39.0372,359.99,49.4
17,384,0.0000,36.1094,359.99,49.4
17,384,0.0000,36.1094,359.99,49.4
17,384,0.0000,36.1094,359.99,49.4
17,384,0.0000,39.0372,359.99,49.4
17,384,0.0000,35.1335,359.99,49.4
17,384,0.0000,37.0853,359.99,49.4
17,384,0.0000,35.1335,359.99,49.4
17,384,0.0000,37.0853,359.99,49.4
17,0,0.0000,32.2057,362.29,48.8
17,0,0.0000,31.2298,362.29,48.8
17,0,0.0000,32.2057,362.29,48.8
17,0,0.0000,32.2057,362.29,48.8
17,0,0.0000,32.2057,362.29,48.8
17,0,0.0000,30.2538,362.29,48.8
17,0,0.0000,30.2538,362.29,48.8
17,0,0.0000,32.2057,362.29,48.8
17,0,0.0000,30.2538,362.29,48.8
17,0,0.0000,29.2779,362.29,48.8
17,256,0.0000,37.0853,364.58,47.2
17,256,0.0000,36.1094,364.58,47.2
17,256,0.0000,37.0853,364.58,47.2
17,256,0.0000,37.0853,364.58,47.2
17,256,0.0000,35.1335,364.58,47.2
17,256,0.0000,35.1335,364.58,47.2
17,256,0.0000,36.1094,364.58,47.2
17,256,0.0000,37.0853,364.58,47.2
17,256,0.0000,35.1335,364.58,47.2
17,256,0.0000,37.0853,364.58,47.2
17,448,0.0000,36.1094,366.88,47.7
17,448,0.0000,37.0853,366.88,47.7
17,448,0.0000,36.1094,366.88,47.7
17,448,0.0000,37.0853,366.88,47.7
17,448,0.0000,36.1094,366.88,47.7
17,448,0.0000,38.0613,366.88,47.7
17,448,0.0000,35.1335,366.88,47.7
17,448,0.0000,39.0372,366.88,47.7
17,448,0.0000,40.0131,366.88,47.7
17,448,0.0000,37.0853,366.88,47.7
17,128,0.0000,32.2057,369.18,48.8
17,128,0.0000,32.2057,369.18,48.8
17,128,0.0000,32.2057,369.18,48.8
17,128,0.0000,31.2298,369.18,48.8
17,128,0.0000,32.2057,369.18,48.8
17,128,0.0000,33.1816,369.18,48.8
17,128,0.0000,33.1816,369.18,48.8
17,128,0.0000,33.1816,369.18,48.8
17,128,0.0000,32.2057,369.18,48.8
17,128,0.0000,34.1576,369.18,48.8
17,320,0.0000,35.1335,371.47,48.3
17,320,0.0000,34.1576,371.47,48.3
17,320,0.0000,36.1094,371.47,48.3
17,320,0.0000,37.0853,371.47,48.3
17,320,0.0000,36.1094,371.47,48.3
17,320,0.0000,37.0853,371.47,48.3
17,320,0.0000,37.0853,371.47,48.3
17,320,0.0000,36.1094,371.47,48.3
17,320,0.0000,35.1335,371.47,48.3
17,320,0.0000,37.0853,371.47,48.3
18,448,0.0000,38.0613,373.77,48.8
18,448,0.0000,38.0613,373.77,48.8
18,448,0.0000,36.1094,373.77,48.8
18,448,0.0000,37.0853,373.77,48.8
18,448,0.0000,39.0372,373.77,48.8
18,448,0.0000,40.0131,373.77,48.8
18,448,0.0000,37.0853,373.77,48.8
18,448,0.0000,38.0613,373.77,48.8
18,448,0.0000,37.0853,373.77,48.8
18,448,0.0000,38.0613,373.77,48.8
18,192,0.0000,38.0613,376.17,49.4
18,192,0.0000,34.1576,376.17,49.4
18,192,0.0000,35.1335,376.17,49.4
18,192,0.0000,35.1335,376.17,49.4
18,192,0.0000,34.1576,376.17,49.4
18,192,0.0000,31.2298,376.17,49.4
18,192,0.0000,34.1576,376.17,49.4
18,192,0.0000,34.1576,376.17,49.4
18,192,0.0000,35.1335,376.17,49.4
18,192,0.0000,36.1094,376.17,49.4
18,384,0.0000,39.0372,378.36,47.7
18,384,0.0000,39.0372,378.36,47.7
18,384,0.0000,37.0853,378.36,47.7
18,384,0.0000,38.0613,378.36,47.7
18,384,0.0000,40.0131,378.36,47.7
18,384,0.0000,37.0853,378.36,47.7
18,384,0.0000,35.1335,378.36,47.7
18,384,0.0000,39.0372,378.36,47.7
18,384,0.0000,35.1335,378.36,47.7
18,384,0.9804,34.1576,378.36,47.7
18,128,0.0000,34.1576,380.66,48.8
18,128,0.0000,34.1576,380.66,48.8
18,128,0.0000,36.1094,380.66,48.8
18,128,0.0000,33.1816,380.66,48.8
18,128,0.0000,33.1816,380.66,48.8
18,128,0.0000,34.1576,380.66,48.8
18,128,0.0000,34.1576,380.66,48.8
18,128,0.0000,30.2538,380.66,48.8
18,128,0.0000,34.1576,380.66,48.8
18,128,0.0000,33.1816,380.66,48.8
18,320,0.0000,37.0853,382.96,48.8
18,320,0.0000,34.1576,382.96,48.8
18,320,0.0000,37.0853,382.96,48.8
18,320,0.0000,35.1335,382.96,48.8
18,320,0.0000,38.0613,382.96,48.8
18,320,0.0000,38.0613,382.96,48.8
18,320,0.0000,37.0853,382.96,48.8
18,320,0.0000,36.1094,382.96,48.8
18,320,0.0000,35.1335,382.96,48.8
18,320,0.0000,37.0853,382.96,48.8
18,0,0.0000,31.2298,385.25,49.4
18,0,0.0000,29.2779,385.25,49.4
18,0,0.0000,32.2057,385.25,49.4
18,0,0.0000,33.1816,385.25,49.4
18,0,0.0000,33.1816,385.25,49.4
18,0,0.0000,31.2298,385.25,49.4
18,0,0.0000,29.2779,385.25,49.4
18,0,0.0000,32.2057,385.25,49.4
18,0,0.0000,34.1576,385.25,49.4
18,0,0.0000,31.2298,385.25,49.4
18,64,0.0000,34.1576,387.67,49.4
18,64,0.0000,31.2298,387.67,49.4
18,64,0.0000,31.2298,387.67,49.4
18,64,0.9804,63.4355,387.67,49.4
18,64,0.0000,32.2057,387.67,49.4
18,64,0.0000,31.2298,387.67,49.4
18,64,0.0000,32.2057,387.67,49.4
18,64,0.0000,32.2057,387.67,49.4
18,64,0.0000,34.1576,387.67,49.4
18,64,0.0000,33.1816,387.67,49.4
18,64,0.0000,30.2538,387.67,49.4
18,512,0.0000,37.0853,389.97,49.4
18,512,0.0000,40.9891,389.97,49.4
18,512,0.0000,37.0853,389.97,49.4
18,512,0.0000,37.0853,389.97,49.4
18,512,0.0000,38.0613,389.97,49.4
18,512,0.0000,40.9891,389.97,49.4
18,512,0.0000,39.0372,389.97,49.4
18,512,0.0000,38.0613,389.97,49.4
18,512,0.0000,40.0131,389.97,49.4
18,512,0.0000,37.0853,389.97,49.4
18,256,0.0000,35.1335,392.26,47.7
18,256,0.0000,35.1335,392.26,47.7
18,256,0.0000,37.0853,392.26,47.7
18,256,0.0000,38.0613,392.26,47.7
18,256,0.0000,37.0853,392.26,47.7
18,256,0.0000,35.1335,392.26,47.7
18,256,0.0000,35.1335,392.26,47.7
18,256,0.0000,33.1816,392.26,47.7
18,256,0.0000,35.1335,392.26,47.7
18,256,0.0000,33.1816,392.26,47.7
19,192,0.0000,36.1094,394.66,48.8
19,192,0.0000,34.1576,394.66,48.8
19,192,0.0000,35.1335,394.66,48.8
19,192,0.0000,36.1094,394.66,48.8
19,192,0.0000,34.1576,394.66,48.8
19,192,0.0000,36.1094,394.66,48.8
19,192,0.0000,33.1816,394.66,48.8
19,192,0.0000,34.1576,394.66,48.8
19,192,0.0000,34.1576,394.66,48.8
19,192,0.0000,36.1094,394.66,48.8
19,384,0.0000,37.0853,396.86,48.3
19,384,0.0000,38.0613,396.86,48.3
19,384,0.0000,37.0853,396.86,48.3
19,384,0.0000,36.1094,396.86,48.3
19,384,0.0000,36.1094,396.86,48.3
19,384,0.0000,36.1094,396.86,48.3
19,384,0.0000,40.0131,396.86,48.3
19,384,0.0000,36.1094,396.86,48.3
19,384,0.0000,37.0853,396.86,48.3
19,384,0.0000,35.1335,396.86,48.3
19,512,0.0000,40.0131,399.16,48.8
19,512,0.0000,37.0853,399.16,48.8
19,512,0.0000,39.0372,399.16,48.8
19,512,0.0000,36.1094,399.16,48.8
19,512,0.0000,40.0131,399.16,48.8
19,512,0.0000,38.0613,399.16,48.8
19,512,0.0000,40.0131,399.16,48.8
19,512,0.0000,37.0853,399.16,48.8
19,512,0.0000,38.0613,399.16,48.8
19,512,0.0000,37.0853,399.16,48.8
19,448,0.0000,38.0613,401.45,47.7
19,448,0.0000,40.9891,401.45,47.7
19,448,0.0000,35.1335,401.45,47.7
19,448,0.0000,36.1094,401.45,47.7
19,448,0.0000,37.0853,401.45,47.7
19,448,0.0000,39.0372,401.45,47.7
19,448,0.0000,37.0853,401.45,47.7
19,448,0.0000,38.0613,401.45,47.7
19,448,0.0000,36.1094,401.45,47.7
19,448,0.0000,36.1094,401.45,47.7
19,320,0.0000,37.0853,403.75,49.4
19,320,0.0000,35.1335,403.75,49.4
19,320,0.0000,37.0853,403.75,49.4
19,320,0.0000,36.1094,403.75,49.4
19,320,0.0000,35.1335,403.75,49.4
19,320,0.0000,39.0372,403.75,49.4
19,320,0.0000,38.0613,403.75,49.4
19,320,0.0000,38.0613,403.75,49.4
19,320,0.0000,37.0853,403.75,49.4
19,320,0.0000,39.0372,403.75,49.4
19,0,0.0000,33.1816,406.04,48.8
19,0,0.0000,31.2298,406.04,48.8
19,0,0.0000,31.2298,406.04,48.8
19,0,0.0000,31.2298,406.04,48.8
19,0,0.0000,30.2538,406.04,48.8
19,0,0.0000,34.1576,406.04,48.8
19,0,0.0000,30.2538,406.04,48.8
19,0,0.0000,30.2538,406.04,48.8
19,0,0.0000,31.2298,406.04,48.8
19,0,0.0000,32.2057,406.04,48.8
19,64,0.0000,32.2057,408.34,48.8
19,64,0.0000,33.1816,408.34,48.8
19,64,0.0000,33.1816,408.34,48.8
19,64,0.0000,33.1816,408.34,48.8
19,64,0.0000,31.2298,408.34,48.8
19,64,0.0000,28.3020,408.34,48.8
19,64,0.0000,33.1816,408.34,48.8
19,64,0.0000,26.3501,408.34,48.8
19,64,0.0000,31.2298,408.34,48.8
19,64,0.0000,31.2298,408.34,48.8
19,256,0.0000,39.0372,410.64,47.2
19,256,0.0000,35.1335,410.64,47.2
19,256,0.0000,33.1816,410.64,47.2
19,256,0.0000,33.1816,410.64,47.2
19,256,0.0000,32.2057,410.64,47.2
19,256,0.0000,35.1335,410.64,47.2
19,256,0.0000,31.2298,410.64,47.2
19,256,0.0000,36.1094,410.64,47.2
19,256,0.0000,38.0613,410.64,47.2
19,256,0.0000,36.1094,410.64,47.2
19,128,0.0000,32.2057,412.93,48.8
19,128,0.0000,36.1094,412.93,48.8
19,128,0.0000,35.1335,412.93,48.8
19,128,0.0000,33.1816,412.93,48.8
19,128,0.0000,34.1576,412.93,48.8
19,128,0.0000,32.2057,412.93,48.8
19,128,0.0000,31.2298,412.93,48.8
19,128,0.0000,34.1576,412.93,48.8
19,128,0.0000,35.1335,412.93,48.8
19,128,0.0000,32.2057,412.93,48.8
20,128,0.0000,33.1816,415.33,47.2
20,128,0.0000,34.1576,415.33,47.2
20,128,0.0000,36.1094,415.33,47.2
20,128,0.0000,35.1335,415.33,47.2
20,128,0.0000,34.1576,415.33,47.2
20,128,0.0000,34.1576,415.33,47.2
20,128,0.0000,34.1576,415.33,47.2
20,128,0.0000,33.1816,415.33,47.2
20,128,0.0000,33.1816,415.33,47.2
20,128,0.0000,34.1576,415.33,47.2
20,0,0.0000,29.2779,417.52,48.8
20,0,0.0000,32.2057,417.52,48.8
20,0,0.0000,27.3260,417.52,48.8
20,0,0.0000,31.2298,417.52,48.8
20,0,0.0000,29.2779,417.52,48.8
20,0,0.0000,30.2538,417.52,48.8
20,0,0.0000,30.2538,417.52,48.8
20,0,0.0000,31.2298,417.52,48.8
20,0,0.0000,32.2057,417.52,48.8
20,0,0.0000,32.2057,417.52,48.8
20,320,0.0000,37.0853,419.81,48.8
20,320,0.0000,37.0853,419.81,48.8
20,320,0.0000,36.1094,419.81,48.8
20,320,0.0000,36.1094,419.81,48.8
20,320,0.0000,37.0853,419.81,48.8
20,320,0.0000,37.0853,419.81,48.8
20,320,0.0000,34.1576,419.81,48.8
20,320,0.0000,34.1576,419.81,48.8
20,320,0.0000,37.0853,419.81,48.8
20,320,0.0000,37.0853,419.81,48.8
20,64,0.0000,32.2057,422.10,48.3
20,64,0.0000,34.1576,422.10,48.3
20,64,0.0000,31.2298,422.10,48.3
20,64,0.0000,33.1816,422.10,48.3
20,64,0.0000,34.1576,422.10,48.3
20,64,0.0000,32.2057,422.10,48.3
20,64,0.0000,32.2057,422.10,48.3
20,64,0.0000,32.2057,422.10,48.3
20,64,0.0000,31.2298,422.10,48.3
20,64,0.0000,32.2057,422.10,48.3
20,192,0.0000,34.1576,424.40,49.4
20,192,0.0000,34.1576,424.40,49.4
20,192,0.0000,34.1576,424.40,49.4
20,192,0.0000,35.1335,424.40,49.4
20,192,0.0000,36.1094,424.40,49.4
20,192,0.0000,35.1335,424.40,49.4
20,192,0.0000,34.1576,424.40,49.4
20,192,0.0000,33.1816,424.40,49.4
20,192,0.0000,34.1576,424.40,49.4
20,192,0.0000,32.2057,424.40,49.4
20,384,0.0000,36.1094,426.69,49.4
20,384,0.0000,34.1576,426.69,49.4
20,384,0.0000,39.0372,426.69,49.4
20,384,0.0000,38.0613,426.69,49.4
20,384,0.0000,36.1094,426.69,49.4
20,384,0.0000,36.1094,426.69,49.4
20,384,0.0000,37.0853,426.69,49.4
20,384,0.0000,38.0613,426.69,49.4
20,384,0.0000,37.0853,426.69,49.4
20,384,0.0000,38.0613,426.69,49.4
20,448,0.0000,38.0613,428.98,48.3
20,448,0.0000,35.1335,428.98,48.3
20,448,0.0000,38.0613,428.98,48.3
20,448,0.0000,40.0131,428.98,48.3
20,448,0.0000,40.0131,428.98,48.3
20,448,0.0000,35.1335,428.98,48.3
20,448,0.0000,39.0372,428.98,48.3
20,448,0.0000,37.0853,428.98,48.3
20,448,0.0000,39.0372,428.98,48.3
20,448,0.0000,39.0372,428.98,48.3
20,512,0.0000,37.0853,431.28,48.8
20,512,0.0000,40.0131,431.28,48.8
20,512,0.0000,36.1094,431.28,48.8
20,512,0.0000,38.0613,431.28,48.8
20,512,0.0000,39.0372,431.28,48.8
20,512,0.0000,38.0613,431.28,48.8
20,512,0.0000,36.1094,431.28,48.8
20,512,0.0000,38.0613,431.28,48.8
20,512,0.0000,36.1094,431.28,48.8
20,512,0.0000,37.0853,431.28,48.8
20,256,0.0000,34.1576,433.58,48.3
20,256,0.0000,36.1094,433.58,48.3
20,256,0.0000,35.1335,433.58,48.3
20,256,0.0000,37.0853,433.58,48.3
20,256,0.0000,35.1335,433.58,48.3
20,256,0.0000,35.1335,433.58,48.3
20,256,0.0000,35.1335,433.58,48.3
20,256,0.0000,35.1335,433.58,48.3
20,256,0.0000,35.1335,433.58,48.3
20,256,0.0000,36.1094,433.58,48.3
21,64,0.0000,31.2298,435.98,47.7
21,64,0.0000,32.2057,435.98,47.7
21,64,0.0000,31.2298,435.98,47.7
21,64,0.0000,33.1816,435.98,47.7
21,64,0.0000,30.2538,435.98,47.7
21,64,0.0000,28.3020,435.98,47.7
21,64,0.0000,32.2057,435.98,47.7
21,64,0.0000,33.1816,435.98,47.7
21,64,0.0000,34.1576,435.98,47.7
21,64,0.0000,29.2779,435.98,47.7
21,448,0.0000,36.1094,438.17,48.8
21,448,0.0000,37.0853,438.17,48.8
21,448,0.0000,37.0853,438.17,48.8
21,448,0.0000,37.0853,438.17,48.8
21,448,0.0000,38.0613,438.17,48.8
21,448,0.0000,37.0853,438.17,48.8
21,448,0.0000,35.1335,438.17,48.8
21,448,0.0000,37.0853,438.17,48.8
21,448,0.0000,40.0131,438.17,48.8
21,448,0.0000,36.1094,438.17,48.8
21,0,0.0000,29.2779,440.47,48.3
21,0,0.0000,32.2057,440.47,48.3
21,0,0.0000,32.2057,440.47,48.3
21,0,0.0000,30.2538,440.47,48.3
21,0,0.0000,29.2779,440.47,48.3
21,0,0.0000,28.3020,440.47,48.3
21,0,0.0000,32.2057,440.47,48.3
21,0,0.0000,30.2538,440.47,48.3
21,0,0.0000,32.2057,440.47,48.3
21,0,0.0000,34.1576,440.47,48.3
21,512,0.0000,40.0131,442.76,49.4
21,512,0.0000,39.0372,442.76,49.4
21,512,0.0000,37.0853,442.76,49.4
21,512,0.0000,39.0372,442.76,49.4
21,512,0.0000,39.0372,442.76,49.4
21,512,0.0000,37.0853,442.76,49.4
21,512,0.0000,38.0613,442.76,49.4
21,512,0.0000,37.0853,442.76,49.4
21,512,0.0000,40.0131,442.76,49.4
21,512,0.0000,36.1094,442.76,49.4
21,192,0.0000,33.1816,445.06,49.4
21,192,0.0000,35.1335,445.06,49.4
21,192,0.0000,34.1576,445.06,49.4
21,192,0.0000,32.2057,445.06,49.4
21,192,0.0000,33.1816,445.06,49.4
21,192,0.0000,37.0853,445.06,49.4
21,192,0.0000,36.1094,445.06,49.4
21,192,0.0000,35.1335,445.06,49.4
21,192,0.0000,34.1576,445.06,49.4
21,192,0.0000,32.2057,445.06,49.4
21,128,0.0000,32.2057,447.36,48.3
21,128,0.0000,32.2057,447.36,48.3
21,128,0.0000,35.1335,447.36,48.3
21,128,0.0000,31.2298,447.36,48.3
21,128,0.0000,31.2298,447.36,48.3
21,128,0.0000,31.2298,447.36,48.3
21,128,0.0000,34.1576,447.36,48.3
21,128,0.0000,33.1816,447.36,48.3
21,128,0.0000,32.2057,447.36,48.3
21,128,0.0000,32.2057,447.36,48.3
21,256,0.0000,35.1335,449.65,47.7
21,256,0.0000,36.1094,449.65,47.7
21,256,0.0000,36.1094,449.65,47.7
21,256,0.0000,38.0613,449.65,47.7
21,256,0.0000,37.0853,449.65,47.7
21,256,0.0000,35.1335,449.65,47.7
21,256,0.0000,34.1576,449.65,47.7
21,256,0.0000,34.1576,449.65,47.7
21,256,0.0000,32.2057,449.65,47.7
21,256,0.0000,34.1576,449.65,47.7
21,320,0.0000,37.0853,451.95,48.3
21,320,0.0000,37.0853,451.95,48.3
21,320,0.0000,37.0853,451.95,48.3
21,320,0.0000,34.1576,451.95,48.3
21,320,0.4902,32.2057,451.95,48.3
21,320,0.0000,34.1576,451.95,48.3
21,320,0.0000,36.1094,451.95,48.3
21,320,0.0000,36.1094,451.95,48.3
21,320,0.0000,36.1094,451.95,48.3
21,320,0.0000,39.0372,451.95,48.3
21,384,0.0000,35.1335,454.24,49.4
21,384,0.0000,37.0853,454.24,49.4
21,384,0.0000,39.0372,454.24,49.4
21,384,0.0000,39.0372,454.24,49.4
21,384,0.0000,39.0372,454.24,49.4
21,384,0.0000,35.1335,454.24,49.4
21,384,0.0000,38.0613,454.24,49.4
21,384,0.0000,36.1094,454.24,49.4
21,384,0.0000,37.0853,454.24,49.4
21,384,0.0000,37.0853,454.24,49.4
22,320,0.0000,35.1335,456.64,49.4
22,320,0.0000,34.1576,456.64,49.4
22,320,0.0000,36.1094,456.64,49.4
22,320,0.0000,35.1335,456.64,49.4
22,320,0.0000,36.1094,456.64,49.4
22,320,0.0000,40.0131,456.64,49.4
22,320,0.0000,34.1576,456.64,49.4
22,320,0.0000,35.1335,456.64,49.4
22,320,0.0000,36.1094,456.64,49.4
22,320,0.0000,38.0613,456.64,49.4
22,448,0.0000,38.0613,458.84,47.7
22,448,0.0000,36.1094,458.84,47.7
22,448,0.0000,37.0853,458.84,47.7
22,448,0.0000,35.1335,458.84,47.7
22,448,0.0000,37.0853,458.84,47.7
22,448,0.0000,39.0372,458.84,47.7
22,448,0.0000,37.0853,458.84,47.7
22,448,0.0000,36.1094,458.84,47.7
22,448,0.0000,38.0613,458.84,47.7
22,448,0.0000,35.1335,458.84,47.7
22,512,0.0000,37.0853,461.13,48.3
22,512,0.0000,37.0853,461.13,48.3
22,512,0.0000,39.0372,461.13,48.3
22,512,0.0000,40.0131,461.13,48.3
22,512,0.0000,37.0853,461.13,48.3
22,512,0.0000,39.0372,461.13,48.3
22,512,0.0000,38.0613,461.13,48.3
22,512,0.0000,35.1335,461.13,48.3
22,512,0.0000,39.0372,461.13,48.3
22,512,0.0000,38.0613,461.13,48.3
22,0,0.0000,30.2538,463.43,48.3
22,0,0.0000,29.2779,463.43,48.3
22,0,0.0000,32.2057,463.43,48.3
22,0,0.0000,30.2538,463.43,48.3
22,0,0.0000,30.2538,463.43,48.3
22,0,0.0000,29.2779,463.43,48.3
22,0,0.0000,28.3020,463.43,48.3
22,0,0.0000,32.2057,463.43,48.3
22,0,0.0000,31.2298,463.43,48.3
22,0,0.0000,32.2057,463.43,48.3
22,128,0.0000,31.2298,465.72,48.8
22,128,0.0000,32.2057,465.72,48.8
22,128,0.0000,34.1576,465.72,48.8
22,128,0.0000,34.1576,465.72,48.8
22,128,0.0000,34.1576,465.72,48.8
22,128,0.0000,34.1576,465.72,48.8
22,128,0.0000,34.1576,465.72,48.8
22,128,0.0000,30.2538,465.72,48.8
22,128,0.0000,34.1576,465.72,48.8
22,128,0.0000,34.1576,465.72,48.8
22,64,0.0000,33.1816,468.02,48.8
22,64,0.0000,31.2298,468.02,48.8
22,64,0.0000,32.2057,468.02,48.8
22,64,0.0000,33.1816,468.02,48.8
22,64,0.0000,33.1816,468.02,48.8
22,64,0.0000,30.2538,468.02,48.8
22,64,0.0000,33.1816,468.02,48.8
22,64,0.0000,33.1816,468.02,48.8
22,64,0.0000,33.1816,468.02,48.8
22,64,0.0000,33.1816,468.02,48.8
22,256,0.0000,32.2057,470.32,48.3
22,256,0.0000,37.0853,470.32,48.3
22,256,0.0000,36.1094,470.32,48.3
22,256,0.0000,33.1816,470.32,48.3
22,256,0.0000,34.1576,470.32,48.3
22,256,0.0000,34.1576,470.32,48.3
22,256,0.0000,37.0853,470.32,48.3
22,256,0.0000,35.1335,470.32,48.3
22,256,0.0000,35.1335,470.32,48.3
22,256,0.0000,35.1335,470.32,48.3
22,192,0.0000,33.1816,472.61,47.7
22,192,0.0000,34.1576,472.61,47.7
22,192,0.0000,33.1816,472.61,47.7
22,192,0.0000,34.1576,472.61,47.7
22,192,0.0000,35.1335,472.61,47.7
22,192,0.0000,34.1576,472.61,47.7
22,192,0.0000,35.1335,472.61,47.7
22,192,0.0000,34.1576,472.61,47.7
22,192,0.0000,28.3020,472.61,47.7
22,192,0.0000,33.1816,472.61,47.7
22,384,0.0000,36.1094,474.91,47.2
22,384,0.0000,37.0853,474.91,47.2
22,384,0.0000,36.1094,474.91,47.2
22,384,0.0000,35.1335,474.91,47.2
22,384,0.0000,37.0853,474.91,47.2
22,384,0.0000,40.0131,474.91,47.2
22,384,0.0000,38.0613,474.91,47.2
22,384,0.0000,35.1335,474.91,47.2
22,384,0.0000,35.1335,474.91,47.2
22,384,0.0000,37.0853,474.91,47.2
23,320,0.0000,35.1335,477.21,49.4
23,320,0.0000,37.0853,477.21,49.4
23,320,0.0000,36.1094,477.21,49.4
23,320,0.0000,38.0613,477.21,49.4
23,320,0.0000,35.1335,477.21,49.4
23,320,0.0000,38.0613,477.21,49.4
23,320,0.0000,36.1094,477.21,49.4
23,320,0.0000,34.1576,477.21,49.4
23,320,0.0000,38.0613,477.21,49.4
23,320,0.0000,36.1094,477.21,49.4
23,128,0.0000,32.2057,479.40,48.8
23,128,0.0000,36.1094,479.40,48.8
23,128,0.0000,33.1816,479.40,48.8
23,128,0.0000,32.2057,479.40,48.8
23,128,0.0000,33.1816,479.40,48.8
23,128,0.0000,36.1094,479.40,48.8
23,128,0.0000,34.1576,479.40,48.8
23,128,0.0000,33.1816,479.40,48.8
23,128,0.0000,31.2298,479.40,48.8
23,128,0.0000,33.1816,479.40,48.8
23,512,0.0000,38.0613,481.70,47.7
23,512,0.0000,37.0853,481.70,47.7
23,512,0.0000,37.0853,481.70,47.7
23,512,0.0000,38.0613,481.70,47.7
23,512,0.0000,37.0853,481.70,47.7
23,512,0.0000,37.0853,481.70,47.7
23,512,0.0000,40.9891,481.70,47.7
23,512,0.0000,39.0372,481.70,47.7
23,512,0.0000,40.9891,481.70,47.7
23,512,0.0000,38.0613,481.70,47.7
23,448,0.0000,38.0613,484.00,48.8
23,448,0.0000,38.0613,484.00,48.8
23,448,0.0000,36.1094,484.00,48.8
23,448,0.0000,34.1576,484.00,48.8
23,448,0.0000,39.0372,484.00,48.8
23,448,0.0000,34.1576,484.00,48.8
23,448,0.0000,37.0853,484.00,48.8
23,448,0.0000,36.1094,484.00,48.8
23,448,0.0000,37.0853,484.00,48.8
23,448,0.0000,36.1094,484.00,48.8
23,64,0.0000,29.2779,486.29,47.7
23,64,0.0000,31.2298,486.29,47.7
23,64,0.0000,35.1335,486.29,47.7
23,64,0.0000,31.2298,486.29,47.7
23,64,0.0000,33.1816,486.29,47.7
23,64,0.0000,32.2057,486.29,47.7
23,64,0.0000,31.2298,486.29,47.7
23,64,0.0000,31.2298,486.29,47.7
23,64,0.0000,34.1576,486.29,47.7
23,64,0.0000,33.1816,486.29,47.7
23,384,0.0000,39.0372,488.69,49.4
23,384,0.0000,37.0853,488.69,49.4
23,384,0.0000,36.1094,488.69,49.4
23,384,0.0000,35.1335,488.69,49.4
23,384,0.0000,36.1094,488.69,49.4
23,384,0.0000,38.0613,488.69,49.4
23,384,0.0000,35.1335,488.69,49.4
23,384,0.0000,40.0131,488.69,49.4
23,384,0.0000,37.0853,488.69,49.4
23,384,0.0000,40.0131,488.69,49.4
23,192,0.0000,33.1816,490.98,48.8
23,192,0.0000,35.1335,490.98,48.8
23,192,0.0000,36.1094,490.98,48.8
23,192,0.0000,34.1576,490.98,48.8
23,192,0.0000,35.1335,490.98,48.8
23,192,0.0000,34.1576,490.98,48.8
23,192,0.0000,34.1576,490.98,48.8
23,192,0.0000,35.1335,490.98,48.8
23,192,0.0000,32.2057,490.98,48.8
23,192,0.0000,36.1094,490.98,48.8
23,256,0.0000,34.1576,493.28,48.8
23,256,0.0000,34.1576,493.28,48.8
23,256,0.0000,38.0613,493.28,48.8
23,256,0.0000,35.1335,493.28,48.8
23,256,0.0000,37.0853,493.28,48.8
23,256,0.0000,34.1576,493.28,48.8
23,256,0.0000,35.1335,493.28,48.8
23,256,0.0000,37.0853,493.28,48.8
23,256,0.0000,34.1576,493.28,48.8
23,256,0.0000,35.1335,493.28,48.8
23,0,0.0000,28.3020,495.67,48.8
23,0,0.0000,30.2538,495.67,48.8
23,0,0.0000,32.2057,495.67,48.8
23,0,0.0000,31.2298,495.67,48.8
23,0,0.0000,28.3020,495.67,48.8
23,0,0.0000,30.2538,495.67,48.8
23,0,0.0000,31.2298,495.67,48.8
23,0,0.0000,32.2057,495.67,48.8
23,0,0.0000,32.2057,495.67,48.8
23,0,0.0000,31.2298,495.67,48.8
24,128,0.0000,31.2298,497.87,47.7
24,128,0.0000,33.1816,497.87,47.7
24,128,0.0000,32.2057,497.87,47.7
24,128,0.0000,34.1576,497.87,47.7
24,128,0.0000,32.2057,497.87,47.7
24,128,0.0000,31.2298,497.87,47.7
24,128,0.0000,32.2057,497.87,47.7
24,128,0.0000,34.1576,497.87,47.7
24,128,0.0000,30.2538,497.87,47.7
24,128,0.0000,32.2057,497.87,47.7
24,320,0.0000,36.1094,500.17,47.7
24,320,0.0000,34.1576,500.17,47.7
24,320,0.0000,37.0853,500.17,47.7
24,320,0.0000,35.1335,500.17,47.7
24,320,0.0000,35.1335,500.17,47.7
24,320,0.0000,38.0613,500.17,47.7
24,320,0.0000,38.0613,500.17,47.7
24,320,0.0000,36.1094,500.17,47.7
24,320,0.0000,36.1094,500.17,47.7
24,320,0.0000,36.1094,500.17,47.7
24,448,0.0000,36.1094,502.46,48.8
24,448,0.0000,39.0372,502.46,48.8
24,448,0.0000,37.0853,502.46,48.8
24,448,0.0000,37.0853,502.46,48.8
24,448,0.0000,37.0853,502.46,48.8
24,448,0.0000,40.0131,502.46,48.8
24,448,0.0000,37.0853,502.46,48.8
24,448,0.0000,37.0853,502.46,48.8
24,448,0.0000,38.0613,502.46,48.8
24,448,0.0000,36.1094,502.46,48.8
24,0,0.0000,33.1816,504.76,48.8
24,0,0.0000,30.2538,504.76,48.8
24,0,0.0000,29.2779,504.76,48.8
24,0,0.0000,34.1576,504.76,48.8
24,0,0.0000,34.1576,504.76,48.8
24,0,0.0000,31.2298,504.76,48.8
24,0,0.0000,29.2779,504.76,48.8
24,0,0.0000,31.2298,504.76,48.8
24,0,0.0000,29.2779,504.76,48.8
24,0,0.0000,29.2779,504.76,48.8
24,64,0.0000,30.2538,507.06,48.8
24,64,0.0000,33.1816,507.06,48.8
24,64,0.0000,32.2057,507.06,48.8
24,64,0.0000,32.2057,507.06,48.8
24,64,0.0000,35.1335,507.06,48.8
24,64,0.0000,34.1576,507.06,48.8
24,64,0.0000,31.2298,507.06,48.8
24,64,0.0000,31.2298,507.06,48.8
24,64,0.0000,34.1576,507.06,48.8
24,64,0.0000,35.1335,507.06,48.8
24,512,0.0000,39.0372,509.35,48.3
24,512,0.0000,38.0613,509.35,48.3
24,512,0.0000,37.0853,509.35,48.3
24,512,0.0000,38.0613,509.35,48.3
24,512,0.0000,40.0131,509.35,48.3
24,512,0.0000,38.0613,509.35,48.3
24,512,0.0000,40.9891,509.35,48.3
24,512,0.0000,38.0613,509.35,48.3
24,512,0.0000,40.0131,509.35,48.3
24,512,0.0000,40.0131,509.35,48.3
24,192,0.0000,35.1335,511.65,48.8
24,192,0.0000,37.0853,511.65,48.8
24,192,0.0000,36.1094,511.65,48.8
24,192,0.0000,32.2057,511.65,48.8
24,192,0.0000,36.1094,511.65,48.8
24,192,0.0000,34.1576,511.65,48.8
24,192,0.0000,37.0853,511.65,48.8
24,192,0.0000,34.1576,511.65,48.8
24,192,0.0000,34.1576,511.65,48.8
24,192,0.0000,36.1094,511.65,48.8
24,384,0.0000,37.0853,513.94,48.3
24,384,0.0000,38.0613,513.94,48.3
24,384,0.0000,36.1094,513.94,48.3
24,384,0.0000,38.0613,513.94,48.3
24,384,0.0000,38.0613,513.94,48.3
24,384,0.0000,37.0853,513.94,48.3
24,384,0.0000,36.1094,513.94,48.3
24,384,0.0000,35.1335,513.94,48.3
24,384,0.0000,34.1576,513.94,48.3
24,384,0.0000,34.1576,513.94,48.3
24,256,0.0000,36.1094,516.34,47.7
24,256,0.0000,35.1335,516.34,47.7
24,256,0.0000,34.1576,516.34,47.7
24,256,0.0000,34.1576,516.34,47.7
24,256,0.0000,35.1335,516.34,47.7
24,256,0.0000,35.1335,516.34,47.7
24,256,0.0000,34.1576,516.34,47.7
24,256,0.0000,32.2057,516.34,47.7
24,256,0.0000,34.1576,516.34,47.7
24,256,0.0000,35.1335,516.34,47.7
25,128,0.0000,34.1576,518.54,48.8
25,128,0.0000,32.2057,518.54,48.8
25,128,0.0000,34.1576,518.54,48.8
25,128,0.0000,33.1816,518.54,48.8
25,128,0.0000,34.1576,518.54,48.8
25,128,0.0000,32.2057,518.54,48.8
25,128,0.0000,34.1576,518.54,48.8
25,128,0.0000,32.2057,518.54,48.8
25,128,0.0000,33.1816,518.54,48.8
25,128,0.0000,32.2057,518.54,48.8
25,64,0.0000,33.1816,520.84,47.7
25,64,0.0000,32.2057,520.84,47.7
25,64,0.0000,33.1816,520.84,47.7
25,64,0.0000,31.2298,520.84,47.7
25,64,0.0000,33.1816,520.84,47.7
25,64,0.0000,32.2057,520.84,47.7
25,64,0.0000,33.1816,520.84,47.7
25,64,0.0000,31.2298,520.84,47.7
25,64,0.0000,33.1816,520.84,47.7
25,64,0.0000,32.2057,520.84,47.7
25,256,0.0000,34.1576,523.13,48.3
25,256,0.0000,35.1335,523.13,48.3
25,256,0.0000,33.1816,523.13,48.3
25,256,0.0000,34.1576,523.13,48.3
25,256,0.0000,36.1094,523.13,48.3
25,256,0.0000,35.1335,523.13,48.3
25,256,0.0000,35.1335,523.13,48.3
25,256,0.0000,35.1335,523.13,48.3
25,256,0.0000,36.1094,523.13,48.3
25,256,0.0000,36.1094,523.13,48.3
25,448,0.0000,38.0613,525.43,47.7
25,448,0.0000,38.0613,525.43,47.7
25,448,0.0000,39.0372,525.43,47.7
25,448,0.0000,38.0613,525.43,47.7
25,448,0.0000,36.1094,525.43,47.7
25,448,0.0000,37.0853,525.43,47.7
25,448,0.0000,38.0613,525.43,47.7
25,448,0.0000,36.1094,525.43,47.7
25,448,0.0000,37.0853,525.43,47.7
25,448,0.0000,40.0131,525.43,47.7
25,320,0.0000,37.0853,527.72,47.7
25,320,0.0000,37.0853,527.72,47.7
25,320,0.0000,37.0853,527.72,47.7
25,320,0.0000,37.0853,527.72,47.7
25,320,0.0000,37.0853,527.72,47.7
25,320,0.0000,35.1335,527.72,47.7
25,320,0.0000,36.1094,527.72,47.7
25,320,0.0000,35.1335,527.72,47.7
25,320,0.0000,38.0613,527.72,47.7
25,320,0.0000,36.1094,527.72,47.7
25,0,0.0000,33.1816,530.02,48.8
25,0,0.0000,32.2057,530.02,48.8
25,0,0.0000,32.2057,530.02,48.8
25,0,0.0000,31.2298,530.02,48.8
25,0,0.0000,31.2298,530.02,48.8
25,0,0.0000,32.2057,530.02,48.8
25,0,0.0000,32.2057,530.02,48.8
25,0,0.0000,30.2538,530.02,48.8
25,0,0.0000,31.2298,530.02,48.8
25,0,0.0000,29.2779,530.02,48.8
25,192,0.0000,34.1576,532.32,47.7
25,192,0.0000,34.1576,532.32,47.7
25,192,0.0000,34.1576,532.32,47.7
25,192,0.0000,36.1094,532.32,47.7
25,192,0.0000,36.1094,532.32,47.7
25,192,0.0000,35.1335,532.32,47.7
25,192,0.0000,33.1816,532.32,47.7
25,192,0.0000,31.2298,532.32,47.7
25,192,0.0000,32.2057,532.32,47.7
25,192,0.0000,33.1816,532.32,47.7
25,512,0.0000,40.9891,534.61,48.8
25,512,0.0000,35.1335,534.61,48.8
25,512,0.0000,37.0853,534.61,48.8
25,512,0.0000,39.0372,534.61,48.8
25,512,0.0000,40.0131,534.61,48.8
25,512,0.0000,40.0131,534.61,48.8
25,512,0.0000,40.9891,534.61,48.8
25,512,0.0000,36.1094,534.61,48.8
25,512,0.0000,38.0613,534.61,48.8
25,512,0.0000,38.0613,534.61,48.8
25,384,0.0000,33.1816,537.01,47.7
25,384,0.0000,38.0613,537.01,47.7
25,384,0.0000,38.0613,537.01,47.7
25,384,0.0000,37.0853,537.01,47.7
25,384,0.0000,39.0372,537.01,47.7
25,384,0.0000,34.1576,537.01,47.7
25,384,0.0000,37.0853,537.01,47.7
25,384,0.0000,37.0853,537.01,47.7
25,384,0.0000,39.0372,537.01,47.7
25,384,0.0000,36.1094,537.01,47.7
26,0,0.0000,30.2538,539.20,48.8
26,0,0.0000,31.2298,539.20,48.8
26,0,0.0000,31.2298,539.20,48.8
26,0,0.0000,31.2298,539.20,48.8
26,0,0.0000,30.2538,539.20,48.8
26,0,0.0000,33.1816,539.20,48.8
26,0,0.0000,31.2298,539.20,48.8
26,0,0.0000,28.3020,539.20,48.8
26,0,0.0000,29.2779,539.20,48.8
26,0,0.0000,29.2779,539.20,48.8
26,64,0.0000,34.1576,541.50,48.8
26,64,0.0000,31.2298,541.50,48.8
26,64,0.0000,32.2057,541.50,48.8
26,64,0.0000,34.1576,541.50,48.8
26,64,0.0000,32.2057,541.50,48.8
26,64,0.0000,33.1816,541.50,48.8
26,64,0.0000,34.1576,541.50,48.8
26,64,0.0000,32.2057,541.50,48.8
26,64,0.0000,32.2057,541.50,48.8
26,64,0.0000,32.2057,541.50,48.8
26,192,0.0000,35.1335,543.80,48.3
26,192,0.0000,37.0853,543.80,48.3
26,192,0.0000,34.1576,543.80,48.3
26,192,0.0000,34.1576,543.80,48.3
26,192,0.0000,34.1576,543.80,48.3
26,192,0.0000,33.1816,543.80,48.3
26,192,0.0000,33.1816,543.80,48.3
26,192,0.0000,31.2298,543.80,48.3
26,192,0.0000,33.1816,543.80,48.3
26,192,0.0000,34.1576,543.80,48.3
26,256,0.0000,37.0853,546.09,48.8
26,256,0.0000,36.1094,546.09,48.8
26,256,0.0000,33.1816,546.09,48.8
26,256,0.0000,35.1335,546.09,48.8
26,256,0.0000,36.1094,546.09,48.8
26,256,0.0000,34.1576,546.09,48.8
26,256,0.0000,35.1335,546.09,48.8
26,256,0.0000,34.1576,546.09,48.8
26,256,0.0000,34.1576,546.09,48.8
26,256,0.0000,36.1094,546.09,48.8
26,320,0.0000,37.0853,548.39,48.3
26,320,0.0000,34.1576,548.39,48.3
26,320,0.0000,38.0613,548.39,48.3
26,320,0.0000,37.0853,548.39,48.3
26,320,0.0000,36.1094,548.39,48.3
26,320,0.0000,34.1576,548.39,48.3
26,320,0.0000,36.1094,548.39,48.3
26,320,1.4706,34.1576,548.39,48.3
26,320,0.0000,35.1335,548.39,48.3
26,320,0.0000,37.0853,548.39,48.3
26,448,0.0000,38.0613,550.68,48.8
26,448,0.0000,39.0372,550.68,48.8
26,448,0.0000,40.0131,550.68,48.8
26,448,0.0000,34.1576,550.68,48.8
26,448,0.0000,38.0613,550.68,48.8
26,448,0.0000,35.1335,550.68,48.8
26,448,0.0000,38.0613,550.68,48.8
26,448,0.0000,37.0853,550.68,48.8
26,448,0.0000,37.0853,550.68,48.8
26,448,0.0000,38.0613,550.68,48.8
26,128,0.0000,34.1576,552.98,47.7
26,128,0.0000,31.2298,552.98,47.7
26,128,0.0000,33.1816,552.98,47.7
26,128,0.0000,34.1576,552.98,47.7
26,128,0.0000,34.1576,552.98,47.7
26,128,0.0000,32.2057,552.98,47.7
26,128,0.0000,32.2057,552.98,47.7
26,128,0.0000,33.1816,552.98,47.7
26,128,0.0000,35.1335,552.98,47.7
26,128,0.0000,33.1816,552.98,47.7
26,384,0.0000,37.0853,555.28,47.7
26,384,0.0000,38.0613,555.28,47.7
26,384,0.0000,39.0372,555.28,47.7
26,384,0.0000,38.0613,555.28,47.7
26,384,0.0000,36.1094,555.28,47.7
26,384,0.0000,36.1094,555.28,47.7
26,384,0.0000,37.0853,555.28,47.7
26,384,0.0000,38.0613,555.28,47.7
26,384,0.0000,38.0613,555.28,47.7
26,384,0.0000,38.0613,555.28,47.7
26,512,0.0000,37.0853,557.67,49.4
26,512,0.0000,40.9891,557.67,49.4
26,512,0.0000,39.0372,557.67,49.4
26,512,0.0000,38.0613,557.67,49.4
26,512,0.0000,37.0853,557.67,49.4
26,512,0.0000,37.0853,557.67,49.4
26,512,0.0000,40.0131,557.67,49.4
26,512,0.0000,36.1094,557.67,49.4
26,512,0.0000,38.0613,557.67,49.4
26,512,0.0000,35.1335,557.67,49.4
27,64,0.0000,35.1335,559.87,47.7
27,64,0.0000,33.1816,559.87,47.7
27,64,0.0000,32.2057,559.87,47.7
27,64,0.0000,32.2057,559.87,47.7
27,64,0.0000,32.2057,559.87,47.7
27,64,0.0000,33.1816,559.87,47.7
27,64,0.0000,31.2298,559.87,47.7
27,64,0.0000,31.2298,559.87,47.7
27,64,0.0000,30.2538,559.87,47.7
27,64,0.0000,33.1816,559.87,47.7
27,256,0.0000,35.1335,562.17,48.8
27,256,0.0000,35.1335,562.17,48.8
27,256,0.0000,39.0372,562.17,48.8
27,256,0.0000,35.1335,562.17,48.8
27,256,0.0000,40.0131,562.17,48.8
27,256,0.0000,37.0853,562.17,48.8
27,256,0.0000,35.1335,562.17,48.8
27,256,0.0000,35.1335,562.17,48.8
27,256,0.0000,34.1576,562.17,48.8
27,256,0.0000,32.2057,562.17,48.8
27,128,0.0000,34.1576,564.46,48.3
27,128,0.0000,35.1335,564.46,48.3
27,128,0.0000,33.1816,564.46,48.3
27,128,0.0000,32.2057,564.46,48.3
27,128,0.0000,34.1576,564.46,48.3
27,128,0.0000,31.2298,564.46,48.3
27,128,0.0000,36.1094,564.46,48.3
27,128,0.0000,31.2298,564.46,48.3
27,128,0.0000,33.1816,564.46,48.3
27,128,0.0000,34.1576,564.46,48.3
27,192,0.0000,35.1335,566.76,48.8
27,192,0.0000,35.1335,566.76,48.8
27,192,0.0000,36.1094,566.76,48.8
27,192,0.0000,33.1816,566.76,48.8
27,192,0.0000,34.1576,566.76,48.8
27,192,0.0000,35.1335,566.76,48.8
27,192,0.0000,35.1335,566.76,48.8
27,192,0.0000,38.0613,566.76,48.8
27,192,0.0000,35.1335,566.76,48.8
27,192,0.0000,32.2057,566.76,48.8
27,448,0.0000,37.0853,569.08,48.8
27,448,0.0000,37.0853,569.08,48.8
27,448,0.0000,36.1094,569.08,48.8
27,448,0.0000,35.1335,569.08,48.8
27,448,0.4902,56.6039,569.08,48.8
27,448,9.3138,130.7746,569.08,48.8
27,448,0.0000,40.9891,569.08,48.8
27,448,0.0000,38.0613,569.08,48.8
27,448,0.0000,39.0372,569.08,48.8
27,448,0.0000,39.0372,569.08,48.8
27,448,0.0000,34.1576,569.08,48.8
27,0,0.0000,30.2538,571.38,48.8
27,0,0.0000,32.2057,571.38,48.8
27,0,0.0000,31.2298,571.38,48.8
27,0,0.0000,33.1816,571.38,48.8
27,0,0.0000,30.2538,571.38,48.8
27,0,0.0000,30.2538,571.38,48.8
27,0,0.0000,30.2538,571.38,48.8
27,0,0.0000,32.2057,571.38,48.8
27,0,0.0000,32.2057,571.38,48.8
27,0,0.0000,28.3020,571.38,48.8
27,384,0.0000,37.0853,573.67,49.4
27,384,0.0000,37.0853,573.67,49.4
27,384,0.0000,38.0613,573.67,49.4
27,384,0.0000,36.1094,573.67,49.4
27,384,0.0000,37.0853,573.67,49.4
27,384,0.0000,39.0372,573.67,49.4
27,384,0.0000,37.0853,573.67,49.4
27,384,0.0000,34.1576,573.67,49.4
27,384,0.0000,37.0853,573.67,49.4
27,384,0.0000,38.0613,573.67,49.4
27,320,0.0000,36.1094,576.06,48.8
27,320,0.0000,40.0131,576.06,48.8
27,320,0.0000,39.0372,576.06,48.8
27,320,0.0000,37.0853,576.06,48.8
27,320,0.0000,36.1094,576.06,48.8
27,320,0.0000,38.0613,576.06,48.8
27,320,0.0000,37.0853,576.06,48.8
27,320,0.0000,34.1576,576.06,48.8
27,320,0.0000,35.1335,576.06,48.8
27,320,0.0000,36.1094,576.06,48.8
27,512,0.0000,39.0372,578.36,48.8
27,512,0.0000,37.0853,578.36,48.8
27,512,0.0000,38.0613,578.36,48.8
27,512,0.0000,37.0853,578.36,48.8
27,512,0.0000,40.0131,578.36,48.8
27,512,0.0000,38.0613,578.36,48.8
27,512,0.0000,37.0853,578.36,48.8
27,512,0.0000,39.0372,578.36,48.8
27,512,0.0000,36.1094,578.36,48.8
27,512,0.0000,38.0613,578.36,48.8
28,64,0.0000,29.2779,580.66,48.8
28,64,0.0000,33.1816,580.66,48.8
28,64,0.0000,32.2057,580.66,48.8
28,64,0.0000,32.2057,580.66,48.8
28,64,0.0000,30.2538,580.66,48.8
28,64,0.0000,34.1576,580.66,48.8
28,64,0.0000,34.1576,580.66,48.8
28,64,0.0000,34.1576,580.66,48.8
28,64,0.0000,34.1576,580.66,48.8
28,64,0.0000,35.1335,580.66,48.8
28,256,0.0000,36.1094,582.96,48.3
28,256,0.0000,36.1094,582.96,48.3
28,256,0.0000,36.1094,582.96,48.3
28,256,0.0000,33.1816,582.96,48.3
28,256,0.0000,35.1335,582.96,48.3
28,256,0.0000,37.0853,582.96,48.3
28,256,0.0000,37.0853,582.96,48.3
28,256,0.0000,37.0853,582.96,48.3
28,256,0.0000,34.1576,582.96,48.3
28,256,0.0000,34.1576,582.96,48.3
28,192,0.0000,34.1576,585.25,48.8
28,192,0.0000,35.1335,585.25,48.8
28,192,0.0000,32.2057,585.25,48.8
28,192,0.0000,34.1576,585.25,48.8
28,192,0.0000,35.1335,585.25,48.8
28,192,0.0000,36.1094,585.25,48.8
28,192,0.0000,35.1335,585.25,48.8
28,192,0.0000,36.1094,585.25,48.8
28,192,0.0000,36.1094,585.25,48.8
28,192,0.0000,37.0853,585.25,48.8
28,0,0.0000,32.2057,587.55,48.8
28,0,0.0000,30.2538,587.55,48.8
28,0,0.0000,27.3260,587.55,48.8
28,0,0.0000,30.2538,587.55,48.8
28,0,0.0000,31.2298,587.55,48.8
28,0,0.0000,31.2298,587.55,48.8
28,0,0.0000,31.2298,587.55,48.8
28,0,0.0000,30.2538,587.55,48.8
28,0,0.0000,31.2298,587.55,48.8
28,0,0.0000,32.2057,587.55,48.8
28,448,0.0000,37.0853,589.84,48.3
28,448,0.0000,39.0372,589.84,48.3
28,448,0.0000,38.0613,589.84,48.3
28,448,0.0000,36.1094,589.84,48.3
28,448,0.0000,37.0853,589.84,48.3
28,448,0.0000,39.0372,589.84,48.3
28,448,0.0000,37.0853,589.84,48.3
28,448,0.0000,37.0853,589.84,48.3
28,448,0.0000,38.0613,589.84,48.3
28,448,0.0000,36.1094,589.84,48.3
28,384,0.0000,37.0853,592.14,48.8
28,384,0.0000,38.0613,592.14,48.8
28,384,0.0000,38.0613,592.14,48.8
28,384,0.0000,38.0613,592.14,48.8
28,384,0.0000,40.9891,592.14,48.8
28,384,0.0000,38.0613,592.14,48.8
28,384,0.0000,37.0853,592.14,48.8
28,384,0.0000,37.0853,592.14,48.8
28,384,0.0000,36.1094,592.14,48.8
28,384,0.0000,36.1094,592.14,48.8
28,320,0.0000,38.0613,594.54,49.4
28,320,0.0000,39.0372,594.54,49.4
28,320,0.0000,34.1576,594.54,49.4
28,320,0.0000,34.1576,594.54,49.4
28,320,0.0000,35.1335,594.54,49.4
28,320,0.0000,35.1335,594.54,49.4
28,320,0.0000,38.0613,594.54,49.4
28,320,0.0000,37.0853,594.54,49.4
28,320,0.0000,39.0372,594.54,49.4
28,320,0.0000,38.0613,594.54,49.4
28,512,0.0000,39.0372,596.73,48.8
28,512,0.0000,38.0613,596.73,48.8
28,512,0.0000,38.0613,596.73,48.8
28,512,0.0000,38.0613,596.73,48.8
28,512,0.0000,40.0131,596.73,48.8
28,512,0.0000,40.0131,596.73,48.8
28,512,0.0000,38.0613,596.73,48.8
28,512,0.0000,38.0613,596.73,48.8
28,512,0.0000,39.0372,596.73,48.8
28,512,0.0000,39.0372,596.73,48.8
28,128,0.0000,32.2057,599.03,47.7
28,128,0.0000,33.1816,599.03,47.7
28,128,0.0000,32.2057,599.03,47.7
28,128,0.0000,35.1335,599.03,47.7
28,128,0.0000,30.2538,599.03,47.7
28,128,0.0000,31.2298,599.03,47.7
28,128,0.0000,35.1335,599.03,47.7
28,128,0.0000,32.2057,599.03,47.7
28,128,0.0000,36.1094,599.03,47.7
28,128,0.0000,34.1576,599.03,47.7
29,512,0.0000,40.0131,601.32,48.3
29,512,0.0000,40.0131,601.32,48.3
29,512,0.0000,41.9650,601.32,48.3
29,512,0.0000,39.0372,601.32,48.3
29,512,0.0000,40.0131,601.32,48.3
29,512,0.0000,57.5799,601.32,48.3
29,512,0.0000,40.0131,601.32,48.3
29,512,0.0000,40.0131,601.32,48.3
29,512,0.0000,38.0613,601.32,48.3
29,512,0.0000,34.1576,601.32,48.3
29,64,0.0000,34.1576,603.62,47.7
29,64,0.0000,32.2057,603.62,47.7
29,64,0.0000,34.1576,603.62,47.7
29,64,0.0000,31.2298,603.62,47.7
29,64,0.0000,31.2298,603.62,47.7
29,64,0.0000,32.2057,603.62,47.7
29,64,0.0000,34.1576,603.62,47.7
29,64,0.0000,29.2779,603.62,47.7
29,64,0.0000,34.1576,603.62,47.7
29,64,0.0000,33.1816,603.62,47.7
29,448,0.0000,39.0372,605.92,49.4
29,448,0.0000,37.0853,605.92,49.4
29,448,0.0000,39.0372,605.92,49.4
29,448,0.0000,37.0853,605.92,49.4
29,448,0.0000,39.0372,605.92,49.4
29,448,0.0000,37.0853,605.92,49.4
29,448,0.0000,36.1094,605.92,49.4
29,448,0.0000,37.0853,605.92,49.4
29,448,0.0000,39.0372,605.92,49.4
29,448,0.0000,38.0613,605.92,49.4
29,0,0.0000,33.1816,608.21,47.7
29,0,0.0000,31.2298,608.21,47.7
29,0,0.0000,29.2779,608.21,47.7
29,0,0.0000,30.2538,608.21,47.7
29,0,0.0000,31.2298,608.21,47.7
29,0,0.0000,30.2538,608.21,47.7
29,0,0.0000,31.2298,608.21,47.7
29,0,0.0000,30.2538,608.21,47.7
29,0,0.0000,31.2298,608.21,47.7
29,0,0.0000,31.2298,608.21,47.7
29,320,0.0000,37.0853,610.51,47.2
29,320,0.0000,36.1094,610.51,47.2
29,320,0.0000,36.1094,610.51,47.2
29,320,0.0000,36.1094,610.51,47.2
29,320,0.0000,36.1094,610.51,47.2
29,320,0.0000,37.0853,610.51,47.2
29,320,0.0000,36.1094,610.51,47.2
29,320,0.0000,38.0613,610.51,47.2
29,320,0.0000,36.1094,610.51,47.2
29,320,0.0000,37.0853,610.51,47.2
29,128,0.0000,33.1816,612.80,47.7
29,128,0.0000,33.1816,612.80,47.7
29,128,0.0000,34.1576,612.80,47.7
29,128,0.0000,33.1816,612.80,47.7
29,128,0.0000,33.1816,612.80,47.7
29,128,0.0000,33.1816,612.80,47.7
29,128,0.0000,30.2538,612.80,47.7
29,128,0.0000,34.1576,612.80,47.7
29,128,0.0000,31.2298,612.80,47.7
29,128,0.0000,33.1816,612.80,47.7
29,384,0.0000,35.1335,615.20,48.8
29,384,0.0000,38.0613,615.20,48.8
29,384,0.0000,36.1094,615.20,48.8
29,384,0.0000,36.1094,615.20,48.8
29,384,0.0000,37.0853,615.20,48.8
29,384,0.0000,39.0372,615.20,48.8
29,384,0.0000,38.0613,615.20,48.8
29,384,0.0000,37.0853,615.20,48.8
29,384,0.0000,37.0853,615.20,48.8
29,384,0.0000,34.1576,615.20,48.8
29,192,0.0000,36.1094,617.40,47.7
29,192,0.0000,36.1094,617.40,47.7
29,192,0.0000,34.1576,617.40,47.7
29,192,0.0000,36.1094,617.40,47.7
29,192,0.0000,34.1576,617.40,47.7
29,192,0.0000,36.1094,617.40,47.7
29,192,0.0000,33.1816,617.40,47.7
29,192,0.0000,31.2298,617.40,47.7
29,192,0.0000,32.2057,617.40,47.7
29,192,0.0000,36.1094,617.40,47.7
29,256,0.0000,37.0853,619.69,48.8
29,256,0.0000,34.1576,619.69,48.8
29,256,0.0000,33.1816,619.69,48.8
29,256,0.0000,35.1335,619.69,48.8
29,256,0.0000,34.1576,619.69,48.8
29,256,0.0000,36.1094,619.69,48.8
29,256,0.0000,35.1335,619.69,48.8
29,256,0.0000,34.1576,619.69,48.8
29,256,0.0000,38.0613,619.69,48.8
29,256,0.0000,38.0613,619.69,48.8
30,320,0.0000,36.1094,621.99,48.3
30,320,0.0000,35.1335,621.99,48.3
30,320,0.0000,36.1094,621.99,48.3
30,320,0.0000,36.1094,621.99,48.3
30,320,0.0000,37.0853,621.99,48.3
30,320,0.0000,37.0853,621.99,48.3
30,320,0.0000,37.0853,621.99,48.3
30,320,0.0000,36.1094,621.99,48.3
30,320,0.0000,38.0613,621.99,48.3
30,320,0.0000,36.1094,621.99,48.3
30,0,0.0000,33.1816,624.28,48.8
30,0,0.0000,32.2057,624.28,48.8
30,0,0.0000,32.2057,624.28,48.8
30,0,0.0000,30.2538,624.28,48.8
30,0,0.0000,30.2538,624.28,48.8
30,0,0.0000,32.2057,624.28,48.8
30,0,0.0000,30.2538,624.28,48.8
30,0,0.0000,33.1816,624.28,48.8
30,0,0.0000,30.2538,624.28,48.8
30,0,0.0000,26.3501,624.28,48.8
30,128,0.0000,34.1576,626.58,48.8
30,128,0.0000,34.1576,626.58,48.8
30,128,0.0000,34.1576,626.58,48.8
30,128,0.0000,33.1816,626.58,48.8
30,128,0.0000,34.1576,626.58,48.8
30,128,0.0000,33.1816,626.58,48.8
30,128,0.0000,36.1094,626.58,48.8
30,128,0.0000,33.1816,626.58,48.8
30,128,0.0000,30.2538,626.58,48.8
30,128,0.0000,31.2298,626.58,48.8
30,512,0.0000,38.0613,628.88,48.8
30,512,0.0000,38.0613,628.88,48.8
30,512,0.0000,37.0853,628.88,48.8
30,512,0.0000,39.0372,628.88,48.8
30,512,0.0000,40.0131,628.88,48.8
30,512,0.0000,38.0613,628.88,48.8
30,512,0.0000,39.0372,628.88,48.8
30,512,0.0000,36.1094,628.88,48.8
30,512,0.0000,39.0372,628.88,48.8
30,512,0.0000,39.0372,628.88,48.8
30,192,0.0000,35.1335,631.17,48.8
30,192,0.0000,35.1335,631.17,48.8
30,192,0.0000,33.1816,631.17,48.8
30,192,0.0000,35.1335,631.17,48.8
30,192,0.0000,33.1816,631.17,48.8
30,192,0.0000,37.0853,631.17,48.8
30,192,0.0000,34.1576,631.17,48.8
30,192,0.0000,36.1094,631.17,48.8
30,192,0.0000,33.1816,631.17,48.8
30,192,0.0000,36.1094,631.17,48.8
30,448,0.0000,36.1094,633.47,48.3
30,448,0.0000,40.0131,633.47,48.3
30,448,0.0000,38.0613,633.47,48.3
30,448,0.0000,39.0372,633.47,48.3
30,448,0.0000,37.0853,633.47,48.3
30,448,0.0000,39.0372,633.47,48.3
30,448,0.0000,38.0613,633.47,48.3
30,448,0.0000,38.0613,633.47,48.3
30,448,0.0000,38.0613,633.47,48.3
30,448,0.0000,40.9891,633.47,48.3
30,256,0.0000,32.2057,635.86,49.4
30,256,0.0000,34.1576,635.86,49.4
30,256,0.0000,34.1576,635.86,49.4
30,256,0.0000,35.1335,635.86,49.4
30,256,0.0000,36.1094,635.86,49.4
30,256,0.0000,36.1094,635.86,49.4
30,256,0.0000,32.2057,635.86,49.4
30,256,0.0000,33.1816,635.86,49.4
30,256,0.0000,36.1094,635.86,49.4
30,256,0.0000,37.0853,635.86,49.4
30,64,0.0000,32.2057,638.06,47.7
30,64,0.0000,33.1816,638.06,47.7
30,64,0.0000,34.1576,638.06,47.7
30,64,0.0000,32.2057,638.06,47.7
30,64,0.0000,32.2057,638.06,47.7
30,64,0.0000,32.2057,638.06,47.7
30,64,0.0000,30.2538,638.06,47.7
30,64,0.0000,34.1576,638.06,47.7
30,64,0.0000,35.1335,638.06,47.7
30,64,0.0000,34.1576,638.06,47.7
30,384,0.0000,38.0613,640.35,48.8
30,384,0.0000,37.0853,640.35,48.8
30,384,0.0000,34.1576,640.35,48.8
30,384,0.0000,38.0613,640.35,48.8
30,384,0.0000,34.1576,640.35,48.8
30,384,0.0000,37.0853,640.35,48.8
30,384,0.0000,35.1335,640.35,48.8
30,384,0.0000,34.1576,640.35,48.8
30,384,0.0000,40.9891,640.35,48.8
30,384,0.0000,38.0613,640.35,48.8
31,384,0.0000,38.0613,642.65,47.7
31,384,0.0000,37.0853,642.65,47.7
31,384,0.0000,36.1094,642.65,47.7
31,384,0.0000,37.0853,642.65,47.7
31,384,0.0000,38.0613,642.65,47.7
31,384,0.0000,39.0372,642.65,47.7
31,384,0.0000,40.0131,642.65,47.7
31,384,0.0000,38.0613,642.65,47.7
31,384,0.0000,36.1094,642.65,47.7
31,384,0.0000,38.0613,642.65,47.7
31,448,0.0000,38.0613,644.94,48.8
31,448,0.0000,38.0613,644.94,48.8
31,448,0.0000,38.0613,644.94,48.8
31,448,0.0000,37.0853,644.94,48.8
31,448,0.0000,38.0613,644.94,48.8
31,448,0.0000,35.1335,644.94,48.8
31,448,0.0000,38.0613,644.94,48.8
31,448,0.0000,37.0853,644.94,48.8
31,448,0.0000,38.0613,644.94,48.8
31,448,0.0000,40.0131,644.94,48.8
31,192,0.0000,35.1335,647.23,48.8
31,192,0.0000,35.1335,647.23,48.8
31,192,0.0000,34.1576,647.23,48.8
31,192,0.0000,34.1576,647.23,48.8
31,192,0.0000,36.1094,647.23,48.8
31,192,0.0000,34.1576,647.23,48.8
31,192,0.0000,33.1816,647.23,48.8
31,192,0.0000,35.1335,647.23,48.8
31,192,0.0000,34.1576,647.23,48.8
31,192,0.0000,33.1816,647.23,48.8
31,512,0.0000,38.0613,649.53,48.8
31,512,0.0000,37.0853,649.53,48.8
31,512,0.0000,38.0613,649.53,48.8
31,512,0.0000,39.0372,649.53,48.8
31,512,0.0000,37.0853,649.53,48.8
31,512,0.0000,37.0853,649.53,48.8
31,512,0.0000,37.0853,649.53,48.8
31,512,0.0000,37.0853,649.53,48.8
31,512,0.0000,37.0853,649.53,48.8
31,512,0.0000,37.0853,649.53,48.8
31,128,0.0000,33.1816,651.82,49.9
31,128,0.0000,31.2298,651.82,49.9
31,128,0.0000,34.1576,651.82,49.9
31,128,0.0000,34.1576,651.82,49.9
31,128,0.0000,33.1816,651.82,49.9
31,128,0.0000,34.1576,651.82,49.9
31,128,0.0000,34.1576,651.82,49.9
31,128,0.0000,36.1094,651.82,49.9
31,128,0.0000,33.1816,651.82,49.9
31,128,0.0000,33.1816,651.82,49.9
31,320,0.0000,35.1335,654.12,47.2
31,320,0.0000,35.1335,654.12,47.2
31,320,0.0000,37.0853,654.12,47.2
31,320,0.0000,35.1335,654.12,47.2
31,320,0.0000,36.1094,654.12,47.2
31,320,0.0000,36.1094,654.12,47.2
31,320,0.0000,34.1576,654.12,47.2
31,320,0.0000,38.0613,654.12,47.2
31,320,0.0000,34.1576,654.12,47.2
31,320,0.0000,37.0853,654.12,47.2
31,256,0.0000,37.0853,656.52,48.3
31,256,0.0000,34.1576,656.52,48.3
31,256,0.0000,34.1576,656.52,48.3
31,256,0.0000,36.1094,656.52,48.3
31,256,0.0000,36.1094,656.52,48.3
31,256,0.0000,38.0613,656.52,48.3
31,256,0.0000,33.1816,656.52,48.3
31,256,0.0000,35.1335,656.52,48.3
31,256,0.0000,34.1576,656.52,48.3
31,256,0.0000,38.0613,656.52,48.3
31,64,0.0000,34.1576,658.81,49.9
31,64,0.0000,32.2057,658.81,49.9
31,64,0.0000,35.1335,658.81,49.9
31,64,0.0000,32.2057,658.81,49.9
31,64,0.0000,32.2057,658.81,49.9
31,64,0.0000,30.2538,658.81,49.9
31,64,0.0000,32.2057,658.81,49.9
31,64,0.0000,32.2057,658.81,49.9
31,64,0.0000,32.2057,658.81,49.9
31,64,0.0000,34.1576,658.81,49.9
31,0,0.0000,32.2057,661.11,49.4
31,0,0.0000,33.1816,661.11,49.4
31,0,0.0000,30.2538,661.11,49.4
31,0,0.0000,29.2779,661.11,49.4
31,0,0.0000,30.2538,661.11,49.4
31,0,0.0000,28.3020,661.11,49.4
31,0,0.0000,32.2057,661.11,49.4
31,0,0.0000,30.2538,661.11,49.4
31,0,0.0000,30.2538,661.11,49.4
31,0,0.0000,32.2057,661.11,49.4
32,64,0.0000,31.2298,663.40,48.3
32,64,0.0000,33.1816,663.40,48.3
32,64,0.0000,32.2057,663.40,48.3
32,64,0.0000,33.1816,663.40,48.3
32,64,0.0000,32.2057,663.40,48.3
32,64,0.0000,32.2057,663.40,48.3
32,64,0.0000,34.1576,663.40,48.3
32,64,0.0000,33.1816,663.40,48.3
32,64,0.0000,32.2057,663.40,48.3
32,64,0.0000,32.2057,663.40,48.3
32,256,0.0000,37.0853,665.70,49.4
32,256,0.0000,35.1335,665.70,49.4
32,256,0.0000,34.1576,665.70,49.4
32,256,0.0000,33.1816,665.70,49.4
32,256,0.0000,34.1576,665.70,49.4
32,256,0.0000,37.0853,665.70,49.4
32,256,0.0000,34.1576,665.70,49.4
32,256,0.0000,35.1335,665.70,49.4
32,256,0.0000,35.1335,665.70,49.4
32,256,0.0000,34.1576,665.70,49.4
32,320,0.0000,37.0853,668.00,48.3
32,320,0.0000,38.0613,668.00,48.3
32,320,0.0000,36.1094,668.00,48.3
32,320,0.0000,38.0613,668.00,48.3
32,320,0.0000,35.1335,668.00,48.3
32,320,0.0000,37.0853,668.00,48.3
32,320,0.0000,35.1335,668.00,48.3
32,320,0.0000,34.1576,668.00,48.3
32,320,0.0000,38.0613,668.00,48.3
32,320,0.0000,38.0613,668.00,48.3
32,192,0.0000,33.1816,670.42,48.8
32,192,0.0000,34.1576,670.42,48.8
32,192,0.0000,34.1576,670.42,48.8
32,192,0.0000,36.1094,670.42,48.8
32,192,0.0000,34.1576,670.42,48.8
32,192,7.8432,60.5077,670.42,48.8
32,192,0.0000,36.1094,670.42,48.8
32,192,0.0000,34.1576,670.42,48.8
32,192,0.0000,35.1335,670.42,48.8
32,192,0.0000,33.1816,670.42,48.8
32,192,0.0000,34.1576,670.42,48.8
32,448,0.0000,39.0372,672.71,48.8
32,448,0.0000,38.0613,672.71,48.8
32,448,0.0000,40.0131,672.71,48.8
32,448,0.0000,39.0372,672.71,48.8
32,448,0.0000,38.0613,672.71,48.8
32,448,0.0000,40.0131,672.71,48.8
32,448,0.0000,38.0613,672.71,48.8
32,448,0.0000,38.0613,672.71,48.8
32,448,0.0000,37.0853,672.71,48.8
32,448,0.0000,38.0613,672.71,48.8
32,384,0.0000,34.1576,675.01,48.8
32,384,0.0000,38.0613,675.01,48.8
32,384,0.0000,38.0613,675.01,48.8
32,384,0.0000,37.0853,675.01,48.8
32,384,0.0000,37.0853,675.01,48.8
32,384,0.0000,38.0613,675.01,48.8
32,384,0.0000,36.1094,675.01,48.8
32,384,0.0000,37.0853,675.01,48.8
32,384,0.0000,37.0853,675.01,48.8
32,384,0.0000,37.0853,675.01,48.8
32,0,0.0000,32.2057,677.30,48.8
32,0,0.0000,31.2298,677.30,48.8
32,0,0.0000,33.1816,677.30,48.8
32,0,0.0000,32.2057,677.30,48.8
32,0,0.0000,28.3020,677.30,48.8
32,0,0.0000,29.2779,677.30,48.8
32,0,0.0000,31.2298,677.30,48.8
32,0,0.0000,29.2779,677.30,48.8
32,0,0.0000,32.2057,677.30,48.8
32,0,0.0000,30.2538,677.30,48.8
32,128,0.0000,31.2298,679.60,48.8
32,128,0.0000,33.1816,679.60,48.8
32,128,0.0000,33.1816,679.60,48.8
32,128,0.0000,31.2298,679.60,48.8
32,128,0.0000,34.1576,679.60,48.8
32,128,0.0000,34.1576,679.60,48.8
32,128,0.0000,35.1335,679.60,48.8
32,128,0.0000,33.1816,679.60,48.8
32,128,0.0000,33.1816,679.60,48.8
32,128,0.0000,33.1816,679.60,48.8
32,512,0.0000,39.0372,681.90,48.3
32,512,0.0000,35.1335,681.90,48.3
32,512,0.0000,39.0372,681.90,48.3
32,512,0.0000,38.0613,681.90,48.3
32,512,0.0000,40.9891,681.90,48.3
32,512,0.0000,37.0853,681.90,48.3
32,512,0.0000,39.0372,681.90,48.3
32,512,0.0000,38.0613,681.90,48.3
32,512,0.0000,37.0853,681.90,48.3
32,512,0.0000,35.1335,681.90,48.3
33,448,0.0000,39.0372,684.19,48.8
33,448,0.0000,37.0853,684.19,48.8
33,448,0.0000,39.0372,684.19,48.8
33,448,0.0000,37.0853,684.19,48.8
33,448,0.0000,38.0613,684.19,48.8
33,448,0.0000,38.0613,684.19,48.8
33,448,0.0000,38.0613,684.19,48.8
33,448,0.0000,38.0613,684.19,48.8
33,448,0.0000,39.0372,684.19,48.8
33,448,0.0000,37.0853,684.19,48.8
33,256,0.0000,37.0853,686.49,48.8
33,256,0.0000,34.1576,686.49,48.8
33,256,0.0000,35.1335,686.49,48.8
33,256,0.0000,36.1094,686.49,48.8
33,256,0.0000,35.1335,686.49,48.8
33,256,0.0000,36.1094,686.49,48.8
33,256,0.0000,39.0372,686.49,48.8
33,256,0.0000,36.1094,686.49,48.8
33,256,0.0000,37.0853,686.49,48.8
33,256,0.0000,36.1094,686.49,48.8
33,128,0.0000,35.1335,688.78,48.8
33,128,0.0000,33.1816,688.78,48.8
33,128,0.0000,33.1816,688.78,48.8
33,128,0.0000,33.1816,688.78,48.8
33,128,0.0000,31.2298,688.78,48.8
33,128,0.0000,33.1816,688.78,48.8
33,128,0.0000,32.2057,688.78,48.8
33,128,0.0000,31.2298,688.78,48.8
33,128,0.0000,36.1094,688.78,48.8
33,128,0.0000,34.1576,688.78,48.8
33,64,0.0000,31.2298,691.08,48.8
33,64,0.0000,33.1816,691.08,48.8
33,64,0.0000,33.1816,691.08,48.8
33,64,0.0000,34.1576,691.08,48.8
33,64,0.0000,33.1816,691.08,48.8
33,64,0.0000,32.2057,691.08,48.8
33,64,0.0000,33.1816,691.08,48.8
33,64,0.0000,36.1094,691.08,48.8
33,64,0.0000,32.2057,691.08,48.8
33,64,0.0000,33.1816,691.08,48.8
33,192,0.0000,34.1576,693.48,48.8
33,192,0.0000,34.1576,693.48,48.8
33,192,0.0000,34.1576,693.48,48.8
33,192,0.0000,34.1576,693.48,48.8
33,192,0.0000,33.1816,693.48,48.8
33,192,0.0000,34.1576,693.48,48.8
33,192,0.0000,34.1576,693.48,48.8
33,192,0.0000,33.1816,693.48,48.8
33,192,0.0000,34.1576,693.48,48.8
33,192,0.0000,34.1576,693.48,48.8
33,512,0.0000,39.0372,695.67,49.4
33,512,0.0000,37.0853,695.67,49.4
33,512,0.0000,39.0372,695.67,49.4
33,512,0.0000,40.0131,695.67,49.4
33,512,0.0000,38.0613,695.67,49.4
33,512,0.0000,39.0372,695.67,49.4
33,512,0.0000,37.0853,695.67,49.4
33,512,0.0000,36.1094,695.67,49.4
33,512,0.0000,40.0131,695.67,49.4
33,512,0.0000,39.0372,695.67,49.4
33,320,0.0000,35.1335,697.96,47.7
33,320,0.0000,36.1094,697.96,47.7
33,320,0.0000,34.1576,697.96,47.7
33,320,0.0000,35.1335,697.96,47.7
33,320,0.0000,37.0853,697.96,47.7
33,320,0.0000,35.1335,697.96,47.7
33,320,0.0000,34.1576,697.96,47.7
33,320,0.0000,37.0853,697.96,47.7
33,320,0.0000,36.1094,697.96,47.7
33,320,0.0000,36.1094,697.96,47.7
33,0,0.0000,32.2057,700.25,48.3
33,0,0.0000,30.2538,700.25,48.3
33,0,0.0000,29.2779,700.25,48.3
33,0,0.0000,31.2298,700.25,48.3
33,0,0.0000,30.2538,700.25,48.3
33,0,0.0000,30.2538,700.25,48.3
33,0,0.0000,32.2057,700.25,48.3
33,0,0.0000,31.2298,700.25,48.3
33,0,0.0000,31.2298,700.25,48.3
33,0,0.0000,29.2779,700.25,48.3
33,384,0.0000,36.1094,702.54,48.8
33,384,0.0000,36.1094,702.54,48.8
33,384,0.0000,35.1335,702.54,48.8
33,384,0.0000,36.1094,702.54,48.8
33,384,0.0000,36.1094,702.54,48.8
33,384,0.0000,38.0613,702.54,48.8
33,384,0.0000,34.1576,702.54,48.8
33,384,0.0000,38.0613,702.54,48.8
33,384,0.0000,38.0613,702.54,48.8
33,384,0.0000,39.0372,702.54,48.8
34,256,0.0000,34.1576,704.84,48.3
34,256,0.0000,34.1576,704.84,48.3
34,256,0.0000,34.1576,704.84,48.3
34,256,0.0000,36.1094,704.84,48.3
34,256,0.0000,36.1094,704.84,48.3
34,256,0.0000,37.0853,704.84,48.3
34,256,0.0000,34.1576,704.84,48.3
34,256,0.0000,34.1576,704.84,48.3
34,256,0.0000,36.1094,704.84,48.3
34,256,0.0000,38.0613,704.84,48.3
34,384,0.0000,37.0853,707.14,47.2
34,384,0.0000,39.0372,707.14,47.2
34,384,0.0000,37.0853,707.14,47.2
34,384,0.0000,39.0372,707.14,47.2
34,384,0.0000,37.0853,707.14,47.2
34,384,0.0000,35.1335,707.14,47.2
34,384,0.0000,36.1094,707.14,47.2
34,384,0.0000,37.0853,707.14,47.2
34,384,0.0000,39.0372,707.14,47.2
34,384,0.0000,38.0613,707.14,47.2
34,512,0.0000,40.0131,709.43,49.9
34,512,0.0000,37.0853,709.43,49.9
34,512,0.0000,38.0613,709.43,49.9
34,512,0.0000,38.0613,709.43,49.9
34,512,0.0000,38.0613,709.43,49.9
34,512,0.0000,37.0853,709.43,49.9
34,512,0.0000,38.0613,709.43,49.9
34,512,0.0000,38.0613,709.43,49.9
34,512,0.0000,38.0613,709.43,49.9
34,512,0.0000,37.0853,709.43,49.9
34,192,0.0000,33.1816,711.73,49.4
34,192,0.0000,36.1094,711.73,49.4
34,192,0.0000,36.1094,711.73,49.4
34,192,0.0000,34.1576,711.73,49.4
34,192,0.0000,35.1335,711.73,49.4
34,192,0.0000,31.2298,711.73,49.4
34,192,0.0000,35.1335,711.73,49.4
34,192,0.0000,34.1576,711.73,49.4
34,192,0.0000,34.1576,711.73,49.4
34,192,0.0000,35.1335,711.73,49.4
34,320,0.0000,39.0372,714.12,47.7
34,320,0.0000,34.1576,714.12,47.7
34,320,0.0000,35.1335,714.12,47.7
34,320,0.0000,37.0853,714.12,47.7
34,320,0.0000,35.1335,714.12,47.7
34,320,0.0000,38.0613,714.12,47.7
34,320,0.0000,34.1576,714.12,47.7
34,320,0.0000,37.0853,714.12,47.7
34,320,0.0000,39.0372,714.12,47.7
34,320,0.0000,37.0853,714.12,47.7
34,448,0.0000,36.1094,716.32,48.8
34,448,0.0000,36.1094,716.32,48.8
34,448,0.0000,37.0853,716.32,48.8
34,448,0.0000,38.0613,716.32,48.8
34,448,0.0000,38.0613,716.32,48.8
34,448,0.0000,35.1335,716.32,48.8
34,448,0.0000,38.0613,716.32,48.8
34,448,0.0000,38.0613,716.32,48.8
34,448,0.0000,37.0853,716.32,48.8
34,448,0.0000,37.0853,716.32,48.8
34,0,0.0000,30.2538,718.62,48.3
34,0,0.0000,29.2779,718.62,48.3
34,0,0.0000,30.2538,718.62,48.3
34,0,0.0000,31.2298,718.62,48.3
34,0,0.0000,30.2538,718.62,48.3
34,0,0.0000,31.2298,718.62,48.3
34,0,0.0000,31.2298,718.62,48.3
34,0,0.0000,33.1816,718.62,48.3
34,0,0.0000,32.2057,718.62,48.3
34,0,0.0000,31.2298,718.62,48.3
34,128,0.0000,35.1335,720.91,48.8
34,128,0.0000,31.2298,720.91,48.8
34,128,0.0000,30.2538,720.91,48.8
34,128,0.0000,35.1335,720.91,48.8
34,128,0.0000,33.1816,720.91,48.8
34,128,0.0000,32.2057,720.91,48.8
34,128,0.0000,32.2057,720.91,48.8
34,128,0.0000,32.2057,720.91,48.8
34,128,0.0000,34.1576,720.91,48.8
34,128,0.0000,35.1335,720.91,48.8
34,64,0.0000,32.2057,723.21,48.3
34,64,0.0000,33.1816,723.21,48.3
34,64,0.0000,34.1576,723.21,48.3
34,64,0.0000,34.1576,723.21,48.3
34,64,0.0000,33.1816,723.21,48.3
34,64,0.0000,32.2057,723.21,48.3
34,64,0.0000,33.1816,723.21,48.3
34,64,0.0000,31.2298,723.21,48.3
34,64,0.0000,33.1816,723.21,48.3
34,64,0.0000,32.2057,723.21,48.3
35,384,0.0000,38.0613,725.50,48.8
35,384,0.0000,38.0613,725.50,48.8
35,384,0.0000,38.0613,725.50,48.8
35,384,0.0000,38.0613,725.50,48.8
35,384,0.0000,34.1576,725.50,48.8
35,384,0.0000,37.0853,725.50,48.8
35,384,0.0000,37.0853,725.50,48.8
35,384,0.0000,37.0853,725.50,48.8
35,384,0.0000,37.0853,725.50,48.8
35,384,0.0000,35.1335,725.50,48.8
35,256,0.0000,35.1335,727.80,47.7
35,256,0.0000,36.1094,727.80,47.7
35,256,0.0000,35.1335,727.80,47.7
35,256,0.0000,32.2057,727.80,47.7
35,256,0.0000,37.0853,727.80,47.7
35,256,0.0000,35.1335,727.80,47.7
35,256,0.0000,36.1094,727.80,47.7
35,256,0.0000,37.0853,727.80,47.7
35,256,0.0000,34.1576,727.80,47.7
35,256,0.0000,33.1816,727.80,47.7
35,0,0.0000,31.2298,730.10,48.8
35,0,0.0000,29.2779,730.10,48.8
35,0,0.0000,31.2298,730.10,48.8
35,0,0.0000,29.2779,730.10,48.8
35,0,0.0000,32.2057,730.10,48.8
35,0,0.0000,28.3020,730.10,48.8
35,0,0.0000,33.1816,730.10,48.8
35,0,0.0000,32.2057,730.10,48.8
35,0,0.0000,31.2298,730.10,48.8
35,0,0.0000,29.2779,730.10,48.8
35,448,0.0000,39.0372,732.39,48.8
35,448,0.0000,37.0853,732.39,48.8
35,448,0.0000,40.0131,732.39,48.8
35,448,0.0000,38.0613,732.39,48.8
35,448,0.0000,37.0853,732.39,48.8
35,448,0.0000,38.0613,732.39,48.8
35,448,0.0000,38.0613,732.39,48.8
35,448,0.0000,38.0613,732.39,48.8
35,448,0.0000,39.0372,732.39,48.8
35,448,0.0000,37.0853,732.39,48.8
35,64,0.0000,31.2298,734.79,49.4
35,64,0.0000,32.2057,734.79,49.4
35,64,0.0000,32.2057,734.79,49.4
35,64,0.0000,30.2538,734.79,49.4
35,64,0.0000,33.1816,734.79,49.4
35,64,0.0000,30.2538,734.79,49.4
35,64,0.0000,33.1816,734.79,49.4
35,64,0.0000,32.2057,734.79,49.4
35,64,0.0000,33.1816,734.79,49.4
35,64,0.0000,32.2057,734.79,49.4
35,512,0.0000,37.0853,736.98,48.8
35,512,0.0000,36.1094,736.98,48.8
35,512,0.0000,37.0853,736.98,48.8
35,512,0.0000,37.0853,736.98,48.8
35,512,0.0000,35.1335,736.98,48.8
35,512,0.0000,36.1094,736.98,48.8
35,512,0.0000,38.0613,736.98,48.8
35,512,0.0000,37.0853,736.98,48.8
35,512,0.0000,35.1335,736.98,48.8
35,512,0.0000,39.0372,736.98,48.8
35,128,0.0000,31.2298,739.28,48.8
35,128,0.0000,34.1576,739.28,48.8
35,128,0.0000,34.1576,739.28,48.8
35,128,0.0000,32.2057,739.28,48.8
35,128,0.0000,34.1576,739.28,48.8
35,128,0.0000,36.1094,739.28,48.8
35,128,0.0000,34.1576,739.28,48.8
35,128,0.0000,32.2057,739.28,48.8
35,128,0.0000,34.1576,739.28,48.8
35,128,0.0000,34.1576,739.28,48.8
35,192,0.0000,33.1816,741.58,48.8
35,192,0.0000,35.1335,741.58,48.8
35,192,0.0000,34.1576,741.58,48.8
35,192,0.0000,33.1816,741.58,48.8
35,192,0.0000,33.1816,741.58,48.8
35,192,0.0000,34.1576,741.58,48.8
35,192,0.0000,34.1576,741.58,48.8
35,192,0.0000,31.2298,741.58,48.8
35,192,0.0000,33.1816,741.58,48.8
35,192,0.0000,33.1816,741.58,48.8
35,320,0.0000,36.1094,743.87,48.8
35,320,0.0000,37.0853,743.87,48.8
35,320,0.0000,36.1094,743.87,48.8
35,320,0.0000,36.1094,743.87,48.8
35,320,0.0000,35.1335,743.87,48.8
35,320,0.0000,36.1094,743.87,48.8
35,320,0.0000,37.0853,743.87,48.8
35,320,0.0000,36.1094,743.87,48.8
35,320,0.0000,38.0613,743.87,48.8
35,320,0.0000,37.0853,743.87,48.8
36,256,0.0000,35.1335,746.17,48.3
36,256,0.0000,33.1816,746.17,48.3
36,256,0.0000,34.1576,746.17,48.3
36,256,0.0000,38.0613,746.17,48.3
36,256,0.0000,37.0853,746.17,48.3
36,256,0.0000,34.1576,746.17,48.3
36,256,0.0000,34.1576,746.17,48.3
36,256,0.0000,36.1094,746.17,48.3
36,256,0.0000,37.0853,746.17,48.3
36,256,0.0000,34.1576,746.17,48.3
36,448,0.0000,39.0372,748.46,48.3
36,448,0.0000,34.1576,748.46,48.3
36,448,0.0000,38.0613,748.46,48.3
36,448,0.0000,40.0131,748.46,48.3
36,448,0.0000,35.1335,748.46,48.3
36,448,0.0000,40.0131,748.46,48.3
36,448,0.0000,38.0613,748.46,48.3
36,448,0.0000,38.0613,748.46,48.3
36,448,0.0000,38.0613,748.46,48.3
36,448,0.0000,37.0853,748.46,48.3
36,128,0.0000,33.1816,750.88,48.3
36,128,0.0000,34.1576,750.88,48.3
36,128,0.0000,30.2538,750.88,48.3
36,128,0.0000,32.2057,750.88,48.3
36,128,0.0000,33.1816,750.88,48.3
36,128,0.0000,35.1335,750.88,48.3
36,128,0.0000,34.1576,750.88,48.3
36,128,0.0000,32.2057,750.88,48.3
36,128,0.0000,32.2057,750.88,48.3
36,128,0.0000,32.2057,750.88,48.3
36,128,0.0000,34.1576,750.88,48.3
36,0,0.0000,31.2298,753.18,48.8
36,0,0.0000,30.2538,753.18,48.8
36,0,0.0000,32.2057,753.18,48.8
36,0,0.0000,30.2538,753.18,48.8
36,0,0.0000,28.3020,753.18,48.8
36,0,0.0000,31.2298,753.18,48.8
36,0,0.0000,32.2057,753.18,48.8
36,0,0.0000,32.2057,753.18,48.8
36,0,0.0000,32.2057,753.18,48.8
36,0,0.0000,28.3020,753.18,48.8
36,64,0.0000,32.2057,755.48,49.4
36,64,0.0000,30.2538,755.48,49.4
36,64,0.0000,33.1816,755.48,49.4
36,64,0.0000,32.2057,755.48,49.4
36,64,0.0000,30.2538,755.48,49.4
36,64,0.0000,31.2298,755.48,49.4
36,64,0.0000,31.2298,755.48,49.4
36,64,0.0000,34.1576,755.48,49.4
36,64,0.0000,32.2057,755.48,49.4
36,64,0.0000,32.2057,755.48,49.4
36,320,0.0000,36.1094,757.77,47.7
36,320,0.0000,35.1335,757.77,47.7
36,320,0.0000,35.1335,757.77,47.7
36,320,0.0000,36.1094,757.77,47.7
36,320,0.0000,38.0613,757.77,47.7
36,320,0.0000,37.0853,757.77,47.7
36,320,0.0000,34.1576,757.77,47.7
36,320,0.0000,37.0853,757.77,47.7
36,320,0.0000,38.0613,757.77,47.7
36,320,0.0000,38.0613,757.77,47.7
36,192,0.0000,37.0853,760.07,49.9
36,192,0.0000,30.2538,760.07,49.9
36,192,0.0000,34.1576,760.07,49.9
36,192,0.0000,33.1816,760.07,49.9
36,192,0.0000,35.1335,760.07,49.9
36,192,0.0000,36.1094,760.07,49.9
36,192,0.0000,34.1576,760.07,49.9
36,192,0.0000,34.1576,760.07,49.9
36,192,0.0000,38.0613,760.07,49.9
36,192,0.0000,35.1335,760.07,49.9
36,512,0.0000,35.1335,762.26,48.8
36,512,0.0000,36.1094,762.26,48.8
36,512,0.0000,39.0372,762.26,48.8
36,512,0.0000,37.0853,762.26,48.8
36,512,0.0000,40.0131,762.26,48.8
36,512,0.0000,38.0613,762.26,48.8
36,512,0.0000,37.0853,762.26,48.8
36,512,0.0000,39.0372,762.26,48.8
36,512,0.0000,38.0613,762.26,48.8
36,512,0.0000,38.0613,762.26,48.8
36,384,0.0000,38.0613,764.56,48.3
36,384,0.0000,37.0853,764.56,48.3
36,384,0.0000,37.0853,764.56,48.3
36,384,0.0000,35.1335,764.56,48.3
36,384,0.0000,34.1576,764.56,48.3
36,384,0.0000,36.1094,764.56,48.3
36,384,0.0000,38.0613,764.56,48.3
36,384,0.0000,34.1576,764.56,48.3
36,384,0.0000,35.1335,764.56,48.3
36,384,0.0000,33.1816,764.56,48.3
37,192,0.0000,35.1335,766.86,48.8
37,192,0.0000,33.1816,766.86,48.8
37,192,0.0000,33.1816,766.86,48.8
37,192,0.0000,33.1816,766.86,48.8
37,192,0.0000,32.2057,766.86,48.8
37,192,0.0000,33.1816,766.86,48.8
37,192,0.0000,35.1335,766.86,48.8
37,192,0.0000,34.1576,766.86,48.8
37,192,0.0000,35.1335,766.86,48.8
37,192,0.0000,37.0853,766.86,48.8
37,448,0.0000,40.0131,769.15,47.7
37,448,0.0000,40.9891,769.15,47.7
37,448,0.0000,39.0372,769.15,47.7
37,448,0.0000,40.0131,769.15,47.7
37,448,0.0000,37.0853,769.15,47.7
37,448,0.0000,38.0613,769.15,47.7
37,448,0.0000,37.0853,769.15,47.7
37,448,0.0000,40.0131,769.15,47.7
37,448,0.0000,40.0131,769.15,47.7
37,448,0.0000,38.0613,769.15,47.7
37,0,0.0000,30.2538,771.45,48.8
37,0,0.0000,32.2057,771.45,48.8
37,0,0.0000,29.2779,771.45,48.8
37,0,0.0000,30.2538,771.45,48.8
37,0,0.0000,36.1094,771.45,48.8
37,0,0.0000,29.2779,771.45,48.8
37,0,0.0000,32.2057,771.45,48.8
37,0,0.0000,30.2538,771.45,48.8
37,0,0.0000,28.3020,771.45,48.8
37,0,0.0000,31.2298,771.45,48.8
37,320,0.0000,34.1576,773.74,48.8
37,320,0.0000,36.1094,773.74,48.8
37,320,0.0000,39.0372,773.74,48.8
37,320,0.0000,37.0853,773.74,48.8
37,320,2.9412,128.8228,773.74,48.8
37,320,0.0000,36.1094,773.74,48.8
37,320,0.0000,34.1576,773.74,48.8
37,320,0.0000,34.1576,773.74,48.8
37,320,0.0000,35.1335,773.74,48.8
37,320,0.0000,37.0853,773.74,48.8
37,256,0.0000,36.1094,775.94,48.3
37,256,0.0000,37.0853,775.94,48.3
37,256,0.0000,36.1094,775.94,48.3
37,256,0.0000,34.1576,775.94,48.3
37,256,0.0000,34.1576,775.94,48.3
37,256,0.0000,34.1576,775.94,48.3
37,256,0.0000,37.0853,775.94,48.3
37,256,0.0000,33.1816,775.94,48.3
37,256,0.0000,36.1094,775.94,48.3
37,256,0.0000,32.2057,775.94,48.3
37,64,0.0000,34.1576,778.24,47.7
37,64,0.0000,34.1576,778.24,47.7
37,64,0.0000,33.1816,778.24,47.7
37,64,0.0000,33.1816,778.24,47.7
37,64,0.0000,32.2057,778.24,47.7
37,64,0.0000,33.1816,778.24,47.7
37,64,0.0000,32.2057,778.24,47.7
37,64,0.0000,33.1816,778.24,47.7
37,64,0.0000,32.2057,778.24,47.7
37,64,0.0000,33.1816,778.24,47.7
37,128,0.0000,35.1335,780.53,48.8
37,128,0.0000,32.2057,780.53,48.8
37,128,0.0000,30.2538,780.53,48.8
37,128,0.0000,33.1816,780.53,48.8
37,128,0.0000,30.2538,780.53,48.8
37,128,0.0000,32.2057,780.53,48.8
37,128,0.0000,34.1576,780.53,48.8
37,128,0.0000,35.1335,780.53,48.8
37,128,0.0000,35.1335,780.53,48.8
37,128,0.0000,32.2057,780.53,48.8
37,512,0.0000,40.9891,782.83,48.3
37,512,0.0000,40.0131,782.83,48.3
37,512,0.0000,37.0853,782.83,48.3
37,512,0.0000,35.1335,782.83,48.3
37,512,0.0000,39.0372,782.83,48.3
37,512,0.0000,39.0372,782.83,48.3
37,512,0.0000,37.0853,782.83,48.3
37,512,0.0000,37.0853,782.83,48.3
37,512,0.0000,38.0613,782.83,48.3
37,512,0.0000,39.0372,782.83,48.3
37,384,0.0000,37.0853,785.12,48.8
37,384,0.0000,39.0372,785.12,48.8
37,384,0.0000,34.1576,785.12,48.8
37,384,0.0000,35.1335,785.12,48.8
37,384,0.0000,36.1094,785.12,48.8
37,384,0.0000,38.0613,785.12,48.8
37,384,0.0000,37.0853,785.12,48.8
37,384,0.0000,34.1576,785.12,48.8
37,384,0.0000,36.1094,785.12,48.8
37,384,0.0000,34.1576,785.12,48.8
38,192,0.0000,34.1576,787.42,49.4
38,192,0.0000,34.1576,787.42,49.4
38,192,0.0000,36.1094,787.42,49.4
38,192,0.0000,33.1816,787.42,49.4
38,192,0.0000,32.2057,787.42,49.4
38,192,0.0000,33.1816,787.42,49.4
38,192,0.0000,34.1576,787.42,49.4
38,192,0.0000,36.1094,787.42,49.4
38,192,0.0000,35.1335,787.42,49.4
38,192,0.0000,36.1094,787.42,49.4
38,320,0.0000,38.0613,789.72,48.8
38,320,0.0000,37.0853,789.72,48.8
38,320,0.0000,34.1576,789.72,48.8
38,320,0.0000,37.0853,789.72,48.8
38,320,0.0000,38.0613,789.72,48.8
38,320,0.0000,39.0372,789.72,48.8
38,320,0.0000,38.0613,789.72,48.8
38,320,0.0000,37.0853,789.72,48.8
38,320,0.0000,35.1335,789.72,48.8
38,320,0.0000,38.0613,789.72,48.8
38,64,0.0000,29.2779,792.01,48.8
38,64,0.0000,34.1576,792.01,48.8
38,64,0.0000,32.2057,792.01,48.8
38,64,0.0000,33.1816,792.01,48.8
38,64,0.0000,33.1816,792.01,48.8
38,64,0.0000,32.2057,792.01,48.8
38,64,0.0000,33.1816,792.01,48.8
38,64,0.0000,33.1816,792.01,48.8
38,64,0.0000,33.1816,792.01,48.8
38,64,0.0000,32.2057,792.01,48.8
38,512,0.0000,37.0853,794.41,48.3
38,512,0.0000,38.0613,794.41,48.3
38,512,0.0000,37.0853,794.41,48.3
38,512,0.0000,40.0131,794.41,48.3
38,512,0.0000,37.0853,794.41,48.3
38,512,0.0000,37.0853,794.41,48.3
38,512,0.0000,36.1094,794.41,48.3
38,512,0.0000,39.0372,794.41,48.3
38,512,0.0000,38.0613,794.41,48.3
38,512,0.0000,39.0372,794.41,48.3
38,384,0.0000,36.1094,796.60,48.8
38,384,0.0000,35.1335,796.60,48.8
38,384,0.0000,39.0372,796.60,48.8
38,384,0.0000,37.0853,796.60,48.8
38,384,0.0000,39.0372,796.60,48.8
38,384,0.0000,37.0853,796.60,48.8
38,384,0.0000,37.0853,796.60,48.8
38,384,0.0000,35.1335,796.60,48.8
38,384,0.0000,36.1094,796.60,48.8
38,384,0.0000,36.1094,796.60,48.8
38,448,0.0000,40.0131,798.90,48.8
38,448,0.0000,38.0613,798.90,48.8
38,448,0.0000,37.0853,798.90,48.8
38,448,0.0000,37.0853,798.90,48.8
38,448,0.0000,37.0853,798.90,48.8
38,448,0.0000,39.0372,798.90,48.8
38,448,0.0000,39.0372,798.90,48.8
38,448,0.0000,35.1335,798.90,48.8
38,448,0.0000,39.0372,798.90,48.8
38,448,0.0000,40.0131,798.90,48.8
38,128,0.0000,32.2057,801.20,48.8
38,128,0.0000,32.2057,801.20,48.8
38,128,0.0000,33.1816,801.20,48.8
38,128,0.0000,32.2057,801.20,48.8
38,128,0.0000,34.1576,801.20,48.8
38,128,0.0000,33.1816,801.20,48.8
38,128,0.0000,31.2298,801.20,48.8
38,128,0.0000,34.1576,801.20,48.8
38,128,0.0000,34.1576,801.20,48.8
38,128,0.0000,32.2057,801.20,48.8
38,256,0.0000,34.1576,803.49,48.3
38,256,0.0000,36.1094,803.49,48.3
38,256,0.0000,37.0853,803.49,48.3
38,256,0.0000,35.1335,803.49,48.3
38,256,0.0000,34.1576,803.49,48.3
38,256,0.0000,35.1335,803.49,48.3
38,256,0.0000,38.0613,803.49,48.3
38,256,0.0000,33.1816,803.49,48.3
38,256,0.0000,33.1816,803.49,48.3
38,256,0.0000,35.1335,803.49,48.3
38,0,0.0000,34.1576,805.79,47.7
38,0,0.0000,30.2538,805.79,47.7
38,0,0.0000,30.2538,805.79,47.7
38,0,0.0000,29.2779,805.79,47.7
38,0,0.0000,32.2057,805.79,47.7
38,0,0.0000,30.2538,805.79,47.7
38,0,0.0000,31.2298,805.79,47.7
38,0,0.0000,33.1816,805.79,47.7
38,0,0.0000,31.2298,805.79,47.7
38,0,0.0000,29.2779,805.79,47.7
39,384,0.0000,38.0613,808.09,48.8
39,384,0.0000,36.1094,808.09,48.8
39,384,0.0000,37.0853,808.09,48.8
39,384,0.0000,36.1094,808.09,48.8
39,384,0.0000,35.1335,808.09,48.8
39,384,0.0000,36.1094,808.09,48.8
39,384,0.0000,37.0853,808.09,48.8
39,384,0.0000,36.1094,808.09,48.8
39,384,0.0000,38.0613,808.09,48.8
39,384,0.0000,36.1094,808.09,48.8
39,320,0.0000,38.0613,810.38,47.7
39,320,0.0000,36.1094,810.38,47.7
39,320,0.0000,36.1094,810.38,47.7
39,320,0.0000,35.1335,810.38,47.7
39,320,0.0000,37.0853,810.38,47.7
39,320,0.0000,37.0853,810.38,47.7
39,320,0.0000,36.1094,810.38,47.7
39,320,0.0000,38.0613,810.38,47.7
39,320,0.0000,35.1335,810.38,47.7
39,320,0.0000,38.0613,810.38,47.7
39,256,0.0000,34.1576,812.68,48.8
39,256,0.0000,34.1576,812.68,48.8
39,256,0.0000,34.1576,812.68,48.8
39,256,0.0000,34.1576,812.68,48.8
39,256,0.0000,34.1576,812.68,48.8
39,256,0.0000,34.1576,812.68,48.8
39,256,0.0000,36.1094,812.68,48.8
39,256,0.0000,35.1335,812.68,48.8
39,256,0.0000,34.1576,812.68,48.8
39,256,0.0000,36.1094,812.68,48.8
39,512,0.0000,39.0372,815.08,47.7
39,512,0.0000,40.0131,815.08,47.7
39,512,0.0000,37.0853,815.08,47.7
39,512,0.0000,39.0372,815.08,47.7
39,512,0.0000,37.0853,815.08,47.7
39,512,0.0000,39.0372,815.08,47.7
39,512,0.0000,38.0613,815.08,47.7
39,512,0.0000,39.0372,815.08,47.7
39,512,0.0000,38.0613,815.08,47.7
39,512,0.0000,37.0853,815.08,47.7
39,192,0.0000,36.1094,817.27,48.8
39,192,0.0000,34.1576,817.27,48.8
39,192,0.0000,34.1576,817.27,48.8
39,192,0.0000,35.1335,817.27,48.8
39,192,0.0000,35.1335,817.27,48.8
39,192,0.0000,33.1816,817.27,48.8
39,192,0.0000,37.0853,817.27,48.8
39,192,0.0000,37.0853,817.27,48.8
39,192,0.0000,33.1816,817.27,48.8
39,192,0.0000,37.0853,817.27,48.8
39,0,0.0000,30.2538,819.57,47.7
39,0,0.0000,30.2538,819.57,47.7
39,0,0.0000,28.3020,819.57,47.7
39,0,0.0000,30.2538,819.57,47.7
39,0,0.0000,30.2538,819.57,47.7
39,0,0.0000,34.1576,819.57,47.7
39,0,0.0000,32.2057,819.57,47.7
39,0,0.0000,30.2538,819.57,47.7
39,0,0.0000,31.2298,819.57,47.7
39,0,0.0000,30.2538,819.57,47.7
39,64,0.0000,34.1576,821.86,47.7
39,64,0.0000,32.2057,821.86,47.7
39,64,0.0000,32.2057,821.86,47.7
39,64,0.0000,32.2057,821.86,47.7
39,64,0.0000,33.1816,821.86,47.7
39,64,0.0000,33.1816,821.86,47.7
39,64,0.0000,27.3260,821.86,47.7
39,64,0.0000,34.1576,821.86,47.7
39,64,0.0000,33.1816,821.86,47.7
39,64,0.0000,34.1576,821.86,47.7
39,448,0.0000,39.0372,824.16,48.8
39,448,0.0000,38.0613,824.16,48.8
39,448,0.0000,37.0853,824.16,48.8
39,448,0.0000,36.1094,824.16,48.8
39,448,0.0000,39.0372,824.16,48.8
39,448,0.0000,37.0853,824.16,48.8
39,448,0.0000,37.0853,824.16,48.8
39,448,0.0000,37.0853,824.16,48.8
39,448,0.0000,35.1335,824.16,48.8
39,448,0.0000,36.1094,824.16,48.8
39,128,0.0000,32.2057,826.46,48.3
39,128,0.0000,36.1094,826.46,48.3
39,128,0.0000,33.1816,826.46,48.3
39,128,0.0000,34.1576,826.46,48.3
39,128,0.0000,34.1576,826.46,48.3
39,128,0.0000,32.2057,826.46,48.3
39,128,0.0000,33.1816,826.46,48.3
39,128,0.0000,33.1816,826.46,48.3
39,128,0.0000,34.1576,826.46,48.3
39,128,0.0000,34.1576,826.46,48.3
40,384,0.0000,38.0613,828.75,48.8
40,384,0.0000,38.0613,828.75,48.8
40,384,0.0000,37.0853,828.75,48.8
40,384,0.0000,36.1094,828.75,48.8
40,384,0.0000,35.1335,828.75,48.8
40,384,0.0000,38.0613,828.75,48.8
40,384,0.0000,36.1094,828.75,48.8
40,384,0.0000,34.1576,828.75,48.8
40,384,0.0000,39.0372,828.75,48.8
40,384,0.0000,35.1335,828.75,48.8
40,64,0.0000,31.2298,831.05,47.7
40,64,0.0000,32.2057,831.05,47.7
40,64,0.0000,30.2538,831.05,47.7
40,64,0.0000,33.1816,831.05,47.7
40,64,0.0000,34.1576,831.05,47.7
40,64,0.0000,33.1816,831.05,47.7
40,64,0.0000,32.2057,831.05,47.7
40,64,0.0000,32.2057,831.05,47.7
40,64,0.0000,30.2538,831.05,47.7
40,64,0.0000,34.1576,831.05,47.7
40,448,0.0000,39.0372,833.34,47.2
40,448,0.0000,35.1335,833.34,47.2
40,448,0.0000,40.0131,833.34,47.2
40,448,0.0000,38.0613,833.34,47.2
40,448,0.0000,39.0372,833.34,47.2
40,448,0.0000,38.0613,833.34,47.2
40,448,0.0000,39.0372,833.34,47.2
40,448,0.0000,37.0853,833.34,47.2
40,448,0.0000,39.0372,833.34,47.2
40,448,0.0000,37.0853,833.34,47.2
40,192,0.0000,33.1816,835.74,48.3
40,192,0.0000,35.1335,835.74,48.3
40,192,0.0000,36.1094,835.74,48.3
40,192,0.0000,33.1816,835.74,48.3
40,192,0.0000,35.1335,835.74,48.3
40,192,0.0000,34.1576,835.74,48.3
40,192,0.0000,37.0853,835.74,48.3
40,192,0.0000,33.1816,835.74,48.3
40,192,0.0000,33.1816,835.74,48.3
40,192,0.0000,36.1094,835.74,48.3
40,0,0.0000,31.2298,837.94,48.8
40,0,0.0000,33.1816,837.94,48.8
40,0,0.0000,32.2057,837.94,48.8
40,0,0.0000,30.2538,837.94,48.8
40,0,0.0000,30.2538,837.94,48.8
40,0,0.0000,30.2538,837.94,48.8
40,0,0.0000,30.2538,837.94,48.8
40,0,0.0000,32.2057,837.94,48.8
40,0,0.0000,30.2538,837.94,48.8
40,0,0.0000,33.1816,837.94,48.8
40,256,0.0000,36.1094,840.23,49.4
40,256,0.0000,35.1335,840.23,49.4
40,256,0.0000,34.1576,840.23,49.4
40,256,0.0000,33.1816,840.23,49.4
40,256,0.0000,34.1576,840.23,49.4
40,256,0.0000,35.1335,840.23,49.4
40,256,0.0000,38.0613,840.23,49.4
40,256,0.0000,37.0853,840.23,49.4
40,256,0.0000,32.2057,840.23,49.4
40,256,0.0000,36.1094,840.23,49.4
40,320,13.2354,111.2560,842.56,49.4
40,320,0.0000,35.1335,842.56,49.4
40,320,0.0000,38.0613,842.56,49.4
40,320,0.0000,38.0613,842.56,49.4
40,320,0.0000,37.0853,842.56,49.4
40,320,0.0000,34.1576,842.56,49.4
40,320,0.0000,33.1816,842.56,49.4
40,320,0.0000,35.1335,842.56,49.4
40,320,0.0000,38.0613,842.56,49.4
40,320,0.0000,36.1094,842.56,49.4
40,320,0.0000,36.1094,842.56,49.4
40,128,0.0000,31.2298,844.85,49.4
40,128,0.0000,33.1816,844.85,49.4
40,128,0.0000,34.1576,844.85,49.4
40,128,0.0000,31.2298,844.85,49.4
40,128,0.0000,34.1576,844.85,49.4
40,128,0.0000,34.1576,844.85,49.4
40,128,0.0000,33.1816,844.85,49.4
40,128,0.0000,34.1576,844.85,49.4
40,128,0.0000,35.1335,844.85,49.4
40,128,0.0000,34.1576,844.85,49.4
40,512,0.0000,38.0613,847.15,49.4
40,512,0.0000,35.1335,847.15,49.4
40,512,0.0000,35.1335,847.15,49.4
40,512,0.0000,34.1576,847.15,49.4
40,512,0.0000,38.0613,847.15,49.4
40,512,0.0000,39.0372,847.15,49.4
40,512,0.0000,38.0613,847.15,49.4
40,512,0.0000,40.9891,847.15,49.4
40,512,0.0000,39.0372,847.15,49.4
40,512,0.0000,36.1094,847.15,49.4
41,0,0.0000,32.2057,849.44,48.8
41,0,0.0000,32.2057,849.44,48.8
41,0,0.0000,29.2779,849.44,48.8
41,0,0.0000,32.2057,849.44,48.8
41,0,0.0000,30.2538,849.44,48.8
41,0,0.0000,33.1816,849.44,48.8
41,0,0.0000,29.2779,849.44,48.8
41,0,0.0000,31.2298,849.44,48.8
41,0,0.0000,32.2057,849.44,48.8
41,0,0.0000,29.2779,849.44,48.8
41,512,0.0000,36.1094,851.86,48.8
41,512,0.0000,38.0613,851.86,48.8
41,512,0.0000,38.0613,851.86,48.8
41,512,0.0000,39.0372,851.86,48.8
41,512,0.0000,40.0131,851.86,48.8
41,512,0.0000,38.0613,851.86,48.8
41,512,0.0000,36.1094,851.86,48.8
41,512,0.0000,39.0372,851.86,48.8
41,512,0.0000,39.0372,851.86,48.8
41,512,0.0000,39.0372,851.86,48.8
41,512,0.0000,36.1094,851.86,48.8
41,64,0.0000,33.1816,854.16,47.7
41,64,0.0000,31.2298,854.16,47.7
41,64,0.0000,31.2298,854.16,47.7
41,64,0.0000,31.2298,854.16,47.7
41,64,0.0000,28.3020,854.16,47.7
41,64,0.0000,33.1816,854.16,47.7
41,64,0.0000,30.2538,854.16,47.7
41,64,0.0000,34.1576,854.16,47.7
41,64,0.0000,33.1816,854.16,47.7
41,64,0.0000,33.1816,854.16,47.7
41,320,0.0000,36.1094,856.46,49.4
41,320,0.0000,39.0372,856.46,49.4
41,320,0.0000,38.0613,856.46,49.4
41,320,0.0000,37.0853,856.46,49.4
41,320,0.0000,38.0613,856.46,49.4
41,320,0.0000,37.0853,856.46,49.4
41,320,0.0000,36.1094,856.46,49.4
41,320,0.0000,36.1094,856.46,49.4
41,320,0.0000,36.1094,856.46,49.4
41,320,0.0000,34.1576,856.46,49.4
41,192,0.0000,37.0853,858.75,48.3
41,192,0.0000,35.1335,858.75,48.3
41,192,0.0000,34.1576,858.75,48.3
41,192,0.0000,38.0613,858.75,48.3
41,192,0.0000,34.1576,858.75,48.3
41,192,0.0000,36.1094,858.75,48.3
41,192,0.0000,37.0853,858.75,48.3
41,192,0.0000,34.1576,858.75,48.3
41,192,0.0000,35.1335,858.75,48.3
41,192,0.0000,34.1576,858.75,48.3
41,384,0.0000,38.0613,861.04,47.7
41,384,0.0000,36.1094,861.04,47.7
41,384,0.0000,36.1094,861.04,47.7
41,384,0.0000,36.1094,861.04,47.7
41,384,0.0000,39.0372,861.04,47.7
41,384,0.0000,35.1335,861.04,47.7
41,384,0.0000,35.1335,861.04,47.7
41,384,0.0000,38.0613,861.04,47.7
41,384,0.0000,37.0853,861.04,47.7
41,384,0.0000,35.1335,861.04,47.7
41,448,0.0000,37.0853,863.34,47.7
41,448,0.0000,38.0613,863.34,47.7
41,448,0.0000,37.0853,863.34,47.7
41,448,0.0000,38.0613,863.34,47.7
41,448,0.0000,39.0372,863.34,47.7
41,448,0.0000,40.0131,863.34,47.7
41,448,0.0000,40.0131,863.34,47.7
41,448,0.0000,39.0372,863.34,47.7
41,448,0.0000,37.0853,863.34,47.7
41,448,0.0000,36.1094,863.34,47.7
41,256,0.0000,33.1816,865.64,48.8
41,256,0.0000,34.1576,865.64,48.8
41,256,0.0000,33.1816,865.64,48.8
41,256,0.0000,35.1335,865.64,48.8
41,256,0.0000,35.1335,865.64,48.8
41,256,0.0000,36.1094,865.64,48.8
41,256,0.0000,35.1335,865.64,48.8
41,256,0.0000,33.1816,865.64,48.8
41,256,0.4902,34.1576,865.64,48.8
41,256,0.0000,37.0853,865.64,48.8
41,128,0.0000,36.1094,867.93,48.8
41,128,0.0000,32.2057,867.93,48.8
41,128,0.0000,32.2057,867.93,48.8
41,128,0.0000,30.2538,867.93,48.8
41,128,0.0000,34.1576,867.93,48.8
41,128,0.0000,31.2298,867.93,48.8
41,128,0.0000,32.2057,867.93,48.8
41,128,0.0000,32.2057,867.93,48.8
41,128,0.0000,35.1335,867.93,48.8
41,128,0.0000,32.2057,867.93,48.8
42,192,0.0000,35.1335,870.23,48.8
42,192,0.0000,36.1094,870.23,48.8
42,192,0.0000,32.2057,870.23,48.8
42,192,0.0000,34.1576,870.23,48.8
42,192,0.0000,34.1576,870.23,48.8
42,192,0.0000,36.1094,870.23,48.8
42,192,0.0000,32.2057,870.23,48.8
42,192,0.0000,35.1335,870.23,48.8
42,192,0.0000,34.1576,870.23,48.8
42,192,0.0000,34.1576,870.23,48.8
42,128,0.0000,32.2057,872.53,49.4
42,128,0.0000,33.1816,872.53,49.4
42,128,0.0000,32.2057,872.53,49.4
42,128,0.0000,34.1576,872.53,49.4
42,128,0.0000,32.2057,872.53,49.4
42,128,0.0000,32.2057,872.53,49.4
42,128,0.0000,31.2298,872.53,49.4
42,128,0.0000,34.1576,872.53,49.4
42,128,0.0000,35.1335,872.53,49.4
42,128,0.0000,32.2057,872.53,49.4
42,512,0.0000,37.0853,874.92,49.4
42,512,0.0000,40.0131,874.92,49.4
42,512,0.0000,39.0372,874.92,49.4
42,512,0.0000,38.0613,874.92,49.4
42,512,0.0000,38.0613,874.92,49.4
42,512,0.0000,35.1335,874.92,49.4
42,512,0.0000,35.1335,874.92,49.4
42,512,0.0000,38.0613,874.92,49.4
42,512,0.0000,35.1335,874.92,49.4
42,512,0.0000,39.0372,874.92,49.4
42,64,0.0000,33.1816,877.12,47.2
42,64,0.0000,32.2057,877.12,47.2
42,64,0.0000,33.1816,877.12,47.2
42,64,0.0000,33.1816,877.12,47.2
42,64,0.0000,32.2057,877.12,47.2
42,64,0.0000,31.2298,877.12,47.2
42,64,0.0000,34.1576,877.12,47.2
42,64,0.0000,31.2298,877.12,47.2
42,64,0.0000,32.2057,877.12,47.2
42,64,0.0000,34.1576,877.12,47.2
42,384,0.0000,37.0853,879.42,48.8
42,384,0.0000,37.0853,879.42,48.8
42,384,0.0000,35.1335,879.42,48.8
42,384,0.0000,37.0853,879.42,48.8
42,384,0.0000,32.2057,879.42,48.8
42,384,0.0000,36.1094,879.42,48.8
42,384,0.0000,38.0613,879.42,48.8
42,384,0.0000,34.1576,879.42,48.8
42,384,0.0000,38.0613,879.42,48.8
42,384,0.0000,36.1094,879.42,48.8
42,256,0.0000,35.1335,881.71,47.2
42,256,0.0000,36.1094,881.71,47.2
42,256,0.0000,34.1576,881.71,47.2
42,256,0.0000,37.0853,881.71,47.2
42,256,0.0000,34.1576,881.71,47.2
42,256,0.0000,33.1816,881.71,47.2
42,256,0.0000,31.2298,881.71,47.2
42,256,0.0000,36.1094,881.71,47.2
42,256,0.0000,35.1335,881.71,47.2
42,256,0.0000,35.1335,881.71,47.2
42,320,0.0000,36.1094,884.01,47.7
42,320,0.0000,38.0613,884.01,47.7
42,320,0.0000,37.0853,884.01,47.7
42,320,0.0000,36.1094,884.01,47.7
42,320,0.0000,36.1094,884.01,47.7
42,320,0.0000,40.0131,884.01,47.7
42,320,0.0000,36.1094,884.01,47.7
42,320,0.0000,36.1094,884.01,47.7
42,320,0.0000,36.1094,884.01,47.7
42,320,0.0000,36.1094,884.01,47.7
42,0,0.0000,31.2298,886.30,48.3
42,0,0.0000,30.2538,886.30,48.3
42,0,0.0000,29.2779,886.30,48.3
42,0,0.0000,32.2057,886.30,48.3
42,0,0.0000,30.2538,886.30,48.3
42,0,0.0000,30.2538,886.30,48.3
42,0,0.0000,30.2538,886.30,48.3
42,0,0.0000,30.2538,886.30,48.3
42,0,0.0000,31.2298,886.30,48.3
42,0,0.0000,29.2779,886.30,48.3
42,448,0.0000,38.0613,888.60,48.8
42,448,0.0000,37.0853,888.60,48.8
42,448,0.0000,38.0613,888.60,48.8
42,448,0.0000,39.0372,888.60,48.8
42,448,0.0000,37.0853,888.60,48.8
42,448,0.0000,37.0853,888.60,48.8
42,448,0.0000,38.0613,888.60,48.8
42,448,0.0000,37.0853,888.60,48.8
42,448,0.0000,38.0613,888.60,48.8
42,448,0.0000,35.1335,888.60,48.8
43,512,0.0000,40.0131,890.90,48.8
43,512,0.0000,40.0131,890.90,48.8
43,512,0.0000,38.0613,890.90,48.8
43,512,0.0000,39.0372,890.90,48.8
43,512,0.0000,38.0613,890.90,48.8
43,512,0.0000,40.0131,890.90,48.8
43,512,0.0000,40.0131,890.90,48.8
43,512,0.0000,39.0372,890.90,48.8
43,512,0.0000,35.1335,890.90,48.8
43,512,0.0000,39.0372,890.90,48.8
43,384,0.0000,38.0613,893.20,47.7
43,384,0.0000,37.0853,893.20,47.7
43,384,0.0000,38.0613,893.20,47.7
43,384,0.0000,36.1094,893.20,47.7
43,384,0.0000,36.1094,893.20,47.7
43,384,0.0000,36.1094,893.20,47.7
43,384,0.0000,35.1335,893.20,47.7
43,384,0.0000,34.1576,893.20,47.7
43,384,0.0000,38.0613,893.20,47.7
43,384,0.0000,36.1094,893.20,47.7
43,320,0.0000,35.1335,895.59,48.8
43,320,0.0000,35.1335,895.59,48.8
43,320,0.0000,39.0372,895.59,48.8
43,320,0.0000,33.1816,895.59,48.8
43,320,0.0000,39.0372,895.59,48.8
43,320,0.0000,36.1094,895.59,48.8
43,320,0.0000,36.1094,895.59,48.8
43,320,0.0000,36.1094,895.59,48.8
43,320,0.0000,36.1094,895.59,48.8
43,320,0.0000,34.1576,895.59,48.8
43,192,0.0000,33.1816,897.79,48.3
43,192,0.0000,35.1335,897.79,48.3
43,192,0.0000,35.1335,897.79,48.3
43,192,0.0000,34.1576,897.79,48.3
43,192,0.0000,35.1335,897.79,48.3
43,192,0.0000,33.1816,897.79,48.3
43,192,0.0000,33.1816,897.79,48.3
43,192,0.0000,35.1335,897.79,48.3
43,192,0.0000,34.1576,897.79,48.3
43,192,0.0000,35.1335,897.79,48.3
43,0,0.0000,32.2057,900.08,48.3
43,0,0.0000,30.2538,900.08,48.3
43,0,0.0000,31.2298,900.08,48.3
43,0,0.0000,34.1576,900.08,48.3
43,0,0.0000,30.2538,900.08,48.3
43,0,0.0000,30.2538,900.08,48.3
43,0,0.0000,30.2538,900.08,48.3
43,0,0.0000,31.2298,900.08,48.3
43,0,0.0000,30.2538,900.08,48.3
43,0,0.0000,30.2538,900.08,48.3
43,128,0.0000,33.1816,902.38,48.3
43,128,0.0000,34.1576,902.38,48.3
43,128,0.0000,33.1816,902.38,48.3
43,128,0.0000,33.1816,902.38,48.3
43,128,0.0000,35.1335,902.38,48.3
43,128,0.0000,32.2057,902.38,48.3
43,128,0.0000,33.1816,902.38,48.3
43,128,0.0000,33.1816,902.38,48.3
43,128,0.0000,27.3260,902.38,48.3
43,128,0.0000,33.1816,902.38,48.3
43,64,0.0000,30.2538,904.68,47.7
43,64,0.0000,34.1576,904.68,47.7
43,64,0.0000,32.2057,904.68,47.7
43,64,0.0000,31.2298,904.68,47.7
43,64,0.0000,32.2057,904.68,47.7
43,64,0.0000,31.2298,904.68,47.7
43,64,0.0000,33.1816,904.68,47.7
43,64,0.0000,30.2538,904.68,47.7
43,64,0.0000,31.2298,904.68,47.7
43,64,0.0000,31.2298,904.68,47.7
43,256,0.0000,35.1335,906.97,48.8
43,256,0.0000,35.1335,906.97,48.8
43,256,0.0000,35.1335,906.97,48.8
43,256,0.0000,36.1094,906.97,48.8
43,256,0.0000,38.0613,906.97,48.8
43,256,0.0000,36.1094,906.97,48.8
43,256,0.0000,36.1094,906.97,48.8
43,256,0.0000,34.1576,906.97,48.8
43,256,0.0000,34.1576,906.97,48.8
43,256,0.0000,34.1576,906.97,48.8
43,448,0.0000,37.0853,909.27,48.8
43,448,0.0000,39.0372,909.27,48.8
43,448,0.0000,39.0372,909.27,48.8
43,448,0.0000,40.0131,909.27,48.8
43,448,0.0000,37.0853,909.27,48.8
43,448,0.0000,39.0372,909.27,48.8
43,448,0.0000,39.0372,909.27,48.8
43,448,0.0000,36.1094,909.27,48.8
43,448,0.0000,37.0853,909.27,48.8
43,448,0.0000,37.0853,909.27,48.8
44,384,0.0000,38.0613,911.56,47.7
44,384,0.0000,37.0853,911.56,47.7
44,384,0.0000,37.0853,911.56,47.7
44,384,0.0000,39.0372,911.56,47.7
44,384,0.0000,35.1335,911.56,47.7
44,384,0.0000,35.1335,911.56,47.7
44,384,0.0000,36.1094,911.56,47.7
44,384,0.0000,39.0372,911.56,47.7
44,384,0.0000,38.0613,911.56,47.7
44,384,0.0000,35.1335,911.56,47.7
44,448,0.0000,37.0853,913.86,48.3
44,448,0.0000,38.0613,913.86,48.3
44,448,0.0000,37.0853,913.86,48.3
44,448,0.0000,40.0131,913.86,48.3
44,448,0.0000,38.0613,913.86,48.3
44,448,0.0000,38.0613,913.86,48.3
44,448,0.0000,38.0613,913.86,48.3
44,448,0.0000,37.0853,913.86,48.3
44,448,0.0000,35.1335,913.86,48.3
44,448,0.0000,39.0372,913.86,48.3
44,192,0.0000,34.1576,916.26,48.3
44,192,0.0000,37.0853,916.26,48.3
44,192,0.0000,35.1335,916.26,48.3
44,192,0.0000,34.1576,916.26,48.3
44,192,0.0000,38.0613,916.26,48.3
44,192,0.0000,36.1094,916.26,48.3
44,192,0.0000,35.1335,916.26,48.3
44,192,0.0000,34.1576,916.26,48.3
44,192,0.0000,36.1094,916.26,48.3
44,192,0.0000,33.1816,916.26,48.3
44,256,0.0000,36.1094,918.45,48.3
44,256,0.0000,34.1576,918.45,48.3
44,256,0.0000,36.1094,918.45,48.3
44,256,0.0000,32.2057,918.45,48.3
44,256,0.0000,33.1816,918.45,48.3
44,256,0.0000,34.1576,918.45,48.3
44,256,0.0000,34.1576,918.45,48.3
44,256,0.0000,35.1335,918.45,48.3
44,256,0.0000,35.1335,918.45,48.3
44,256,0.0000,38.0613,918.45,48.3
44,320,0.0000,35.1335,920.75,48.8
44,320,0.0000,35.1335,920.75,48.8
44,320,0.0000,36.1094,920.75,48.8
44,320,0.0000,35.1335,920.75,48.8
44,320,0.0000,34.1576,920.75,48.8
44,320,0.0000,36.1094,920.75,48.8
44,320,0.0000,33.1816,920.75,48.8
44,320,0.0000,37.0853,920.75,48.8
44,320,0.0000,37.0853,920.75,48.8
44,320,0.0000,37.0853,920.75,48.8
44,512,0.0000,40.0131,923.04,48.8
44,512,0.0000,38.0613,923.04,48.8
44,512,0.0000,37.0853,923.04,48.8
44,512,0.0000,40.0131,923.04,48.8
44,512,0.0000,39.0372,923.04,48.8
44,512,0.0000,38.0613,923.04,48.8
44,512,0.0000,39.0372,923.04,48.8
44,512,0.0000,37.0853,923.04,48.8
44,512,0.0000,39.0372,923.04,48.8
44,512,0.0000,39.0372,923.04,48.8
44,64,0.0000,34.1576,925.34,49.4
44,64,0.0000,30.2538,925.34,49.4
44,64,0.0000,32.2057,925.34,49.4
44,64,0.0000,34.1576,925.34,49.4
44,64,0.0000,31.2298,925.34,49.4
44,64,0.0000,32.2057,925.34,49.4
44,64,0.0000,29.2779,925.34,49.4
44,64,0.0000,34.1576,925.34,49.4
44,64,0.0000,31.2298,925.34,49.4
44,64,0.0000,32.2057,925.34,49.4
44,128,0.0000,33.1816,927.64,48.8
44,128,0.0000,34.1576,927.64,48.8
44,128,0.0000,34.1576,927.64,48.8
44,128,0.0000,36.1094,927.64,48.8
44,128,0.0000,34.1576,927.64,48.8
44,128,0.0000,33.1816,927.64,48.8
44,128,0.0000,32.2057,927.64,48.8
44,128,0.0000,33.1816,927.64,48.8
44,128,0.0000,34.1576,927.64,48.8
44,128,0.0000,31.2298,927.64,48.8
44,0,0.0000,30.2538,929.93,48.8
44,0,0.0000,31.2298,929.93,48.8
44,0,0.0000,33.1816,929.93,48.8
44,0,0.0000,32.2057,929.93,48.8
44,0,0.0000,34.1576,929.93,48.8
44,0,0.0000,30.2538,929.93,48.8
44,0,0.0000,29.2779,929.93,48.8
44,0,0.0000,30.2538,929.93,48.8
44,0,0.0000,30.2538,929.93,48.8
44,0,0.0000,31.2298,929.93,48.8
45,128,0.0000,30.2538,932.36,48.8
45,128,0.0000,32.2057,932.36,48.8
45,128,0.0000,33.1816,932.36,48.8
45,128,0.0000,35.1335,932.36,48.8
45,128,0.0000,34.1576,932.36,48.8
45,128,0.0000,33.1816,932.36,48.8
45,128,0.0000,93.6893,932.36,48.8
45,128,0.0000,33.1816,932.36,48.8
45,128,0.0000,34.1576,932.36,48.8
45,128,0.0000,36.1094,932.36,48.8
45,128,0.0000,34.1576,932.36,48.8
45,320,0.0000,36.1094,934.65,48.8
45,320,0.0000,36.1094,934.65,48.8
45,320,0.0000,36.1094,934.65,48.8
45,320,0.0000,35.1335,934.65,48.8
45,320,0.0000,34.1576,934.65,48.8
45,320,0.0000,37.0853,934.65,48.8
45,320,0.0000,37.0853,934.65,48.8
45,320,0.0000,35.1335,934.65,48.8
45,320,0.0000,34.1576,934.65,48.8
45,320,0.0000,37.0853,934.65,48.8
45,384,0.0000,37.0853,936.95,48.3
45,384,0.0000,35.1335,936.95,48.3
45,384,0.0000,37.0853,936.95,48.3
45,384,0.0000,34.1576,936.95,48.3
45,384,0.0000,35.1335,936.95,48.3
45,384,0.0000,42.9409,936.95,48.3
45,384,0.0000,36.1094,936.95,48.3
45,384,0.0000,38.0613,936.95,48.3
45,384,0.0000,35.1335,936.95,48.3
45,384,0.0000,37.0853,936.95,48.3
45,192,0.0000,34.1576,939.24,49.4
45,192,0.0000,34.1576,939.24,49.4
45,192,0.0000,35.1335,939.24,49.4
45,192,0.0000,32.2057,939.24,49.4
45,192,0.0000,35.1335,939.24,49.4
45,192,0.0000,36.1094,939.24,49.4
45,192,0.0000,31.2298,939.24,49.4
45,192,0.0000,31.2298,939.24,49.4
45,192,0.0000,35.1335,939.24,49.4
45,192,0.0000,36.1094,939.24,49.4
45,0,0.0000,29.2779,941.54,49.4
45,0,0.0000,32.2057,941.54,49.4
45,0,0.0000,31.2298,941.54,49.4
45,0,0.0000,29.2779,941.54,49.4
45,0,0.0000,33.1816,941.54,49.4
45,0,0.0000,31.2298,941.54,49.4
45,0,0.0000,30.2538,941.54,49.4
45,0,0.0000,32.2057,941.54,49.4
45,0,0.0000,29.2779,941.54,49.4
45,0,0.0000,30.2538,941.54,49.4
45,448,0.0000,39.0372,943.84,48.8
45,448,0.0000,39.0372,943.84,48.8
45,448,0.0000,38.0613,943.84,48.8
45,448,0.0000,39.0372,943.84,48.8
45,448,0.0000,39.0372,943.84,48.8
45,448,0.0000,38.0613,943.84,48.8
45,448,0.0000,38.0613,943.84,48.8
45,448,0.0000,38.0613,943.84,48.8
45,448,0.0000,36.1094,943.84,48.8
45,448,0.0000,38.0613,943.84,48.8
45,512,0.0000,40.9891,946.13,49.4
45,512,0.0000,36.1094,946.13,49.4
45,512,0.0000,40.0131,946.13,49.4
45,512,0.0000,36.1094,946.13,49.4
45,512,0.0000,39.0372,946.13,49.4
45,512,0.0000,38.0613,946.13,49.4
45,512,0.0000,37.0853,946.13,49.4
45,512,0.0000,39.0372,946.13,49.4
45,512,0.0000,36.1094,946.13,49.4
45,512,0.0000,39.0372,946.13,49.4
45,256,0.0000,38.0613,948.43,48.8
45,256,0.0000,31.2298,948.43,48.8
45,256,0.0000,36.1094,948.43,48.8
45,256,0.0000,34.1576,948.43,48.8
45,256,0.0000,37.0853,948.43,48.8
45,256,0.0000,37.0853,948.43,48.8
45,256,0.0000,35.1335,948.43,48.8
45,256,0.0000,37.0853,948.43,48.8
45,256,0.0000,36.1094,948.43,48.8
45,256,0.0000,36.1094,948.43,48.8
45,64,0.0000,32.2057,950.72,48.3
45,64,0.0000,34.1576,950.72,48.3
45,64,0.0000,31.2298,950.72,48.3
45,64,0.0000,30.2538,950.72,48.3
45,64,0.0000,32.2057,950.72,48.3
45,64,0.0000,32.2057,950.72,48.3
45,64,0.0000,32.2057,950.72,48.3
45,64,0.0000,32.2057,950.72,48.3
45,64,0.0000,30.2538,950.72,48.3
45,64,0.0000,32.2057,950.72,48.3
46,192,0.0000,39.0372,953.02,48.3
46,192,0.0000,35.1335,953.02,48.3
46,192,0.0000,37.0853,953.02,48.3
46,192,0.0000,32.2057,953.02,48.3
46,192,0.0000,34.1576,953.02,48.3
46,192,0.0000,36.1094,953.02,48.3
46,192,0.0000,33.1816,953.02,48.3
46,192,0.0000,35.1335,953.02,48.3
46,192,0.0000,36.1094,953.02,48.3
46,192,0.0000,33.1816,953.02,48.3
46,128,0.0000,36.1094,955.42,48.8
46,128,0.0000,32.2057,955.42,48.8
46,128,0.0000,31.2298,955.42,48.8
46,128,0.0000,30.2538,955.42,48.8
46,128,0.0000,31.2298,955.42,48.8
46,128,0.0000,35.1335,955.42,48.8
46,128,0.0000,33.1816,955.42,48.8
46,128,0.0000,34.1576,955.42,48.8
46,128,0.0000,32.2057,955.42,48.8
46,128,0.0000,33.1816,955.42,48.8
46,256,0.0000,34.1576,957.61,48.3
46,256,0.0000,35.1335,957.61,48.3
46,256,0.0000,36.1094,957.61,48.3
46,256,0.0000,34.1576,957.61,48.3
46,256,0.0000,34.1576,957.61,48.3
46,256,0.0000,36.1094,957.61,48.3
46,256,0.0000,32.2057,957.61,48.3
46,256,0.0000,37.0853,957.61,48.3
46,256,0.0000,35.1335,957.61,48.3
46,256,0.0000,35.1335,957.61,48.3
46,0,0.0000,31.2298,959.90,48.8
46,0,0.0000,30.2538,959.90,48.8
46,0,0.0000,32.2057,959.90,48.8
46,0,0.0000,31.2298,959.90,48.8
46,0,0.0000,30.2538,959.90,48.8
46,0,0.0000,29.2779,959.90,48.8
46,0,0.0000,30.2538,959.90,48.8
46,0,0.0000,30.2538,959.90,48.8
46,0,0.0000,32.2057,959.90,48.8
46,0,0.0000,31.2298,959.90,48.8
46,384,0.0000,36.1094,962.20,48.3
46,384,0.0000,36.1094,962.20,48.3
46,384,0.0000,37.0853,962.20,48.3
46,384,0.0000,36.1094,962.20,48.3
46,384,0.0000,38.0613,962.20,48.3
46,384,0.0000,34.1576,962.20,48.3
46,384,0.0000,35.1335,962.20,48.3
46,384,0.0000,37.0853,962.20,48.3
46,384,0.0000,39.0372,962.20,48.3
46,384,0.0000,37.0853,962.20,48.3
46,448,0.0000,40.0131,964.49,48.8
46,448,0.0000,36.1094,964.49,48.8
46,448,0.0000,40.0131,964.49,48.8
46,448,0.0000,37.0853,964.49,48.8
46,448,0.0000,38.0613,964.49,48.8
46,448,0.0000,37.0853,964.49,48.8
46,448,0.0000,37.0853,964.49,48.8
46,448,0.0000,38.0613,964.49,48.8
46,448,0.0000,36.1094,964.49,48.8
46,448,0.0000,38.0613,964.49,48.8
46,512,0.0000,37.0853,966.78,48.8
46,512,0.0000,37.0853,966.78,48.8
46,512,0.0000,34.1576,966.78,48.8
46,512,0.0000,39.0372,966.78,48.8
46,512,0.0000,39.0372,966.78,48.8
46,512,0.0000,37.0853,966.78,48.8
46,512,0.0000,37.0853,966.78,48.8
46,512,0.0000,37.0853,966.78,48.8
46,512,0.0000,37.0853,966.78,48.8
46,512,0.0000,39.0372,966.78,48.8
46,64,0.0000,34.1576,969.08,48.8
46,64,0.0000,32.2057,969.08,48.8
46,64,0.0000,32.2057,969.08,48.8
46,64,0.0000,34.1576,969.08,48.8
46,64,0.0000,34.1576,969.08,48.8
46,64,0.0000,34.1576,969.08,48.8
46,64,0.0000,29.2779,969.08,48.8
46,64,0.0000,33.1816,969.08,48.8
46,64,0.0000,31.2298,969.08,48.8
46,64,0.0000,32.2057,969.08,48.8
46,320,0.0000,37.0853,971.38,48.8
46,320,0.0000,36.1094,971.38,48.8
46,320,0.0000,37.0853,971.38,48.8
46,320,0.0000,34.1576,971.38,48.8
46,320,0.0000,37.0853,971.38,48.8
46,320,0.0000,37.0853,971.38,48.8
46,320,0.0000,38.0613,971.38,48.8
46,320,0.0000,37.0853,971.38,48.8
46,320,0.0000,36.1094,971.38,48.8
46,320,0.0000,37.0853,971.38,48.8
47,256,0.0000,35.1335,973.67,47.2
47,256,0.0000,36.1094,973.67,47.2
47,256,0.0000,33.1816,973.67,47.2
47,256,0.0000,36.1094,973.67,47.2
47,256,0.0000,33.1816,973.67,47.2
47,256,0.0000,37.0853,973.67,47.2
47,256,0.0000,36.1094,973.67,47.2
47,256,0.0000,35.1335,973.67,47.2
47,256,0.0000,33.1816,973.67,47.2
47,256,0.0000,37.0853,973.67,47.2
47,384,0.0000,37.0853,976.07,49.4
47,384,0.0000,37.0853,976.07,49.4
47,384,0.0000,37.0853,976.07,49.4
47,384,0.0000,35.1335,976.07,49.4
47,384,0.0000,37.0853,976.07,49.4
47,384,0.0000,37.0853,976.07,49.4
47,384,0.0000,36.1094,976.07,49.4
47,384,0.0000,37.0853,976.07,49.4
47,384,0.0000,36.1094,976.07,49.4
47,384,0.0000,39.0372,976.07,49.4
47,64,0.0000,29.2779,978.26,48.3
47,64,0.0000,29.2779,978.26,48.3
47,64,0.0000,35.1335,978.26,48.3
47,64,0.0000,33.1816,978.26,48.3
47,64,0.0000,30.2538,978.26,48.3
47,64,0.0000,30.2538,978.26,48.3
47,64,0.0000,34.1576,978.26,48.3
47,64,0.0000,31.2298,978.26,48.3
47,64,0.0000,31.2298,978.26,48.3
47,64,0.0000,34.1576,978.26,48.3
47,192,0.0000,36.1094,980.56,48.8
47,192,0.0000,36.1094,980.56,48.8
47,192,0.0000,37.0853,980.56,48.8
47,192,0.0000,34.1576,980.56,48.8
47,192,0.0000,35.1335,980.56,48.8
47,192,0.0000,33.1816,980.56,48.8
47,192,0.0000,34.1576,980.56,48.8
47,192,0.0000,33.1816,980.56,48.8
47,192,0.0000,35.1335,980.56,48.8
47,192,0.0000,37.0853,980.56,48.8
47,128,0.0000,35.1335,982.86,48.8
47,128,0.0000,32.2057,982.86,48.8
47,128,0.0000,35.1335,982.86,48.8
47,128,0.0000,33.1816,982.86,48.8
47,128,0.0000,34.1576,982.86,48.8
47,128,0.0000,32.2057,982.86,48.8
47,128,0.0000,35.1335,982.86,48.8
47,128,0.0000,31.2298,982.86,48.8
47,128,0.0000,32.2057,982.86,48.8
47,128,0.0000,32.2057,982.86,48.8
47,0,0.0000,30.2538,985.15,49.4
47,0,0.0000,27.3260,985.15,49.4
47,0,0.0000,32.2057,985.15,49.4
47,0,0.0000,30.2538,985.15,49.4
47,0,0.0000,31.2298,985.15,49.4
47,0,0.0000,31.2298,985.15,49.4
47,0,0.0000,29.2779,985.15,49.4
47,0,0.0000,31.2298,985.15,49.4
47,0,0.0000,30.2538,985.15,49.4
47,0,0.0000,31.2298,985.15,49.4
47,320,0.0000,36.1094,987.45,47.7
47,320,0.0000,37.0853,987.45,47.7
47,320,0.0000,37.0853,987.45,47.7
47,320,0.0000,34.1576,987.45,47.7
47,320,0.0000,37.0853,987.45,47.7
47,320,0.0000,36.1094,987.45,47.7
47,320,0.0000,35.1335,987.45,47.7
47,320,0.0000,35.1335,987.45,47.7
47,320,0.0000,34.1576,987.45,47.7
47,320,0.0000,37.0853,987.45,47.7
47,448,0.0000,37.0853,989.74,48.3
47,448,0.0000,38.0613,989.74,48.3
47,448,0.0000,40.0131,989.74,48.3
47,448,0.0000,37.0853,989.74,48.3
47,448,0.0000,38.0613,989.74,48.3
47,448,0.0000,38.0613,989.74,48.3
47,448,0.0000,37.0853,989.74,48.3
47,448,0.0000,39.0372,989.74,48.3
47,448,0.0000,40.0131,989.74,48.3
47,448,0.0000,38.0613,989.74,48.3
47,512,0.0000,38.0613,992.04,48.3
47,512,0.0000,37.0853,992.04,48.3
47,512,0.0000,38.0613,992.04,48.3
47,512,0.0000,39.0372,992.04,48.3
47,512,0.0000,37.0853,992.04,48.3
47,512,0.0000,39.0372,992.04,48.3
47,512,0.0000,39.0372,992.04,48.3
47,512,0.0000,38.0613,992.04,48.3
47,512,0.0000,39.0372,992.04,48.3
47,512,0.0000,39.0372,992.04,48.3
48,512,0.0000,39.0372,994.34,48.8
48,512,0.0000,37.0853,994.34,48.8
48,512,0.0000,40.0131,994.34,48.8
48,512,0.0000,38.0613,994.34,48.8
48,512,0.0000,38.0613,994.34,48.8
48,512,0.0000,38.0613,994.34,48.8
48,512,0.0000,39.0372,994.34,48.8
48,512,0.0000,36.1094,994.34,48.8
48,512,0.0000,40.0131,994.34,48.8
48,512,0.0000,38.0613,994.34,48.8
48,128,0.0000,33.1816,996.73,47.7
48,128,0.0000,35.1335,996.73,47.7
48,128,0.0000,34.1576,996.73,47.7
48,128,0.0000,32.2057,996.73,47.7
48,128,0.0000,31.2298,996.73,47.7
48,128,0.0000,32.2057,996.73,47.7
48,128,0.0000,31.2298,996.73,47.7
48,128,0.0000,32.2057,996.73,47.7
48,128,0.0000,32.2057,996.73,47.7
48,128,0.0000,31.2298,996.73,47.7
48,192,0.0000,33.1816,998.93,48.8
48,192,0.0000,35.1335,998.93,48.8
48,192,0.0000,33.1816,998.93,48.8
48,192,0.0000,34.1576,998.93,48.8
48,192,0.0000,36.1094,998.93,48.8
48,192,0.0000,35.1335,998.93,48.8
48,192,0.0000,35.1335,998.93,48.8
48,192,0.0000,33.1816,998.93,48.8
48,192,0.0000,34.1576,998.93,48.8
48,192,0.0000,34.1576,998.93,48.8
48,0,0.0000,31.2298,1001.22,48.8
48,0,0.0000,32.2057,1001.22,48.8
48,0,0.0000,30.2538,1001.22,48.8
48,0,0.0000,30.2538,1001.22,48.8
48,0,0.0000,30.2538,1001.22,48.8
48,0,0.0000,32.2057,1001.22,48.8
48,0,0.0000,31.2298,1001.22,48.8
48,0,0.0000,30.2538,1001.22,48.8
48,0,0.0000,28.3020,1001.22,48.8
48,0,0.0000,31.2298,1001.22,48.8
48,448,0.0000,40.0131,1003.52,48.8
48,448,0.0000,40.0131,1003.52,48.8
48,448,0.0000,37.0853,1003.52,48.8
48,448,0.0000,38.0613,1003.52,48.8
48,448,0.0000,40.0131,1003.52,48.8
48,448,0.0000,35.1335,1003.52,48.8
48,448,0.0000,37.0853,1003.52,48.8
48,448,0.0000,40.0131,1003.52,48.8
48,448,0.0000,39.0372,1003.52,48.8
48,448,0.0000,34.1576,1003.52,48.8
48,320,0.0000,35.1335,1005.82,48.3
48,320,0.0000,38.0613,1005.82,48.3
48,320,0.0000,36.1094,1005.82,48.3
48,320,0.0000,36.1094,1005.82,48.3
48,320,0.0000,38.0613,1005.82,48.3
48,320,0.0000,35.1335,1005.82,48.3
48,320,0.0000,37.0853,1005.82,48.3
48,320,0.0000,34.1576,1005.82,48.3
48,320,0.0000,34.1576,1005.82,48.3
48,320,0.0000,35.1335,1005.82,48.3
48,64,0.0000,32.2057,1008.11,48.8
48,64,0.0000,33.1816,1008.11,48.8
48,64,0.0000,33.1816,1008.11,48.8
48,64,0.0000,33.1816,1008.11,48.8
48,64,0.0000,32.2057,1008.11,48.8
48,64,0.0000,32.2057,1008.11,48.8
48,64,0.0000,33.1816,1008.11,48.8
48,64,0.0000,32.2057,1008.11,48.8
48,64,0.0000,33.1816,1008.11,48.8
48,64,0.0000,33.1816,1008.11,48.8
48,256,0.0000,35.1335,1010.41,48.8
48,256,0.0000,36.1094,1010.41,48.8
48,256,0.0000,35.1335,1010.41,48.8
48,256,0.0000,33.1816,1010.41,48.8
48,256,0.0000,36.1094,1010.41,48.8
48,256,0.0000,33.1816,1010.41,48.8
48,256,0.0000,37.0853,1010.41,48.8
48,256,0.0000,35.1335,1010.41,48.8
48,256,0.0000,35.1335,1010.41,48.8
48,256,0.0000,34.1576,1010.41,48.8
48,384,0.0000,35.1335,1012.70,48.8
48,384,0.0000,37.0853,1012.70,48.8
48,384,0.0000,36.1094,1012.70,48.8
48,384,0.0000,39.0372,1012.70,48.8
48,384,0.0000,35.1335,1012.70,48.8
48,384,0.0000,37.0853,1012.70,48.8
48,384,0.0000,39.0372,1012.70,48.8
48,384,0.0000,37.0853,1012.70,48.8
48,384,0.0000,37.0853,1012.70,48.8
48,384,0.0000,36.1094,1012.70,48.8
49,256,0.0000,37.0853,1015.00,48.3
49,256,0.0000,36.1094,1015.00,48.3
49,256,0.0000,38.0613,1015.00,48.3
49,256,0.0000,36.1094,1015.00,48.3
49,256,0.0000,33.1816,1015.00,48.3
49,256,0.0000,35.1335,1015.00,48.3
49,256,0.0000,37.0853,1015.00,48.3
49,256,0.0000,34.1576,1015.00,48.3
49,256,0.0000,36.1094,1015.00,48.3
49,256,0.0000,37.0853,1015.00,48.3
49,64,0.0000,32.2057,1017.40,49.9
49,64,0.0000,30.2538,1017.40,49.9
49,64,0.0000,32.2057,1017.40,49.9
49,64,0.0000,31.2298,1017.40,49.9
49,64,0.0000,33.1816,1017.40,49.9
49,64,0.0000,32.2057,1017.40,49.9
49,64,0.0000,31.2298,1017.40,49.9
49,64,0.0000,34.1576,1017.40,49.9
49,64,0.0000,33.1816,1017.40,49.9
49,64,0.0000,34.1576,1017.40,49.9
49,320,0.0000,38.0613,1019.59,48.8
49,320,0.0000,40.0131,1019.59,48.8
49,320,0.0000,36.1094,1019.59,48.8
49,320,0.0000,35.1335,1019.59,48.8
49,320,0.0000,34.1576,1019.59,48.8
49,320,0.0000,36.1094,1019.59,48.8
49,320,0.0000,38.0613,1019.59,48.8
49,320,0.0000,37.0853,1019.59,48.8
49,320,0.0000,37.0853,1019.59,48.8
49,320,0.0000,37.0853,1019.59,48.8
49,0,0.0000,33.1816,1021.89,48.8
49,0,0.0000,30.2538,1021.89,48.8
49,0,0.0000,31.2298,1021.89,48.8
49,0,0.0000,28.3020,1021.89,48.8
49,0,0.0000,31.2298,1021.89,48.8
49,0,0.0000,30.2538,1021.89,48.8
49,0,0.0000,31.2298,1021.89,48.8
49,0,0.0000,29.2779,1021.89,48.8
49,0,0.0000,33.1816,1021.89,48.8
49,0,0.0000,30.2538,1021.89,48.8
49,384,0.0000,37.0853,1024.33,48.3
49,384,0.0000,38.0613,1024.33,48.3
49,384,0.0000,38.0613,1024.33,48.3
49,384,4.9020,70.2670,1024.33,48.3
49,384,0.0000,36.1094,1024.33,48.3
49,384,0.0000,37.0853,1024.33,48.3
49,384,0.0000,38.0613,1024.33,48.3
49,384,0.0000,37.0853,1024.33,48.3
49,384,0.0000,37.0853,1024.33,48.3
49,384,0.0000,36.1094,1024.33,48.3
49,384,0.0000,36.1094,1024.33,48.3
49,384,0.0000,38.0613,1024.33,48.3
49,448,0.0000,38.0613,1026.63,48.8
49,448,0.0000,36.1094,1026.63,48.8
49,448,0.0000,37.0853,1026.63,48.8
49,448,0.0000,40.0131,1026.63,48.8
49,448,0.0000,37.0853,1026.63,48.8
49,448,0.0000,39.0372,1026.63,48.8
49,448,0.0000,37.0853,1026.63,48.8
49,448,0.0000,37.0853,1026.63,48.8
49,448,0.0000,37.0853,1026.63,48.8
49,448,0.0000,38.0613,1026.63,48.8
49,192,0.0000,36.1094,1028.92,47.7
49,192,0.0000,37.0853,1028.92,47.7
49,192,0.0000,34.1576,1028.92,47.7
49,192,0.0000,34.1576,1028.92,47.7
49,192,0.0000,36.1094,1028.92,47.7
49,192,0.0000,33.1816,1028.92,47.7
49,192,0.0000,36.1094,1028.92,47.7
49,192,0.0000,32.2057,1028.92,47.7
49,192,0.0000,35.1335,1028.92,47.7
49,192,0.0000,31.2298,1028.92,47.7
49,512,0.0000,38.0613,1031.22,47.2
49,512,0.0000,39.0372,1031.22,47.2
49,512,0.0000,39.0372,1031.22,47.2
49,512,0.0000,37.0853,1031.22,47.2
49,512,0.0000,40.0131,1031.22,47.2
49,512,0.0000,40.0131,1031.22,47.2
49,512,0.0000,38.0613,1031.22,47.2
49,512,0.0000,39.0372,1031.22,47.2
49,512,0.0000,36.1094,1031.22,47.2
49,512,0.0000,38.0613,1031.22,47.2
49,128,0.0000,32.2057,1033.64,48.8
49,128,0.0000,33.1816,1033.64,48.8
49,128,0.0000,31.2298,1033.64,48.8
49,128,0.0000,33.1816,1033.64,48.8
49,128,0.0000,34.1576,1033.64,48.8
49,128,0.0000,32.2057,1033.64,48.8
49,128,0.0000,35.1335,1033.64,48.8
49,128,0.0000,30.2538,1033.64,48.8
49,128,0.0000,55.6280,1033.64,48.8
49,128,0.0000,36.1094,1033.64,48.8
49,128,0.0000,31.2298,1033.64,48.8
50,320,0.0000,36.1094,1035.94,48.8
50,320,0.0000,35.1335,1035.94,48.8
50,320,0.0000,37.0853,1035.94,48.8
50,320,0.0000,37.0853,1035.94,48.8
50,320,0.0000,37.0853,1035.94,48.8
50,320,0.0000,37.0853,1035.94,48.8
50,320,0.0000,34.1576,1035.94,48.8
50,320,0.0000,38.0613,1035.94,48.8
50,320,0.0000,34.1576,1035.94,48.8
50,320,0.0000,37.0853,1035.94,48.8
50,192,0.0000,34.1576,1038.24,47.2
50,192,0.0000,34.1576,1038.24,47.2
50,192,0.0000,35.1335,1038.24,47.2
50,192,0.0000,36.1094,1038.24,47.2
50,192,0.0000,34.1576,1038.24,47.2
50,192,0.0000,33.1816,1038.24,47.2
50,192,0.0000,33.1816,1038.24,47.2
50,192,0.0000,35.1335,1038.24,47.2
50,192,0.0000,36.1094,1038.24,47.2
50,192,0.0000,33.1816,1038.24,47.2
50,128,0.0000,34.1576,1040.53,48.8
50,128,0.0000,34.1576,1040.53,48.8
50,128,0.0000,35.1335,1040.53,48.8
50,128,0.0000,33.1816,1040.53,48.8
50,128,0.0000,35.1335,1040.53,48.8
50,128,0.0000,32.2057,1040.53,48.8
50,128,0.0000,32.2057,1040.53,48.8
50,128,0.0000,36.1094,1040.53,48.8
50,128,0.0000,35.1335,1040.53,48.8
50,128,0.0000,32.2057,1040.53,48.8
50,256,0.0000,37.0853,1042.83,48.8
50,256,0.0000,34.1576,1042.83,48.8
50,256,0.0000,34.1576,1042.83,48.8
50,256,0.0000,35.1335,1042.83,48.8
50,256,0.0000,33.1816,1042.83,48.8
50,256,0.0000,37.0853,1042.83,48.8
50,256,0.0000,34.1576,1042.83,48.8
50,256,0.0000,33.1816,1042.83,48.8
50,256,0.0000,34.1576,1042.83,48.8
50,256,0.0000,36.1094,1042.83,48.8
50,512,0.0000,40.9891,1045.12,48.8
50,512,0.0000,38.0613,1045.12,48.8
50,512,0.0000,40.9891,1045.12,48.8
50,512,0.0000,37.0853,1045.12,48.8
50,512,0.0000,39.0372,1045.12,48.8
50,512,0.0000,38.0613,1045.12,48.8
50,512,0.0000,38.0613,1045.12,48.8
50,512,0.0000,37.0853,1045.12,48.8
50,512,0.0000,36.1094,1045.12,48.8
50,512,0.0000,40.0131,1045.12,48.8
50,0,0.0000,30.2538,1047.42,48.3
50,0,0.0000,30.2538,1047.42,48.3
50,0,0.0000,31.2298,1047.42,48.3
50,0,0.0000,31.2298,1047.42,48.3
50,0,0.0000,30.2538,1047.42,48.3
50,0,0.0000,30.2538,1047.42,48.3
50,0,0.0000,30.2538,1047.42,48.3
50,0,0.0000,32.2057,1047.42,48.3
50,0,0.0000,31.2298,1047.42,48.3
50,0,0.0000,32.2057,1047.42,48.3
50,448,0.0000,37.0853,1049.72,47.7
50,448,0.0000,38.0613,1049.72,47.7
50,448,0.0000,37.0853,1049.72,47.7
50,448,0.0000,38.0613,1049.72,47.7
50,448,0.0000,36.1094,1049.72,47.7
50,448,0.0000,38.0613,1049.72,47.7
50,448,0.0000,38.0613,1049.72,47.7
50,448,0.0000,38.0613,1049.72,47.7
50,448,0.0000,36.1094,1049.72,47.7
50,448,0.0000,39.0372,1049.72,47.7
50,64,0.0000,28.3020,1052.01,49.9
50,64,0.0000,30.2538,1052.01,49.9
50,64,0.0000,32.2057,1052.01,49.9
50,64,0.0000,32.2057,1052.01,49.9
50,64,0.0000,30.2538,1052.01,49.9
50,64,0.0000,31.2298,1052.01,49.9
50,64,0.0000,34.1576,1052.01,49.9
50,64,0.0000,32.2057,1052.01,49.9
50,64,0.0000,31.2298,1052.01,49.9
50,64,0.0000,30.2538,1052.01,49.9
50,384,0.0000,37.0853,1054.41,48.3
50,384,0.0000,38.0613,1054.41,48.3
50,384,0.0000,34.1576,1054.41,48.3
50,384,0.0000,39.0372,1054.41,48.3
50,384,0.0000,37.0853,1054.41,48.3
50,384,0.0000,36.1094,1054.41,48.3
50,384,0.0000,38.0613,1054.41,48.3
50,384,0.0000,36.1094,1054.41,48.3
50,384,0.0000,37.0853,1054.41,48.3
50,384,0.0000,37.0853,1054.41,48.3
51,64,0.0000,31.2298,1056.60,48.8
51,64,0.0000,33.1816,1056.60,48.8
51,64,0.0000,35.1335,1056.60,48.8
51,64,0.0000,32.2057,1056.60,48.8
51,64,0.0000,31.2298,1056.60,48.8
51,64,0.0000,32.2057,1056.60,48.8
51,64,0.0000,30.2538,1056.60,48.8
51,64,0.0000,32.2057,1056.60,48.8
51,64,0.0000,31.2298,1056.60,48.8
51,64,0.0000,34.1576,1056.60,48.8
51,384,0.0000,39.0372,1058.90,47.7
51,384,0.0000,35.1335,1058.90,47.7
51,384,0.0000,36.1094,1058.90,47.7
51,384,0.0000,37.0853,1058.90,47.7
51,384,0.0000,38.0613,1058.90,47.7
51,384,0.0000,37.0853,1058.90,47.7
51,384,0.0000,37.0853,1058.90,47.7
51,384,0.0000,35.1335,1058.90,47.7
51,384,0.0000,38.0613,1058.90,47.7
51,384,0.0000,38.0613,1058.90,47.7
51,320,0.0000,39.0372,1061.19,48.3
51,320,0.0000,37.0853,1061.19,48.3
51,320,0.0000,37.0853,1061.19,48.3
51,320,0.0000,36.1094,1061.19,48.3
51,320,0.0000,37.0853,1061.19,48.3
51,320,0.0000,36.1094,1061.19,48.3
51,320,0.0000,34.1576,1061.19,48.3
51,320,0.0000,38.0613,1061.19,48.3
51,320,0.0000,35.1335,1061.19,48.3
51,320,0.0000,39.0372,1061.19,48.3
51,512,0.0000,39.0372,1063.48,48.8
51,512,0.0000,40.0131,1063.48,48.8
51,512,0.0000,37.0853,1063.48,48.8
51,512,0.0000,37.0853,1063.48,48.8
51,512,0.0000,38.0613,1063.48,48.8
51,512,0.0000,38.0613,1063.48,48.8
51,512,0.0000,40.0131,1063.48,48.8
51,512,0.0000,37.0853,1063.48,48.8
51,512,0.0000,36.1094,1063.48,48.8
51,512,0.0000,40.0131,1063.48,48.8
51,256,0.0000,35.1335,1065.77,48.8
51,256,0.0000,35.1335,1065.77,48.8
51,256,0.0000,34.1576,1065.77,48.8
51,256,0.0000,36.1094,1065.77,48.8
51,256,0.0000,34.1576,1065.77,48.8
51,256,0.0000,35.1335,1065.77,48.8
51,256,0.0000,35.1335,1065.77,48.8
51,256,0.0000,35.1335,1065.77,48.8
51,256,0.0000,37.0853,1065.77,48.8
51,256,0.0000,36.1094,1065.77,48.8
51,192,0.0000,34.1576,1068.07,47.2
51,192,0.0000,34.1576,1068.07,47.2
51,192,0.0000,35.1335,1068.07,47.2
51,192,0.0000,33.1816,1068.07,47.2
51,192,0.0000,36.1094,1068.07,47.2
51,192,0.0000,35.1335,1068.07,47.2
51,192,0.0000,34.1576,1068.07,47.2
51,192,0.0000,32.2057,1068.07,47.2
51,192,0.0000,32.2057,1068.07,47.2
51,192,0.0000,33.1816,1068.07,47.2
51,128,0.0000,35.1335,1070.36,49.4
51,128,0.0000,32.2057,1070.36,49.4
51,128,0.0000,34.1576,1070.36,49.4
51,128,0.0000,34.1576,1070.36,49.4
51,128,0.0000,33.1816,1070.36,49.4
51,128,0.0000,33.1816,1070.36,49.4
51,128,0.0000,32.2057,1070.36,49.4
51,128,0.0000,32.2057,1070.36,49.4
51,128,0.0000,34.1576,1070.36,49.4
51,128,0.0000,32.2057,1070.36,49.4
51,0,0.0000,32.2057,1072.66,47.2
51,0,0.0000,32.2057,1072.66,47.2
51,0,0.0000,32.2057,1072.66,47.2
51,0,0.0000,30.2538,1072.66,47.2
51,0,0.0000,32.2057,1072.66,47.2
51,0,0.0000,34.1576,1072.66,47.2
51,0,0.0000,30.2538,1072.66,47.2
51,0,0.0000,32.2057,1072.66,47.2
51,0,0.0000,32.2057,1072.66,47.2
51,0,0.0000,32.2057,1072.66,47.2
51,448,0.0000,40.0131,1075.06,48.8
51,448,0.0000,38.0613,1075.06,48.8
51,448,0.0000,38.0613,1075.06,48.8
51,448,0.0000,36.1094,1075.06,48.8
51,448,0.0000,39.0372,1075.06,48.8
51,448,0.0000,37.0853,1075.06,48.8
51,448,0.0000,38.0613,1075.06,48.8
51,448,0.0000,38.0613,1075.06,48.8
51,448,0.0000,39.0372,1075.06,48.8
51,448,0.0000,38.0613,1075.06,48.8
52,192,0.0000,35.1335,1077.26,49.4
52,192,0.0000,32.2057,1077.26,49.4
52,192,0.0000,36.1094,1077.26,49.4
52,192,0.0000,34.1576,1077.26,49.4
52,192,0.0000,35.1335,1077.26,49.4
52,192,0.0000,36.1094,1077.26,49.4
52,192,0.0000,35.1335,1077.26,49.4
52,192,0.0000,35.1335,1077.26,49.4
52,192,0.0000,35.1335,1077.26,49.4
52,192,0.0000,30.2538,1077.26,49.4
52,320,0.0000,36.1094,1079.68,48.8
52,320,0.0000,35.1335,1079.68,48.8
52,320,0.0000,35.1335,1079.68,48.8
52,320,0.0000,37.0853,1079.68,48.8
52,320,0.0000,35.1335,1079.68,48.8
52,320,0.0000,35.1335,1079.68,48.8
52,320,0.0000,38.0613,1079.68,48.8
52,320,0.0000,37.0853,1079.68,48.8
52,320,0.0000,38.0613,1079.68,48.8
52,320,0.0000,36.1094,1079.68,48.8
52,320,0.0000,35.1335,1079.68,48.8
52,0,0.0000,31.2298,1081.97,48.3
52,0,0.0000,31.2298,1081.97,48.3
52,0,0.0000,29.2779,1081.97,48.3
52,0,0.0000,30.2538,1081.97,48.3
52,0,0.0000,33.1816,1081.97,48.3
52,0,0.0000,31.2298,1081.97,48.3
52,0,0.0000,30.2538,1081.97,48.3
52,0,0.0000,33.1816,1081.97,48.3
52,0,0.0000,28.3020,1081.97,48.3
52,0,0.0000,28.3020,1081.97,48.3
52,128,0.0000,31.2298,1084.26,48.8
52,128,0.0000,32.2057,1084.26,48.8
52,128,0.0000,34.1576,1084.26,48.8
52,128,0.0000,30.2538,1084.26,48.8
52,128,0.0000,33.1816,1084.26,48.8
52,128,0.0000,32.2057,1084.26,48.8
52,128,0.0000,33.1816,1084.26,48.8
52,128,0.0000,35.1335,1084.26,48.8
52,128,0.0000,31.2298,1084.26,48.8
52,128,0.0000,33.1816,1084.26,48.8
52,448,0.0000,37.0853,1086.56,47.7
52,448,0.0000,39.0372,1086.56,47.7
52,448,0.0000,37.0853,1086.56,47.7
52,448,0.0000,37.0853,1086.56,47.7
52,448,0.0000,37.0853,1086.56,47.7
52,448,0.0000,37.0853,1086.56,47.7
52,448,0.0000,38.0613,1086.56,47.7
52,448,0.0000,36.1094,1086.56,47.7
52,448,0.0000,39.0372,1086.56,47.7
52,448,0.0000,38.0613,1086.56,47.7
52,384,0.0000,36.1094,1088.86,48.8
52,384,0.0000,35.1335,1088.86,48.8
52,384,0.0000,36.1094,1088.86,48.8
52,384,0.0000,37.0853,1088.86,48.8
52,384,0.0000,37.0853,1088.86,48.8
52,384,0.0000,37.0853,1088.86,48.8
52,384,0.0000,38.0613,1088.86,48.8
52,384,0.0000,36.1094,1088.86,48.8
52,384,0.0000,34.1576,1088.86,48.8
52,384,0.0000,37.0853,1088.86,48.8
52,64,0.0000,34.1576,1091.15,48.8
52,64,0.0000,32.2057,1091.15,48.8
52,64,0.0000,30.2538,1091.15,48.8
52,64,0.0000,33.1816,1091.15,48.8
52,64,0.0000,32.2057,1091.15,48.8
52,64,0.0000,31.2298,1091.15,48.8
52,64,0.0000,33.1816,1091.15,48.8
52,64,0.0000,34.1576,1091.15,48.8
52,64,0.0000,31.2298,1091.15,48.8
52,64,0.0000,34.1576,1091.15,48.8
52,512,0.0000,40.0131,1093.55,49.9
52,512,0.0000,40.9891,1093.55,49.9
52,512,0.0000,40.0131,1093.55,49.9
52,512,0.0000,37.0853,1093.55,49.9
52,512,0.0000,39.0372,1093.55,49.9
52,512,0.0000,39.0372,1093.55,49.9
52,512,0.0000,39.0372,1093.55,49.9
52,512,0.0000,38.0613,1093.55,49.9
52,512,0.0000,40.0131,1093.55,49.9
52,512,0.0000,38.0613,1093.55,49.9
52,256,0.0000,37.0853,1095.74,49.4
52,256,0.0000,34.1576,1095.74,49.4
52,256,0.0000,34.1576,1095.74,49.4
52,256,0.0000,34.1576,1095.74,49.4
52,256,0.0000,37.0853,1095.74,49.4
52,256,0.0000,34.1576,1095.74,49.4
52,256,0.0000,31.2298,1095.74,49.4
52,256,0.0000,36.1094,1095.74,49.4
52,256,0.0000,36.1094,1095.74,49.4
52,256,0.0000,36.1094,1095.74,49.4
53,192,0.0000,33.1816,1098.04,48.3
53,192,0.0000,35.1335,1098.04,48.3
53,192,0.0000,38.0613,1098.04,48.3
53,192,0.0000,36.1094,1098.04,48.3
53,192,0.0000,36.1094,1098.04,48.3
53,192,0.0000,36.1094,1098.04,48.3
53,192,0.0000,34.1576,1098.04,48.3
53,192,0.0000,34.1576,1098.04,48.3
53,192,0.0000,36.1094,1098.04,48.3
53,192,0.0000,34.1576,1098.04,48.3
53,64,0.0000,32.2057,1100.34,47.7
53,64,0.0000,32.2057,1100.34,47.7
53,64,0.0000,33.1816,1100.34,47.7
53,64,0.0000,31.2298,1100.34,47.7
53,64,0.0000,31.2298,1100.34,47.7
53,64,0.0000,33.1816,1100.34,47.7
53,64,0.0000,33.1816,1100.34,47.7
53,64,0.0000,30.2538,1100.34,47.7
53,64,0.0000,32.2057,1100.34,47.7
53,64,0.0000,32.2057,1100.34,47.7
53,0,0.0000,30.2538,1102.64,48.8
53,0,0.0000,32.2057,1102.64,48.8
53,0,0.0000,32.2057,1102.64,48.8
53,0,0.0000,27.3260,1102.64,48.8
53,0,0.0000,28.3020,1102.64,48.8
53,0,0.0000,29.2779,1102.64,48.8
53,0,0.0000,32.2057,1102.64,48.8
53,0,0.0000,33.1816,1102.64,48.8
53,0,0.0000,30.2538,1102.64,48.8
53,0,0.0000,30.2538,1102.64,48.8
53,128,0.0000,34.1576,1104.93,48.8
53,128,0.0000,33.1816,1104.93,48.8
53,128,0.0000,34.1576,1104.93,48.8
53,128,0.0000,32.2057,1104.93,48.8
53,128,0.0000,32.2057,1104.93,48.8
53,128,0.0000,34.1576,1104.93,48.8
53,128,0.0000,32.2057,1104.93,48.8
53,128,0.0000,36.1094,1104.93,48.8
53,128,0.0000,36.1094,1104.93,48.8
53,128,0.0000,38.0613,1104.93,48.8
53,448,0.0000,38.0613,1107.23,48.8
53,448,0.0000,36.1094,1107.23,48.8
53,448,0.0000,39.0372,1107.23,48.8
53,448,0.0000,37.0853,1107.23,48.8
53,448,0.0000,38.0613,1107.23,48.8
53,448,0.0000,37.0853,1107.23,48.8
53,448,0.0000,37.0853,1107.23,48.8
53,448,0.0000,37.0853,1107.23,48.8
53,448,0.0000,35.1335,1107.23,48.8
53,448,0.0000,35.1335,1107.23,48.8
53,384,0.0000,38.0613,1109.52,47.7
53,384,0.0000,36.1094,1109.52,47.7
53,384,0.0000,38.0613,1109.52,47.7
53,384,0.0000,38.0613,1109.52,47.7
53,384,0.0000,37.0853,1109.52,47.7
53,384,0.0000,37.0853,1109.52,47.7
53,384,0.0000,35.1335,1109.52,47.7
53,384,0.0000,40.0131,1109.52,47.7
53,384,0.0000,40.9891,1109.52,47.7
53,384,0.0000,37.0853,1109.52,47.7
53,512,0.0000,38.0613,1111.82,48.8
53,512,0.0000,37.0853,1111.82,48.8
53,512,0.0000,39.0372,1111.82,48.8
53,512,0.0000,37.0853,1111.82,48.8
53,512,0.0000,39.0372,1111.82,48.8
53,512,0.0000,37.0853,1111.82,48.8
53,512,0.0000,38.0613,1111.82,48.8
53,512,0.0000,38.0613,1111.82,48.8
53,512,0.0000,38.0613,1111.82,48.8
53,512,0.0000,38.0613,1111.82,48.8
53,320,0.0000,37.0853,1114.22,48.3
53,320,0.0000,39.0372,1114.22,48.3
53,320,0.0000,35.1335,1114.22,48.3
53,320,0.0000,35.1335,1114.22,48.3
53,320,0.0000,34.1576,1114.22,48.3
53,320,0.0000,39.0372,1114.22,48.3
53,320,0.0000,36.1094,1114.22,48.3
53,320,0.0000,35.1335,1114.22,48.3
53,320,0.0000,39.0372,1114.22,48.3
53,320,0.0000,55.6280,1114.22,48.3
53,256,0.0000,36.1094,1116.51,48.3
53,256,0.0000,35.1335,1116.51,48.3
53,256,0.0000,35.1335,1116.51,48.3
53,256,0.0000,35.1335,1116.51,48.3
53,256,0.0000,34.1576,1116.51,48.3
53,256,0.0000,34.1576,1116.51,48.3
53,256,0.0000,35.1335,1116.51,48.3
53,256,0.0000,36.1094,1116.51,48.3
53,256,0.0000,36.1094,1116.51,48.3
53,256,0.0000,35.1335,1116.51,48.3
54,0,0.0000,29.2779,1118.81,48.3
54,0,0.0000,28.3020,1118.81,48.3
54,0,0.0000,34.1576,1118.81,48.3
54,0,0.0000,33.1816,1118.81,48.3
54,0,0.0000,31.2298,1118.81,48.3
54,0,0.0000,33.1816,1118.81,48.3
54,0,0.0000,30.2538,1118.81,48.3
54,0,0.0000,27.3260,1118.81,48.3
54,0,0.0000,32.2057,1118.81,48.3
54,0,0.0000,33.1816,1118.81,48.3
54,512,0.0000,38.0613,1121.11,49.4
54,512,0.0000,38.0613,1121.11,49.4
54,512,0.0000,36.1094,1121.11,49.4
54,512,0.0000,40.0131,1121.11,49.4
54,512,0.0000,36.1094,1121.11,49.4
54,512,0.0000,38.0613,1121.11,49.4
54,512,0.0000,40.9891,1121.11,49.4
54,512,0.0000,40.9891,1121.11,49.4
54,512,0.0000,40.0131,1121.11,49.4
54,512,0.0000,36.1094,1121.11,49.4
54,192,0.0000,32.2057,1123.40,48.8
54,192,0.0000,33.1816,1123.40,48.8
54,192,0.0000,36.1094,1123.40,48.8
54,192,0.0000,34.1576,1123.40,48.8
54,192,0.0000,35.1335,1123.40,48.8
54,192,0.0000,34.1576,1123.40,48.8
54,192,0.0000,34.1576,1123.40,48.8
54,192,0.0000,35.1335,1123.40,48.8
54,192,0.0000,36.1094,1123.40,48.8
54,192,0.0000,35.1335,1123.40,48.8
54,64,0.0000,35.1335,1125.70,48.8
54,64,0.0000,30.2538,1125.70,48.8
54,64,0.0000,34.1576,1125.70,48.8
54,64,0.0000,32.2057,1125.70,48.8
54,64,0.0000,83.9300,1125.70,48.8
54,64,0.0000,31.2298,1125.70,48.8
54,64,0.0000,31.2298,1125.70,48.8
54,64,0.0000,32.2057,1125.70,48.8
54,64,0.0000,32.2057,1125.70,48.8
54,64,0.0000,32.2057,1125.70,48.8
54,448,0.0000,39.0372,1128.00,47.7
54,448,0.0000,39.0372,1128.00,47.7
54,448,0.0000,39.0372,1128.00,47.7
54,448,0.0000,39.0372,1128.00,47.7
54,448,0.0000,36.1094,1128.00,47.7
54,448,0.0000,36.1094,1128.00,47.7
54,448,0.0000,38.0613,1128.00,47.7
54,448,0.0000,35.1335,1128.00,47.7
54,448,0.0000,38.0613,1128.00,47.7
54,448,0.0000,40.0131,1128.00,47.7
54,384,0.0000,39.0372,1130.29,48.8
54,384,0.0000,36.1094,1130.29,48.8
54,384,0.0000,35.1335,1130.29,48.8
54,384,0.0000,36.1094,1130.29,48.8
54,384,0.0000,36.1094,1130.29,48.8
54,384,0.0000,37.0853,1130.29,48.8
54,384,0.0000,38.0613,1130.29,48.8
54,384,0.0000,38.0613,1130.29,48.8
54,384,0.0000,36.1094,1130.29,48.8
54,384,0.0000,39.0372,1130.29,48.8
54,128,0.0000,31.2298,1132.69,48.8
54,128,0.0000,34.1576,1132.69,48.8
54,128,0.0000,32.2057,1132.69,48.8
54,128,0.0000,33.1816,1132.69,48.8
54,128,0.0000,36.1094,1132.69,48.8
54,128,0.0000,35.1335,1132.69,48.8
54,128,0.0000,34.1576,1132.69,48.8
54,128,0.0000,31.2298,1132.69,48.8
54,128,0.0000,33.1816,1132.69,48.8
54,128,0.0000,33.1816,1132.69,48.8
54,320,0.0000,37.0853,1134.88,48.3
54,320,0.4902,38.0613,1134.88,48.3
54,320,0.0000,37.0853,1134.88,48.3
54,320,0.0000,37.0853,1134.88,48.3
54,320,0.0000,38.0613,1134.88,48.3
54,320,0.0000,38.0613,1134.88,48.3
54,320,0.0000,36.1094,1134.88,48.3
54,320,0.0000,37.0853,1134.88,48.3
54,320,0.0000,34.1576,1134.88,48.3
54,320,0.0000,35.1335,1134.88,48.3
54,256,0.0000,37.0853,1137.17,48.3
54,256,0.0000,37.0853,1137.17,48.3
54,256,0.0000,36.1094,1137.17,48.3
54,256,0.0000,34.1576,1137.17,48.3
54,256,0.0000,37.0853,1137.17,48.3
54,256,0.0000,33.1816,1137.17,48.3
54,256,0.0000,37.0853,1137.17,48.3
54,256,0.0000,30.2538,1137.17,48.3
54,256,0.0000,34.1576,1137.17,48.3
54,256,0.0000,36.1094,1137.17,48.3
55,64,0.0000,32.2057,1139.47,48.3
55,64,0.0000,30.2538,1139.47,48.3
55,64,0.0000,31.2298,1139.47,48.3
55,64,0.0000,33.1816,1139.47,48.3
55,64,0.0000,32.2057,1139.47,48.3
55,64,0.0000,34.1576,1139.47,48.3
55,64,0.0000,33.1816,1139.47,48.3
55,64,0.0000,30.2538,1139.47,48.3
55,64,0.0000,35.1335,1139.47,48.3
55,64,0.0000,33.1816,1139.47,48.3
55,192,0.0000,34.1576,1141.76,48.8
55,192,0.0000,37.0853,1141.76,48.8
55,192,0.0000,32.2057,1141.76,48.8
55,192,0.0000,36.1094,1141.76,48.8
55,192,0.0000,34.1576,1141.76,48.8
55,192,0.0000,35.1335,1141.76,48.8
55,192,0.0000,37.0853,1141.76,48.8
55,192,0.0000,32.2057,1141.76,48.8
55,192,0.0000,34.1576,1141.76,48.8
55,192,0.0000,33.1816,1141.76,48.8
55,384,0.0000,38.0613,1144.05,49.4
55,384,0.0000,36.1094,1144.05,49.4
55,384,0.0000,33.1816,1144.05,49.4
55,384,0.0000,38.0613,1144.05,49.4
55,384,0.0000,34.1576,1144.05,49.4
55,384,0.0000,39.0372,1144.05,49.4
55,384,0.0000,38.0613,1144.05,49.4
55,384,0.0000,34.1576,1144.05,49.4
55,384,0.0000,35.1335,1144.05,49.4
55,384,0.0000,39.0372,1144.05,49.4
55,512,0.0000,39.0372,1146.35,47.7
55,512,0.0000,36.1094,1146.35,47.7
55,512,0.0000,37.0853,1146.35,47.7
55,512,0.0000,37.0853,1146.35,47.7
55,512,0.0000,38.0613,1146.35,47.7
55,512,0.0000,38.0613,1146.35,47.7
55,512,0.0000,39.0372,1146.35,47.7
55,512,0.0000,40.0131,1146.35,47.7
55,512,0.0000,39.0372,1146.35,47.7
55,512,0.0000,39.0372,1146.35,47.7
55,0,0.0000,27.3260,1148.64,47.7
55,0,0.0000,33.1816,1148.64,47.7
55,0,0.0000,30.2538,1148.64,47.7
55,0,0.0000,33.1816,1148.64,47.7
55,0,0.0000,32.2057,1148.64,47.7
55,0,0.0000,29.2779,1148.64,47.7
55,0,0.0000,34.1576,1148.64,47.7
55,0,0.0000,30.2538,1148.64,47.7
55,0,0.0000,28.3020,1148.64,47.7
55,0,0.0000,31.2298,1148.64,47.7
55,320,0.0000,38.0613,1150.94,48.3
55,320,0.0000,37.0853,1150.94,48.3
55,320,0.0000,36.1094,1150.94,48.3
55,320,0.0000,38.0613,1150.94,48.3
55,320,0.0000,37.0853,1150.94,48.3
55,320,0.0000,36.1094,1150.94,48.3
55,320,0.0000,37.0853,1150.94,48.3
55,320,0.0000,36.1094,1150.94,48.3
55,320,0.0000,35.1335,1150.94,48.3
55,320,0.0000,33.1816,1150.94,48.3
55,448,0.0000,37.0853,1153.34,47.7
55,448,0.0000,39.0372,1153.34,47.7
55,448,0.0000,38.0613,1153.34,47.7
55,448,0.0000,38.0613,1153.34,47.7
55,448,0.0000,38.0613,1153.34,47.7
55,448,0.0000,37.0853,1153.34,47.7
55,448,0.0000,36.1094,1153.34,47.7
55,448,0.0000,36.1094,1153.34,47.7
55,448,0.0000,38.0613,1153.34,47.7
55,448,0.0000,36.1094,1153.34,47.7
55,128,0.0000,33.1816,1155.53,48.8
55,128,0.0000,32.2057,1155.53,48.8
55,128,0.0000,33.1816,1155.53,48.8
55,128,0.0000,32.2057,1155.53,48.8
55,128,0.0000,32.2057,1155.53,48.8
55,128,0.0000,33.1816,1155.53,48.8
55,128,0.0000,36.1094,1155.53,48.8
55,128,0.0000,32.2057,1155.53,48.8
55,128,0.0000,30.2538,1155.53,48.8
55,128,0.0000,31.2298,1155.53,48.8
55,256,0.0000,35.1335,1157.83,49.4
55,256,0.0000,37.0853,1157.83,49.4
55,256,0.0000,35.1335,1157.83,49.4
55,256,0.0000,35.1335,1157.83,49.4
55,256,0.0000,35.1335,1157.83,49.4
55,256,0.0000,32.2057,1157.83,49.4
55,256,0.0000,36.1094,1157.83,49.4
55,256,0.0000,34.1576,1157.83,49.4
55,256,0.0000,37.0853,1157.83,49.4
55,256,0.0000,37.0853,1157.83,49.4
56,0,0.0000,31.2298,1160.13,48.8
56,0,0.0000,33.1816,1160.13,48.8
56,0,0.0000,29.2779,1160.13,48.8
56,0,0.0000,30.2538,1160.13,48.8
56,0,0.0000,31.2298,1160.13,48.8
56,0,0.0000,32.2057,1160.13,48.8
56,0,0.0000,31.2298,1160.13,48.8
56,0,0.0000,27.3260,1160.13,48.8
56,0,0.0000,28.3020,1160.13,48.8
56,0,0.0000,31.2298,1160.13,48.8
56,128,0.0000,34.1576,1162.42,47.7
56,128,0.0000,32.2057,1162.42,47.7
56,128,0.0000,33.1816,1162.42,47.7
56,128,0.0000,32.2057,1162.42,47.7
56,128,0.0000,32.2057,1162.42,47.7
56,128,0.0000,32.2057,1162.42,47.7
56,128,0.0000,30.2538,1162.42,47.7
56,128,0.0000,32.2057,1162.42,47.7
56,128,0.0000,33.1816,1162.42,47.7
56,128,0.0000,33.1816,1162.42,47.7
56,256,0.0000,33.1816,1164.72,48.8
56,256,0.0000,33.1816,1164.72,48.8
56,256,0.0000,36.1094,1164.72,48.8
56,256,0.0000,37.0853,1164.72,48.8
56,256,0.0000,33.1816,1164.72,48.8
56,256,0.0000,37.0853,1164.72,48.8
56,256,0.0000,33.1816,1164.72,48.8
56,256,0.0000,34.1576,1164.72,48.8
56,256,0.0000,35.1335,1164.72,48.8
56,256,0.0000,34.1576,1164.72,48.8
56,64,0.0000,32.2057,1167.02,48.3
56,64,0.0000,32.2057,1167.02,48.3
56,64,0.0000,32.2057,1167.02,48.3
56,64,0.0000,32.2057,1167.02,48.3
56,64,0.0000,31.2298,1167.02,48.3
56,64,0.0000,30.2538,1167.02,48.3
56,64,0.0000,32.2057,1167.02,48.3
56,64,0.0000,34.1576,1167.02,48.3
56,64,0.0000,33.1816,1167.02,48.3
56,64,0.0000,33.1816,1167.02,48.3
56,512,0.0000,37.0853,1169.31,48.8
56,512,0.0000,39.0372,1169.31,48.8
56,512,0.0000,38.0613,1169.31,48.8
56,512,0.0000,38.0613,1169.31,48.8
56,512,0.0000,40.0131,1169.31,48.8
56,512,0.0000,39.0372,1169.31,48.8
56,512,0.0000,39.0372,1169.31,48.8
56,512,0.0000,40.9891,1169.31,48.8
56,512,0.0000,39.0372,1169.31,48.8
56,512,0.0000,38.0613,1169.31,48.8
56,192,0.0000,33.1816,1171.61,47.7
56,192,0.0000,36.1094,1171.61,47.7
56,192,0.0000,35.1335,1171.61,47.7
56,192,0.0000,34.1576,1171.61,47.7
56,192,0.0000,30.2538,1171.61,47.7
56,192,0.0000,36.1094,1171.61,47.7
56,192,0.0000,35.1335,1171.61,47.7
56,192,0.0000,32.2057,1171.61,47.7
56,192,0.0000,36.1094,1171.61,47.7
56,192,0.0000,35.1335,1171.61,47.7
56,384,0.0000,38.0613,1174.00,48.3
56,384,0.0000,37.0853,1174.00,48.3
56,384,0.0000,36.1094,1174.00,48.3
56,384,0.0000,37.0853,1174.00,48.3
56,384,0.0000,38.0613,1174.00,48.3
56,384,0.0000,36.1094,1174.00,48.3
56,384,0.0000,38.0613,1174.00,48.3
56,384,0.0000,39.0372,1174.00,48.3
56,384,0.0000,40.0131,1174.00,48.3
56,384,0.0000,38.0613,1174.00,48.3
56,448,0.0000,38.0613,1176.20,48.8
56,448,0.0000,38.0613,1176.20,48.8
56,448,0.0000,38.0613,1176.20,48.8
56,448,0.0000,37.0853,1176.20,48.8
56,448,0.0000,37.0853,1176.20,48.8
56,448,0.0000,39.0372,1176.20,48.8
56,448,0.0000,36.1094,1176.20,48.8
56,448,0.0000,39.0372,1176.20,48.8
56,448,0.0000,38.0613,1176.20,48.8
56,448,0.0000,39.0372,1176.20,48.8
56,320,0.0000,35.1335,1178.50,48.8
56,320,0.0000,35.1335,1178.50,48.8
56,320,0.0000,35.1335,1178.50,48.8
56,320,0.0000,39.0372,1178.50,48.8
56,320,0.0000,35.1335,1178.50,48.8
56,320,0.0000,37.0853,1178.50,48.8
56,320,0.0000,36.1094,1178.50,48.8
56,320,0.0000,35.1335,1178.50,48.8
56,320,0.0000,38.0613,1178.50,48.8
56,320,0.0000,35.1335,1178.50,48.8
57,448,0.0000,36.1094,1180.79,48.8
57,448,0.0000,37.0853,1180.79,48.8
57,448,0.0000,38.0613,1180.79,48.8
57,448,0.0000,39.0372,1180.79,48.8
57,448,0.0000,36.1094,1180.79,48.8
57,448,0.0000,38.0613,1180.79,48.8
57,448,0.0000,39.0372,1180.79,48.8
57,448,0.0000,40.0131,1180.79,48.8
57,448,0.0000,38.0613,1180.79,48.8
57,448,0.0000,35.1335,1180.79,48.8
57,64,0.0000,33.1816,1183.09,48.3
57,64,0.0000,34.1576,1183.09,48.3
57,64,0.0000,34.1576,1183.09,48.3
57,64,0.0000,33.1816,1183.09,48.3
57,64,0.0000,32.2057,1183.09,48.3
57,64,0.0000,33.1816,1183.09,48.3
57,64,0.0000,31.2298,1183.09,48.3
57,64,0.0000,34.1576,1183.09,48.3
57,64,0.0000,32.2057,1183.09,48.3
57,64,0.0000,34.1576,1183.09,48.3
57,256,0.0000,33.1816,1185.38,48.8
57,256,0.0000,36.1094,1185.38,48.8
57,256,0.0000,33.1816,1185.38,48.8
57,256,0.0000,36.1094,1185.38,48.8
57,256,0.0000,35.1335,1185.38,48.8
57,256,0.0000,35.1335,1185.38,48.8
57,256,0.0000,33.1816,1185.38,48.8
57,256,0.0000,36.1094,1185.38,48.8
57,256,0.0000,35.1335,1185.38,48.8
57,256,0.0000,37.0853,1185.38,48.8
57,128,0.0000,33.1816,1187.68,48.8
57,128,0.0000,32.2057,1187.68,48.8
57,128,0.0000,35.1335,1187.68,48.8
57,128,0.0000,33.1816,1187.68,48.8
57,128,0.0000,34.1576,1187.68,48.8
57,128,0.0000,32.2057,1187.68,48.8
57,128,0.0000,31.2298,1187.68,48.8
57,128,0.0000,34.1576,1187.68,48.8
57,128,0.0000,34.1576,1187.68,48.8
57,128,0.0000,33.1816,1187.68,48.8
57,320,0.0000,34.1576,1189.98,48.3
57,320,0.0000,37.0853,1189.98,48.3
57,320,0.0000,35.1335,1189.98,48.3
57,320,0.0000,35.1335,1189.98,48.3
57,320,0.0000,38.0613,1189.98,48.3
57,320,0.0000,38.0613,1189.98,48.3
57,320,0.0000,36.1094,1189.98,48.3
57,320,0.0000,38.0613,1189.98,48.3
57,320,0.0000,32.2057,1189.98,48.3
57,320,0.0000,37.0853,1189.98,48.3
57,192,0.0000,35.1335,1192.27,48.8
57,192,0.0000,32.2057,1192.27,48.8
57,192,0.0000,34.1576,1192.27,48.8
57,192,0.0000,34.1576,1192.27,48.8
57,192,0.0000,35.1335,1192.27,48.8
57,192,0.0000,35.1335,1192.27,48.8
57,192,0.0000,36.1094,1192.27,48.8
57,192,0.0000,35.1335,1192.27,48.8
57,192,0.0000,35.1335,1192.27,48.8
57,192,0.0000,32.2057,1192.27,48.8
57,384,0.0000,37.0853,1194.67,48.3
57,384,0.0000,37.0853,1194.67,48.3
57,384,0.0000,36.1094,1194.67,48.3
57,384,0.0000,38.0613,1194.67,48.3
57,384,0.0000,39.0372,1194.67,48.3
57,384,0.0000,38.0613,1194.67,48.3
57,384,0.0000,33.1816,1194.67,48.3
57,384,0.0000,35.1335,1194.67,48.3
57,384,0.0000,35.1335,1194.67,48.3
57,384,0.0000,36.1094,1194.67,48.3
57,0,0.0000,29.2779,1196.86,48.8
57,0,0.0000,32.2057,1196.86,48.8
57,0,0.0000,32.2057,1196.86,48.8
57,0,0.0000,31.2298,1196.86,48.8
57,0,0.0000,33.1816,1196.86,48.8
57,0,0.0000,29.2779,1196.86,48.8
57,0,0.0000,30.2538,1196.86,48.8
57,0,0.0000,30.2538,1196.86,48.8
57,0,0.0000,31.2298,1196.86,48.8
57,0,0.0000,29.2779,1196.86,48.8
57,512,0.0000,40.0131,1199.16,48.8
57,512,0.0000,51.7243,1199.16,48.8
57,512,0.0000,38.0613,1199.16,48.8
57,512,0.0000,39.0372,1199.16,48.8
57,512,0.0000,38.0613,1199.16,48.8
57,512,0.0000,38.0613,1199.16,48.8
57,512,0.0000,37.0853,1199.16,48.8
57,512,0.0000,40.0131,1199.16,48.8
57,512,0.0000,39.0372,1199.16,48.8
57,512,0.0000,37.0853,1199.16,48.8
58,0,0.0000,30.2538,1201.46,47.7
58,0,0.0000,30.2538,1201.46,47.7
58,0,0.0000,32.2057,1201.46,47.7
58,0,0.0000,30.2538,1201.46,47.7
58,0,0.0000,26.3501,1201.46,47.7
58,0,0.0000,31.2298,1201.46,47.7
58,0,0.0000,29.2779,1201.46,47.7
58,0,0.0000,29.2779,1201.46,47.7
58,0,0.0000,31.2298,1201.46,47.7
58,0,0.0000,32.2057,1201.46,47.7
58,448,0.0000,36.1094,1203.75,47.7
58,448,0.0000,37.0853,1203.75,47.7
58,448,0.0000,38.0613,1203.75,47.7
58,448,0.0000,35.1335,1203.75,47.7
58,448,0.0000,37.0853,1203.75,47.7
58,448,0.0000,41.9650,1203.75,47.7
58,448,0.0000,34.1576,1203.75,47.7
58,448,0.0000,37.0853,1203.75,47.7
58,448,0.0000,35.1335,1203.75,47.7
58,448,0.0000,36.1094,1203.75,47.7
58,64,0.0000,33.1816,1206.05,47.7
58,64,0.0000,34.1576,1206.05,47.7
58,64,0.0000,33.1816,1206.05,47.7
58,64,0.0000,32.2057,1206.05,47.7
58,64,0.0000,72.2188,1206.05,47.7
58,64,0.0000,34.1576,1206.05,47.7
58,64,0.0000,33.1816,1206.05,47.7
58,64,0.0000,32.2057,1206.05,47.7
58,64,0.0000,32.2057,1206.05,47.7
58,64,0.0000,34.1576,1206.05,47.7
58,384,0.0000,39.0372,1208.34,48.8
58,384,0.0000,34.1576,1208.34,48.8
58,384,0.0000,34.1576,1208.34,48.8
58,384,0.0000,36.1094,1208.34,48.8
58,384,0.0000,38.0613,1208.34,48.8
58,384,0.0000,36.1094,1208.34,48.8
58,384,0.0000,37.0853,1208.34,48.8
58,384,0.0000,38.0613,1208.34,48.8
58,384,0.0000,38.0613,1208.34,48.8
58,384,0.0000,37.0853,1208.34,48.8
58,192,0.0000,35.1335,1210.64,47.7
58,192,0.0000,30.2538,1210.64,47.7
58,192,0.0000,33.1816,1210.64,47.7
58,192,0.0000,36.1094,1210.64,47.7
58,192,0.0000,34.1576,1210.64,47.7
58,192,0.0000,35.1335,1210.64,47.7
58,192,0.0000,36.1094,1210.64,47.7
58,192,0.0000,34.1576,1210.64,47.7
58,192,0.0000,34.1576,1210.64,47.7
58,192,0.0000,35.1335,1210.64,47.7
58,512,0.0000,39.0372,1212.94,48.3
58,512,0.0000,38.0613,1212.94,48.3
58,512,0.0000,39.0372,1212.94,48.3
58,512,0.0000,40.0131,1212.94,48.3
58,512,0.0000,38.0613,1212.94,48.3
58,512,0.0000,40.0131,1212.94,48.3
58,512,0.0000,36.1094,1212.94,48.3
58,512,0.0000,37.0853,1212.94,48.3
58,512,0.0000,38.0613,1212.94,48.3
58,512,0.0000,38.0613,1212.94,48.3
58,320,0.0000,37.0853,1215.33,47.7
58,320,0.0000,34.1576,1215.33,47.7
58,320,0.0000,38.0613,1215.33,47.7
58,320,0.0000,36.1094,1215.33,47.7
58,320,0.0000,35.1335,1215.33,47.7
58,320,0.0000,39.0372,1215.33,47.7
58,320,0.0000,36.1094,1215.33,47.7
58,320,0.0000,35.1335,1215.33,47.7
58,320,0.0000,36.1094,1215.33,47.7
58,320,0.0000,35.1335,1215.33,47.7
58,128,0.0000,33.1816,1217.65,48.8
58,128,0.0000,34.1576,1217.65,48.8
58,128,0.0000,32.2057,1217.65,48.8
58,128,0.0000,35.1335,1217.65,48.8
58,128,0.0000,33.1816,1217.65,48.8
58,128,0.0000,32.2057,1217.65,48.8
58,128,0.0000,34.1576,1217.65,48.8
58,128,0.0000,33.1816,1217.65,48.8
58,128,0.0000,34.1576,1217.65,48.8
58,128,0.0000,33.1816,1217.65,48.8
58,128,0.0000,32.2057,1217.65,48.8
58,256,0.0000,35.1335,1219.94,48.8
58,256,0.0000,36.1094,1219.94,48.8
58,256,0.0000,35.1335,1219.94,48.8
58,256,0.0000,36.1094,1219.94,48.8
58,256,0.0000,35.1335,1219.94,48.8
58,256,0.0000,37.0853,1219.94,48.8
58,256,0.0000,36.1094,1219.94,48.8
58,256,0.0000,34.1576,1219.94,48.8
58,256,0.0000,33.1816,1219.94,48.8
58,256,0.0000,35.1335,1219.94,48.8
59,64,0.0000,33.1816,1222.24,48.8
59,64,0.0000,30.2538,1222.24,48.8
59,64,0.0000,33.1816,1222.24,48.8
59,64,0.0000,32.2057,1222.24,48.8
59,64,0.0000,31.2298,1222.24,48.8
59,64,0.0000,31.2298,1222.24,48.8
59,64,0.0000,31.2298,1222.24,48.8
59,64,0.0000,31.2298,1222.24,48.8
59,64,0.0000,31.2298,1222.24,48.8
59,64,0.0000,31.2298,1222.24,48.8
59,512,0.0000,37.0853,1224.53,48.8
59,512,0.0000,40.9891,1224.53,48.8
59,512,0.0000,40.9891,1224.53,48.8
59,512,0.0000,40.0131,1224.53,48.8
59,512,0.0000,38.0613,1224.53,48.8
59,512,0.0000,37.0853,1224.53,48.8
59,512,0.0000,39.0372,1224.53,48.8
59,512,0.0000,38.0613,1224.53,48.8
59,512,0.0000,39.0372,1224.53,48.8
59,512,0.0000,37.0853,1224.53,48.8
59,320,0.0000,33.1816,1226.83,48.3
59,320,0.0000,39.0372,1226.83,48.3
59,320,0.0000,36.1094,1226.83,48.3
59,320,0.0000,36.1094,1226.83,48.3
59,320,0.0000,36.1094,1226.83,48.3
59,320,0.0000,36.1094,1226.83,48.3
59,320,0.0000,36.1094,1226.83,48.3
59,320,0.0000,38.0613,1226.83,48.3
59,320,0.0000,34.1576,1226.83,48.3
59,320,0.0000,36.1094,1226.83,48.3
59,128,0.0000,35.1335,1229.12,48.3
59,128,0.0000,33.1816,1229.12,48.3
59,128,0.0000,34.1576,1229.12,48.3
59,128,0.0000,31.2298,1229.12,48.3
59,128,0.0000,35.1335,1229.12,48.3
59,128,0.0000,34.1576,1229.12,48.3
59,128,0.0000,34.1576,1229.12,48.3
59,128,0.0000,36.1094,1229.12,48.3
59,128,0.0000,33.1816,1229.12,48.3
59,128,0.0000,35.1335,1229.12,48.3
59,0,0.0000,29.2779,1231.42,47.7
59,0,0.0000,31.2298,1231.42,47.7
59,0,0.0000,30.2538,1231.42,47.7
59,0,0.0000,31.2298,1231.42,47.7
59,0,0.0000,30.2538,1231.42,47.7
59,0,0.0000,30.2538,1231.42,47.7
59,0,0.0000,28.3020,1231.42,47.7
59,0,0.0000,30.2538,1231.42,47.7
59,0,0.0000,29.2779,1231.42,47.7
59,0,0.0000,32.2057,1231.42,47.7
59,384,0.0000,39.0372,1233.82,48.3
59,384,0.0000,37.0853,1233.82,48.3
59,384,0.0000,36.1094,1233.82,48.3
59,384,0.0000,37.0853,1233.82,48.3
59,384,0.0000,35.1335,1233.82,48.3
59,384,0.0000,36.1094,1233.82,48.3
59,384,0.0000,36.1094,1233.82,48.3
59,384,0.0000,35.1335,1233.82,48.3
59,384,0.0000,34.1576,1233.82,48.3
59,384,0.0000,36.1094,1233.82,48.3
59,192,0.0000,33.1816,1236.01,48.8
59,192,0.0000,35.1335,1236.01,48.8
59,192,0.0000,36.1094,1236.01,48.8
59,192,0.0000,33.1816,1236.01,48.8
59,192,0.0000,37.0853,1236.01,48.8
59,192,0.0000,36.1094,1236.01,48.8
59,192,0.0000,34.1576,1236.01,48.8
59,192,0.0000,35.1335,1236.01,48.8
59,192,0.0000,33.1816,1236.01,48.8
59,192,0.0000,33.1816,1236.01,48.8
59,448,0.0000,38.0613,1238.31,48.8
59,448,0.0000,37.0853,1238.31,48.8
59,448,0.0000,37.0853,1238.31,48.8
59,448,0.0000,35.1335,1238.31,48.8
59,448,0.0000,40.0131,1238.31,48.8
59,448,0.0000,38.0613,1238.31,48.8
59,448,0.0000,36.1094,1238.31,48.8
59,448,0.0000,37.0853,1238.31,48.8
59,448,0.0000,37.0853,1238.31,48.8
59,448,0.0000,37.0853,1238.31,48.8
59,256,0.0000,35.1335,1240.60,49.4
59,256,0.0000,37.0853,1240.60,49.4
59,256,0.0000,35.1335,1240.60,49.4
59,256,0.0000,35.1335,1240.60,49.4
59,256,0.0000,36.1094,1240.60,49.4
59,256,0.0000,37.0853,1240.60,49.4
59,256,0.0000,34.1576,1240.60,49.4
59,256,0.0000,36.1094,1240.60,49.4
59,256,0.0000,33.1816,1240.60,49.4
59,256,0.0000,35.1335,1240.60,49.4
