rep,num_ones,DDR_VDDQ_A_curr_mA,DDR_VDD2_A_curr_mA,t_s,temp_C
0,256,0.0000,39.0372,2.05,51.0
0,256,0.0000,37.0853,2.05,51.0
0,256,0.0000,38.0613,2.05,51.0
0,256,0.0000,39.0372,2.05,51.0
0,256,0.0000,39.0372,2.05,51.0
0,256,0.0000,40.0131,2.05,51.0
0,256,0.0000,37.0853,2.05,51.0
0,256,0.0000,40.0131,2.05,51.0
0,256,0.0000,40.0131,2.05,51.0
0,256,0.0000,39.0372,2.05,51.0
0,0,0.0000,33.1816,4.34,50.5
0,0,0.0000,32.2057,4.34,50.5
0,0,0.0000,35.1335,4.34,50.5
0,0,0.0000,35.1335,4.34,50.5
0,0,0.0000,35.1335,4.34,50.5
0,0,0.0000,34.1576,4.34,50.5
0,0,0.0000,36.1094,4.34,50.5
0,0,0.0000,30.2538,4.34,50.5
0,0,0.0000,36.1094,4.34,50.5
0,0,0.0000,34.1576,4.34,50.5
0,192,0.0000,36.1094,6.64,49.9
0,192,0.0000,39.0372,6.64,49.9
0,192,0.4902,37.0853,6.64,49.9
0,192,0.0000,36.1094,6.64,49.9
0,192,0.0000,39.0372,6.64,49.9
0,192,0.0000,35.1335,6.64,49.9
0,192,0.0000,36.1094,6.64,49.9
0,192,0.0000,38.0613,6.64,49.9
0,192,0.0000,38.0613,6.64,49.9
0,192,0.0000,39.0372,6.64,49.9
0,384,0.0000,41.9650,8.94,51.0
0,384,0.0000,40.9891,8.94,51.0
0,384,0.0000,38.0613,8.94,51.0
0,384,0.0000,41.9650,8.94,51.0
0,384,0.0000,41.9650,8.94,51.0
0,384,0.0000,41.9650,8.94,51.0
0,384,0.0000,40.9891,8.94,51.0
0,384,0.0000,42.9409,8.94,51.0
0,384,0.0000,41.9650,8.94,51.0
0,384,0.0000,40.0131,8.94,51.0
0,448,0.0000,42.9409,11.33,51.6
0,448,0.0000,41.9650,11.33,51.6
0,448,0.0000,42.9409,11.33,51.6
0,448,0.0000,40.0131,11.33,51.6
0,448,0.0000,40.9891,11.33,51.6
0,448,0.0000,42.9409,11.33,51.6
0,448,0.0000,38.0613,11.33,51.6
0,448,0.0000,40.9891,11.33,51.6
0,448,0.0000,41.9650,11.33,51.6
0,448,0.0000,41.9650,11.33,51.6
0,64,0.0000,34.1576,13.53,51.0
0,64,0.0000,36.1094,13.53,51.0
0,64,0.0000,37.0853,13.53,51.0
0,64,0.0000,37.0853,13.53,51.0
0,64,0.0000,36.1094,13.53,51.0
0,64,0.0000,36.1094,13.53,51.0
0,64,0.0000,34.1576,13.53,51.0
0,64,0.0000,34.1576,13.53,51.0
0,64,0.0000,38.0613,13.53,51.0
0,64,0.0000,34.1576,13.53,51.0
0,320,0.0000,40.0131,15.82,51.0
0,320,0.0000,40.0131,15.82,51.0
0,320,0.0000,40.9891,15.82,51.0
0,320,0.0000,38.0613,15.82,51.0
0,320,0.0000,40.9891,15.82,51.0
0,320,0.0000,37.0853,15.82,51.0
0,320,0.0000,38.0613,15.82,51.0
0,320,0.0000,40.9891,15.82,51.0
0,320,0.0000,40.0131,15.82,51.0
0,320,0.0000,37.0853,15.82,51.0
0,512,0.0000,39.0372,18.12,51.0
0,512,0.0000,42.9409,18.12,51.0
0,512,0.0000,40.9891,18.12,51.0
0,512,0.0000,40.0131,18.12,51.0
0,512,0.0000,40.9891,18.12,51.0
0,512,0.0000,41.9650,18.12,51.0
0,512,0.0000,42.9409,18.12,51.0
0,512,0.0000,40.9891,18.12,51.0
0,512,0.0000,40.9891,18.12,51.0
0,512,0.0000,42.9409,18.12,51.0
0,128,0.0000,36.1094,20.42,49.4
0,128,0.0000,35.1335,20.42,49.4
0,128,0.0000,36.1094,20.42,49.4
0,128,0.0000,36.1094,20.42,49.4
0,128,0.0000,34.1576,20.42,49.4
0,128,0.0000,35.1335,20.42,49.4
0,128,0.0000,37.0853,20.42,49.4
0,128,0.0000,37.0853,20.42,49.4
0,128,0.0000,37.0853,20.42,49.4
0,128,0.0000,40.0131,20.42,49.4
1,64,0.0000,35.1335,22.72,49.9
1,64,0.0000,35.1335,22.72,49.9
1,64,0.0000,38.0613,22.72,49.9
1,64,0.0000,37.0853,22.72,49.9
1,64,0.0000,36.1094,22.72,49.9
1,64,0.0000,35.1335,22.72,49.9
1,64,0.0000,36.1094,22.72,49.9
1,64,0.0000,33.1816,22.72,49.9
1,64,0.0000,33.1816,22.72,49.9
1,64,0.0000,38.0613,22.72,49.9
1,320,0.0000,39.0372,25.01,50.5
1,320,0.0000,40.0131,25.01,50.5
1,320,0.0000,39.0372,25.01,50.5
1,320,0.0000,41.9650,25.01,50.5
1,320,0.0000,44.8928,25.01,50.5
1,320,0.0000,37.0853,25.01,50.5
1,320,0.0000,41.9650,25.01,50.5
1,320,0.0000,42.9409,25.01,50.5
1,320,0.0000,40.0131,25.01,50.5
1,320,0.0000,37.0853,25.01,50.5
1,0,0.0000,33.1816,27.31,49.4
1,0,0.0000,34.1576,27.31,49.4
1,0,0.0000,34.1576,27.31,49.4
1,0,0.0000,36.1094,27.31,49.4
1,0,0.0000,33.1816,27.31,49.4
1,0,0.0000,35.1335,27.31,49.4
1,0,0.0000,36.1094,27.31,49.4
1,0,0.0000,36.1094,27.31,49.4
1,0,0.0000,33.1816,27.31,49.4
1,0,0.0000,34.1576,27.31,49.4
1,384,0.0000,40.9891,29.60,48.8
1,384,0.0000,38.0613,29.60,48.8
1,384,0.0000,40.9891,29.60,48.8
1,384,0.0000,39.0372,29.60,48.8
1,384,0.0000,40.9891,29.60,48.8
1,384,0.0000,40.0131,29.60,48.8
1,384,0.0000,45.8687,29.60,48.8
1,384,0.0000,40.9891,29.60,48.8
1,384,0.0000,40.9891,29.60,48.8
1,384,0.0000,40.0131,29.60,48.8
1,448,0.0000,40.9891,32.00,51.0
1,448,0.0000,39.0372,32.00,51.0
1,448,0.0000,41.9650,32.00,51.0
1,448,0.0000,40.9891,32.00,51.0
1,448,0.0000,40.9891,32.00,51.0
1,448,0.0000,40.9891,32.00,51.0
1,448,0.0000,40.9891,32.00,51.0
1,448,0.0000,42.9409,32.00,51.0
1,448,0.0000,41.9650,32.00,51.0
1,448,0.0000,41.9650,32.00,51.0
1,192,0.0000,40.0131,34.19,49.4
1,192,0.0000,38.0613,34.19,49.4
1,192,0.0000,40.0131,34.19,49.4
1,192,0.0000,69.2910,34.19,49.4
1,192,0.0000,38.0613,34.19,49.4
1,192,0.0000,40.0131,34.19,49.4
1,192,0.0000,38.0613,34.19,49.4
1,192,0.0000,39.0372,34.19,49.4
1,192,0.0000,40.9891,34.19,49.4
1,192,0.0000,38.0613,34.19,49.4
1,512,0.0000,40.0131,36.48,50.5
1,512,0.0000,41.9650,36.48,50.5
1,512,0.0000,43.9169,36.48,50.5
1,512,0.0000,41.9650,36.48,50.5
1,512,0.0000,40.9891,36.48,50.5
1,512,0.0000,42.9409,36.48,50.5
1,512,0.0000,43.9169,36.48,50.5
1,512,0.0000,40.9891,36.48,50.5
1,512,0.0000,43.9169,36.48,50.5
1,512,0.0000,40.9891,36.48,50.5
1,256,0.0000,39.0372,38.77,51.0
1,256,0.0000,38.0613,38.77,51.0
1,256,0.0000,37.0853,38.77,51.0
1,256,0.0000,38.0613,38.77,51.0
1,256,0.0000,34.1576,38.77,51.0
1,256,0.0000,36.1094,38.77,51.0
1,256,0.0000,38.0613,38.77,51.0
1,256,0.0000,38.0613,38.77,51.0
1,256,0.0000,40.0131,38.77,51.0
1,256,0.0000,40.0131,38.77,51.0
1,128,0.0000,38.0613,41.07,50.5
1,128,0.0000,37.0853,41.07,50.5
1,128,0.0000,36.1094,41.07,50.5
1,128,0.0000,34.1576,41.07,50.5
1,128,0.0000,37.0853,41.07,50.5
1,128,0.0000,39.0372,41.07,50.5
1,128,0.0000,35.1335,41.07,50.5
1,128,0.0000,39.0372,41.07,50.5
1,128,0.0000,38.0613,41.07,50.5
1,128,0.0000,36.1094,41.07,50.5
2,320,0.0000,40.9891,43.36,50.5
2,320,0.0000,40.9891,43.36,50.5
2,320,0.0000,40.0131,43.36,50.5
2,320,0.0000,37.0853,43.36,50.5
2,320,0.0000,40.9891,43.36,50.5
2,320,0.0000,40.0131,43.36,50.5
2,320,0.0000,37.0853,43.36,50.5
2,320,0.0000,40.0131,43.36,50.5
2,320,0.0000,37.0853,43.36,50.5
2,320,0.0000,41.9650,43.36,50.5
2,192,0.0000,37.0853,45.66,50.5
2,192,0.0000,38.0613,45.66,50.5
2,192,0.0000,40.0131,45.66,50.5
2,192,0.0000,38.0613,45.66,50.5
2,192,0.0000,39.0372,45.66,50.5
2,192,0.0000,37.0853,45.66,50.5
2,192,0.0000,38.0613,45.66,50.5
2,192,0.0000,39.0372,45.66,50.5
2,192,0.0000,37.0853,45.66,50.5
2,192,0.0000,40.0131,45.66,50.5
2,384,0.0000,41.9650,47.96,49.9
2,384,0.0000,40.0131,47.96,49.9
2,384,0.0000,41.9650,47.96,49.9
2,384,0.0000,40.9891,47.96,49.9
2,384,0.0000,40.9891,47.96,49.9
2,384,0.0000,40.0131,47.96,49.9
2,384,0.0000,41.9650,47.96,49.9
2,384,0.0000,38.0613,47.96,49.9
2,384,0.0000,42.9409,47.96,49.9
2,384,0.0000,40.0131,47.96,49.9
2,448,0.0000,41.9650,50.25,50.5
2,448,0.0000,38.0613,50.25,50.5
2,448,0.0000,40.0131,50.25,50.5
2,448,0.0000,40.9891,50.25,50.5
2,448,0.0000,40.0131,50.25,50.5
2,448,0.0000,41.9650,50.25,50.5
2,448,0.0000,39.0372,50.25,50.5
2,448,0.0000,40.9891,50.25,50.5
2,448,0.0000,40.9891,50.25,50.5
2,448,0.0000,38.0613,50.25,50.5
2,0,0.0000,32.2057,52.65,49.9
2,0,0.0000,35.1335,52.65,49.9
2,0,0.0000,35.1335,52.65,49.9
2,0,0.0000,34.1576,52.65,49.9
2,0,0.0000,34.1576,52.65,49.9
2,0,0.0000,34.1576,52.65,49.9
2,0,0.0000,35.1335,52.65,49.9
2,0,0.0000,35.1335,52.65,49.9
2,0,0.0000,35.1335,52.65,49.9
2,0,0.0000,33.1816,52.65,49.9
2,256,0.0000,37.0853,54.84,50.5
2,256,0.0000,40.0131,54.84,50.5
2,256,0.0000,39.0372,54.84,50.5
2,256,0.0000,40.0131,54.84,50.5
2,256,0.0000,37.0853,54.84,50.5
2,256,0.0000,37.0853,54.84,50.5
2,256,0.0000,39.0372,54.84,50.5
2,256,0.0000,37.0853,54.84,50.5
2,256,0.0000,38.0613,54.84,50.5
2,256,0.0000,38.0613,54.84,50.5
2,128,0.0000,36.1094,57.14,48.8
2,128,0.0000,37.0853,57.14,48.8
2,128,0.0000,34.1576,57.14,48.8
2,128,0.0000,36.1094,57.14,48.8
2,128,0.0000,40.0131,57.14,48.8
2,128,0.0000,37.0853,57.14,48.8
2,128,0.0000,34.1576,57.14,48.8
2,128,0.0000,36.1094,57.14,48.8
2,128,0.0000,34.1576,57.14,48.8
2,128,0.0000,34.1576,57.14,48.8
2,512,0.0000,40.9891,59.44,49.4
2,512,0.0000,40.9891,59.44,49.4
2,512,0.0000,40.0131,59.44,49.4
2,512,0.0000,40.0131,59.44,49.4
2,512,0.0000,40.9891,59.44,49.4
2,512,0.0000,41.9650,59.44,49.4
2,512,0.0000,41.9650,59.44,49.4
2,512,0.0000,37.0853,59.44,49.4
2,512,0.0000,43.9169,59.44,49.4
2,512,0.0000,43.9169,59.44,49.4
2,64,0.0000,36.1094,61.73,48.8
2,64,0.0000,34.1576,61.73,48.8
2,64,0.0000,33.1816,61.73,48.8
2,64,0.0000,36.1094,61.73,48.8
2,64,0.0000,33.1816,61.73,48.8
2,64,0.0000,37.0853,61.73,48.8
2,64,0.0000,34.1576,61.73,48.8
2,64,0.0000,34.1576,61.73,48.8
2,64,0.0000,39.0372,61.73,48.8
2,64,0.0000,37.0853,61.73,48.8
3,192,0.0000,38.0613,64.03,50.5
3,192,0.0000,38.0613,64.03,50.5
3,192,0.0000,38.0613,64.03,50.5
3,192,0.0000,38.0613,64.03,50.5
3,192,0.0000,39.0372,64.03,50.5
3,192,0.0000,36.1094,64.03,50.5
3,192,0.0000,39.0372,64.03,50.5
3,192,0.0000,37.0853,64.03,50.5
3,192,0.0000,37.0853,64.03,50.5
3,192,0.0000,37.0853,64.03,50.5
3,320,0.0000,41.9650,66.33,48.8
3,320,0.0000,40.0131,66.33,48.8
3,320,0.0000,40.0131,66.33,48.8
3,320,0.0000,38.0613,66.33,48.8
3,320,0.0000,38.0613,66.33,48.8
3,320,0.0000,39.0372,66.33,48.8
3,320,0.0000,39.0372,66.33,48.8
3,320,0.0000,40.0131,66.33,48.8
3,320,0.0000,38.0613,66.33,48.8
3,320,0.0000,39.0372,66.33,48.8
3,128,0.0000,33.1816,68.62,49.9
3,128,0.0000,36.1094,68.62,49.9
3,128,0.0000,37.0853,68.62,49.9
3,128,0.0000,35.1335,68.62,49.9
3,128,0.0000,37.0853,68.62,49.9
3,128,0.0000,38.0613,68.62,49.9
3,128,0.0000,36.1094,68.62,49.9
3,128,0.0000,37.0853,68.62,49.9
3,128,0.0000,36.1094,68.62,49.9
3,128,0.0000,38.0613,68.62,49.9
3,0,0.0000,35.1335,70.92,49.9
3,0,0.0000,33.1816,70.92,49.9
3,0,0.0000,35.1335,70.92,49.9
3,0,0.0000,37.0853,70.92,49.9
3,0,0.0000,34.1576,70.92,49.9
3,0,0.0000,34.1576,70.92,49.9
3,0,0.0000,32.2057,70.92,49.9
3,0,0.0000,37.0853,70.92,49.9
3,0,0.0000,35.1335,70.92,49.9
3,0,0.0000,36.1094,70.92,49.9
3,256,0.0000,38.0613,73.32,51.0
3,256,0.0000,36.1094,73.32,51.0
3,256,0.0000,37.0853,73.32,51.0
3,256,0.0000,35.1335,73.32,51.0
3,256,0.0000,37.0853,73.32,51.0
3,256,0.0000,37.0853,73.32,51.0
3,256,0.0000,38.0613,73.32,51.0
3,256,0.0000,40.0131,73.32,51.0
3,256,0.0000,39.0372,73.32,51.0
3,256,0.0000,38.0613,73.32,51.0
3,512,0.0000,40.0131,75.51,48.3
3,512,0.0000,40.0131,75.51,48.3
3,512,0.0000,41.9650,75.51,48.3
3,512,0.0000,41.9650,75.51,48.3
3,512,0.0000,40.9891,75.51,48.3
3,512,0.0000,40.0131,75.51,48.3
3,512,0.0000,42.9409,75.51,48.3
3,512,0.0000,40.9891,75.51,48.3
3,512,0.0000,40.9891,75.51,48.3
3,512,0.0000,39.0372,75.51,48.3
3,384,0.0000,38.0613,77.81,49.9
3,384,0.0000,40.9891,77.81,49.9
3,384,0.0000,40.0131,77.81,49.9
3,384,0.0000,41.9650,77.81,49.9
3,384,0.0000,40.9891,77.81,49.9
3,384,0.0000,39.0372,77.81,49.9
3,384,0.0000,40.9891,77.81,49.9
3,384,0.0000,39.0372,77.81,49.9
3,384,0.0000,39.0372,77.81,49.9
3,384,0.0000,41.9650,77.81,49.9
3,64,0.0000,35.1335,80.10,49.9
3,64,0.0000,32.2057,80.10,49.9
3,64,0.0000,36.1094,80.10,49.9
3,64,0.0000,35.1335,80.10,49.9
3,64,0.0000,36.1094,80.10,49.9
3,64,0.0000,34.1576,80.10,49.9
3,64,0.0000,35.1335,80.10,49.9
3,64,0.0000,34.1576,80.10,49.9
3,64,0.0000,35.1335,80.10,49.9
3,64,0.0000,34.1576,80.10,49.9
3,448,0.0000,41.9650,82.40,48.8
3,448,0.0000,40.9891,82.40,48.8
3,448,0.0000,40.9891,82.40,48.8
3,448,0.0000,42.9409,82.40,48.8
3,448,0.0000,41.9650,82.40,48.8
3,448,0.0000,40.0131,82.40,48.8
3,448,0.0000,43.9169,82.40,48.8
3,448,0.0000,43.9169,82.40,48.8
3,448,0.0000,40.0131,82.40,48.8
3,448,0.0000,39.0372,82.40,48.8
4,256,0.0000,35.1335,84.70,49.9
4,256,0.0000,38.0613,84.70,49.9
4,256,0.0000,40.9891,84.70,49.9
4,256,0.0000,38.0613,84.70,49.9
4,256,0.0000,37.0853,84.70,49.9
4,256,0.0000,38.0613,84.70,49.9
4,256,0.0000,36.1094,84.70,49.9
4,256,0.0000,35.1335,84.70,49.9
4,256,0.0000,37.0853,84.70,49.9
4,256,0.0000,38.0613,84.70,49.9
4,0,0.0000,34.1576,86.99,49.9
4,0,0.0000,34.1576,86.99,49.9
4,0,0.0000,35.1335,86.99,49.9
4,0,0.0000,34.1576,86.99,49.9
4,0,0.0000,33.1816,86.99,49.9
4,0,0.0000,34.1576,86.99,49.9
4,0,0.0000,33.1816,86.99,49.9
4,0,0.0000,33.1816,86.99,49.9
4,0,0.0000,34.1576,86.99,49.9
4,0,0.0000,35.1335,86.99,49.9
4,512,0.0000,41.9650,89.29,49.4
4,512,0.0000,42.9409,89.29,49.4
4,512,0.0000,38.0613,89.29,49.4
4,512,0.0000,41.9650,89.29,49.4
4,512,0.0000,38.0613,89.29,49.4
4,512,0.0000,40.9891,89.29,49.4
4,512,0.0000,39.0372,89.29,49.4
4,512,0.0000,41.9650,89.29,49.4
4,512,0.0000,40.9891,89.29,49.4
4,512,0.0000,42.9409,89.29,49.4
4,128,0.0000,36.1094,91.58,49.4
4,128,0.0000,36.1094,91.58,49.4
4,128,0.0000,36.1094,91.58,49.4
4,128,0.0000,36.1094,91.58,49.4
4,128,0.0000,37.0853,91.58,49.4
4,128,0.0000,37.0853,91.58,49.4
4,128,0.0000,37.0853,91.58,49.4
4,128,0.0000,37.0853,91.58,49.4
4,128,0.0000,36.1094,91.58,49.4
4,128,0.0000,36.1094,91.58,49.4
4,384,0.0000,42.9409,93.98,49.9
4,384,0.0000,38.0613,93.98,49.9
4,384,0.0000,43.9169,93.98,49.9
4,384,0.0000,40.0131,93.98,49.9
4,384,0.0000,40.9891,93.98,49.9
4,384,0.0000,40.0131,93.98,49.9
4,384,0.0000,35.1335,93.98,49.9
4,384,0.0000,39.0372,93.98,49.9
4,384,0.0000,40.9891,93.98,49.9
4,384,0.0000,40.0131,93.98,49.9
4,320,0.0000,40.9891,96.18,49.9
4,320,0.0000,38.0613,96.18,49.9
4,320,0.0000,38.0613,96.18,49.9
4,320,0.0000,38.0613,96.18,49.9
4,320,0.0000,39.0372,96.18,49.9
4,320,0.0000,40.0131,96.18,49.9
4,320,0.0000,40.9891,96.18,49.9
4,320,0.0000,40.9891,96.18,49.9
4,320,0.0000,41.9650,96.18,49.9
4,320,0.0000,38.0613,96.18,49.9
4,448,0.0000,41.9650,98.47,49.4
4,448,0.0000,44.8928,98.47,49.4
4,448,0.0000,40.9891,98.47,49.4
4,448,0.0000,40.0131,98.47,49.4
4,448,0.0000,44.8928,98.47,49.4
4,448,0.0000,40.9891,98.47,49.4
4,448,0.0000,38.0613,98.47,49.4
4,448,0.0000,40.0131,98.47,49.4
4,448,0.0000,40.9891,98.47,49.4
4,448,0.0000,41.9650,98.47,49.4
4,64,0.0000,35.1335,100.77,49.9
4,64,0.0000,37.0853,100.77,49.9
4,64,0.0000,33.1816,100.77,49.9
4,64,0.0000,32.2057,100.77,49.9
4,64,0.0000,34.1576,100.77,49.9
4,64,0.0000,35.1335,100.77,49.9
4,64,0.0000,37.0853,100.77,49.9
4,64,0.0000,36.1094,100.77,49.9
4,64,0.0000,34.1576,100.77,49.9
4,64,0.0000,38.0613,100.77,49.9
4,192,0.0000,38.0613,103.06,49.9
4,192,0.0000,38.0613,103.06,49.9
4,192,0.0000,36.1094,103.06,49.9
4,192,0.0000,36.1094,103.06,49.9
4,192,0.0000,38.0613,103.06,49.9
4,192,0.0000,38.0613,103.06,49.9
4,192,0.0000,35.1335,103.06,49.9
4,192,0.0000,40.0131,103.06,49.9
4,192,0.0000,39.0372,103.06,49.9
4,192,0.0000,37.0853,103.06,49.9
5,64,0.0000,32.2057,105.36,49.4
5,64,0.0000,37.0853,105.36,49.4
5,64,0.0000,37.0853,105.36,49.4
5,64,0.0000,36.1094,105.36,49.4
5,64,0.0000,35.1335,105.36,49.4
5,64,0.0000,36.1094,105.36,49.4
5,64,0.0000,35.1335,105.36,49.4
5,64,0.0000,34.1576,105.36,49.4
5,64,0.0000,32.2057,105.36,49.4
5,64,0.0000,36.1094,105.36,49.4
5,384,0.0000,38.0613,107.66,48.3
5,384,0.0000,38.0613,107.66,48.3
5,384,0.0000,40.0131,107.66,48.3
5,384,0.0000,41.9650,107.66,48.3
5,384,0.0000,38.0613,107.66,48.3
5,384,0.0000,39.0372,107.66,48.3
5,384,0.0000,39.0372,107.66,48.3
5,384,0.0000,40.0131,107.66,48.3
5,384,0.0000,40.9891,107.66,48.3
5,384,0.0000,39.0372,107.66,48.3
5,448,0.0000,40.0131,109.96,49.4
5,448,0.0000,44.8928,109.96,49.4
5,448,0.0000,40.0131,109.96,49.4
5,448,0.0000,40.9891,109.96,49.4
5,448,0.0000,40.9891,109.96,49.4
5,448,0.0000,41.9650,109.96,49.4
5,448,0.0000,40.0131,109.96,49.4
5,448,0.0000,40.9891,109.96,49.4
5,448,0.0000,41.9650,109.96,49.4
5,448,0.0000,40.0131,109.96,49.4
5,128,0.0000,39.0372,112.38,49.4
5,128,0.0000,36.1094,112.38,49.4
5,128,0.0000,35.1335,112.38,49.4
5,128,0.0000,36.1094,112.38,49.4
5,128,0.0000,35.1335,112.38,49.4
5,128,0.0000,37.0853,112.38,49.4
5,128,0.0000,38.0613,112.38,49.4
5,128,0.0000,32.2057,112.38,49.4
5,128,0.0000,36.1094,112.38,49.4
5,128,0.0000,36.1094,112.38,49.4
5,128,0.0000,33.1816,112.38,49.4
5,512,0.0000,58.5558,114.67,50.5
5,512,0.0000,40.9891,114.67,50.5
5,512,0.0000,43.9169,114.67,50.5
5,512,0.0000,47.8206,114.67,50.5
5,512,0.0000,41.9650,114.67,50.5
5,512,0.0000,41.9650,114.67,50.5
5,512,0.0000,39.0372,114.67,50.5
5,512,0.0000,41.9650,114.67,50.5
5,512,0.0000,42.9409,114.67,50.5
5,512,0.0000,40.9891,114.67,50.5
5,0,0.0000,36.1094,116.87,48.8
5,0,0.0000,34.1576,116.87,48.8
5,0,0.0000,34.1576,116.87,48.8
5,0,0.0000,34.1576,116.87,48.8
5,0,0.0000,36.1094,116.87,48.8
5,0,0.0000,34.1576,116.87,48.8
5,0,0.0000,34.1576,116.87,48.8
5,0,0.0000,34.1576,116.87,48.8
5,0,0.0000,36.1094,116.87,48.8
5,0,0.0000,36.1094,116.87,48.8
5,256,0.0000,38.0613,119.16,50.5
5,256,0.0000,36.1094,119.16,50.5
5,256,0.0000,38.0613,119.16,50.5
5,256,0.0000,38.0613,119.16,50.5
5,256,0.0000,39.0372,119.16,50.5
5,256,0.4902,36.1094,119.16,50.5
5,256,0.0000,39.0372,119.16,50.5
5,256,0.0000,38.0613,119.16,50.5
5,256,0.0000,39.0372,119.16,50.5
5,256,0.0000,35.1335,119.16,50.5
5,192,0.0000,38.0613,121.46,49.4
5,192,0.0000,37.0853,121.46,49.4
5,192,0.0000,35.1335,121.46,49.4
5,192,0.0000,38.0613,121.46,49.4
5,192,0.0000,39.0372,121.46,49.4
5,192,0.0000,39.0372,121.46,49.4
5,192,0.0000,38.0613,121.46,49.4
5,192,0.0000,38.0613,121.46,49.4
5,192,0.0000,37.0853,121.46,49.4
5,192,1.9608,39.0372,121.46,49.4
5,320,0.0000,40.0131,123.76,49.4
5,320,0.0000,40.9891,123.76,49.4
5,320,0.0000,37.0853,123.76,49.4
5,320,0.0000,39.0372,123.76,49.4
5,320,0.0000,40.0131,123.76,49.4
5,320,0.0000,40.9891,123.76,49.4
5,320,0.0000,40.9891,123.76,49.4
5,320,0.0000,41.9650,123.76,49.4
5,320,0.0000,39.0372,123.76,49.4
5,320,0.4902,40.0131,123.76,49.4
6,256,0.0000,40.0131,126.06,49.9
6,256,0.0000,39.0372,126.06,49.9
6,256,0.0000,38.0613,126.06,49.9
6,256,0.0000,38.0613,126.06,49.9
6,256,0.0000,38.0613,126.06,49.9
6,256,0.0000,38.0613,126.06,49.9
6,256,0.0000,37.0853,126.06,49.9
6,256,0.0000,38.0613,126.06,49.9
6,256,0.0000,38.0613,126.06,49.9
6,256,0.0000,40.0131,126.06,49.9
6,320,0.0000,40.9891,128.35,49.4
6,320,0.0000,40.0131,128.35,49.4
6,320,0.0000,40.0131,128.35,49.4
6,320,0.0000,38.0613,128.35,49.4
6,320,0.0000,40.0131,128.35,49.4
6,320,0.0000,38.0613,128.35,49.4
6,320,0.0000,39.0372,128.35,49.4
6,320,0.0000,40.0131,128.35,49.4
6,320,0.0000,41.9650,128.35,49.4
6,320,0.0000,40.9891,128.35,49.4
6,128,0.0000,37.0853,130.65,48.3
6,128,0.0000,36.1094,130.65,48.3
6,128,0.0000,38.0613,130.65,48.3
6,128,0.0000,34.1576,130.65,48.3
6,128,0.0000,34.1576,130.65,48.3
6,128,0.0000,36.1094,130.65,48.3
6,128,0.0000,36.1094,130.65,48.3
6,128,0.0000,36.1094,130.65,48.3
6,128,0.0000,38.0613,130.65,48.3
6,128,0.0000,34.1576,130.65,48.3
6,0,0.0000,34.1576,132.94,49.9
6,0,0.0000,35.1335,132.94,49.9
6,0,0.0000,35.1335,132.94,49.9
6,0,0.0000,32.2057,132.94,49.9
6,0,0.0000,35.1335,132.94,49.9
6,0,0.0000,31.2298,132.94,49.9
6,0,0.0000,35.1335,132.94,49.9
6,0,0.0000,36.1094,132.94,49.9
6,0,0.0000,33.1816,132.94,49.9
6,0,0.0000,34.1576,132.94,49.9
6,512,0.0000,40.0131,135.34,48.8
6,512,0.0000,40.9891,135.34,48.8
6,512,0.0000,40.0131,135.34,48.8
6,512,0.0000,41.9650,135.34,48.8
6,512,0.0000,39.0372,135.34,48.8
6,512,0.0000,41.9650,135.34,48.8
6,512,0.0000,41.9650,135.34,48.8
6,512,0.0000,41.9650,135.34,48.8
6,512,0.0000,41.9650,135.34,48.8
6,512,0.0000,39.0372,135.34,48.8
6,64,0.0000,37.0853,137.53,47.7
6,64,0.0000,37.0853,137.53,47.7
6,64,0.0000,31.2298,137.53,47.7
6,64,0.0000,34.1576,137.53,47.7
6,64,0.0000,34.1576,137.53,47.7
6,64,0.0000,35.1335,137.53,47.7
6,64,0.0000,39.0372,137.53,47.7
6,64,0.0000,37.0853,137.53,47.7
6,64,0.0000,35.1335,137.53,47.7
6,64,0.0000,38.0613,137.53,47.7
6,384,0.0000,40.0131,139.82,47.7
6,384,0.0000,40.9891,139.82,47.7
6,384,0.0000,37.0853,139.82,47.7
6,384,0.0000,39.0372,139.82,47.7
6,384,0.0000,40.9891,139.82,47.7
6,384,0.0000,40.0131,139.82,47.7
6,384,0.0000,38.0613,139.82,47.7
6,384,0.0000,38.0613,139.82,47.7
6,384,0.0000,41.9650,139.82,47.7
6,384,0.0000,37.0853,139.82,47.7
6,192,0.0000,37.0853,142.12,48.8
6,192,0.0000,37.0853,142.12,48.8
6,192,0.0000,36.1094,142.12,48.8
6,192,0.0000,34.1576,142.12,48.8
6,192,0.0000,37.0853,142.12,48.8
6,192,0.0000,38.0613,142.12,48.8
6,192,0.0000,39.0372,142.12,48.8
6,192,0.0000,37.0853,142.12,48.8
6,192,0.0000,35.1335,142.12,48.8
6,192,0.0000,36.1094,142.12,48.8
6,448,0.0000,40.0131,144.41,49.9
6,448,0.0000,40.9891,144.41,49.9
6,448,0.0000,40.9891,144.41,49.9
6,448,0.0000,44.8928,144.41,49.9
6,448,0.0000,42.9409,144.41,49.9
6,448,0.0000,40.9891,144.41,49.9
6,448,0.0000,42.9409,144.41,49.9
6,448,0.0000,41.9650,144.41,49.9
6,448,0.0000,40.9891,144.41,49.9
6,448,0.0000,44.8928,144.41,49.9
7,448,0.0000,40.0131,146.70,49.4
7,448,0.0000,40.9891,146.70,49.4
7,448,0.0000,40.0131,146.70,49.4
7,448,0.0000,41.9650,146.70,49.4
7,448,0.0000,42.9409,146.70,49.4
7,448,0.0000,40.9891,146.70,49.4
7,448,0.0000,40.9891,146.70,49.4
7,448,0.0000,42.9409,146.70,49.4
7,448,0.0000,39.0372,146.70,49.4
7,448,0.0000,44.8928,146.70,49.4
7,64,0.0000,36.1094,149.00,48.8
7,64,0.0000,36.1094,149.00,48.8
7,64,0.0000,33.1816,149.00,48.8
7,64,0.0000,36.1094,149.00,48.8
7,64,0.0000,37.0853,149.00,48.8
7,64,0.0000,37.0853,149.00,48.8
7,64,0.0000,34.1576,149.00,48.8
7,64,0.0000,38.0613,149.00,48.8
7,64,0.0000,34.1576,149.00,48.8
7,64,0.0000,35.1335,149.00,48.8
7,192,0.0000,38.0613,151.30,48.3
7,192,0.0000,38.0613,151.30,48.3
7,192,0.0000,38.0613,151.30,48.3
7,192,0.0000,37.0853,151.30,48.3
7,192,0.0000,34.1576,151.30,48.3
7,192,0.0000,34.1576,151.30,48.3
7,192,0.0000,33.1816,151.30,48.3
7,192,0.0000,39.0372,151.30,48.3
7,192,0.0000,38.0613,151.30,48.3
7,192,0.0000,37.0853,151.30,48.3
7,384,0.0000,40.0131,153.59,49.9
7,384,0.0000,40.0131,153.59,49.9
7,384,0.0000,41.9650,153.59,49.9
7,384,0.0000,40.0131,153.59,49.9
7,384,0.0000,41.9650,153.59,49.9
7,384,0.0000,40.9891,153.59,49.9
7,384,0.0000,40.0131,153.59,49.9
7,384,0.0000,37.0853,153.59,49.9
7,384,0.0000,43.9169,153.59,49.9
7,384,0.0000,40.9891,153.59,49.9
7,512,0.0000,40.0131,155.99,49.9
7,512,0.0000,42.9409,155.99,49.9
7,512,0.0000,42.9409,155.99,49.9
7,512,0.0000,43.9169,155.99,49.9
7,512,0.0000,41.9650,155.99,49.9
7,512,0.0000,40.0131,155.99,49.9
7,512,0.0000,40.0131,155.99,49.9
7,512,0.0000,43.9169,155.99,49.9
7,512,0.0000,40.0131,155.99,49.9
7,512,0.0000,41.9650,155.99,49.9
7,0,0.0000,35.1335,158.18,49.4
7,0,0.0000,35.1335,158.18,49.4
7,0,0.0000,37.0853,158.18,49.4
7,0,0.0000,32.2057,158.18,49.4
7,0,0.0000,33.1816,158.18,49.4
7,0,0.0000,33.1816,158.18,49.4
7,0,0.0000,34.1576,158.18,49.4
7,0,0.0000,33.1816,158.18,49.4
7,0,0.0000,34.1576,158.18,49.4
7,0,0.0000,36.1094,158.18,49.4
7,256,0.0000,38.0613,160.48,47.7
7,256,0.0000,40.0131,160.48,47.7
7,256,0.0000,39.0372,160.48,47.7
7,256,0.0000,38.0613,160.48,47.7
7,256,0.0000,39.0372,160.48,47.7
7,256,0.0000,35.1335,160.48,47.7
7,256,0.0000,38.0613,160.48,47.7
7,256,0.0000,38.0613,160.48,47.7
7,256,0.0000,36.1094,160.48,47.7
7,256,0.0000,37.0853,160.48,47.7
7,320,0.0000,40.0131,162.78,47.2
7,320,0.0000,39.0372,162.78,47.2
7,320,0.0000,40.9891,162.78,47.2
7,320,0.0000,39.0372,162.78,47.2
7,320,0.0000,40.9891,162.78,47.2
7,320,0.0000,40.0131,162.78,47.2
7,320,0.0000,38.0613,162.78,47.2
7,320,0.0000,39.0372,162.78,47.2
7,320,0.0000,41.9650,162.78,47.2
7,320,0.0000,41.9650,162.78,47.2
7,128,0.0000,38.0613,165.07,48.8
7,128,0.0000,35.1335,165.07,48.8
7,128,0.0000,37.0853,165.07,48.8
7,128,0.0000,37.0853,165.07,48.8
7,128,0.0000,37.0853,165.07,48.8
7,128,0.0000,36.1094,165.07,48.8
7,128,0.0000,36.1094,165.07,48.8
7,128,0.0000,36.1094,165.07,48.8
7,128,0.0000,38.0613,165.07,48.8
7,128,0.0000,38.0613,165.07,48.8
8,384,0.0000,38.0613,167.37,49.4
8,384,0.0000,38.0613,167.37,49.4
8,384,0.0000,36.1094,167.37,49.4
8,384,0.0000,39.0372,167.37,49.4
8,384,0.0000,40.0131,167.37,49.4
8,384,0.0000,40.9891,167.37,49.4
8,384,0.0000,39.0372,167.37,49.4
8,384,0.0000,39.0372,167.37,49.4
8,384,0.0000,40.9891,167.37,49.4
8,384,0.0000,40.9891,167.37,49.4
8,192,0.0000,34.1576,169.66,48.8
8,192,0.0000,37.0853,169.66,48.8
8,192,0.0000,37.0853,169.66,48.8
8,192,0.0000,36.1094,169.66,48.8
8,192,0.0000,39.0372,169.66,48.8
8,192,0.0000,39.0372,169.66,48.8
8,192,0.0000,37.0853,169.66,48.8
8,192,0.0000,36.1094,169.66,48.8
8,192,0.0000,36.1094,169.66,48.8
8,192,0.0000,39.0372,169.66,48.8
8,320,0.0000,36.1094,171.96,49.4
8,320,0.0000,37.0853,171.96,49.4
8,320,0.0000,38.0613,171.96,49.4
8,320,0.0000,40.0131,171.96,49.4
8,320,0.0000,38.0613,171.96,49.4
8,320,0.0000,38.0613,171.96,49.4
8,320,0.0000,40.0131,171.96,49.4
8,320,0.0000,37.0853,171.96,49.4
8,320,0.0000,40.9891,171.96,49.4
8,320,0.0000,41.9650,171.96,49.4
8,128,0.0000,39.0372,174.26,47.7
8,128,0.0000,37.0853,174.26,47.7
8,128,0.0000,39.0372,174.26,47.7
8,128,0.0000,35.1335,174.26,47.7
8,128,0.0000,36.1094,174.26,47.7
8,128,0.0000,38.0613,174.26,47.7
8,128,0.0000,37.0853,174.26,47.7
8,128,0.0000,32.2057,174.26,47.7
8,128,0.0000,34.1576,174.26,47.7
8,128,0.0000,33.1816,174.26,47.7
8,256,0.0000,40.0131,176.65,49.9
8,256,0.0000,40.9891,176.65,49.9
8,256,0.0000,39.0372,176.65,49.9
8,256,0.0000,39.0372,176.65,49.9
8,256,0.0000,35.1335,176.65,49.9
8,256,0.0000,39.0372,176.65,49.9
8,256,0.0000,38.0613,176.65,49.9
8,256,0.0000,37.0853,176.65,49.9
8,256,0.0000,38.0613,176.65,49.9
8,256,0.0000,37.0853,176.65,49.9
8,512,0.0000,42.9409,178.85,48.8
8,512,0.0000,40.0131,178.85,48.8
8,512,0.0000,42.9409,178.85,48.8
8,512,0.0000,40.9891,178.85,48.8
8,512,0.0000,40.0131,178.85,48.8
8,512,0.0000,41.9650,178.85,48.8
8,512,0.0000,40.0131,178.85,48.8
8,512,0.0000,42.9409,178.85,48.8
8,512,0.0000,43.9169,178.85,48.8
8,512,0.0000,40.0131,178.85,48.8
8,0,0.0000,33.1816,181.14,48.8
8,0,0.0000,31.2298,181.14,48.8
8,0,0.0000,34.1576,181.14,48.8
8,0,0.0000,35.1335,181.14,48.8
8,0,0.0000,36.1094,181.14,48.8
8,0,0.0000,35.1335,181.14,48.8
8,0,0.0000,32.2057,181.14,48.8
8,0,0.0000,35.1335,181.14,48.8
8,0,0.0000,35.1335,181.14,48.8
8,0,0.0000,34.1576,181.14,48.8
8,64,0.0000,32.2057,183.44,48.8
8,64,0.0000,38.0613,183.44,48.8
8,64,0.0000,36.1094,183.44,48.8
8,64,0.0000,34.1576,183.44,48.8
8,64,0.0000,34.1576,183.44,48.8
8,64,0.0000,33.1816,183.44,48.8
8,64,0.0000,36.1094,183.44,48.8
8,64,0.0000,37.0853,183.44,48.8
8,64,0.0000,36.1094,183.44,48.8
8,64,0.0000,35.1335,183.44,48.8
8,448,0.0000,44.8928,185.74,49.4
8,448,0.0000,40.9891,185.74,49.4
8,448,0.0000,40.9891,185.74,49.4
8,448,0.0000,42.9409,185.74,49.4
8,448,0.0000,42.9409,185.74,49.4
8,448,0.0000,40.9891,185.74,49.4
8,448,0.0000,40.0131,185.74,49.4
8,448,0.0000,40.0131,185.74,49.4
8,448,0.0000,40.0131,185.74,49.4
8,448,0.0000,40.0131,185.74,49.4
9,192,0.0000,34.1576,188.03,49.4
9,192,0.0000,39.0372,188.03,49.4
9,192,0.0000,38.0613,188.03,49.4
9,192,0.0000,36.1094,188.03,49.4
9,192,0.0000,40.0131,188.03,49.4
9,192,0.0000,38.0613,188.03,49.4
9,192,0.0000,38.0613,188.03,49.4
9,192,0.0000,40.9891,188.03,49.4
9,192,0.0000,39.0372,188.03,49.4
9,192,0.0000,34.1576,188.03,49.4
9,512,0.0000,40.0131,190.33,47.7
9,512,0.0000,41.9650,190.33,47.7
9,512,0.0000,39.0372,190.33,47.7
9,512,0.0000,40.0131,190.33,47.7
9,512,0.0000,41.9650,190.33,47.7
9,512,0.0000,39.0372,190.33,47.7
9,512,0.0000,40.9891,190.33,47.7
9,512,0.0000,42.9409,190.33,47.7
9,512,0.0000,40.0131,190.33,47.7
9,512,0.0000,40.0131,190.33,47.7
9,384,0.0000,40.0131,192.62,49.4
9,384,0.0000,41.9650,192.62,49.4
9,384,0.0000,40.9891,192.62,49.4
9,384,0.0000,38.0613,192.62,49.4
9,384,0.0000,40.9891,192.62,49.4
9,384,0.0000,40.9891,192.62,49.4
9,384,0.0000,39.0372,192.62,49.4
9,384,0.0000,37.0853,192.62,49.4
9,384,0.0000,40.9891,192.62,49.4
9,384,0.0000,40.0131,192.62,49.4
9,0,0.0000,31.2298,194.92,48.8
9,0,0.0000,34.1576,194.92,48.8
9,0,0.0000,34.1576,194.92,48.8
9,0,0.0000,34.1576,194.92,48.8
9,0,0.0000,34.1576,194.92,48.8
9,0,0.0000,33.1816,194.92,48.8
9,0,0.0000,32.2057,194.92,48.8
9,0,0.0000,34.1576,194.92,48.8
9,0,0.0000,38.0613,194.92,48.8
9,0,0.0000,33.1816,194.92,48.8
9,448,0.0000,41.9650,197.12,48.3
9,448,0.0000,40.0131,197.12,48.3
9,448,0.0000,40.0131,197.12,48.3
9,448,0.0000,40.0131,197.12,48.3
9,448,0.0000,40.9891,197.12,48.3
9,448,0.0000,42.9409,197.12,48.3
9,448,0.0000,40.9891,197.12,48.3
9,448,0.0000,42.9409,197.12,48.3
9,448,0.0000,43.9169,197.12,48.3
9,448,0.0000,42.9409,197.12,48.3
9,64,0.0000,32.2057,199.41,48.8
9,64,0.0000,35.1335,199.41,48.8
9,64,0.0000,37.0853,199.41,48.8
9,64,0.0000,35.1335,199.41,48.8
9,64,0.0000,37.0853,199.41,48.8
9,64,0.0000,35.1335,199.41,48.8
9,64,0.0000,37.0853,199.41,48.8
9,64,0.0000,35.1335,199.41,48.8
9,64,0.0000,36.1094,199.41,48.8
9,64,0.0000,36.1094,199.41,48.8
9,256,0.0000,39.0372,201.71,48.3
9,256,0.0000,38.0613,201.71,48.3
9,256,0.0000,40.0131,201.71,48.3
9,256,0.0000,36.1094,201.71,48.3
9,256,0.0000,39.0372,201.71,48.3
9,256,0.0000,37.0853,201.71,48.3
9,256,0.0000,38.0613,201.71,48.3
9,256,0.0000,39.0372,201.71,48.3
9,256,0.0000,36.1094,201.71,48.3
9,256,0.0000,38.0613,201.71,48.3
9,320,0.0000,40.0131,204.00,48.8
9,320,0.0000,39.0372,204.00,48.8
9,320,0.0000,37.0853,204.00,48.8
9,320,0.0000,40.0131,204.00,48.8
9,320,0.0000,39.0372,204.00,48.8
9,320,0.0000,40.0131,204.00,48.8
9,320,0.0000,41.9650,204.00,48.8
9,320,5.3922,40.9891,204.00,48.8
9,320,0.0000,36.1094,204.00,48.8
9,320,0.0000,38.0613,204.00,48.8
9,128,0.0000,34.1576,206.30,48.3
9,128,0.0000,36.1094,206.30,48.3
9,128,0.0000,36.1094,206.30,48.3
9,128,0.0000,40.0131,206.30,48.3
9,128,0.0000,37.0853,206.30,48.3
9,128,0.0000,39.0372,206.30,48.3
9,128,0.0000,33.1816,206.30,48.3
9,128,0.0000,39.0372,206.30,48.3
9,128,0.0000,34.1576,206.30,48.3
9,128,0.0000,37.0853,206.30,48.3
10,512,0.0000,42.9409,208.60,47.7
10,512,0.0000,40.0131,208.60,47.7
10,512,0.0000,41.9650,208.60,47.7
10,512,0.0000,40.0131,208.60,47.7
10,512,0.0000,40.0131,208.60,47.7
10,512,0.0000,41.9650,208.60,47.7
10,512,0.0000,40.9891,208.60,47.7
10,512,0.0000,42.9409,208.60,47.7
10,512,0.0000,40.9891,208.60,47.7
10,512,0.0000,43.9169,208.60,47.7
10,448,0.0000,39.0372,210.89,48.3
10,448,0.0000,42.9409,210.89,48.3
10,448,0.0000,41.9650,210.89,48.3
10,448,0.0000,41.9650,210.89,48.3
10,448,0.0000,39.0372,210.89,48.3
10,448,0.0000,39.0372,210.89,48.3
10,448,0.0000,40.9891,210.89,48.3
10,448,0.0000,41.9650,210.89,48.3
10,448,0.0000,42.9409,210.89,48.3
10,448,0.0000,41.9650,210.89,48.3
10,192,0.0000,37.0853,213.19,49.4
10,192,0.0000,39.0372,213.19,49.4
10,192,0.0000,40.0131,213.19,49.4
10,192,0.0000,40.9891,213.19,49.4
10,192,0.0000,36.1094,213.19,49.4
10,192,0.0000,37.0853,213.19,49.4
10,192,0.0000,37.0853,213.19,49.4
10,192,0.0000,38.0613,213.19,49.4
10,192,0.0000,36.1094,213.19,49.4
10,192,0.0000,38.0613,213.19,49.4
10,320,0.0000,40.9891,215.61,48.8
10,320,0.0000,40.0131,215.61,48.8
10,320,0.0000,37.0853,215.61,48.8
10,320,0.0000,40.0131,215.61,48.8
10,320,0.0000,39.0372,215.61,48.8
10,320,0.0000,40.0131,215.61,48.8
10,320,0.0000,40.9891,215.61,48.8
10,320,0.0000,40.0131,215.61,48.8
10,320,0.0000,40.0131,215.61,48.8
10,320,0.0000,41.9650,215.61,48.8
10,320,0.0000,40.0131,215.61,48.8
10,384,0.0000,39.0372,217.90,48.8
10,384,0.0000,40.9891,217.90,48.8
10,384,0.0000,37.0853,217.90,48.8
10,384,0.0000,40.0131,217.90,48.8
10,384,0.0000,38.0613,217.90,48.8
10,384,0.0000,40.0131,217.90,48.8
10,384,0.0000,40.0131,217.90,48.8
10,384,0.0000,38.0613,217.90,48.8
10,384,0.0000,38.0613,217.90,48.8
10,384,0.0000,41.9650,217.90,48.8
10,0,0.0000,32.2057,220.20,47.2
10,0,0.0000,33.1816,220.20,47.2
10,0,0.0000,35.1335,220.20,47.2
10,0,0.0000,35.1335,220.20,47.2
10,0,0.0000,32.2057,220.20,47.2
10,0,0.0000,31.2298,220.20,47.2
10,0,0.0000,36.1094,220.20,47.2
10,0,0.0000,36.1094,220.20,47.2
10,0,0.0000,33.1816,220.20,47.2
10,0,0.0000,34.1576,220.20,47.2
10,64,0.0000,37.0853,222.49,48.8
10,64,0.0000,35.1335,222.49,48.8
10,64,0.0000,34.1576,222.49,48.8
10,64,0.0000,35.1335,222.49,48.8
10,64,0.0000,32.2057,222.49,48.8
10,64,0.0000,34.1576,222.49,48.8
10,64,0.0000,36.1094,222.49,48.8
10,64,0.0000,37.0853,222.49,48.8
10,64,0.0000,35.1335,222.49,48.8
10,64,0.0000,37.0853,222.49,48.8
10,256,0.0000,39.0372,224.79,48.3
10,256,0.0000,40.9891,224.79,48.3
10,256,0.0000,39.0372,224.79,48.3
10,256,0.0000,39.0372,224.79,48.3
10,256,0.0000,37.0853,224.79,48.3
10,256,0.0000,40.9891,224.79,48.3
10,256,0.0000,36.1094,224.79,48.3
10,256,0.0000,40.0131,224.79,48.3
10,256,0.0000,40.0131,224.79,48.3
10,256,0.0000,37.0853,224.79,48.3
10,128,0.0000,37.0853,227.08,49.4
10,128,0.0000,38.0613,227.08,49.4
10,128,0.0000,38.0613,227.08,49.4
10,128,0.0000,36.1094,227.08,49.4
10,128,0.0000,38.0613,227.08,49.4
10,128,0.0000,36.1094,227.08,49.4
10,128,0.0000,38.0613,227.08,49.4
10,128,0.0000,36.1094,227.08,49.4
10,128,0.0000,38.0613,227.08,49.4
10,128,0.0000,36.1094,227.08,49.4
11,256,0.0000,37.0853,229.38,48.3
11,256,0.0000,40.9891,229.38,48.3
11,256,0.0000,37.0853,229.38,48.3
11,256,0.0000,39.0372,229.38,48.3
11,256,0.0000,36.1094,229.38,48.3
11,256,0.0000,37.0853,229.38,48.3
11,256,0.0000,38.0613,229.38,48.3
11,256,0.0000,39.0372,229.38,48.3
11,256,0.0000,37.0853,229.38,48.3
11,256,0.0000,38.0613,229.38,48.3
11,512,0.0000,41.9650,231.68,47.2
11,512,0.0000,40.0131,231.68,47.2
11,512,0.0000,39.0372,231.68,47.2
11,512,0.0000,40.0131,231.68,47.2
11,512,0.0000,40.0131,231.68,47.2
11,512,0.0000,41.9650,231.68,47.2
11,512,0.0000,40.0131,231.68,47.2
11,512,0.0000,40.0131,231.68,47.2
11,512,0.0000,39.0372,231.68,47.2
11,512,0.0000,41.9650,231.68,47.2
11,384,0.0000,38.0613,233.98,48.8
11,384,0.0000,40.9891,233.98,48.8
11,384,0.0000,39.0372,233.98,48.8
11,384,0.0000,40.0131,233.98,48.8
11,384,0.0000,39.0372,233.98,48.8
11,384,0.0000,40.9891,233.98,48.8
11,384,0.0000,39.0372,233.98,48.8
11,384,0.0000,40.9891,233.98,48.8
11,384,0.0000,40.0131,233.98,48.8
11,384,0.0000,38.0613,233.98,48.8
11,448,0.0000,42.9409,236.37,47.7
11,448,0.0000,42.9409,236.37,47.7
11,448,0.0000,40.0131,236.37,47.7
11,448,0.0000,41.9650,236.37,47.7
11,448,0.0000,41.9650,236.37,47.7
11,448,0.0000,40.9891,236.37,47.7
11,448,0.0000,41.9650,236.37,47.7
11,448,0.0000,40.0131,236.37,47.7
11,448,0.0000,41.9650,236.37,47.7
11,448,0.0000,41.9650,236.37,47.7
11,128,0.0000,37.0853,238.57,47.7
11,128,0.0000,33.1816,238.57,47.7
11,128,0.0000,39.0372,238.57,47.7
11,128,0.0000,37.0853,238.57,47.7
11,128,0.0000,38.0613,238.57,47.7
11,128,0.0000,37.0853,238.57,47.7
11,128,0.0000,37.0853,238.57,47.7
11,128,0.0000,37.0853,238.57,47.7
11,128,0.0000,36.1094,238.57,47.7
11,128,0.0000,34.1576,238.57,47.7
11,64,0.0000,35.1335,240.86,48.8
11,64,0.0000,34.1576,240.86,48.8
11,64,0.0000,37.0853,240.86,48.8
11,64,0.0000,33.1816,240.86,48.8
11,64,0.0000,39.0372,240.86,48.8
11,64,0.0000,36.1094,240.86,48.8
11,64,0.0000,34.1576,240.86,48.8
11,64,0.0000,35.1335,240.86,48.8
11,64,0.0000,36.1094,240.86,48.8
11,64,0.0000,35.1335,240.86,48.8
11,0,0.0000,31.2298,243.16,47.7
11,0,0.0000,36.1094,243.16,47.7
11,0,0.0000,32.2057,243.16,47.7
11,0,0.0000,33.1816,243.16,47.7
11,0,0.0000,33.1816,243.16,47.7
11,0,0.0000,36.1094,243.16,47.7
11,0,0.0000,36.1094,243.16,47.7
11,0,0.0000,34.1576,243.16,47.7
11,0,0.0000,32.2057,243.16,47.7
11,0,0.0000,36.1094,243.16,47.7
11,192,0.0000,35.1335,245.46,49.4
11,192,0.0000,36.1094,245.46,49.4
11,192,0.0000,38.0613,245.46,49.4
11,192,0.0000,38.0613,245.46,49.4
11,192,0.0000,37.0853,245.46,49.4
11,192,0.0000,40.0131,245.46,49.4
11,192,0.0000,37.0853,245.46,49.4
11,192,0.0000,39.0372,245.46,49.4
11,192,0.0000,38.0613,245.46,49.4
11,192,0.0000,37.0853,245.46,49.4
11,320,0.0000,40.0131,247.75,48.8
11,320,0.0000,37.0853,247.75,48.8
11,320,0.0000,41.9650,247.75,48.8
11,320,0.0000,40.0131,247.75,48.8
11,320,0.0000,39.0372,247.75,48.8
11,320,0.0000,38.0613,247.75,48.8
11,320,0.0000,39.0372,247.75,48.8
11,320,0.0000,41.9650,247.75,48.8
11,320,0.0000,40.0131,247.75,48.8
11,320,0.0000,40.0131,247.75,48.8
12,320,0.0000,40.9891,250.05,47.2
12,320,0.0000,40.9891,250.05,47.2
12,320,0.4902,38.0613,250.05,47.2
12,320,0.0000,40.0131,250.05,47.2
12,320,0.0000,41.9650,250.05,47.2
12,320,0.0000,38.0613,250.05,47.2
12,320,0.0000,40.0131,250.05,47.2
12,320,0.0000,37.0853,250.05,47.2
12,320,0.0000,37.0853,250.05,47.2
12,320,0.0000,40.9891,250.05,47.2
12,128,0.0000,34.1576,252.34,48.8
12,128,0.0000,37.0853,252.34,48.8
12,128,0.0000,36.1094,252.34,48.8
12,128,0.0000,35.1335,252.34,48.8
12,128,0.0000,36.1094,252.34,48.8
12,128,0.0000,35.1335,252.34,48.8
12,128,0.0000,37.0853,252.34,48.8
12,128,0.0000,36.1094,252.34,48.8
12,128,0.0000,34.1576,252.34,48.8
12,128,0.0000,35.1335,252.34,48.8
12,384,0.0000,39.0372,254.64,48.8
12,384,0.0000,40.0131,254.64,48.8
12,384,0.0000,40.9891,254.64,48.8
12,384,0.0000,40.0131,254.64,48.8
12,384,0.0000,41.9650,254.64,48.8
12,384,0.0000,41.9650,254.64,48.8
12,384,0.0000,39.0372,254.64,48.8
12,384,0.0000,37.0853,254.64,48.8
12,384,0.0000,40.9891,254.64,48.8
12,384,0.0000,40.0131,254.64,48.8
12,0,0.0000,31.2298,257.04,47.7
12,0,0.0000,35.1335,257.04,47.7
12,0,0.0000,34.1576,257.04,47.7
12,0,0.0000,38.0613,257.04,47.7
12,0,0.0000,36.1094,257.04,47.7
12,0,0.0000,34.1576,257.04,47.7
12,0,0.0000,34.1576,257.04,47.7
12,0,0.0000,30.2538,257.04,47.7
12,0,0.0000,33.1816,257.04,47.7
12,0,0.0000,35.1335,257.04,47.7
12,64,0.0000,36.1094,259.23,48.8
12,64,0.0000,36.1094,259.23,48.8
12,64,0.0000,34.1576,259.23,48.8
12,64,0.0000,33.1816,259.23,48.8
12,64,0.0000,35.1335,259.23,48.8
12,64,0.0000,35.1335,259.23,48.8
12,64,0.0000,36.1094,259.23,48.8
12,64,0.0000,35.1335,259.23,48.8
12,64,0.0000,35.1335,259.23,48.8
12,64,0.0000,37.0853,259.23,48.8
12,448,0.0000,40.0131,261.53,48.8
12,448,0.0000,41.9650,261.53,48.8
12,448,0.0000,39.0372,261.53,48.8
12,448,0.0000,39.0372,261.53,48.8
12,448,0.0000,41.9650,261.53,48.8
12,448,0.0000,41.9650,261.53,48.8
12,448,0.0000,40.0131,261.53,48.8
12,448,0.0000,42.9409,261.53,48.8
12,448,0.0000,40.0131,261.53,48.8
12,448,0.0000,42.9409,261.53,48.8
12,256,0.0000,40.0131,263.82,48.3
12,256,0.0000,37.0853,263.82,48.3
12,256,0.0000,38.0613,263.82,48.3
12,256,0.0000,40.0131,263.82,48.3
12,256,0.0000,37.0853,263.82,48.3
12,256,0.0000,37.0853,263.82,48.3
12,256,0.0000,38.0613,263.82,48.3
12,256,0.0000,36.1094,263.82,48.3
12,256,0.0000,40.0131,263.82,48.3
12,256,0.0000,40.0131,263.82,48.3
12,192,0.0000,38.0613,266.12,48.3
12,192,0.0000,39.0372,266.12,48.3
12,192,0.0000,40.0131,266.12,48.3
12,192,0.0000,37.0853,266.12,48.3
12,192,0.0000,37.0853,266.12,48.3
12,192,0.0000,36.1094,266.12,48.3
12,192,0.0000,38.0613,266.12,48.3
12,192,0.0000,36.1094,266.12,48.3
12,192,0.0000,37.0853,266.12,48.3
12,192,0.0000,38.0613,266.12,48.3
12,512,0.0000,38.0613,268.42,48.8
12,512,0.0000,43.9169,268.42,48.8
12,512,0.0000,44.8928,268.42,48.8
12,512,0.0000,41.9650,268.42,48.8
12,512,0.0000,40.0131,268.42,48.8
12,512,0.0000,40.9891,268.42,48.8
12,512,0.0000,42.9409,268.42,48.8
12,512,0.0000,40.9891,268.42,48.8
12,512,0.0000,41.9650,268.42,48.8
12,512,0.0000,40.0131,268.42,48.8
13,64,0.0000,35.1335,270.71,47.7
13,64,0.0000,34.1576,270.71,47.7
13,64,0.0000,33.1816,270.71,47.7
13,64,0.0000,37.0853,270.71,47.7
13,64,0.0000,36.1094,270.71,47.7
13,64,0.0000,35.1335,270.71,47.7
13,64,0.0000,36.1094,270.71,47.7
13,64,0.0000,36.1094,270.71,47.7
13,64,0.0000,35.1335,270.71,47.7
13,64,0.0000,33.1816,270.71,47.7
13,256,0.0000,37.0853,273.01,47.7
13,256,0.0000,39.0372,273.01,47.7
13,256,0.0000,37.0853,273.01,47.7
13,256,0.0000,39.0372,273.01,47.7
13,256,0.0000,40.0131,273.01,47.7
13,256,0.0000,38.0613,273.01,47.7
13,256,0.0000,39.0372,273.01,47.7
13,256,0.0000,41.9650,273.01,47.7
13,256,0.0000,39.0372,273.01,47.7
13,256,0.0000,39.0372,273.01,47.7
13,0,0.0000,33.1816,275.30,48.8
13,0,0.0000,32.2057,275.30,48.8
13,0,0.0000,31.2298,275.30,48.8
13,0,0.0000,33.1816,275.30,48.8
13,0,0.0000,33.1816,275.30,48.8
13,0,0.0000,35.1335,275.30,48.8
13,0,0.0000,35.1335,275.30,48.8
13,0,0.0000,34.1576,275.30,48.8
13,0,0.0000,36.1094,275.30,48.8
13,0,0.0000,32.2057,275.30,48.8
13,128,0.0000,36.1094,277.70,47.7
13,128,0.0000,38.0613,277.70,47.7
13,128,0.0000,35.1335,277.70,47.7
13,128,0.0000,36.1094,277.70,47.7
13,128,0.0000,36.1094,277.70,47.7
13,128,0.0000,36.1094,277.70,47.7
13,128,0.0000,35.1335,277.70,47.7
13,128,0.0000,34.1576,277.70,47.7
13,128,0.0000,37.0853,277.70,47.7
13,128,0.0000,35.1335,277.70,47.7
13,448,0.0000,41.9650,279.90,48.8
13,448,0.0000,40.9891,279.90,48.8
13,448,0.0000,41.9650,279.90,48.8
13,448,0.0000,42.9409,279.90,48.8
13,448,0.0000,40.9891,279.90,48.8
13,448,0.0000,42.9409,279.90,48.8
13,448,0.0000,39.0372,279.90,48.8
13,448,0.0000,41.9650,279.90,48.8
13,448,0.0000,38.0613,279.90,48.8
13,448,0.0000,43.9169,279.90,48.8
13,320,0.0000,41.9650,282.19,48.8
13,320,0.0000,39.0372,282.19,48.8
13,320,0.0000,41.9650,282.19,48.8
13,320,0.0000,40.9891,282.19,48.8
13,320,0.0000,40.0131,282.19,48.8
13,320,0.0000,40.9891,282.19,48.8
13,320,0.0000,41.9650,282.19,48.8
13,320,0.0000,39.0372,282.19,48.8
13,320,0.0000,38.0613,282.19,48.8
13,320,0.0000,39.0372,282.19,48.8
13,512,0.0000,38.0613,284.49,49.4
13,512,0.0000,39.0372,284.49,49.4
13,512,0.0000,40.0131,284.49,49.4
13,512,0.0000,41.9650,284.49,49.4
13,512,0.0000,41.9650,284.49,49.4
13,512,0.0000,43.9169,284.49,49.4
13,512,0.0000,41.9650,284.49,49.4
13,512,0.0000,40.0131,284.49,49.4
13,512,0.0000,40.0131,284.49,49.4
13,512,0.0000,41.9650,284.49,49.4
13,384,0.0000,40.0131,286.78,48.3
13,384,0.0000,39.0372,286.78,48.3
13,384,0.0000,42.9409,286.78,48.3
13,384,0.0000,41.9650,286.78,48.3
13,384,0.0000,41.9650,286.78,48.3
13,384,0.0000,41.9650,286.78,48.3
13,384,0.0000,39.0372,286.78,48.3
13,384,0.0000,39.0372,286.78,48.3
13,384,0.0000,39.0372,286.78,48.3
13,384,0.0000,40.0131,286.78,48.3
13,192,0.0000,36.1094,289.08,47.7
13,192,0.0000,37.0853,289.08,47.7
13,192,0.0000,39.0372,289.08,47.7
13,192,0.0000,37.0853,289.08,47.7
13,192,0.0000,37.0853,289.08,47.7
13,192,0.0000,37.0853,289.08,47.7
13,192,0.0000,36.1094,289.08,47.7
13,192,0.0000,39.0372,289.08,47.7
13,192,0.0000,32.2057,289.08,47.7
13,192,0.0000,40.0131,289.08,47.7
14,256,0.0000,36.1094,291.38,48.8
14,256,0.0000,40.0131,291.38,48.8
14,256,0.0000,39.0372,291.38,48.8
14,256,0.0000,36.1094,291.38,48.8
14,256,0.0000,39.0372,291.38,48.8
14,256,0.0000,34.1576,291.38,48.8
14,256,0.0000,38.0613,291.38,48.8
14,256,0.0000,37.0853,291.38,48.8
14,256,0.0000,38.0613,291.38,48.8
14,256,0.0000,40.0131,291.38,48.8
14,64,0.0000,36.1094,293.67,48.8
14,64,0.0000,36.1094,293.67,48.8
14,64,0.0000,35.1335,293.67,48.8
14,64,0.0000,36.1094,293.67,48.8
14,64,0.0000,34.1576,293.67,48.8
14,64,0.0000,38.0613,293.67,48.8
14,64,0.0000,33.1816,293.67,48.8
14,64,0.0000,38.0613,293.67,48.8
14,64,0.0000,34.1576,293.67,48.8
14,64,0.0000,36.1094,293.67,48.8
14,192,0.0000,40.0131,295.99,47.2
14,192,0.0000,37.0853,295.99,47.2
14,192,5.3922,67.3392,295.99,47.2
14,192,0.0000,38.0613,295.99,47.2
14,192,0.0000,39.0372,295.99,47.2
14,192,1.4706,68.3151,295.99,47.2
14,192,0.0000,34.1576,295.99,47.2
14,192,0.0000,39.0372,295.99,47.2
14,192,0.0000,38.0613,295.99,47.2
14,192,0.0000,38.0613,295.99,47.2
14,192,0.0000,38.0613,295.99,47.2
14,512,0.0000,38.0613,298.39,47.7
14,512,0.0000,40.0131,298.39,47.7
14,512,0.0000,40.9891,298.39,47.7
14,512,0.0000,43.9169,298.39,47.7
14,512,0.0000,43.9169,298.39,47.7
14,512,0.0000,40.9891,298.39,47.7
14,512,0.0000,42.9409,298.39,47.7
14,512,0.0000,44.8928,298.39,47.7
14,512,0.0000,41.9650,298.39,47.7
14,512,0.0000,40.9891,298.39,47.7
14,0,0.0000,34.1576,300.58,48.3
14,0,0.0000,32.2057,300.58,48.3
14,0,0.0000,31.2298,300.58,48.3
14,0,0.0000,36.1094,300.58,48.3
14,0,0.0000,34.1576,300.58,48.3
14,0,0.0000,36.1094,300.58,48.3
14,0,0.0000,35.1335,300.58,48.3
14,0,0.0000,33.1816,300.58,48.3
14,0,0.0000,35.1335,300.58,48.3
14,0,0.0000,31.2298,300.58,48.3
14,128,0.0000,35.1335,302.88,48.3
14,128,0.0000,34.1576,302.88,48.3
14,128,0.0000,36.1094,302.88,48.3
14,128,0.0000,37.0853,302.88,48.3
14,128,0.0000,36.1094,302.88,48.3
14,128,0.0000,38.0613,302.88,48.3
14,128,0.0000,38.0613,302.88,48.3
14,128,0.0000,35.1335,302.88,48.3
14,128,0.0000,38.0613,302.88,48.3
14,128,0.0000,35.1335,302.88,48.3
14,384,0.0000,38.0613,305.18,48.3
14,384,0.0000,41.9650,305.18,48.3
14,384,0.0000,41.9650,305.18,48.3
14,384,0.0000,41.9650,305.18,48.3
14,384,0.0000,40.0131,305.18,48.3
14,384,0.0000,40.0131,305.18,48.3
14,384,0.0000,41.9650,305.18,48.3
14,384,0.0000,40.9891,305.18,48.3
14,384,0.0000,37.0853,305.18,48.3
14,384,0.0000,40.0131,305.18,48.3
14,320,0.0000,40.0131,307.60,48.3
14,320,0.0000,40.0131,307.60,48.3
14,320,0.0000,39.0372,307.60,48.3
14,320,0.0000,37.0853,307.60,48.3
14,320,0.0000,37.0853,307.60,48.3
14,320,0.0000,40.0131,307.60,48.3
14,320,0.0000,40.0131,307.60,48.3
14,320,0.0000,38.0613,307.60,48.3
14,320,0.0000,39.0372,307.60,48.3
14,320,0.0000,38.0613,307.60,48.3
14,320,0.0000,40.9891,307.60,48.3
14,448,0.0000,40.9891,309.89,48.8
14,448,0.0000,41.9650,309.89,48.8
14,448,0.0000,40.0131,309.89,48.8
14,448,0.0000,40.9891,309.89,48.8
14,448,0.0000,40.9891,309.89,48.8
14,448,0.0000,40.9891,309.89,48.8
14,448,0.0000,40.9891,309.89,48.8
14,448,0.0000,41.9650,309.89,48.8
14,448,0.0000,42.9409,309.89,48.8
14,448,0.0000,43.9169,309.89,48.8
15,128,0.0000,36.1094,312.19,48.3
15,128,0.0000,39.0372,312.19,48.3
15,128,0.0000,39.0372,312.19,48.3
15,128,0.0000,35.1335,312.19,48.3
15,128,0.0000,38.0613,312.19,48.3
15,128,0.0000,34.1576,312.19,48.3
15,128,0.0000,38.0613,312.19,48.3
15,128,0.0000,35.1335,312.19,48.3
15,128,0.0000,36.1094,312.19,48.3
15,128,0.0000,38.0613,312.19,48.3
15,64,0.0000,37.0853,314.49,48.3
15,64,0.0000,36.1094,314.49,48.3
15,64,0.0000,31.2298,314.49,48.3
15,64,0.0000,33.1816,314.49,48.3
15,64,0.0000,36.1094,314.49,48.3
15,64,0.0000,34.1576,314.49,48.3
15,64,0.0000,34.1576,314.49,48.3
15,64,0.0000,35.1335,314.49,48.3
15,64,0.0000,36.1094,314.49,48.3
15,64,0.0000,36.1094,314.49,48.3
15,192,0.0000,40.0131,316.88,48.3
15,192,0.0000,37.0853,316.88,48.3
15,192,0.0000,38.0613,316.88,48.3
15,192,0.0000,36.1094,316.88,48.3
15,192,0.0000,40.0131,316.88,48.3
15,192,0.0000,37.0853,316.88,48.3
15,192,0.0000,37.0853,316.88,48.3
15,192,0.0000,39.0372,316.88,48.3
15,192,0.0000,35.1335,316.88,48.3
15,192,0.0000,40.9891,316.88,48.3
15,384,0.0000,42.9409,319.08,47.7
15,384,0.0000,39.0372,319.08,47.7
15,384,0.0000,37.0853,319.08,47.7
15,384,0.0000,38.0613,319.08,47.7
15,384,0.0000,40.0131,319.08,47.7
15,384,0.0000,41.9650,319.08,47.7
15,384,0.0000,41.9650,319.08,47.7
15,384,0.0000,37.0853,319.08,47.7
15,384,0.0000,40.0131,319.08,47.7
15,384,0.0000,40.0131,319.08,47.7
15,0,0.0000,33.1816,321.37,48.8
15,0,0.0000,33.1816,321.37,48.8
15,0,0.0000,35.1335,321.37,48.8
15,0,0.0000,34.1576,321.37,48.8
15,0,0.0000,32.2057,321.37,48.8
15,0,0.0000,36.1094,321.37,48.8
15,0,0.0000,33.1816,321.37,48.8
15,0,0.0000,33.1816,321.37,48.8
15,0,0.0000,32.2057,321.37,48.8
15,0,0.0000,32.2057,321.37,48.8
15,448,0.0000,41.9650,323.66,48.8
15,448,0.0000,39.0372,323.66,48.8
15,448,0.0000,40.9891,323.66,48.8
15,448,0.0000,40.0131,323.66,48.8
15,448,0.0000,36.1094,323.66,48.8
15,448,0.0000,40.9891,323.66,48.8
15,448,0.0000,41.9650,323.66,48.8
15,448,0.0000,40.0131,323.66,48.8
15,448,0.0000,43.9169,323.66,48.8
15,448,0.0000,41.9650,323.66,48.8
15,512,0.0000,39.0372,325.95,49.4
15,512,0.0000,41.9650,325.95,49.4
15,512,0.0000,42.9409,325.95,49.4
15,512,0.0000,41.9650,325.95,49.4
15,512,0.0000,41.9650,325.95,49.4
15,512,0.0000,39.0372,325.95,49.4
15,512,0.0000,40.0131,325.95,49.4
15,512,0.0000,43.9169,325.95,49.4
15,512,0.0000,39.0372,325.95,49.4
15,512,0.0000,42.9409,325.95,49.4
15,320,0.0000,38.0613,328.24,48.8
15,320,0.0000,37.0853,328.24,48.8
15,320,0.0000,38.0613,328.24,48.8
15,320,0.0000,38.0613,328.24,48.8
15,320,0.0000,40.0131,328.24,48.8
15,320,0.0000,37.0853,328.24,48.8
15,320,0.0000,39.0372,328.24,48.8
15,320,0.0000,40.9891,328.24,48.8
15,320,0.0000,40.9891,328.24,48.8
15,320,0.0000,40.0131,328.24,48.8
15,256,0.0000,36.1094,330.54,48.3
15,256,0.0000,39.0372,330.54,48.3
15,256,0.0000,35.1335,330.54,48.3
15,256,0.0000,40.0131,330.54,48.3
15,256,0.0000,37.0853,330.54,48.3
15,256,0.0000,37.0853,330.54,48.3
15,256,0.0000,37.0853,330.54,48.3
15,256,0.0000,37.0853,330.54,48.3
15,256,0.0000,37.0853,330.54,48.3
15,256,0.0000,34.1576,330.54,48.3
16,448,0.0000,40.9891,332.84,48.3
16,448,0.0000,41.9650,332.84,48.3
16,448,0.0000,40.0131,332.84,48.3
16,448,0.0000,40.0131,332.84,48.3
16,448,0.0000,41.9650,332.84,48.3
16,448,0.0000,41.9650,332.84,48.3
16,448,0.0000,40.9891,332.84,48.3
16,448,0.0000,43.9169,332.84,48.3
16,448,0.0000,40.0131,332.84,48.3
16,448,0.0000,40.0131,332.84,48.3
16,192,0.0000,40.0131,335.14,48.3
16,192,0.0000,37.0853,335.14,48.3
16,192,0.0000,37.0853,335.14,48.3
16,192,0.0000,39.0372,335.14,48.3
16,192,0.0000,37.0853,335.14,48.3
16,192,0.0000,36.1094,335.14,48.3
16,192,0.0000,37.0853,335.14,48.3
16,192,0.0000,36.1094,335.14,48.3
16,192,0.0000,40.0131,335.14,48.3
16,192,0.0000,40.0131,335.14,48.3
16,256,0.0000,38.0613,337.53,48.8
16,256,0.0000,38.0613,337.53,48.8
16,256,0.0000,35.1335,337.53,48.8
16,256,0.0000,40.0131,337.53,48.8
16,256,0.0000,36.1094,337.53,48.8
16,256,0.0000,40.9891,337.53,48.8
16,256,0.0000,38.0613,337.53,48.8
16,256,0.0000,36.1094,337.53,48.8
16,256,0.0000,37.0853,337.53,48.8
16,256,0.0000,37.0853,337.53,48.8
16,320,0.0000,40.0131,339.73,48.8
16,320,0.0000,41.9650,339.73,48.8
16,320,0.0000,39.0372,339.73,48.8
16,320,0.0000,37.0853,339.73,48.8
16,320,0.0000,40.9891,339.73,48.8
16,320,0.0000,40.9891,339.73,48.8
16,320,0.0000,37.0853,339.73,48.8
16,320,0.0000,39.0372,339.73,48.8
16,320,0.4902,40.0131,339.73,48.8
16,320,0.0000,37.0853,339.73,48.8
16,64,0.0000,34.1576,342.02,47.2
16,64,0.0000,32.2057,342.02,47.2
16,64,0.0000,36.1094,342.02,47.2
16,64,0.0000,38.0613,342.02,47.2
16,64,0.0000,34.1576,342.02,47.2
16,64,0.0000,34.1576,342.02,47.2
16,64,0.0000,35.1335,342.02,47.2
16,64,0.0000,36.1094,342.02,47.2
16,64,0.0000,32.2057,342.02,47.2
16,64,0.0000,37.0853,342.02,47.2
16,128,0.0000,38.0613,344.32,48.8
16,128,0.0000,36.1094,344.32,48.8
16,128,0.0000,39.0372,344.32,48.8
16,128,0.0000,38.0613,344.32,48.8
16,128,0.0000,38.0613,344.32,48.8
16,128,0.0000,38.0613,344.32,48.8
16,128,0.0000,36.1094,344.32,48.8
16,128,0.0000,37.0853,344.32,48.8
16,128,0.0000,35.1335,344.32,48.8
16,128,0.0000,37.0853,344.32,48.8
16,512,0.0000,42.9409,346.62,47.7
16,512,0.0000,40.9891,346.62,47.7
16,512,0.0000,41.9650,346.62,47.7
16,512,0.0000,41.9650,346.62,47.7
16,512,0.0000,43.9169,346.62,47.7
16,512,0.0000,40.0131,346.62,47.7
16,512,0.0000,40.0131,346.62,47.7
16,512,0.0000,42.9409,346.62,47.7
16,512,0.0000,40.0131,346.62,47.7
16,512,0.0000,42.9409,346.62,47.7
16,384,0.0000,40.9891,348.91,47.7
16,384,0.0000,41.9650,348.91,47.7
16,384,0.0000,41.9650,348.91,47.7
16,384,0.0000,36.1094,348.91,47.7
16,384,0.0000,39.0372,348.91,47.7
16,384,0.0000,40.9891,348.91,47.7
16,384,0.0000,40.9891,348.91,47.7
16,384,0.0000,39.0372,348.91,47.7
16,384,0.0000,39.0372,348.91,47.7
16,384,0.0000,40.0131,348.91,47.7
16,0,0.0000,34.1576,351.21,48.3
16,0,0.0000,33.1816,351.21,48.3
16,0,0.0000,32.2057,351.21,48.3
16,0,0.0000,34.1576,351.21,48.3
16,0,0.0000,32.2057,351.21,48.3
16,0,0.0000,32.2057,351.21,48.3
16,0,0.0000,32.2057,351.21,48.3
16,0,0.0000,33.1816,351.21,48.3
16,0,0.0000,34.1576,351.21,48.3
16,0,0.0000,33.1816,351.21,48.3
17,64,0.0000,37.0853,353.51,48.3
17,64,0.0000,34.1576,353.51,48.3
17,64,0.0000,33.1816,353.51,48.3
17,64,0.0000,34.1576,353.51,48.3
17,64,0.0000,33.1816,353.51,48.3
17,64,0.0000,35.1335,353.51,48.3
17,64,0.0000,34.1576,353.51,48.3
17,64,0.0000,32.2057,353.51,48.3
17,64,0.0000,33.1816,353.51,48.3
17,64,0.0000,35.1335,353.51,48.3
17,192,0.0000,40.0131,355.80,48.8
17,192,0.0000,37.0853,355.80,48.8
17,192,0.0000,39.0372,355.80,48.8
17,192,0.0000,38.0613,355.80,48.8
17,192,0.0000,38.0613,355.80,48.8
17,192,0.0000,38.0613,355.80,48.8
17,192,0.0000,37.0853,355.80,48.8
17,192,0.0000,38.0613,355.80,48.8
17,192,0.0000,38.0613,355.80,48.8
17,192,0.0000,37.0853,355.80,48.8
17,512,0.0000,42.9409,358.20,48.8
17,512,0.0000,40.9891,358.20,48.8
17,512,0.0000,40.9891,358.20,48.8
17,512,0.0000,40.9891,358.20,48.8
17,512,0.0000,42.9409,358.20,48.8
17,512,0.0000,43.9169,358.20,48.8
17,512,0.0000,41.9650,358.20,48.8
17,512,0.0000,41.9650,358.20,48.8
17,512,0.0000,43.9169,358.20,48.8
17,512,0.0000,40.0131,358.20,48.8
17,384,0.0000,39.0372,360.40,47.2
17,384,0.0000,40.0131,360.40,47.2
17,384,0.0000,38.0613,360.40,47.2
17,384,0.0000,40.9891,360.40,47.2
17,384,0.0000,40.0131,360.40,47.2
17,384,0.0000,38.0613,360.40,47.2
17,384,0.0000,40.0131,360.40,47.2
17,384,0.0000,40.9891,360.40,47.2
17,384,0.0000,42.9409,360.40,47.2
17,384,0.0000,40.0131,360.40,47.2
17,0,0.0000,33.1816,362.69,48.3
17,0,0.0000,37.0853,362.69,48.3
17,0,0.0000,34.1576,362.69,48.3
17,0,0.0000,36.1094,362.69,48.3
17,0,0.0000,33.1816,362.69,48.3
17,0,0.0000,32.2057,362.69,48.3
17,0,0.0000,33.1816,362.69,48.3
17,0,0.0000,32.2057,362.69,48.3
17,0,0.0000,35.1335,362.69,48.3
17,0,0.0000,37.0853,362.69,48.3
17,256,0.0000,36.1094,364.99,48.3
17,256,0.0000,72.2188,364.99,48.3
17,256,0.0000,40.9891,364.99,48.3
17,256,0.0000,37.0853,364.99,48.3
17,256,0.0000,40.9891,364.99,48.3
17,256,0.0000,36.1094,364.99,48.3
17,256,0.0000,38.0613,364.99,48.3
17,256,0.0000,38.0613,364.99,48.3
17,256,0.0000,38.0613,364.99,48.3
17,256,0.0000,40.0131,364.99,48.3
17,448,0.0000,40.0131,367.28,48.3
17,448,0.0000,43.9169,367.28,48.3
17,448,0.0000,41.9650,367.28,48.3
17,448,0.0000,37.0853,367.28,48.3
17,448,0.0000,40.0131,367.28,48.3
17,448,0.0000,40.0131,367.28,48.3
17,448,0.0000,41.9650,367.28,48.3
17,448,0.0000,40.0131,367.28,48.3
17,448,0.0000,39.0372,367.28,48.3
17,448,0.0000,42.9409,367.28,48.3
17,128,0.0000,36.1094,369.58,48.3
17,128,0.0000,37.0853,369.58,48.3
17,128,0.0000,37.0853,369.58,48.3
17,128,0.0000,36.1094,369.58,48.3
17,128,0.0000,36.1094,369.58,48.3
17,128,0.0000,37.0853,369.58,48.3
17,128,0.0000,35.1335,369.58,48.3
17,128,0.0000,36.1094,369.58,48.3
17,128,0.0000,36.1094,369.58,48.3
17,128,0.0000,34.1576,369.58,48.3
17,320,0.0000,37.0853,371.88,48.8
17,320,0.0000,40.0131,371.88,48.8
17,320,0.0000,40.9891,371.88,48.8
17,320,0.0000,40.9891,371.88,48.8
17,320,0.0000,38.0613,371.88,48.8
17,320,0.0000,40.0131,371.88,48.8
17,320,0.0000,39.0372,371.88,48.8
17,320,0.0000,37.0853,371.88,48.8
17,320,0.0000,40.0131,371.88,48.8
17,320,0.0000,38.0613,371.88,48.8
18,448,0.0000,41.9650,374.18,47.7
18,448,0.0000,39.0372,374.18,47.7
18,448,0.0000,40.0131,374.18,47.7
18,448,0.0000,41.9650,374.18,47.7
18,448,0.0000,41.9650,374.18,47.7
18,448,0.0000,40.9891,374.18,47.7
18,448,0.0000,43.9169,374.18,47.7
18,448,0.0000,43.9169,374.18,47.7
18,448,0.0000,40.9891,374.18,47.7
18,448,0.0000,42.9409,374.18,47.7
18,192,0.0000,36.1094,376.47,47.2
18,192,0.0000,40.0131,376.47,47.2
18,192,0.0000,39.0372,376.47,47.2
18,192,0.0000,37.0853,376.47,47.2
18,192,0.0000,40.0131,376.47,47.2
18,192,0.0000,37.0853,376.47,47.2
18,192,0.0000,37.0853,376.47,47.2
18,192,0.0000,40.0131,376.47,47.2
18,192,0.0000,36.1094,376.47,47.2
18,192,0.0000,38.0613,376.47,47.2
18,384,0.0000,40.0131,378.87,48.8
18,384,0.0000,40.0131,378.87,48.8
18,384,0.0000,38.0613,378.87,48.8
18,384,0.0000,39.0372,378.87,48.8
18,384,0.0000,40.9891,378.87,48.8
18,384,0.0000,41.9650,378.87,48.8
18,384,0.0000,40.0131,378.87,48.8
18,384,0.0000,40.0131,378.87,48.8
18,384,0.0000,40.0131,378.87,48.8
18,384,0.0000,37.0853,378.87,48.8
18,128,0.0000,38.0613,381.06,48.3
18,128,0.0000,38.0613,381.06,48.3
18,128,0.0000,36.1094,381.06,48.3
18,128,0.0000,36.1094,381.06,48.3
18,128,0.0000,37.0853,381.06,48.3
18,128,0.0000,36.1094,381.06,48.3
18,128,0.0000,38.0613,381.06,48.3
18,128,0.0000,37.0853,381.06,48.3
18,128,0.0000,37.0853,381.06,48.3
18,128,0.0000,35.1335,381.06,48.3
18,320,0.0000,40.0131,383.36,48.8
18,320,0.0000,37.0853,383.36,48.8
18,320,0.0000,35.1335,383.36,48.8
18,320,0.0000,41.9650,383.36,48.8
18,320,0.0000,35.1335,383.36,48.8
18,320,0.0000,39.0372,383.36,48.8
18,320,0.0000,40.0131,383.36,48.8
18,320,0.0000,40.0131,383.36,48.8
18,320,0.0000,40.0131,383.36,48.8
18,320,0.0000,40.0131,383.36,48.8
18,0,0.0000,35.1335,385.66,48.8
18,0,0.0000,34.1576,385.66,48.8
18,0,0.0000,33.1816,385.66,48.8
18,0,0.0000,34.1576,385.66,48.8
18,0,0.0000,33.1816,385.66,48.8
18,0,0.0000,37.0853,385.66,48.8
18,0,0.0000,32.2057,385.66,48.8
18,0,0.0000,32.2057,385.66,48.8
18,0,0.4902,55.6280,385.66,48.8
18,0,0.0000,34.1576,385.66,48.8
18,64,0.0000,36.1094,388.08,49.4
18,64,0.0000,34.1576,388.08,49.4
18,64,0.0000,34.1576,388.08,49.4
18,64,0.0000,34.1576,388.08,49.4
18,64,0.0000,34.1576,388.08,49.4
18,64,0.0000,36.1094,388.08,49.4
18,64,0.0000,34.1576,388.08,49.4
18,64,0.0000,36.1094,388.08,49.4
18,64,0.0000,34.1576,388.08,49.4
18,64,0.0000,33.1816,388.08,49.4
18,64,0.0000,32.2057,388.08,49.4
18,512,0.0000,40.0131,390.38,48.3
18,512,0.0000,41.9650,390.38,48.3
18,512,0.0000,40.9891,390.38,48.3
18,512,0.0000,41.9650,390.38,48.3
18,512,0.0000,42.9409,390.38,48.3
18,512,0.0000,43.9169,390.38,48.3
18,512,0.0000,43.9169,390.38,48.3
18,512,0.0000,44.8928,390.38,48.3
18,512,0.0000,41.9650,390.38,48.3
18,512,0.0000,38.0613,390.38,48.3
18,256,0.0000,40.9891,392.67,48.3
18,256,0.0000,35.1335,392.67,48.3
18,256,0.0000,40.0131,392.67,48.3
18,256,0.0000,39.0372,392.67,48.3
18,256,0.0000,39.0372,392.67,48.3
18,256,0.0000,38.0613,392.67,48.3
18,256,0.0000,37.0853,392.67,48.3
18,256,0.0000,38.0613,392.67,48.3
18,256,0.0000,40.0131,392.67,48.3
18,256,0.0000,36.1094,392.67,48.3
19,192,0.0000,38.0613,394.97,48.3
19,192,0.0000,38.0613,394.97,48.3
19,192,0.0000,40.0131,394.97,48.3
19,192,0.0000,36.1094,394.97,48.3
19,192,0.0000,37.0853,394.97,48.3
19,192,0.0000,38.0613,394.97,48.3
19,192,0.0000,37.0853,394.97,48.3
19,192,0.0000,38.0613,394.97,48.3
19,192,0.0000,37.0853,394.97,48.3
19,192,0.0000,37.0853,394.97,48.3
19,384,0.0000,40.0131,397.27,48.3
19,384,0.0000,37.0853,397.27,48.3
19,384,0.0000,40.0131,397.27,48.3
19,384,0.0000,39.0372,397.27,48.3
19,384,0.0000,37.0853,397.27,48.3
19,384,0.0000,40.9891,397.27,48.3
19,384,0.0000,40.9891,397.27,48.3
19,384,0.0000,41.9650,397.27,48.3
19,384,0.0000,40.9891,397.27,48.3
19,384,0.0000,40.0131,397.27,48.3
19,512,0.0000,41.9650,399.46,48.3
19,512,0.0000,41.9650,399.46,48.3
19,512,0.0000,44.8928,399.46,48.3
19,512,0.0000,40.0131,399.46,48.3
19,512,0.0000,38.0613,399.46,48.3
19,512,0.0000,41.9650,399.46,48.3
19,512,0.0000,43.9169,399.46,48.3
19,512,0.0000,40.9891,399.46,48.3
19,512,0.0000,40.9891,399.46,48.3
19,512,0.0000,40.9891,399.46,48.3
19,448,0.0000,41.9650,401.76,48.3
19,448,0.0000,40.0131,401.76,48.3
19,448,0.0000,41.9650,401.76,48.3
19,448,0.0000,41.9650,401.76,48.3
19,448,0.0000,41.9650,401.76,48.3
19,448,0.0000,41.9650,401.76,48.3
19,448,0.0000,40.0131,401.76,48.3
19,448,0.0000,40.0131,401.76,48.3
19,448,0.0000,41.9650,401.76,48.3
19,448,0.0000,39.0372,401.76,48.3
19,320,0.0000,40.0131,404.06,48.3
19,320,0.0000,40.0131,404.06,48.3
19,320,0.0000,39.0372,404.06,48.3
19,320,0.0000,39.0372,404.06,48.3
19,320,0.0000,37.0853,404.06,48.3
19,320,0.0000,42.9409,404.06,48.3
19,320,0.0000,41.9650,404.06,48.3
19,320,0.0000,40.0131,404.06,48.3
19,320,0.0000,38.0613,404.06,48.3
19,320,0.0000,38.0613,404.06,48.3
19,0,0.0000,34.1576,406.35,48.8
19,0,0.0000,35.1335,406.35,48.8
19,0,0.0000,34.1576,406.35,48.8
19,0,0.0000,33.1816,406.35,48.8
19,0,0.0000,34.1576,406.35,48.8
19,0,0.0000,34.1576,406.35,48.8
19,0,0.0000,34.1576,406.35,48.8
19,0,0.0000,34.1576,406.35,48.8
19,0,0.0000,34.1576,406.35,48.8
19,0,0.0000,34.1576,406.35,48.8
19,64,0.0000,37.0853,408.65,48.8
19,64,0.0000,36.1094,408.65,48.8
19,64,0.0000,35.1335,408.65,48.8
19,64,0.0000,36.1094,408.65,48.8
19,64,0.0000,34.1576,408.65,48.8
19,64,0.0000,36.1094,408.65,48.8
19,64,0.0000,35.1335,408.65,48.8
19,64,0.0000,34.1576,408.65,48.8
19,64,0.0000,32.2057,408.65,48.8
19,64,0.0000,32.2057,408.65,48.8
19,256,0.0000,37.0853,410.94,48.3
19,256,0.0000,36.1094,410.94,48.3
19,256,0.0000,38.0613,410.94,48.3
19,256,0.0000,40.0131,410.94,48.3
19,256,0.0000,40.0131,410.94,48.3
19,256,0.0000,37.0853,410.94,48.3
19,256,0.0000,37.0853,410.94,48.3
19,256,0.0000,39.0372,410.94,48.3
19,256,0.0000,35.1335,410.94,48.3
19,256,0.0000,37.0853,410.94,48.3
19,128,0.0000,37.0853,413.24,47.2
19,128,0.0000,124.9190,413.24,47.2
19,128,0.0000,31.2298,413.24,47.2
19,128,0.0000,36.1094,413.24,47.2
19,128,0.0000,38.0613,413.24,47.2
19,128,0.0000,35.1335,413.24,47.2
19,128,0.0000,37.0853,413.24,47.2
19,128,0.0000,36.1094,413.24,47.2
19,128,0.0000,37.0853,413.24,47.2
19,128,0.0000,32.2057,413.24,47.2
20,128,0.0000,36.1094,415.54,46.6
20,128,0.0000,35.1335,415.54,46.6
20,128,0.0000,32.2057,415.54,46.6
20,128,0.0000,36.1094,415.54,46.6
20,128,0.0000,33.1816,415.54,46.6
20,128,0.0000,37.0853,415.54,46.6
20,128,0.0000,37.0853,415.54,46.6
20,128,0.0000,35.1335,415.54,46.6
20,128,0.0000,36.1094,415.54,46.6
20,128,0.0000,37.0853,415.54,46.6
20,0,0.0000,36.1094,417.93,48.3
20,0,0.0000,35.1335,417.93,48.3
20,0,0.0000,35.1335,417.93,48.3
20,0,0.0000,32.2057,417.93,48.3
20,0,0.0000,34.1576,417.93,48.3
20,0,0.0000,30.2538,417.93,48.3
20,0,0.0000,35.1335,417.93,48.3
20,0,0.0000,33.1816,417.93,48.3
20,0,0.0000,34.1576,417.93,48.3
20,0,0.0000,37.0853,417.93,48.3
20,320,0.0000,39.0372,420.12,47.7
20,320,0.0000,41.9650,420.12,47.7
20,320,0.0000,37.0853,420.12,47.7
20,320,0.0000,40.9891,420.12,47.7
20,320,0.0000,39.0372,420.12,47.7
20,320,0.0000,41.9650,420.12,47.7
20,320,0.0000,39.0372,420.12,47.7
20,320,0.0000,38.0613,420.12,47.7
20,320,0.0000,40.0131,420.12,47.7
20,320,0.0000,39.0372,420.12,47.7
20,64,0.0000,37.0853,422.42,48.3
20,64,0.0000,35.1335,422.42,48.3
20,64,0.0000,37.0853,422.42,48.3
20,64,0.0000,36.1094,422.42,48.3
20,64,0.0000,38.0613,422.42,48.3
20,64,0.0000,36.1094,422.42,48.3
20,64,0.0000,34.1576,422.42,48.3
20,64,0.0000,36.1094,422.42,48.3
20,64,0.0000,32.2057,422.42,48.3
20,64,0.0000,36.1094,422.42,48.3
20,192,0.0000,39.0372,424.71,47.2
20,192,0.0000,40.0131,424.71,47.2
20,192,0.0000,37.0853,424.71,47.2
20,192,0.0000,39.0372,424.71,47.2
20,192,0.0000,36.1094,424.71,47.2
20,192,0.0000,41.9650,424.71,47.2
20,192,0.0000,39.0372,424.71,47.2
20,192,0.0000,38.0613,424.71,47.2
20,192,0.0000,40.0131,424.71,47.2
20,192,0.0000,37.0853,424.71,47.2
20,384,0.0000,38.0613,427.00,48.3
20,384,0.0000,41.9650,427.00,48.3
20,384,0.0000,42.9409,427.00,48.3
20,384,0.0000,39.0372,427.00,48.3
20,384,0.0000,40.0131,427.00,48.3
20,384,0.0000,40.0131,427.00,48.3
20,384,0.0000,38.0613,427.00,48.3
20,384,0.0000,40.0131,427.00,48.3
20,384,0.0000,41.9650,427.00,48.3
20,384,0.0000,40.0131,427.00,48.3
20,448,0.0000,41.9650,429.29,48.3
20,448,0.0000,40.9891,429.29,48.3
20,448,0.0000,41.9650,429.29,48.3
20,448,0.0000,42.9409,429.29,48.3
20,448,0.0000,40.0131,429.29,48.3
20,448,0.0000,41.9650,429.29,48.3
20,448,0.0000,39.0372,429.29,48.3
20,448,0.0000,40.9891,429.29,48.3
20,448,0.0000,43.9169,429.29,48.3
20,448,0.0000,40.0131,429.29,48.3
20,512,0.0000,40.9891,431.59,48.8
20,512,0.0000,40.0131,431.59,48.8
20,512,0.0000,40.9891,431.59,48.8
20,512,0.0000,40.0131,431.59,48.8
20,512,0.0000,40.0131,431.59,48.8
20,512,0.0000,40.9891,431.59,48.8
20,512,0.0000,41.9650,431.59,48.8
20,512,0.0000,43.9169,431.59,48.8
20,512,0.0000,40.9891,431.59,48.8
20,512,0.0000,41.9650,431.59,48.8
20,256,0.0000,38.0613,433.88,48.8
20,256,0.0000,39.0372,433.88,48.8
20,256,0.0000,37.0853,433.88,48.8
20,256,0.0000,40.0131,433.88,48.8
20,256,0.0000,39.0372,433.88,48.8
20,256,0.0000,40.0131,433.88,48.8
20,256,0.0000,36.1094,433.88,48.8
20,256,0.0000,40.0131,433.88,48.8
20,256,0.0000,40.0131,433.88,48.8
20,256,0.0000,37.0853,433.88,48.8
21,64,0.0000,34.1576,436.18,48.3
21,64,0.0000,37.0853,436.18,48.3
21,64,0.0000,36.1094,436.18,48.3
21,64,0.0000,33.1816,436.18,48.3
21,64,0.0000,35.1335,436.18,48.3
21,64,0.0000,37.0853,436.18,48.3
21,64,0.0000,33.1816,436.18,48.3
21,64,0.0000,36.1094,436.18,48.3
21,64,0.0000,35.1335,436.18,48.3
21,64,0.0000,37.0853,436.18,48.3
21,448,0.0000,40.0131,438.58,48.8
21,448,0.0000,41.9650,438.58,48.8
21,448,0.0000,38.0613,438.58,48.8
21,448,0.0000,41.9650,438.58,48.8
21,448,0.0000,40.9891,438.58,48.8
21,448,0.0000,39.0372,438.58,48.8
21,448,0.0000,40.9891,438.58,48.8
21,448,0.0000,40.9891,438.58,48.8
21,448,0.0000,40.0131,438.58,48.8
21,448,0.0000,41.9650,438.58,48.8
21,0,0.0000,34.1576,440.77,47.7
21,0,0.0000,36.1094,440.77,47.7
21,0,0.0000,34.1576,440.77,47.7
21,0,0.0000,33.1816,440.77,47.7
21,0,0.0000,34.1576,440.77,47.7
21,0,0.0000,32.2057,440.77,47.7
21,0,0.0000,34.1576,440.77,47.7
21,0,0.0000,35.1335,440.77,47.7
21,0,0.0000,32.2057,440.77,47.7
21,0,0.0000,35.1335,440.77,47.7
21,512,0.0000,40.9891,443.07,48.3
21,512,0.0000,42.9409,443.07,48.3
21,512,0.0000,40.9891,443.07,48.3
21,512,0.0000,42.9409,443.07,48.3
21,512,0.0000,39.0372,443.07,48.3
21,512,0.0000,41.9650,443.07,48.3
21,512,0.0000,38.0613,443.07,48.3
21,512,0.0000,38.0613,443.07,48.3
21,512,0.0000,40.9891,443.07,48.3
21,512,0.0000,41.9650,443.07,48.3
21,192,0.0000,37.0853,445.36,47.7
21,192,0.0000,38.0613,445.36,47.7
21,192,0.0000,38.0613,445.36,47.7
21,192,0.0000,38.0613,445.36,47.7
21,192,0.0000,37.0853,445.36,47.7
21,192,0.0000,36.1094,445.36,47.7
21,192,0.0000,36.1094,445.36,47.7
21,192,0.0000,40.0131,445.36,47.7
21,192,0.0000,38.0613,445.36,47.7
21,192,0.0000,39.0372,445.36,47.7
21,128,0.0000,38.0613,447.66,48.8
21,128,0.0000,34.1576,447.66,48.8
21,128,0.0000,34.1576,447.66,48.8
21,128,0.0000,37.0853,447.66,48.8
21,128,0.0000,37.0853,447.66,48.8
21,128,0.0000,37.0853,447.66,48.8
21,128,0.0000,36.1094,447.66,48.8
21,128,0.0000,38.0613,447.66,48.8
21,128,0.0000,39.0372,447.66,48.8
21,128,0.0000,38.0613,447.66,48.8
21,256,0.0000,37.0853,449.96,48.8
21,256,0.0000,38.0613,449.96,48.8
21,256,0.0000,40.0131,449.96,48.8
21,256,0.0000,41.9650,449.96,48.8
21,256,0.0000,38.0613,449.96,48.8
21,256,0.0000,37.0853,449.96,48.8
21,256,0.0000,37.0853,449.96,48.8
21,256,0.0000,37.0853,449.96,48.8
21,256,0.0000,37.0853,449.96,48.8
21,256,0.0000,37.0853,449.96,48.8
21,320,0.0000,37.0853,452.25,47.7
21,320,0.0000,40.0131,452.25,47.7
21,320,0.0000,40.0131,452.25,47.7
21,320,0.0000,40.0131,452.25,47.7
21,320,0.0000,39.0372,452.25,47.7
21,320,0.0000,39.0372,452.25,47.7
21,320,0.0000,41.9650,452.25,47.7
21,320,0.0000,38.0613,452.25,47.7
21,320,0.0000,37.0853,452.25,47.7
21,320,0.0000,38.0613,452.25,47.7
21,384,0.0000,41.9650,454.55,48.3
21,384,0.0000,40.9891,454.55,48.3
21,384,0.0000,42.9409,454.55,48.3
21,384,0.0000,39.0372,454.55,48.3
21,384,0.0000,39.0372,454.55,48.3
21,384,0.0000,42.9409,454.55,48.3
21,384,0.0000,39.0372,454.55,48.3
21,384,0.0000,40.0131,454.55,48.3
21,384,0.0000,40.9891,454.55,48.3
21,384,0.0000,40.0131,454.55,48.3
22,320,0.0000,40.0131,456.85,48.3
22,320,0.0000,37.0853,456.85,48.3
22,320,0.4902,40.0131,456.85,48.3
22,320,0.0000,37.0853,456.85,48.3
22,320,0.0000,37.0853,456.85,48.3
22,320,0.0000,40.9891,456.85,48.3
22,320,0.0000,37.0853,456.85,48.3
22,320,0.0000,39.0372,456.85,48.3
22,320,0.0000,41.9650,456.85,48.3
22,320,0.0000,38.0613,456.85,48.3
22,448,0.0000,39.0372,459.24,48.3
22,448,0.0000,41.9650,459.24,48.3
22,448,0.0000,42.9409,459.24,48.3
22,448,0.0000,40.9891,459.24,48.3
22,448,0.0000,40.9891,459.24,48.3
22,448,0.0000,42.9409,459.24,48.3
22,448,0.0000,41.9650,459.24,48.3
22,448,0.0000,40.9891,459.24,48.3
22,448,0.0000,41.9650,459.24,48.3
22,448,0.0000,40.9891,459.24,48.3
22,512,0.0000,41.9650,461.44,48.3
22,512,0.0000,44.8928,461.44,48.3
22,512,0.0000,41.9650,461.44,48.3
22,512,0.0000,41.9650,461.44,48.3
22,512,0.0000,42.9409,461.44,48.3
22,512,0.0000,41.9650,461.44,48.3
22,512,0.0000,39.0372,461.44,48.3
22,512,0.0000,43.9169,461.44,48.3
22,512,0.0000,40.9891,461.44,48.3
22,512,0.0000,40.0131,461.44,48.3
22,0,0.0000,31.2298,463.74,48.8
22,0,0.0000,35.1335,463.74,48.8
22,0,0.0000,32.2057,463.74,48.8
22,0,0.0000,33.1816,463.74,48.8
22,0,0.0000,34.1576,463.74,48.8
22,0,0.0000,31.2298,463.74,48.8
22,0,0.0000,32.2057,463.74,48.8
22,0,0.0000,34.1576,463.74,48.8
22,0,0.0000,34.1576,463.74,48.8
22,0,0.0000,35.1335,463.74,48.8
22,128,0.0000,38.0613,466.03,48.8
22,128,0.0000,35.1335,466.03,48.8
22,128,0.0000,36.1094,466.03,48.8
22,128,0.0000,35.1335,466.03,48.8
22,128,0.0000,37.0853,466.03,48.8
22,128,0.0000,38.0613,466.03,48.8
22,128,0.0000,34.1576,466.03,48.8
22,128,0.0000,36.1094,466.03,48.8
22,128,0.0000,35.1335,466.03,48.8
22,128,0.0000,36.1094,466.03,48.8
22,64,0.0000,34.1576,468.33,48.8
22,64,0.0000,36.1094,468.33,48.8
22,64,0.0000,37.0853,468.33,48.8
22,64,0.0000,34.1576,468.33,48.8
22,64,0.0000,38.0613,468.33,48.8
22,64,0.0000,38.0613,468.33,48.8
22,64,0.0000,32.2057,468.33,48.8
22,64,0.0000,35.1335,468.33,48.8
22,64,0.0000,36.1094,468.33,48.8
22,64,0.0000,34.1576,468.33,48.8
22,256,0.0000,39.0372,470.62,48.3
22,256,0.0000,36.1094,470.62,48.3
22,256,0.0000,36.1094,470.62,48.3
22,256,0.0000,37.0853,470.62,48.3
22,256,0.0000,37.0853,470.62,48.3
22,256,0.0000,40.0131,470.62,48.3
22,256,0.0000,39.0372,470.62,48.3
22,256,0.0000,40.0131,470.62,48.3
22,256,0.0000,33.1816,470.62,48.3
22,256,0.0000,39.0372,470.62,48.3
22,192,0.0000,37.0853,472.92,48.8
22,192,0.0000,38.0613,472.92,48.8
22,192,0.0000,38.0613,472.92,48.8
22,192,0.0000,38.0613,472.92,48.8
22,192,0.0000,40.0131,472.92,48.8
22,192,0.0000,37.0853,472.92,48.8
22,192,0.0000,40.0131,472.92,48.8
22,192,0.0000,36.1094,472.92,48.8
22,192,0.0000,39.0372,472.92,48.8
22,192,0.0000,38.0613,472.92,48.8
22,384,0.0000,41.9650,475.22,47.7
22,384,0.0000,40.0131,475.22,47.7
22,384,0.0000,39.0372,475.22,47.7
22,384,0.0000,39.0372,475.22,47.7
22,384,0.0000,41.9650,475.22,47.7
22,384,0.0000,40.9891,475.22,47.7
22,384,0.0000,43.9169,475.22,47.7
22,384,0.0000,40.0131,475.22,47.7
22,384,0.0000,40.9891,475.22,47.7
22,384,0.0000,40.0131,475.22,47.7
23,320,0.0000,39.0372,477.64,47.7
23,320,0.0000,38.0613,477.64,47.7
23,320,0.0000,40.0131,477.64,47.7
23,320,0.0000,38.0613,477.64,47.7
23,320,0.0000,40.0131,477.64,47.7
23,320,0.0000,40.0131,477.64,47.7
23,320,0.0000,38.0613,477.64,47.7
23,320,0.0000,40.0131,477.64,47.7
23,320,0.0000,40.0131,477.64,47.7
23,320,0.0000,39.0372,477.64,47.7
23,320,0.0000,41.9650,477.64,47.7
23,128,0.0000,38.0613,479.94,47.2
23,128,0.0000,34.1576,479.94,47.2
23,128,0.0000,36.1094,479.94,47.2
23,128,0.0000,35.1335,479.94,47.2
23,128,0.0000,37.0853,479.94,47.2
23,128,0.0000,39.0372,479.94,47.2
23,128,0.0000,36.1094,479.94,47.2
23,128,0.0000,39.0372,479.94,47.2
23,128,0.0000,36.1094,479.94,47.2
23,128,0.0000,35.1335,479.94,47.2
23,512,0.0000,40.0131,482.23,48.8
23,512,0.0000,42.9409,482.23,48.8
23,512,0.0000,39.0372,482.23,48.8
23,512,0.0000,40.9891,482.23,48.8
23,512,0.0000,41.9650,482.23,48.8
23,512,0.0000,41.9650,482.23,48.8
23,512,0.0000,40.0131,482.23,48.8
23,512,0.0000,40.9891,482.23,48.8
23,512,0.0000,39.0372,482.23,48.8
23,512,0.0000,42.9409,482.23,48.8
23,448,0.0000,39.0372,484.53,47.2
23,448,0.0000,40.0131,484.53,47.2
23,448,0.0000,42.9409,484.53,47.2
23,448,0.0000,41.9650,484.53,47.2
23,448,0.0000,41.9650,484.53,47.2
23,448,0.0000,40.9891,484.53,47.2
23,448,0.0000,39.0372,484.53,47.2
23,448,0.0000,40.9891,484.53,47.2
23,448,0.0000,40.0131,484.53,47.2
23,448,0.0000,40.0131,484.53,47.2
23,64,0.0000,37.0853,486.82,47.2
23,64,0.0000,33.1816,486.82,47.2
23,64,0.0000,35.1335,486.82,47.2
23,64,0.0000,36.1094,486.82,47.2
23,64,0.0000,33.1816,486.82,47.2
23,64,0.0000,37.0853,486.82,47.2
23,64,0.0000,38.0613,486.82,47.2
23,64,0.0000,37.0853,486.82,47.2
23,64,0.0000,33.1816,486.82,47.2
23,64,0.0000,37.0853,486.82,47.2
23,384,0.0000,41.9650,489.24,47.7
23,384,0.0000,36.1094,489.24,47.7
23,384,0.0000,40.9891,489.24,47.7
23,384,0.0000,40.9891,489.24,47.7
23,384,0.0000,40.0131,489.24,47.7
23,384,0.0000,42.9409,489.24,47.7
23,384,0.0000,39.0372,489.24,47.7
23,384,0.0000,40.0131,489.24,47.7
23,384,0.0000,40.0131,489.24,47.7
23,384,0.0000,40.9891,489.24,47.7
23,384,0.0000,42.9409,489.24,47.7
23,192,0.0000,39.0372,491.54,48.3
23,192,0.0000,38.0613,491.54,48.3
23,192,0.0000,37.0853,491.54,48.3
23,192,0.0000,36.1094,491.54,48.3
23,192,0.0000,39.0372,491.54,48.3
23,192,0.0000,38.0613,491.54,48.3
23,192,0.0000,38.0613,491.54,48.3
23,192,0.0000,40.0131,491.54,48.3
23,192,0.0000,37.0853,491.54,48.3
23,192,0.0000,39.0372,491.54,48.3
23,256,0.0000,38.0613,493.84,48.3
23,256,0.0000,38.0613,493.84,48.3
23,256,0.0000,38.0613,493.84,48.3
23,256,0.0000,38.0613,493.84,48.3
23,256,0.0000,38.0613,493.84,48.3
23,256,0.0000,38.0613,493.84,48.3
23,256,0.0000,38.0613,493.84,48.3
23,256,0.0000,38.0613,493.84,48.3
23,256,0.0000,38.0613,493.84,48.3
23,256,0.0000,40.0131,493.84,48.3
23,0,0.0000,36.1094,496.23,48.3
23,0,0.0000,35.1335,496.23,48.3
23,0,0.0000,33.1816,496.23,48.3
23,0,0.0000,36.1094,496.23,48.3
23,0,0.0000,35.1335,496.23,48.3
23,0,0.0000,35.1335,496.23,48.3
23,0,0.0000,33.1816,496.23,48.3
23,0,0.0000,33.1816,496.23,48.3
23,0,0.0000,36.1094,496.23,48.3
23,0,0.0000,34.1576,496.23,48.3
24,128,0.0000,32.2057,498.43,47.2
24,128,0.0000,36.1094,498.43,47.2
24,128,0.0000,38.0613,498.43,47.2
24,128,0.0000,36.1094,498.43,47.2
24,128,0.0000,35.1335,498.43,47.2
24,128,0.0000,36.1094,498.43,47.2
24,128,0.0000,35.1335,498.43,47.2
24,128,0.0000,37.0853,498.43,47.2
24,128,0.0000,38.0613,498.43,47.2
24,128,0.0000,39.0372,498.43,47.2
24,320,0.0000,37.0853,500.73,48.8
24,320,0.0000,40.0131,500.73,48.8
24,320,0.0000,35.1335,500.73,48.8
24,320,0.0000,40.0131,500.73,48.8
24,320,0.4902,39.0372,500.73,48.8
24,320,0.0000,40.0131,500.73,48.8
24,320,0.0000,39.0372,500.73,48.8
24,320,0.0000,40.0131,500.73,48.8
24,320,0.0000,40.9891,500.73,48.8
24,320,0.0000,38.0613,500.73,48.8
24,448,0.0000,40.0131,503.02,48.3
24,448,0.0000,40.0131,503.02,48.3
24,448,0.0000,41.9650,503.02,48.3
24,448,0.0000,41.9650,503.02,48.3
24,448,0.0000,41.9650,503.02,48.3
24,448,0.0000,41.9650,503.02,48.3
24,448,0.0000,40.0131,503.02,48.3
24,448,0.0000,40.0131,503.02,48.3
24,448,0.0000,41.9650,503.02,48.3
24,448,0.0000,40.9891,503.02,48.3
24,0,0.0000,37.0853,505.32,47.2
24,0,0.0000,30.2538,505.32,47.2
24,0,0.0000,32.2057,505.32,47.2
24,0,0.0000,32.2057,505.32,47.2
24,0,0.0000,35.1335,505.32,47.2
24,0,0.0000,32.2057,505.32,47.2
24,0,0.0000,32.2057,505.32,47.2
24,0,0.0000,35.1335,505.32,47.2
24,0,0.0000,33.1816,505.32,47.2
24,0,0.0000,35.1335,505.32,47.2
24,64,0.0000,36.1094,507.62,48.3
24,64,0.0000,33.1816,507.62,48.3
24,64,0.0000,37.0853,507.62,48.3
24,64,0.0000,34.1576,507.62,48.3
24,64,0.0000,35.1335,507.62,48.3
24,64,0.0000,37.0853,507.62,48.3
24,64,0.0000,34.1576,507.62,48.3
24,64,0.0000,39.0372,507.62,48.3
24,64,0.0000,35.1335,507.62,48.3
24,64,0.0000,36.1094,507.62,48.3
24,512,0.0000,41.9650,509.91,48.3
24,512,0.0000,40.9891,509.91,48.3
24,512,0.0000,42.9409,509.91,48.3
24,512,0.0000,40.0131,509.91,48.3
24,512,0.0000,43.9169,509.91,48.3
24,512,0.0000,45.8687,509.91,48.3
24,512,0.0000,41.9650,509.91,48.3
24,512,0.0000,43.9169,509.91,48.3
24,512,0.0000,45.8687,509.91,48.3
24,512,0.0000,41.9650,509.91,48.3
24,192,0.0000,37.0853,512.21,48.3
24,192,0.0000,37.0853,512.21,48.3
24,192,0.0000,35.1335,512.21,48.3
24,192,0.0000,36.1094,512.21,48.3
24,192,0.0000,36.1094,512.21,48.3
24,192,0.0000,40.0131,512.21,48.3
24,192,0.0000,34.1576,512.21,48.3
24,192,0.0000,37.0853,512.21,48.3
24,192,0.0000,36.1094,512.21,48.3
24,192,0.0000,36.1094,512.21,48.3
24,384,0.0000,39.0372,514.50,48.3
24,384,0.0000,39.0372,514.50,48.3
24,384,0.0000,38.0613,514.50,48.3
24,384,0.0000,38.0613,514.50,48.3
24,384,0.0000,39.0372,514.50,48.3
24,384,0.0000,39.0372,514.50,48.3
24,384,0.0000,42.9409,514.50,48.3
24,384,0.0000,41.9650,514.50,48.3
24,384,0.0000,40.0131,514.50,48.3
24,384,0.0000,38.0613,514.50,48.3
24,256,0.0000,38.0613,516.90,47.2
24,256,0.0000,37.0853,516.90,47.2
24,256,0.0000,40.0131,516.90,47.2
24,256,0.0000,37.0853,516.90,47.2
24,256,0.0000,39.0372,516.90,47.2
24,256,0.0000,38.0613,516.90,47.2
24,256,0.0000,36.1094,516.90,47.2
24,256,0.0000,34.1576,516.90,47.2
24,256,0.0000,39.0372,516.90,47.2
24,256,0.0000,36.1094,516.90,47.2
25,128,0.0000,34.1576,519.09,47.2
25,128,0.0000,35.1335,519.09,47.2
25,128,0.0000,35.1335,519.09,47.2
25,128,0.0000,36.1094,519.09,47.2
25,128,0.0000,36.1094,519.09,47.2
25,128,0.0000,34.1576,519.09,47.2
25,128,0.0000,32.2057,519.09,47.2
25,128,0.0000,36.1094,519.09,47.2
25,128,0.0000,34.1576,519.09,47.2
25,128,0.0000,39.0372,519.09,47.2
25,64,0.0000,36.1094,521.39,48.3
25,64,0.0000,34.1576,521.39,48.3
25,64,0.0000,38.0613,521.39,48.3
25,64,0.0000,34.1576,521.39,48.3
25,64,0.0000,35.1335,521.39,48.3
25,64,0.0000,34.1576,521.39,48.3
25,64,0.0000,38.0613,521.39,48.3
25,64,0.0000,38.0613,521.39,48.3
25,64,0.0000,37.0853,521.39,48.3
25,64,0.0000,35.1335,521.39,48.3
25,256,0.0000,40.0131,523.68,48.3
25,256,0.0000,37.0853,523.68,48.3
25,256,0.0000,40.0131,523.68,48.3
25,256,0.0000,36.1094,523.68,48.3
25,256,0.0000,40.9891,523.68,48.3
25,256,0.0000,39.0372,523.68,48.3
25,256,0.0000,38.0613,523.68,48.3
25,256,0.0000,38.0613,523.68,48.3
25,256,0.4902,41.9650,523.68,48.3
25,256,0.0000,39.0372,523.68,48.3
25,448,0.0000,40.9891,525.97,48.3
25,448,0.0000,40.0131,525.97,48.3
25,448,0.0000,40.0131,525.97,48.3
25,448,0.0000,39.0372,525.97,48.3
25,448,0.0000,43.9169,525.97,48.3
25,448,0.0000,43.9169,525.97,48.3
25,448,0.0000,39.0372,525.97,48.3
25,448,0.0000,42.9409,525.97,48.3
25,448,0.0000,39.0372,525.97,48.3
25,448,0.0000,40.9891,525.97,48.3
25,320,0.0000,38.0613,528.26,47.7
25,320,0.0000,39.0372,528.26,47.7
25,320,0.0000,39.0372,528.26,47.7
25,320,0.0000,39.0372,528.26,47.7
25,320,0.0000,41.9650,528.26,47.7
25,320,0.0000,39.0372,528.26,47.7
25,320,0.0000,40.0131,528.26,47.7
25,320,0.0000,38.0613,528.26,47.7
25,320,0.0000,39.0372,528.26,47.7
25,320,0.0000,39.0372,528.26,47.7
25,0,0.0000,31.2298,530.56,47.7
25,0,0.0000,34.1576,530.56,47.7
25,0,0.0000,35.1335,530.56,47.7
25,0,0.0000,32.2057,530.56,47.7
25,0,0.0000,34.1576,530.56,47.7
25,0,0.0000,34.1576,530.56,47.7
25,0,0.0000,35.1335,530.56,47.7
25,0,0.0000,31.2298,530.56,47.7
25,0,0.0000,37.0853,530.56,47.7
25,0,0.0000,32.2057,530.56,47.7
25,192,0.0000,38.0613,532.86,47.7
25,192,0.0000,36.1094,532.86,47.7
25,192,0.0000,37.0853,532.86,47.7
25,192,0.0000,37.0853,532.86,47.7
25,192,0.0000,36.1094,532.86,47.7
25,192,0.0000,37.0853,532.86,47.7
25,192,0.0000,38.0613,532.86,47.7
25,192,0.0000,39.0372,532.86,47.7
25,192,0.0000,39.0372,532.86,47.7
25,192,0.0000,36.1094,532.86,47.7
25,512,0.0000,40.9891,535.15,48.3
25,512,0.0000,40.0131,535.15,48.3
25,512,0.0000,39.0372,535.15,48.3
25,512,0.0000,40.9891,535.15,48.3
25,512,0.0000,40.9891,535.15,48.3
25,512,0.0000,40.0131,535.15,48.3
25,512,0.0000,41.9650,535.15,48.3
25,512,0.0000,41.9650,535.15,48.3
25,512,0.0000,40.9891,535.15,48.3
25,512,0.0000,43.9169,535.15,48.3
25,384,0.0000,40.9891,537.55,47.2
25,384,0.0000,40.9891,537.55,47.2
25,384,0.0000,38.0613,537.55,47.2
25,384,0.0000,39.0372,537.55,47.2
25,384,0.4902,38.0613,537.55,47.2
25,384,0.0000,40.0131,537.55,47.2
25,384,0.0000,40.9891,537.55,47.2
25,384,0.0000,40.9891,537.55,47.2
25,384,0.0000,40.0131,537.55,47.2
25,384,0.0000,39.0372,537.55,47.2
26,0,0.0000,33.1816,539.75,48.3
26,0,0.0000,33.1816,539.75,48.3
26,0,0.0000,35.1335,539.75,48.3
26,0,0.0000,36.1094,539.75,48.3
26,0,0.0000,33.1816,539.75,48.3
26,0,0.0000,33.1816,539.75,48.3
26,0,0.0000,34.1576,539.75,48.3
26,0,0.0000,35.1335,539.75,48.3
26,0,0.0000,33.1816,539.75,48.3
26,0,0.0000,35.1335,539.75,48.3
26,64,0.0000,36.1094,542.04,48.3
26,64,0.0000,37.0853,542.04,48.3
26,64,0.0000,35.1335,542.04,48.3
26,64,0.0000,38.0613,542.04,48.3
26,64,0.0000,34.1576,542.04,48.3
26,64,0.0000,35.1335,542.04,48.3
26,64,0.0000,36.1094,542.04,48.3
26,64,0.0000,37.0853,542.04,48.3
26,64,0.0000,34.1576,542.04,48.3
26,64,0.0000,33.1816,542.04,48.3
26,192,0.0000,37.0853,544.34,46.6
26,192,0.0000,38.0613,544.34,46.6
26,192,0.0000,38.0613,544.34,46.6
26,192,0.0000,37.0853,544.34,46.6
26,192,0.0000,36.1094,544.34,46.6
26,192,0.0000,36.1094,544.34,46.6
26,192,0.0000,40.0131,544.34,46.6
26,192,0.0000,38.0613,544.34,46.6
26,192,0.0000,38.0613,544.34,46.6
26,192,0.0000,39.0372,544.34,46.6
26,256,0.0000,35.1335,546.64,47.7
26,256,0.0000,36.1094,546.64,47.7
26,256,0.0000,38.0613,546.64,47.7
26,256,0.0000,40.0131,546.64,47.7
26,256,0.0000,37.0853,546.64,47.7
26,256,0.0000,38.0613,546.64,47.7
26,256,0.0000,39.0372,546.64,47.7
26,256,0.0000,39.0372,546.64,47.7
26,256,0.0000,36.1094,546.64,47.7
26,256,0.0000,37.0853,546.64,47.7
26,320,0.0000,38.0613,548.93,48.3
26,320,0.0000,40.0131,548.93,48.3
26,320,0.0000,40.9891,548.93,48.3
26,320,0.4902,37.0853,548.93,48.3
26,320,0.0000,40.0131,548.93,48.3
26,320,0.0000,39.0372,548.93,48.3
26,320,0.0000,37.0853,548.93,48.3
26,320,0.0000,40.0131,548.93,48.3
26,320,0.0000,40.0131,548.93,48.3
26,320,0.0000,39.0372,548.93,48.3
26,448,0.0000,41.9650,551.23,47.7
26,448,0.0000,40.9891,551.23,47.7
26,448,0.0000,42.9409,551.23,47.7
26,448,0.0000,42.9409,551.23,47.7
26,448,0.0000,40.0131,551.23,47.7
26,448,0.0000,41.9650,551.23,47.7
26,448,0.0000,38.0613,551.23,47.7
26,448,0.0000,40.9891,551.23,47.7
26,448,0.0000,40.0131,551.23,47.7
26,448,0.0000,39.0372,551.23,47.7
26,128,0.0000,34.1576,553.52,48.3
26,128,0.0000,36.1094,553.52,48.3
26,128,0.0000,34.1576,553.52,48.3
26,128,0.0000,36.1094,553.52,48.3
26,128,0.0000,34.1576,553.52,48.3
26,128,0.0000,35.1335,553.52,48.3
26,128,0.0000,39.0372,553.52,48.3
26,128,0.0000,36.1094,553.52,48.3
26,128,0.0000,37.0853,553.52,48.3
26,128,0.0000,38.0613,553.52,48.3
26,384,0.0000,40.0131,555.82,48.3
26,384,0.0000,39.0372,555.82,48.3
26,384,0.0000,40.0131,555.82,48.3
26,384,0.0000,39.0372,555.82,48.3
26,384,0.0000,40.9891,555.82,48.3
26,384,0.0000,39.0372,555.82,48.3
26,384,0.0000,40.9891,555.82,48.3
26,384,0.0000,39.0372,555.82,48.3
26,384,0.0000,39.0372,555.82,48.3
26,384,0.0000,38.0613,555.82,48.3
26,512,0.0000,40.0131,558.22,48.8
26,512,0.0000,41.9650,558.22,48.8
26,512,0.0000,41.9650,558.22,48.8
26,512,0.0000,42.9409,558.22,48.8
26,512,0.0000,42.9409,558.22,48.8
26,512,0.0000,39.0372,558.22,48.8
26,512,0.0000,42.9409,558.22,48.8
26,512,0.0000,43.9169,558.22,48.8
26,512,0.0000,42.9409,558.22,48.8
26,512,0.0000,43.9169,558.22,48.8
27,64,0.0000,32.2057,560.41,48.8
27,64,0.0000,36.1094,560.41,48.8
27,64,0.0000,35.1335,560.41,48.8
27,64,0.0000,36.1094,560.41,48.8
27,64,0.0000,37.0853,560.41,48.8
27,64,0.0000,37.0853,560.41,48.8
27,64,0.0000,34.1576,560.41,48.8
27,64,0.0000,38.0613,560.41,48.8
27,64,0.0000,39.0372,560.41,48.8
27,64,0.0000,32.2057,560.41,48.8
27,256,0.0000,39.0372,562.71,48.8
27,256,0.0000,40.0131,562.71,48.8
27,256,0.0000,40.0131,562.71,48.8
27,256,0.0000,38.0613,562.71,48.8
27,256,0.0000,39.0372,562.71,48.8
27,256,0.0000,35.1335,562.71,48.8
27,256,0.0000,40.0131,562.71,48.8
27,256,0.0000,35.1335,562.71,48.8
27,256,0.0000,39.0372,562.71,48.8
27,256,0.0000,35.1335,562.71,48.8
27,128,0.0000,36.1094,565.00,48.8
27,128,0.0000,36.1094,565.00,48.8
27,128,0.0000,35.1335,565.00,48.8
27,128,0.0000,35.1335,565.00,48.8
27,128,0.0000,36.1094,565.00,48.8
27,128,0.0000,37.0853,565.00,48.8
27,128,0.0000,37.0853,565.00,48.8
27,128,0.0000,38.0613,565.00,48.8
27,128,0.0000,35.1335,565.00,48.8
27,128,0.0000,37.0853,565.00,48.8
27,192,0.0000,39.0372,567.30,48.3
27,192,0.0000,37.0853,567.30,48.3
27,192,0.0000,35.1335,567.30,48.3
27,192,0.0000,37.0853,567.30,48.3
27,192,0.0000,35.1335,567.30,48.3
27,192,0.0000,36.1094,567.30,48.3
27,192,0.0000,34.1576,567.30,48.3
27,192,0.0000,36.1094,567.30,48.3
27,192,0.0000,34.1576,567.30,48.3
27,192,0.0000,38.0613,567.30,48.3
27,448,0.0000,40.9891,569.72,47.7
27,448,0.0000,104.4245,569.72,47.7
27,448,0.0000,38.0613,569.72,47.7
27,448,0.0000,40.9891,569.72,47.7
27,448,0.0000,41.9650,569.72,47.7
27,448,0.0000,40.9891,569.72,47.7
27,448,0.0000,41.9650,569.72,47.7
27,448,0.0000,41.9650,569.72,47.7
27,448,0.0000,40.9891,569.72,47.7
27,448,0.0000,40.0131,569.72,47.7
27,448,0.0000,42.9409,569.72,47.7
27,0,0.0000,36.1094,572.02,48.8
27,0,0.0000,34.1576,572.02,48.8
27,0,0.0000,34.1576,572.02,48.8
27,0,0.0000,35.1335,572.02,48.8
27,0,0.0000,36.1094,572.02,48.8
27,0,0.0000,35.1335,572.02,48.8
27,0,0.0000,32.2057,572.02,48.8
27,0,0.0000,32.2057,572.02,48.8
27,0,0.0000,36.1094,572.02,48.8
27,0,0.0000,34.1576,572.02,48.8
27,384,0.0000,40.9891,574.31,48.8
27,384,0.0000,36.1094,574.31,48.8
27,384,0.0000,40.0131,574.31,48.8
27,384,0.0000,40.0131,574.31,48.8
27,384,0.0000,39.0372,574.31,48.8
27,384,0.0000,41.9650,574.31,48.8
27,384,0.0000,40.9891,574.31,48.8
27,384,0.0000,40.0131,574.31,48.8
27,384,0.0000,40.0131,574.31,48.8
27,384,0.0000,39.0372,574.31,48.8
27,320,0.0000,40.9891,576.71,48.3
27,320,0.0000,40.9891,576.71,48.3
27,320,0.0000,38.0613,576.71,48.3
27,320,0.0000,41.9650,576.71,48.3
27,320,0.0000,40.9891,576.71,48.3
27,320,0.4902,38.0613,576.71,48.3
27,320,0.0000,40.0131,576.71,48.3
27,320,0.0000,40.9891,576.71,48.3
27,320,0.0000,40.9891,576.71,48.3
27,320,0.0000,40.9891,576.71,48.3
27,512,0.0000,41.9650,578.90,47.2
27,512,0.0000,43.9169,578.90,47.2
27,512,0.0000,43.9169,578.90,47.2
27,512,0.0000,40.0131,578.90,47.2
27,512,0.0000,40.9891,578.90,47.2
27,512,0.0000,38.0613,578.90,47.2
27,512,0.0000,43.9169,578.90,47.2
27,512,0.0000,41.9650,578.90,47.2
27,512,0.0000,40.0131,578.90,47.2
27,512,0.0000,40.0131,578.90,47.2
28,64,0.0000,35.1335,581.20,47.7
28,64,0.0000,35.1335,581.20,47.7
28,64,0.0000,38.0613,581.20,47.7
28,64,0.0000,37.0853,581.20,47.7
28,64,0.0000,37.0853,581.20,47.7
28,64,0.0000,32.2057,581.20,47.7
28,64,0.0000,34.1576,581.20,47.7
28,64,0.0000,37.0853,581.20,47.7
28,64,0.0000,35.1335,581.20,47.7
28,64,0.0000,31.2298,581.20,47.7
28,256,0.0000,39.0372,583.50,47.7
28,256,0.0000,38.0613,583.50,47.7
28,256,0.0000,38.0613,583.50,47.7
28,256,0.0000,35.1335,583.50,47.7
28,256,0.0000,36.1094,583.50,47.7
28,256,0.0000,39.0372,583.50,47.7
28,256,0.0000,40.0131,583.50,47.7
28,256,0.0000,39.0372,583.50,47.7
28,256,0.0000,38.0613,583.50,47.7
28,256,0.0000,38.0613,583.50,47.7
28,192,0.0000,35.1335,585.80,48.3
28,192,0.0000,39.0372,585.80,48.3
28,192,0.0000,37.0853,585.80,48.3
28,192,0.0000,37.0853,585.80,48.3
28,192,0.0000,38.0613,585.80,48.3
28,192,0.0000,38.0613,585.80,48.3
28,192,0.0000,40.0131,585.80,48.3
28,192,0.0000,38.0613,585.80,48.3
28,192,0.0000,36.1094,585.80,48.3
28,192,0.0000,38.0613,585.80,48.3
28,0,0.0000,33.1816,588.09,48.3
28,0,0.0000,34.1576,588.09,48.3
28,0,0.0000,33.1816,588.09,48.3
28,0,0.0000,34.1576,588.09,48.3
28,0,0.0000,33.1816,588.09,48.3
28,0,0.0000,34.1576,588.09,48.3
28,0,0.0000,35.1335,588.09,48.3
28,0,0.0000,38.0613,588.09,48.3
28,0,0.0000,33.1816,588.09,48.3
28,0,0.0000,33.1816,588.09,48.3
28,448,0.0000,40.0131,590.39,47.7
28,448,0.0000,40.9891,590.39,47.7
28,448,0.0000,42.9409,590.39,47.7
28,448,0.0000,40.9891,590.39,47.7
28,448,0.0000,41.9650,590.39,47.7
28,448,0.0000,42.9409,590.39,47.7
28,448,0.0000,43.9169,590.39,47.7
28,448,0.0000,42.9409,590.39,47.7
28,448,0.0000,40.9891,590.39,47.7
28,448,0.0000,40.9891,590.39,47.7
28,384,0.0000,38.0613,592.68,48.8
28,384,0.0000,39.0372,592.68,48.8
28,384,0.0000,40.0131,592.68,48.8
28,384,0.0000,40.9891,592.68,48.8
28,384,0.0000,41.9650,592.68,48.8
28,384,0.0000,38.0613,592.68,48.8
28,384,0.0000,38.0613,592.68,48.8
28,384,0.0000,40.0131,592.68,48.8
28,384,0.0000,39.0372,592.68,48.8
28,384,0.0000,40.0131,592.68,48.8
28,320,0.0000,38.0613,594.98,48.3
28,320,0.0000,37.0853,594.98,48.3
28,320,0.0000,40.0131,594.98,48.3
28,320,0.0000,41.9650,594.98,48.3
28,320,0.0000,38.0613,594.98,48.3
28,320,0.0000,39.0372,594.98,48.3
28,320,0.0000,40.0131,594.98,48.3
28,320,0.0000,38.0613,594.98,48.3
28,320,0.0000,40.0131,594.98,48.3
28,320,0.0000,40.0131,594.98,48.3
28,512,0.0000,43.9169,597.38,48.3
28,512,0.0000,42.9409,597.38,48.3
28,512,0.0000,38.0613,597.38,48.3
28,512,0.0000,40.9891,597.38,48.3
28,512,0.0000,42.9409,597.38,48.3
28,512,0.0000,39.0372,597.38,48.3
28,512,0.0000,40.0131,597.38,48.3
28,512,0.0000,41.9650,597.38,48.3
28,512,0.0000,41.9650,597.38,48.3
28,512,0.0000,42.9409,597.38,48.3
28,128,0.0000,36.1094,599.57,47.7
28,128,0.0000,35.1335,599.57,47.7
28,128,0.0000,34.1576,599.57,47.7
28,128,0.0000,37.0853,599.57,47.7
28,128,0.0000,37.0853,599.57,47.7
28,128,0.0000,36.1094,599.57,47.7
28,128,0.0000,35.1335,599.57,47.7
28,128,0.0000,35.1335,599.57,47.7
28,128,0.0000,36.1094,599.57,47.7
28,128,0.0000,35.1335,599.57,47.7
29,512,0.0000,41.9650,601.87,47.2
29,512,0.0000,43.9169,601.87,47.2
29,512,0.0000,38.0613,601.87,47.2
29,512,0.0000,41.9650,601.87,47.2
29,512,0.0000,41.9650,601.87,47.2
29,512,0.0000,42.9409,601.87,47.2
29,512,0.0000,43.9169,601.87,47.2
29,512,0.0000,40.9891,601.87,47.2
29,512,0.0000,41.9650,601.87,47.2
29,512,0.0000,40.9891,601.87,47.2
29,64,0.0000,35.1335,604.17,47.2
29,64,0.0000,37.0853,604.17,47.2
29,64,0.0000,35.1335,604.17,47.2
29,64,0.0000,35.1335,604.17,47.2
29,64,0.0000,34.1576,604.17,47.2
29,64,0.0000,35.1335,604.17,47.2
29,64,0.0000,35.1335,604.17,47.2
29,64,0.0000,34.1576,604.17,47.2
29,64,0.0000,38.0613,604.17,47.2
29,64,0.0000,35.1335,604.17,47.2
29,448,0.0000,42.9409,606.46,47.2
29,448,0.0000,41.9650,606.46,47.2
29,448,0.0000,42.9409,606.46,47.2
29,448,0.0000,39.0372,606.46,47.2
29,448,0.0000,40.0131,606.46,47.2
29,448,0.0000,40.9891,606.46,47.2
29,448,0.0000,40.9891,606.46,47.2
29,448,0.0000,40.9891,606.46,47.2
29,448,0.0000,40.0131,606.46,47.2
29,448,0.0000,40.0131,606.46,47.2
29,0,0.0000,34.1576,608.76,48.8
29,0,0.0000,36.1094,608.76,48.8
29,0,0.0000,34.1576,608.76,48.8
29,0,0.0000,35.1335,608.76,48.8
29,0,0.0000,32.2057,608.76,48.8
29,0,0.0000,33.1816,608.76,48.8
29,0,0.0000,36.1094,608.76,48.8
29,0,0.0000,34.1576,608.76,48.8
29,0,0.0000,36.1094,608.76,48.8
29,0,0.0000,32.2057,608.76,48.8
29,320,0.0000,41.9650,611.06,48.3
29,320,0.0000,37.0853,611.06,48.3
29,320,0.0000,40.0131,611.06,48.3
29,320,0.0000,39.0372,611.06,48.3
29,320,0.0000,36.1094,611.06,48.3
29,320,0.0000,40.0131,611.06,48.3
29,320,0.0000,40.0131,611.06,48.3
29,320,0.0000,41.9650,611.06,48.3
29,320,0.0000,40.0131,611.06,48.3
29,320,0.0000,37.0853,611.06,48.3
29,128,0.0000,37.0853,613.35,48.3
29,128,0.0000,36.1094,613.35,48.3
29,128,0.0000,35.1335,613.35,48.3
29,128,0.0000,37.0853,613.35,48.3
29,128,0.0000,37.0853,613.35,48.3
29,128,0.0000,35.1335,613.35,48.3
29,128,0.0000,36.1094,613.35,48.3
29,128,0.0000,35.1335,613.35,48.3
29,128,0.0000,37.0853,613.35,48.3
29,128,0.0000,35.1335,613.35,48.3
29,384,0.0000,36.1094,615.65,48.3
29,384,0.0000,38.0613,615.65,48.3
29,384,0.0000,37.0853,615.65,48.3
29,384,0.0000,40.0131,615.65,48.3
29,384,0.0000,40.9891,615.65,48.3
29,384,0.0000,40.9891,615.65,48.3
29,384,0.0000,40.9891,615.65,48.3
29,384,0.0000,40.9891,615.65,48.3
29,384,0.0000,40.0131,615.65,48.3
29,384,0.0000,41.9650,615.65,48.3
29,192,0.0000,40.0131,618.04,48.3
29,192,0.0000,35.1335,618.04,48.3
29,192,0.0000,39.0372,618.04,48.3
29,192,0.0000,36.1094,618.04,48.3
29,192,0.0000,39.0372,618.04,48.3
29,192,0.0000,39.0372,618.04,48.3
29,192,0.0000,36.1094,618.04,48.3
29,192,0.0000,38.0613,618.04,48.3
29,192,0.0000,35.1335,618.04,48.3
29,192,0.0000,39.0372,618.04,48.3
29,256,0.0000,36.1094,620.24,48.3
29,256,0.0000,39.0372,620.24,48.3
29,256,0.0000,40.0131,620.24,48.3
29,256,0.0000,38.0613,620.24,48.3
29,256,0.0000,36.1094,620.24,48.3
29,256,0.0000,39.0372,620.24,48.3
29,256,0.0000,35.1335,620.24,48.3
29,256,0.0000,40.0131,620.24,48.3
29,256,0.0000,37.0853,620.24,48.3
29,256,0.0000,37.0853,620.24,48.3
30,320,0.0000,40.9891,622.53,47.7
30,320,0.0000,39.0372,622.53,47.7
30,320,0.0000,40.0131,622.53,47.7
30,320,0.0000,40.0131,622.53,47.7
30,320,0.0000,40.9891,622.53,47.7
30,320,0.0000,39.0372,622.53,47.7
30,320,0.0000,38.0613,622.53,47.7
30,320,0.0000,39.0372,622.53,47.7
30,320,0.0000,40.0131,622.53,47.7
30,320,0.0000,40.9891,622.53,47.7
30,0,0.0000,34.1576,624.82,48.8
30,0,0.0000,33.1816,624.82,48.8
30,0,0.0000,36.1094,624.82,48.8
30,0,0.0000,37.0853,624.82,48.8
30,0,0.0000,33.1816,624.82,48.8
30,0,0.0000,36.1094,624.82,48.8
30,0,0.0000,32.2057,624.82,48.8
30,0,0.0000,34.1576,624.82,48.8
30,0,0.0000,35.1335,624.82,48.8
30,0,0.0000,33.1816,624.82,48.8
30,128,0.0000,39.0372,627.12,47.7
30,128,0.0000,35.1335,627.12,47.7
30,128,0.0000,37.0853,627.12,47.7
30,128,0.0000,34.1576,627.12,47.7
30,128,0.0000,38.0613,627.12,47.7
30,128,0.0000,34.1576,627.12,47.7
30,128,0.0000,37.0853,627.12,47.7
30,128,0.0000,36.1094,627.12,47.7
30,128,0.0000,38.0613,627.12,47.7
30,128,0.0000,38.0613,627.12,47.7
30,512,0.0000,40.9891,629.41,48.3
30,512,0.0000,40.0131,629.41,48.3
30,512,0.0000,41.9650,629.41,48.3
30,512,0.0000,41.9650,629.41,48.3
30,512,0.0000,38.0613,629.41,48.3
30,512,0.0000,39.0372,629.41,48.3
30,512,0.0000,40.0131,629.41,48.3
30,512,0.0000,40.0131,629.41,48.3
30,512,0.0000,40.9891,629.41,48.3
30,512,0.0000,40.9891,629.41,48.3
30,192,0.0000,37.0853,631.70,48.3
30,192,0.0000,38.0613,631.70,48.3
30,192,0.0000,38.0613,631.70,48.3
30,192,0.0000,38.0613,631.70,48.3
30,192,0.0000,37.0853,631.70,48.3
30,192,0.0000,38.0613,631.70,48.3
30,192,0.0000,36.1094,631.70,48.3
30,192,0.0000,40.9891,631.70,48.3
30,192,0.0000,36.1094,631.70,48.3
30,192,0.0000,40.0131,631.70,48.3
30,448,0.0000,40.0131,634.00,48.8
30,448,0.0000,40.0131,634.00,48.8
30,448,0.0000,40.9891,634.00,48.8
30,448,0.0000,39.0372,634.00,48.8
30,448,0.0000,39.0372,634.00,48.8
30,448,0.0000,41.9650,634.00,48.8
30,448,0.0000,42.9409,634.00,48.8
30,448,0.0000,38.0613,634.00,48.8
30,448,0.0000,42.9409,634.00,48.8
30,448,0.0000,40.0131,634.00,48.8
30,256,0.0000,40.0131,636.30,48.8
30,256,0.0000,35.1335,636.30,48.8
30,256,0.0000,39.0372,636.30,48.8
30,256,0.0000,39.0372,636.30,48.8
30,256,0.0000,37.0853,636.30,48.8
30,256,0.0000,37.0853,636.30,48.8
30,256,0.0000,38.0613,636.30,48.8
30,256,0.0000,40.0131,636.30,48.8
30,256,0.0000,37.0853,636.30,48.8
30,256,0.0000,38.0613,636.30,48.8
30,64,0.0000,37.0853,638.69,48.3
30,64,0.0000,35.1335,638.69,48.3
30,64,0.0000,36.1094,638.69,48.3
30,64,0.0000,34.1576,638.69,48.3
30,64,0.0000,35.1335,638.69,48.3
30,64,0.0000,38.0613,638.69,48.3
30,64,0.0000,38.0613,638.69,48.3
30,64,0.0000,36.1094,638.69,48.3
30,64,0.0000,36.1094,638.69,48.3
30,64,0.0000,32.2057,638.69,48.3
30,384,0.0000,40.9891,640.89,48.3
30,384,0.0000,40.9891,640.89,48.3
30,384,0.9804,40.9891,640.89,48.3
30,384,0.0000,40.0131,640.89,48.3
30,384,0.0000,41.9650,640.89,48.3
30,384,0.0000,39.0372,640.89,48.3
30,384,0.0000,40.0131,640.89,48.3
30,384,0.0000,40.9891,640.89,48.3
30,384,0.0000,39.0372,640.89,48.3
30,384,0.0000,39.0372,640.89,48.3
31,384,0.0000,40.0131,643.19,48.3
31,384,0.0000,40.0131,643.19,48.3
31,384,0.0000,41.9650,643.19,48.3
31,384,0.0000,39.0372,643.19,48.3
31,384,0.0000,40.0131,643.19,48.3
31,384,0.0000,40.0131,643.19,48.3
31,384,0.0000,35.1335,643.19,48.3
31,384,0.0000,40.0131,643.19,48.3
31,384,0.0000,37.0853,643.19,48.3
31,384,0.0000,40.0131,643.19,48.3
31,448,0.0000,43.9169,645.48,46.6
31,448,0.0000,40.0131,645.48,46.6
31,448,0.0000,40.9891,645.48,46.6
31,448,0.0000,41.9650,645.48,46.6
31,448,0.0000,40.9891,645.48,46.6
31,448,0.0000,39.0372,645.48,46.6
31,448,0.0000,41.9650,645.48,46.6
31,448,0.0000,39.0372,645.48,46.6
31,448,0.0000,41.9650,645.48,46.6
31,448,0.0000,40.9891,645.48,46.6
31,192,0.0000,34.1576,647.78,47.2
31,192,0.0000,40.0131,647.78,47.2
31,192,0.0000,37.0853,647.78,47.2
31,192,0.0000,36.1094,647.78,47.2
31,192,0.0000,39.0372,647.78,47.2
31,192,0.0000,39.0372,647.78,47.2
31,192,0.0000,36.1094,647.78,47.2
31,192,0.0000,37.0853,647.78,47.2
31,192,0.0000,38.0613,647.78,47.2
31,192,0.0000,39.0372,647.78,47.2
31,512,0.0000,40.0131,650.08,48.3
31,512,0.0000,42.9409,650.08,48.3
31,512,0.0000,41.9650,650.08,48.3
31,512,0.0000,40.9891,650.08,48.3
31,512,0.0000,41.9650,650.08,48.3
31,512,0.0000,43.9169,650.08,48.3
31,512,0.0000,42.9409,650.08,48.3
31,512,0.0000,44.8928,650.08,48.3
31,512,0.0000,41.9650,650.08,48.3
31,512,0.0000,38.0613,650.08,48.3
31,128,0.0000,34.1576,652.37,48.3
31,128,0.0000,34.1576,652.37,48.3
31,128,0.0000,37.0853,652.37,48.3
31,128,0.0000,36.1094,652.37,48.3
31,128,0.0000,36.1094,652.37,48.3
31,128,0.0000,38.0613,652.37,48.3
31,128,0.0000,37.0853,652.37,48.3
31,128,0.0000,38.0613,652.37,48.3
31,128,0.0000,35.1335,652.37,48.3
31,128,0.0000,32.2057,652.37,48.3
31,320,0.0000,38.0613,654.67,47.7
31,320,0.0000,38.0613,654.67,47.7
31,320,0.0000,40.9891,654.67,47.7
31,320,0.0000,36.1094,654.67,47.7
31,320,0.0000,39.0372,654.67,47.7
31,320,0.0000,40.0131,654.67,47.7
31,320,0.0000,39.0372,654.67,47.7
31,320,0.4902,40.0131,654.67,47.7
31,320,0.0000,40.9891,654.67,47.7
31,320,0.0000,39.0372,654.67,47.7
31,256,0.0000,37.0853,656.96,47.7
31,256,0.0000,36.1094,656.96,47.7
31,256,0.0000,40.0131,656.96,47.7
31,256,0.0000,40.0131,656.96,47.7
31,256,0.0000,36.1094,656.96,47.7
31,256,0.0000,37.0853,656.96,47.7
31,256,0.0000,40.0131,656.96,47.7
31,256,0.0000,36.1094,656.96,47.7
31,256,0.0000,40.0131,656.96,47.7
31,256,0.0000,38.0613,656.96,47.7
31,64,0.0000,34.1576,659.26,48.8
31,64,0.0000,36.1094,659.26,48.8
31,64,0.0000,32.2057,659.26,48.8
31,64,0.0000,34.1576,659.26,48.8
31,64,0.0000,35.1335,659.26,48.8
31,64,0.0000,34.1576,659.26,48.8
31,64,0.0000,36.1094,659.26,48.8
31,64,0.0000,38.0613,659.26,48.8
31,64,0.4902,37.0853,659.26,48.8
31,64,0.0000,32.2057,659.26,48.8
31,0,0.0000,34.1576,661.46,48.8
31,0,0.0000,32.2057,661.46,48.8
31,0,0.0000,33.1816,661.46,48.8
31,0,0.0000,34.1576,661.46,48.8
31,0,0.0000,36.1094,661.46,48.8
31,0,0.0000,35.1335,661.46,48.8
31,0,0.0000,33.1816,661.46,48.8
31,0,0.0000,35.1335,661.46,48.8
31,0,0.0000,32.2057,661.46,48.8
31,0,0.0000,32.2057,661.46,48.8
32,64,0.0000,35.1335,663.75,47.7
32,64,0.0000,36.1094,663.75,47.7
32,64,0.0000,35.1335,663.75,47.7
32,64,0.0000,36.1094,663.75,47.7
32,64,0.0000,34.1576,663.75,47.7
32,64,0.0000,36.1094,663.75,47.7
32,64,0.0000,36.1094,663.75,47.7
32,64,0.0000,33.1816,663.75,47.7
32,64,0.0000,36.1094,663.75,47.7
32,64,0.0000,33.1816,663.75,47.7
32,256,0.0000,37.0853,666.05,48.3
32,256,0.0000,38.0613,666.05,48.3
32,256,0.0000,38.0613,666.05,48.3
32,256,0.0000,36.1094,666.05,48.3
32,256,0.0000,38.0613,666.05,48.3
32,256,0.0000,38.0613,666.05,48.3
32,256,0.0000,39.0372,666.05,48.3
32,256,0.0000,34.1576,666.05,48.3
32,256,0.0000,39.0372,666.05,48.3
32,256,0.0000,38.0613,666.05,48.3
32,320,0.0000,37.0853,668.34,47.2
32,320,0.4902,40.9891,668.34,47.2
32,320,0.0000,40.9891,668.34,47.2
32,320,0.0000,40.9891,668.34,47.2
32,320,0.0000,37.0853,668.34,47.2
32,320,0.0000,41.9650,668.34,47.2
32,320,0.0000,41.9650,668.34,47.2
32,320,0.0000,40.0131,668.34,47.2
32,320,0.0000,38.0613,668.34,47.2
32,320,0.0000,38.0613,668.34,47.2
32,192,0.0000,40.9891,670.76,48.3
32,192,0.0000,35.1335,670.76,48.3
32,192,0.0000,39.0372,670.76,48.3
32,192,0.0000,37.0853,670.76,48.3
32,192,0.0000,40.9891,670.76,48.3
32,192,0.0000,37.0853,670.76,48.3
32,192,0.0000,39.0372,670.76,48.3
32,192,0.0000,37.0853,670.76,48.3
32,192,0.0000,39.0372,670.76,48.3
32,192,0.0000,37.0853,670.76,48.3
32,192,0.0000,37.0853,670.76,48.3
32,448,0.0000,42.9409,673.06,47.2
32,448,0.0000,40.0131,673.06,47.2
32,448,0.0000,40.9891,673.06,47.2
32,448,0.0000,40.0131,673.06,47.2
32,448,0.0000,42.9409,673.06,47.2
32,448,0.0000,43.9169,673.06,47.2
32,448,0.0000,40.9891,673.06,47.2
32,448,0.0000,43.9169,673.06,47.2
32,448,0.0000,41.9650,673.06,47.2
32,448,0.0000,39.0372,673.06,47.2
32,384,0.0000,39.0372,675.36,48.3
32,384,0.0000,39.0372,675.36,48.3
32,384,0.0000,41.9650,675.36,48.3
32,384,0.0000,39.0372,675.36,48.3
32,384,0.0000,40.0131,675.36,48.3
32,384,0.0000,39.0372,675.36,48.3
32,384,0.0000,41.9650,675.36,48.3
32,384,0.0000,41.9650,675.36,48.3
32,384,0.0000,37.0853,675.36,48.3
32,384,0.0000,40.9891,675.36,48.3
32,0,0.0000,34.1576,677.75,46.6
32,0,0.0000,33.1816,677.75,46.6
32,0,0.0000,35.1335,677.75,46.6
32,0,0.0000,30.2538,677.75,46.6
32,0,0.0000,37.0853,677.75,46.6
32,0,0.0000,35.1335,677.75,46.6
32,0,0.0000,32.2057,677.75,46.6
32,0,0.0000,34.1576,677.75,46.6
32,0,0.0000,32.2057,677.75,46.6
32,0,0.0000,36.1094,677.75,46.6
32,128,0.0000,36.1094,679.95,48.3
32,128,0.0000,37.0853,679.95,48.3
32,128,0.0000,37.0853,679.95,48.3
32,128,0.0000,37.0853,679.95,48.3
32,128,0.0000,38.0613,679.95,48.3
32,128,0.0000,34.1576,679.95,48.3
32,128,0.0000,36.1094,679.95,48.3
32,128,0.0000,35.1335,679.95,48.3
32,128,0.0000,36.1094,679.95,48.3
32,128,0.0000,37.0853,679.95,48.3
32,512,0.0000,40.9891,682.24,48.3
32,512,0.0000,40.0131,682.24,48.3
32,512,0.0000,40.9891,682.24,48.3
32,512,0.0000,40.0131,682.24,48.3
32,512,0.0000,40.0131,682.24,48.3
32,512,0.0000,43.9169,682.24,48.3
32,512,0.0000,39.0372,682.24,48.3
32,512,0.0000,38.0613,682.24,48.3
32,512,0.0000,41.9650,682.24,48.3
32,512,0.0000,43.9169,682.24,48.3
33,448,0.0000,41.9650,684.54,48.3
33,448,0.0000,40.9891,684.54,48.3
33,448,0.0000,40.9891,684.54,48.3
33,448,0.0000,41.9650,684.54,48.3
33,448,0.0000,38.0613,684.54,48.3
33,448,0.0000,44.8928,684.54,48.3
33,448,0.0000,42.9409,684.54,48.3
33,448,0.0000,41.9650,684.54,48.3
33,448,0.0000,43.9169,684.54,48.3
33,448,0.0000,40.9891,684.54,48.3
33,256,0.0000,37.0853,686.84,48.3
33,256,0.0000,39.0372,686.84,48.3
33,256,0.0000,38.0613,686.84,48.3
33,256,0.0000,38.0613,686.84,48.3
33,256,0.0000,39.0372,686.84,48.3
33,256,0.0000,36.1094,686.84,48.3
33,256,0.0000,38.0613,686.84,48.3
33,256,0.0000,39.0372,686.84,48.3
33,256,0.0000,37.0853,686.84,48.3
33,256,0.0000,39.0372,686.84,48.3
33,128,0.0000,37.0853,689.14,47.2
33,128,0.0000,36.1094,689.14,47.2
33,128,0.0000,35.1335,689.14,47.2
33,128,0.0000,36.1094,689.14,47.2
33,128,0.0000,34.1576,689.14,47.2
33,128,0.0000,34.1576,689.14,47.2
33,128,0.0000,35.1335,689.14,47.2
33,128,0.0000,37.0853,689.14,47.2
33,128,0.0000,35.1335,689.14,47.2
33,128,0.0000,36.1094,689.14,47.2
33,64,0.0000,35.1335,691.43,47.7
33,64,0.0000,37.0853,691.43,47.7
33,64,0.0000,35.1335,691.43,47.7
33,64,0.0000,36.1094,691.43,47.7
33,64,0.0000,37.0853,691.43,47.7
33,64,0.0000,32.2057,691.43,47.7
33,64,0.0000,36.1094,691.43,47.7
33,64,0.0000,37.0853,691.43,47.7
33,64,0.0000,37.0853,691.43,47.7
33,64,0.0000,37.0853,691.43,47.7
33,192,0.0000,37.0853,693.73,48.3
33,192,0.0000,35.1335,693.73,48.3
33,192,0.0000,36.1094,693.73,48.3
33,192,0.0000,37.0853,693.73,48.3
33,192,0.0000,38.0613,693.73,48.3
33,192,0.0000,37.0853,693.73,48.3
33,192,0.0000,40.0131,693.73,48.3
33,192,0.0000,38.0613,693.73,48.3
33,192,0.0000,38.0613,693.73,48.3
33,192,0.0000,37.0853,693.73,48.3
33,512,0.0000,40.9891,696.02,48.3
33,512,0.0000,40.0131,696.02,48.3
33,512,0.0000,40.9891,696.02,48.3
33,512,0.0000,41.9650,696.02,48.3
33,512,0.0000,42.9409,696.02,48.3
33,512,0.0000,41.9650,696.02,48.3
33,512,0.0000,41.9650,696.02,48.3
33,512,0.0000,40.9891,696.02,48.3
33,512,0.0000,41.9650,696.02,48.3
33,512,0.0000,43.9169,696.02,48.3
33,320,0.0000,40.0131,698.42,47.2
33,320,0.9804,39.0372,698.42,47.2
33,320,0.0000,39.0372,698.42,47.2
33,320,0.0000,40.9891,698.42,47.2
33,320,0.0000,39.0372,698.42,47.2
33,320,0.0000,38.0613,698.42,47.2
33,320,0.0000,39.0372,698.42,47.2
33,320,0.0000,36.1094,698.42,47.2
33,320,0.0000,40.0131,698.42,47.2
33,320,0.0000,38.0613,698.42,47.2
33,0,0.0000,36.1094,700.61,48.8
33,0,0.0000,34.1576,700.61,48.8
33,0,0.0000,30.2538,700.61,48.8
33,0,0.0000,34.1576,700.61,48.8
33,0,0.0000,35.1335,700.61,48.8
33,0,0.0000,35.1335,700.61,48.8
33,0,0.0000,33.1816,700.61,48.8
33,0,0.0000,34.1576,700.61,48.8
33,0,0.0000,33.1816,700.61,48.8
33,0,0.0000,34.1576,700.61,48.8
33,384,0.0000,40.0131,702.90,48.8
33,384,0.0000,39.0372,702.90,48.8
33,384,0.0000,40.0131,702.90,48.8
33,384,0.0000,39.0372,702.90,48.8
33,384,0.0000,41.9650,702.90,48.8
33,384,0.0000,40.0131,702.90,48.8
33,384,0.0000,40.9891,702.90,48.8
33,384,0.0000,40.0131,702.90,48.8
33,384,0.0000,36.1094,702.90,48.8
33,384,0.0000,40.0131,702.90,48.8
34,256,0.0000,40.9891,705.20,48.3
34,256,0.0000,39.0372,705.20,48.3
34,256,0.0000,39.0372,705.20,48.3
34,256,0.0000,36.1094,705.20,48.3
34,256,0.0000,37.0853,705.20,48.3
34,256,0.0000,38.0613,705.20,48.3
34,256,0.0000,38.0613,705.20,48.3
34,256,0.0000,38.0613,705.20,48.3
34,256,0.0000,38.0613,705.20,48.3
34,256,0.0000,38.0613,705.20,48.3
34,384,0.0000,39.0372,707.49,48.3
34,384,0.0000,40.9891,707.49,48.3
34,384,0.0000,40.0131,707.49,48.3
34,384,0.0000,40.9891,707.49,48.3
34,384,0.0000,41.9650,707.49,48.3
34,384,0.0000,36.1094,707.49,48.3
34,384,0.0000,40.9891,707.49,48.3
34,384,0.0000,40.9891,707.49,48.3
34,384,0.0000,40.0131,707.49,48.3
34,384,0.0000,37.0853,707.49,48.3
34,512,0.0000,37.0853,709.78,47.2
34,512,0.0000,40.9891,709.78,47.2
34,512,0.0000,40.0131,709.78,47.2
34,512,0.0000,40.0131,709.78,47.2
34,512,0.0000,41.9650,709.78,47.2
34,512,0.0000,40.0131,709.78,47.2
34,512,0.0000,40.9891,709.78,47.2
34,512,0.0000,42.9409,709.78,47.2
34,512,0.0000,40.9891,709.78,47.2
34,512,0.0000,41.9650,709.78,47.2
34,192,0.0000,37.0853,712.08,47.7
34,192,0.0000,36.1094,712.08,47.7
34,192,0.0000,35.1335,712.08,47.7
34,192,0.0000,37.0853,712.08,47.7
34,192,0.0000,40.0131,712.08,47.7
34,192,0.0000,36.1094,712.08,47.7
34,192,0.0000,37.0853,712.08,47.7
34,192,0.0000,36.1094,712.08,47.7
34,192,0.0000,36.1094,712.08,47.7
34,192,0.0000,35.1335,712.08,47.7
34,320,0.0000,39.0372,714.38,48.3
34,320,0.0000,40.0131,714.38,48.3
34,320,0.0000,38.0613,714.38,48.3
34,320,0.0000,40.0131,714.38,48.3
34,320,0.0000,40.9891,714.38,48.3
34,320,0.0000,38.0613,714.38,48.3
34,320,0.0000,39.0372,714.38,48.3
34,320,0.0000,36.1094,714.38,48.3
34,320,0.0000,41.9650,714.38,48.3
34,320,0.4902,40.0131,714.38,48.3
34,448,0.0000,40.9891,716.67,48.8
34,448,0.0000,40.9891,716.67,48.8
34,448,0.0000,40.0131,716.67,48.8
34,448,0.0000,40.9891,716.67,48.8
34,448,0.0000,40.9891,716.67,48.8
34,448,0.0000,41.9650,716.67,48.8
34,448,0.0000,40.0131,716.67,48.8
34,448,0.0000,41.9650,716.67,48.8
34,448,0.0000,41.9650,716.67,48.8
34,448,0.0000,41.9650,716.67,48.8
34,0,0.0000,33.1816,719.07,47.7
34,0,0.0000,36.1094,719.07,47.7
34,0,0.0000,34.1576,719.07,47.7
34,0,0.0000,36.1094,719.07,47.7
34,0,0.0000,36.1094,719.07,47.7
34,0,0.0000,36.1094,719.07,47.7
34,0,0.0000,33.1816,719.07,47.7
34,0,0.0000,32.2057,719.07,47.7
34,0,0.0000,31.2298,719.07,47.7
34,0,0.0000,34.1576,719.07,47.7
34,128,0.0000,36.1094,721.26,48.3
34,128,0.0000,37.0853,721.26,48.3
34,128,0.0000,36.1094,721.26,48.3
34,128,0.0000,35.1335,721.26,48.3
34,128,0.0000,34.1576,721.26,48.3
34,128,0.0000,38.0613,721.26,48.3
34,128,0.0000,38.0613,721.26,48.3
34,128,0.0000,37.0853,721.26,48.3
34,128,0.0000,34.1576,721.26,48.3
34,128,0.0000,33.1816,721.26,48.3
34,64,0.0000,38.0613,723.56,48.3
34,64,0.0000,36.1094,723.56,48.3
34,64,0.0000,37.0853,723.56,48.3
34,64,0.0000,37.0853,723.56,48.3
34,64,0.0000,36.1094,723.56,48.3
34,64,0.0000,38.0613,723.56,48.3
34,64,0.0000,33.1816,723.56,48.3
34,64,0.0000,35.1335,723.56,48.3
34,64,0.0000,38.0613,723.56,48.3
34,64,0.0000,34.1576,723.56,48.3
35,384,0.9804,39.0372,725.86,48.3
35,384,0.0000,39.0372,725.86,48.3
35,384,0.0000,40.0131,725.86,48.3
35,384,0.0000,39.0372,725.86,48.3
35,384,0.0000,40.9891,725.86,48.3
35,384,0.0000,40.9891,725.86,48.3
35,384,0.0000,40.9891,725.86,48.3
35,384,0.0000,39.0372,725.86,48.3
35,384,0.0000,40.0131,725.86,48.3
35,384,0.0000,41.9650,725.86,48.3
35,256,0.0000,35.1335,728.16,48.3
35,256,0.0000,40.0131,728.16,48.3
35,256,0.0000,39.0372,728.16,48.3
35,256,0.9804,36.1094,728.16,48.3
35,256,0.0000,38.0613,728.16,48.3
35,256,0.0000,39.0372,728.16,48.3
35,256,0.0000,40.0131,728.16,48.3
35,256,0.0000,37.0853,728.16,48.3
35,256,0.0000,40.0131,728.16,48.3
35,256,0.0000,37.0853,728.16,48.3
35,0,0.0000,34.1576,730.45,47.7
35,0,0.0000,35.1335,730.45,47.7
35,0,0.0000,34.1576,730.45,47.7
35,0,0.0000,33.1816,730.45,47.7
35,0,0.0000,32.2057,730.45,47.7
35,0,0.0000,37.0853,730.45,47.7
35,0,0.0000,31.2298,730.45,47.7
35,0,0.0000,35.1335,730.45,47.7
35,0,0.0000,36.1094,730.45,47.7
35,0,0.0000,33.1816,730.45,47.7
35,448,0.0000,41.9650,732.75,48.3
35,448,0.0000,40.0131,732.75,48.3
35,448,0.0000,41.9650,732.75,48.3
35,448,0.0000,41.9650,732.75,48.3
35,448,0.0000,41.9650,732.75,48.3
35,448,0.0000,41.9650,732.75,48.3
35,448,0.0000,40.0131,732.75,48.3
35,448,0.0000,38.0613,732.75,48.3
35,448,0.0000,41.9650,732.75,48.3
35,448,0.0000,40.9891,732.75,48.3
35,64,0.0000,31.2298,735.04,48.8
35,64,0.0000,36.1094,735.04,48.8
35,64,0.0000,30.2538,735.04,48.8
35,64,0.0000,37.0853,735.04,48.8
35,64,0.0000,33.1816,735.04,48.8
35,64,0.0000,35.1335,735.04,48.8
35,64,0.0000,33.1816,735.04,48.8
35,64,0.0000,38.0613,735.04,48.8
35,64,0.0000,37.0853,735.04,48.8
35,64,0.0000,37.0853,735.04,48.8
35,512,0.0000,41.9650,737.34,47.2
35,512,0.0000,40.9891,737.34,47.2
35,512,0.0000,41.9650,737.34,47.2
35,512,0.0000,40.0131,737.34,47.2
35,512,0.0000,40.0131,737.34,47.2
35,512,0.0000,40.0131,737.34,47.2
35,512,0.0000,42.9409,737.34,47.2
35,512,0.0000,41.9650,737.34,47.2
35,512,0.0000,39.0372,737.34,47.2
35,512,0.0000,40.0131,737.34,47.2
35,128,0.0000,36.1094,739.74,48.3
35,128,0.0000,39.0372,739.74,48.3
35,128,0.0000,36.1094,739.74,48.3
35,128,0.0000,37.0853,739.74,48.3
35,128,0.0000,37.0853,739.74,48.3
35,128,0.0000,36.1094,739.74,48.3
35,128,0.0000,34.1576,739.74,48.3
35,128,0.0000,35.1335,739.74,48.3
35,128,0.0000,36.1094,739.74,48.3
35,128,0.0000,32.2057,739.74,48.3
35,192,0.0000,39.0372,741.93,48.3
35,192,0.0000,39.0372,741.93,48.3
35,192,0.0000,38.0613,741.93,48.3
35,192,0.0000,38.0613,741.93,48.3
35,192,0.0000,38.0613,741.93,48.3
35,192,0.0000,38.0613,741.93,48.3
35,192,0.0000,38.0613,741.93,48.3
35,192,0.0000,38.0613,741.93,48.3
35,192,0.0000,36.1094,741.93,48.3
35,192,0.0000,37.0853,741.93,48.3
35,320,0.0000,40.0131,744.23,48.3
35,320,0.0000,40.9891,744.23,48.3
35,320,0.0000,41.9650,744.23,48.3
35,320,0.0000,40.0131,744.23,48.3
35,320,0.0000,37.0853,744.23,48.3
35,320,0.0000,37.0853,744.23,48.3
35,320,0.0000,40.9891,744.23,48.3
35,320,0.0000,40.0131,744.23,48.3
35,320,0.0000,40.9891,744.23,48.3
35,320,0.0000,40.0131,744.23,48.3
36,256,0.0000,39.0372,746.53,47.7
36,256,0.0000,37.0853,746.53,47.7
36,256,0.0000,37.0853,746.53,47.7
36,256,0.0000,38.0613,746.53,47.7
36,256,0.0000,38.0613,746.53,47.7
36,256,0.0000,38.0613,746.53,47.7
36,256,0.0000,40.9891,746.53,47.7
36,256,0.0000,38.0613,746.53,47.7
36,256,0.0000,38.0613,746.53,47.7
36,256,0.0000,40.0131,746.53,47.7
36,448,0.0000,40.0131,748.82,47.2
36,448,0.0000,43.9169,748.82,47.2
36,448,0.0000,40.9891,748.82,47.2
36,448,0.0000,40.9891,748.82,47.2
36,448,0.0000,41.9650,748.82,47.2
36,448,0.0000,40.9891,748.82,47.2
36,448,0.0000,40.9891,748.82,47.2
36,448,0.0000,43.9169,748.82,47.2
36,448,0.0000,38.0613,748.82,47.2
36,448,0.0000,40.0131,748.82,47.2
36,128,0.0000,38.0613,751.12,48.3
36,128,0.0000,37.0853,751.12,48.3
36,128,0.0000,37.0853,751.12,48.3
36,128,0.0000,39.0372,751.12,48.3
36,128,0.0000,37.0853,751.12,48.3
36,128,0.0000,38.0613,751.12,48.3
36,128,0.0000,38.0613,751.12,48.3
36,128,0.0000,38.0613,751.12,48.3
36,128,0.0000,36.1094,751.12,48.3
36,128,0.0000,37.0853,751.12,48.3
36,0,0.0000,31.2298,753.42,47.2
36,0,0.0000,35.1335,753.42,47.2
36,0,0.0000,33.1816,753.42,47.2
36,0,0.0000,30.2538,753.42,47.2
36,0,0.0000,34.1576,753.42,47.2
36,0,0.0000,34.1576,753.42,47.2
36,0,0.0000,33.1816,753.42,47.2
36,0,0.0000,33.1816,753.42,47.2
36,0,0.0000,34.1576,753.42,47.2
36,0,0.0000,33.1816,753.42,47.2
36,64,0.0000,37.0853,755.71,48.3
36,64,0.0000,37.0853,755.71,48.3
36,64,0.0000,37.0853,755.71,48.3
36,64,0.0000,36.1094,755.71,48.3
36,64,0.0000,31.2298,755.71,48.3
36,64,0.0000,36.1094,755.71,48.3
36,64,0.0000,36.1094,755.71,48.3
36,64,0.0000,35.1335,755.71,48.3
36,64,0.0000,36.1094,755.71,48.3
36,64,0.0000,34.1576,755.71,48.3
36,320,0.0000,40.9891,758.01,48.3
36,320,0.0000,38.0613,758.01,48.3
36,320,0.0000,40.9891,758.01,48.3
36,320,0.0000,40.9891,758.01,48.3
36,320,0.0000,40.0131,758.01,48.3
36,320,0.0000,38.0613,758.01,48.3
36,320,0.0000,39.0372,758.01,48.3
36,320,0.0000,37.0853,758.01,48.3
36,320,0.0000,41.9650,758.01,48.3
36,320,0.0000,38.0613,758.01,48.3
36,192,0.0000,38.0613,760.40,47.2
36,192,0.0000,38.0613,760.40,47.2
36,192,0.0000,35.1335,760.40,47.2
36,192,0.0000,36.1094,760.40,47.2
36,192,0.0000,38.0613,760.40,47.2
36,192,0.0000,37.0853,760.40,47.2
36,192,0.0000,37.0853,760.40,47.2
36,192,0.0000,36.1094,760.40,47.2
36,192,0.0000,37.0853,760.40,47.2
36,192,0.0000,40.0131,760.40,47.2
36,512,11.7648,130.7746,762.72,48.8
36,512,0.0000,39.0372,762.72,48.8
36,512,0.0000,41.9650,762.72,48.8
36,512,0.0000,42.9409,762.72,48.8
36,512,0.0000,44.8928,762.72,48.8
36,512,0.0000,39.0372,762.72,48.8
36,512,0.0000,41.9650,762.72,48.8
36,512,0.0000,39.0372,762.72,48.8
36,512,0.0000,41.9650,762.72,48.8
36,512,0.0000,40.0131,762.72,48.8
36,512,0.0000,40.0131,762.72,48.8
36,384,0.0000,40.0131,765.02,48.3
36,384,0.0000,39.0372,765.02,48.3
36,384,0.0000,38.0613,765.02,48.3
36,384,0.0000,40.0131,765.02,48.3
36,384,0.0000,40.9891,765.02,48.3
36,384,0.0000,41.9650,765.02,48.3
36,384,0.0000,40.0131,765.02,48.3
36,384,0.0000,40.0131,765.02,48.3
36,384,0.0000,38.0613,765.02,48.3
36,384,0.0000,40.0131,765.02,48.3
37,192,0.0000,42.9409,767.31,47.2
37,192,0.0000,39.0372,767.31,47.2
37,192,0.0000,37.0853,767.31,47.2
37,192,0.0000,36.1094,767.31,47.2
37,192,0.0000,36.1094,767.31,47.2
37,192,0.0000,37.0853,767.31,47.2
37,192,0.0000,37.0853,767.31,47.2
37,192,0.0000,36.1094,767.31,47.2
37,192,0.0000,39.0372,767.31,47.2
37,192,0.0000,38.0613,767.31,47.2
37,448,0.0000,40.9891,769.61,48.3
37,448,0.0000,41.9650,769.61,48.3
37,448,0.0000,39.0372,769.61,48.3
37,448,0.0000,36.1094,769.61,48.3
37,448,0.0000,40.9891,769.61,48.3
37,448,0.0000,40.0131,769.61,48.3
37,448,0.0000,40.9891,769.61,48.3
37,448,0.0000,40.9891,769.61,48.3
37,448,0.0000,40.9891,769.61,48.3
37,448,0.0000,40.0131,769.61,48.3
37,0,0.0000,33.1816,771.91,47.2
37,0,0.0000,36.1094,771.91,47.2
37,0,0.0000,33.1816,771.91,47.2
37,0,0.0000,32.2057,771.91,47.2
37,0,0.0000,34.1576,771.91,47.2
37,0,0.0000,35.1335,771.91,47.2
37,0,0.0000,33.1816,771.91,47.2
37,0,0.0000,34.1576,771.91,47.2
37,0,0.0000,32.2057,771.91,47.2
37,0,0.0000,35.1335,771.91,47.2
37,320,0.0000,38.0613,774.20,48.3
37,320,0.0000,43.9169,774.20,48.3
37,320,0.0000,40.0131,774.20,48.3
37,320,0.0000,40.0131,774.20,48.3
37,320,0.0000,38.0613,774.20,48.3
37,320,0.0000,39.0372,774.20,48.3
37,320,0.0000,40.0131,774.20,48.3
37,320,0.0000,40.0131,774.20,48.3
37,320,0.0000,40.9891,774.20,48.3
37,320,0.0000,39.0372,774.20,48.3
37,256,0.0000,38.0613,776.50,48.3
37,256,0.0000,40.0131,776.50,48.3
37,256,0.0000,38.0613,776.50,48.3
37,256,0.0000,39.0372,776.50,48.3
37,256,0.0000,36.1094,776.50,48.3
37,256,0.0000,38.0613,776.50,48.3
37,256,0.0000,40.0131,776.50,48.3
37,256,0.0000,39.0372,776.50,48.3
37,256,0.0000,35.1335,776.50,48.3
37,256,0.0000,38.0613,776.50,48.3
37,64,0.0000,38.0613,778.90,48.3
37,64,0.0000,37.0853,778.90,48.3
37,64,0.0000,36.1094,778.90,48.3
37,64,0.0000,35.1335,778.90,48.3
37,64,0.0000,35.1335,778.90,48.3
37,64,0.0000,35.1335,778.90,48.3
37,64,0.0000,37.0853,778.90,48.3
37,64,0.0000,38.0613,778.90,48.3
37,64,0.0000,35.1335,778.90,48.3
37,64,0.0000,30.2538,778.90,48.3
37,128,0.0000,38.0613,781.09,47.7
37,128,0.0000,35.1335,781.09,47.7
37,128,0.0000,36.1094,781.09,47.7
37,128,0.0000,37.0853,781.09,47.7
37,128,0.0000,35.1335,781.09,47.7
37,128,0.0000,36.1094,781.09,47.7
37,128,0.0000,38.0613,781.09,47.7
37,128,0.0000,35.1335,781.09,47.7
37,128,0.0000,37.0853,781.09,47.7
37,128,0.0000,37.0853,781.09,47.7
37,512,0.0000,42.9409,783.38,48.3
37,512,0.0000,40.0131,783.38,48.3
37,512,0.0000,44.8928,783.38,48.3
37,512,0.0000,40.9891,783.38,48.3
37,512,0.0000,40.9891,783.38,48.3
37,512,0.0000,40.0131,783.38,48.3
37,512,0.0000,38.0613,783.38,48.3
37,512,0.0000,43.9169,783.38,48.3
37,512,0.0000,41.9650,783.38,48.3
37,512,0.0000,42.9409,783.38,48.3
37,384,0.0000,39.0372,785.67,48.3
37,384,0.0000,39.0372,785.67,48.3
37,384,0.0000,41.9650,785.67,48.3
37,384,0.0000,40.9891,785.67,48.3
37,384,0.0000,39.0372,785.67,48.3
37,384,0.0000,42.9409,785.67,48.3
37,384,0.0000,38.0613,785.67,48.3
37,384,0.0000,37.0853,785.67,48.3
37,384,0.0000,37.0853,785.67,48.3
37,384,0.0000,40.9891,785.67,48.3
38,192,0.0000,40.0131,787.97,48.8
38,192,0.0000,36.1094,787.97,48.8
38,192,0.0000,36.1094,787.97,48.8
38,192,0.0000,38.0613,787.97,48.8
38,192,0.0000,40.0131,787.97,48.8
38,192,0.0000,38.0613,787.97,48.8
38,192,0.0000,39.0372,787.97,48.8
38,192,0.0000,40.9891,787.97,48.8
38,192,0.0000,36.1094,787.97,48.8
38,192,0.0000,36.1094,787.97,48.8
38,320,0.0000,38.0613,790.26,48.3
38,320,0.0000,37.0853,790.26,48.3
38,320,0.0000,39.0372,790.26,48.3
38,320,0.0000,38.0613,790.26,48.3
38,320,0.0000,41.9650,790.26,48.3
38,320,0.0000,40.0131,790.26,48.3
38,320,0.0000,38.0613,790.26,48.3
38,320,0.0000,41.9650,790.26,48.3
38,320,0.0000,35.1335,790.26,48.3
38,320,0.0000,42.9409,790.26,48.3
38,64,0.0000,34.1576,792.56,48.3
38,64,0.0000,35.1335,792.56,48.3
38,64,0.0000,37.0853,792.56,48.3
38,64,0.0000,35.1335,792.56,48.3
38,64,0.0000,36.1094,792.56,48.3
38,64,0.0000,35.1335,792.56,48.3
38,64,0.0000,35.1335,792.56,48.3
38,64,0.0000,38.0613,792.56,48.3
38,64,0.0000,31.2298,792.56,48.3
38,64,0.0000,35.1335,792.56,48.3
38,512,0.0000,40.9891,794.85,48.3
38,512,0.0000,41.9650,794.85,48.3
38,512,0.0000,41.9650,794.85,48.3
38,512,0.0000,40.9891,794.85,48.3
38,512,0.0000,42.9409,794.85,48.3
38,512,0.0000,40.9891,794.85,48.3
38,512,0.0000,41.9650,794.85,48.3
38,512,0.0000,39.0372,794.85,48.3
38,512,0.0000,40.0131,794.85,48.3
38,512,0.0000,41.9650,794.85,48.3
38,384,0.0000,40.0131,797.15,48.3
38,384,0.0000,40.9891,797.15,48.3
38,384,0.0000,42.9409,797.15,48.3
38,384,0.0000,41.9650,797.15,48.3
38,384,0.0000,40.9891,797.15,48.3
38,384,0.0000,40.9891,797.15,48.3
38,384,0.0000,42.9409,797.15,48.3
38,384,0.0000,39.0372,797.15,48.3
38,384,0.0000,40.0131,797.15,48.3
38,384,0.0000,40.0131,797.15,48.3
38,448,0.0000,40.0131,799.54,47.2
38,448,0.0000,40.0131,799.54,47.2
38,448,0.0000,40.0131,799.54,47.2
38,448,0.0000,39.0372,799.54,47.2
38,448,0.0000,40.9891,799.54,47.2
38,448,0.0000,38.0613,799.54,47.2
38,448,0.0000,42.9409,799.54,47.2
38,448,0.0000,41.9650,799.54,47.2
38,448,0.0000,40.9891,799.54,47.2
38,448,0.0000,40.9891,799.54,47.2
38,128,0.0000,36.1094,801.74,47.7
38,128,0.0000,36.1094,801.74,47.7
38,128,0.0000,35.1335,801.74,47.7
38,128,0.0000,37.0853,801.74,47.7
38,128,0.0000,38.0613,801.74,47.7
38,128,0.0000,37.0853,801.74,47.7
38,128,0.0000,34.1576,801.74,47.7
38,128,0.0000,36.1094,801.74,47.7
38,128,0.0000,34.1576,801.74,47.7
38,128,0.0000,36.1094,801.74,47.7
38,256,0.0000,37.0853,804.04,47.7
38,256,0.0000,38.0613,804.04,47.7
38,256,0.0000,38.0613,804.04,47.7
38,256,0.0000,39.0372,804.04,47.7
38,256,0.0000,39.0372,804.04,47.7
38,256,0.0000,39.0372,804.04,47.7
38,256,0.0000,39.0372,804.04,47.7
38,256,0.0000,38.0613,804.04,47.7
38,256,0.0000,37.0853,804.04,47.7
38,256,0.0000,37.0853,804.04,47.7
38,0,0.0000,33.1816,806.33,48.3
38,0,0.0000,36.1094,806.33,48.3
38,0,0.0000,34.1576,806.33,48.3
38,0,0.0000,34.1576,806.33,48.3
38,0,0.0000,36.1094,806.33,48.3
38,0,0.0000,37.0853,806.33,48.3
38,0,0.0000,33.1816,806.33,48.3
38,0,0.0000,35.1335,806.33,48.3
38,0,0.0000,33.1816,806.33,48.3
38,0,0.0000,32.2057,806.33,48.3
39,384,0.0000,40.9891,808.63,48.3
39,384,0.0000,39.0372,808.63,48.3
39,384,0.0000,40.9891,808.63,48.3
39,384,0.0000,43.9169,808.63,48.3
39,384,0.0000,38.0613,808.63,48.3
39,384,0.0000,40.0131,808.63,48.3
39,384,0.0000,40.0131,808.63,48.3
39,384,0.0000,41.9650,808.63,48.3
39,384,0.0000,40.0131,808.63,48.3
39,384,0.0000,38.0613,808.63,48.3
39,320,0.0000,40.0131,810.92,48.3
39,320,0.0000,40.9891,810.92,48.3
39,320,0.0000,38.0613,810.92,48.3
39,320,0.0000,40.0131,810.92,48.3
39,320,0.0000,35.1335,810.92,48.3
39,320,0.0000,40.0131,810.92,48.3
39,320,0.0000,40.0131,810.92,48.3
39,320,0.0000,38.0613,810.92,48.3
39,320,0.0000,39.0372,810.92,48.3
39,320,0.0000,40.0131,810.92,48.3
39,256,0.0000,37.0853,813.22,48.8
39,256,0.0000,38.0613,813.22,48.8
39,256,0.0000,40.0131,813.22,48.8
39,256,0.0000,37.0853,813.22,48.8
39,256,0.4902,36.1094,813.22,48.8
39,256,0.0000,39.0372,813.22,48.8
39,256,0.0000,40.0131,813.22,48.8
39,256,0.0000,38.0613,813.22,48.8
39,256,0.0000,40.0131,813.22,48.8
39,256,0.0000,36.1094,813.22,48.8
39,512,0.0000,40.0131,815.52,48.3
39,512,0.0000,41.9650,815.52,48.3
39,512,0.0000,41.9650,815.52,48.3
39,512,0.0000,42.9409,815.52,48.3
39,512,0.0000,40.0131,815.52,48.3
39,512,0.0000,41.9650,815.52,48.3
39,512,0.0000,43.9169,815.52,48.3
39,512,0.0000,40.9891,815.52,48.3
39,512,0.0000,40.9891,815.52,48.3
39,512,0.0000,40.0131,815.52,48.3
39,192,0.0000,38.0613,817.81,48.3
39,192,0.0000,37.0853,817.81,48.3
39,192,0.0000,38.0613,817.81,48.3
39,192,0.0000,37.0853,817.81,48.3
39,192,0.0000,38.0613,817.81,48.3
39,192,0.0000,38.0613,817.81,48.3
39,192,0.0000,38.0613,817.81,48.3
39,192,0.0000,35.1335,817.81,48.3
39,192,0.0000,39.0372,817.81,48.3
39,192,0.0000,40.9891,817.81,48.3
39,0,0.0000,35.1335,820.21,47.2
39,0,0.0000,33.1816,820.21,47.2
39,0,0.0000,34.1576,820.21,47.2
39,0,0.0000,32.2057,820.21,47.2
39,0,0.0000,33.1816,820.21,47.2
39,0,0.0000,35.1335,820.21,47.2
39,0,0.0000,36.1094,820.21,47.2
39,0,0.0000,32.2057,820.21,47.2
39,0,0.0000,34.1576,820.21,47.2
39,0,0.0000,35.1335,820.21,47.2
39,64,0.0000,37.0853,822.40,47.2
39,64,0.0000,36.1094,822.40,47.2
39,64,0.0000,36.1094,822.40,47.2
39,64,0.0000,36.1094,822.40,47.2
39,64,0.0000,37.0853,822.40,47.2
39,64,0.0000,37.0853,822.40,47.2
39,64,0.0000,32.2057,822.40,47.2
39,64,0.0000,36.1094,822.40,47.2
39,64,0.0000,36.1094,822.40,47.2
39,64,0.0000,35.1335,822.40,47.2
39,448,0.0000,41.9650,824.70,48.3
39,448,0.0000,40.0131,824.70,48.3
39,448,0.0000,41.9650,824.70,48.3
39,448,0.0000,42.9409,824.70,48.3
39,448,0.0000,38.0613,824.70,48.3
39,448,0.0000,41.9650,824.70,48.3
39,448,0.0000,42.9409,824.70,48.3
39,448,0.0000,41.9650,824.70,48.3
39,448,0.0000,41.9650,824.70,48.3
39,448,0.0000,39.0372,824.70,48.3
39,128,0.0000,35.1335,827.00,47.2
39,128,0.0000,35.1335,827.00,47.2
39,128,0.0000,36.1094,827.00,47.2
39,128,0.0000,36.1094,827.00,47.2
39,128,0.0000,37.0853,827.00,47.2
39,128,0.0000,36.1094,827.00,47.2
39,128,0.0000,37.0853,827.00,47.2
39,128,0.0000,37.0853,827.00,47.2
39,128,0.0000,34.1576,827.00,47.2
39,128,0.0000,35.1335,827.00,47.2
40,384,0.0000,38.0613,829.29,48.8
40,384,0.0000,39.0372,829.29,48.8
40,384,0.0000,38.0613,829.29,48.8
40,384,0.0000,40.9891,829.29,48.8
40,384,0.0000,40.0131,829.29,48.8
40,384,0.0000,40.9891,829.29,48.8
40,384,0.0000,39.0372,829.29,48.8
40,384,0.0000,37.0853,829.29,48.8
40,384,0.0000,40.0131,829.29,48.8
40,384,0.0000,40.0131,829.29,48.8
40,64,0.0000,34.1576,831.59,48.3
40,64,0.0000,36.1094,831.59,48.3
40,64,0.0000,38.0613,831.59,48.3
40,64,0.0000,37.0853,831.59,48.3
40,64,0.0000,37.0853,831.59,48.3
40,64,0.0000,36.1094,831.59,48.3
40,64,0.0000,35.1335,831.59,48.3
40,64,0.0000,38.0613,831.59,48.3
40,64,0.0000,38.0613,831.59,48.3
40,64,0.0000,34.1576,831.59,48.3
40,448,0.0000,40.9891,833.88,47.7
40,448,0.0000,40.0131,833.88,47.7
40,448,0.0000,40.9891,833.88,47.7
40,448,0.0000,40.0131,833.88,47.7
40,448,0.0000,40.0131,833.88,47.7
40,448,0.0000,41.9650,833.88,47.7
40,448,0.0000,40.0131,833.88,47.7
40,448,0.0000,40.9891,833.88,47.7
40,448,0.0000,40.9891,833.88,47.7
40,448,0.0000,41.9650,833.88,47.7
40,192,0.0000,37.0853,836.18,48.8
40,192,0.0000,39.0372,836.18,48.8
40,192,0.0000,35.1335,836.18,48.8
40,192,0.0000,40.0131,836.18,48.8
40,192,0.0000,38.0613,836.18,48.8
40,192,0.0000,36.1094,836.18,48.8
40,192,0.0000,37.0853,836.18,48.8
40,192,0.0000,39.0372,836.18,48.8
40,192,0.0000,40.9891,836.18,48.8
40,192,0.0000,39.0372,836.18,48.8
40,0,0.0000,33.1816,838.48,47.7
40,0,0.0000,35.1335,838.48,47.7
40,0,0.0000,33.1816,838.48,47.7
40,0,0.0000,32.2057,838.48,47.7
40,0,0.0000,33.1816,838.48,47.7
40,0,0.0000,35.1335,838.48,47.7
40,0,0.0000,36.1094,838.48,47.7
40,0,0.0000,33.1816,838.48,47.7
40,0,0.0000,36.1094,838.48,47.7
40,0,0.0000,32.2057,838.48,47.7
40,256,0.0000,40.9891,840.87,48.8
40,256,0.0000,39.0372,840.87,48.8
40,256,0.0000,38.0613,840.87,48.8
40,256,0.0000,40.0131,840.87,48.8
40,256,0.0000,37.0853,840.87,48.8
40,256,0.0000,38.0613,840.87,48.8
40,256,0.0000,36.1094,840.87,48.8
40,256,0.0000,38.0613,840.87,48.8
40,256,0.0000,39.0372,840.87,48.8
40,256,0.0000,40.9891,840.87,48.8
40,320,0.0000,40.0131,843.19,47.2
40,320,0.0000,38.0613,843.19,47.2
40,320,0.0000,68.3151,843.19,47.2
40,320,6.3726,64.4114,843.19,47.2
40,320,0.0000,40.0131,843.19,47.2
40,320,0.0000,40.9891,843.19,47.2
40,320,0.0000,42.9409,843.19,47.2
40,320,0.4902,39.0372,843.19,47.2
40,320,0.0000,38.0613,843.19,47.2
40,320,0.0000,39.0372,843.19,47.2
40,320,0.0000,39.0372,843.19,47.2
40,128,0.0000,38.0613,845.49,47.7
40,128,0.0000,36.1094,845.49,47.7
40,128,0.0000,37.0853,845.49,47.7
40,128,0.0000,38.0613,845.49,47.7
40,128,0.0000,36.1094,845.49,47.7
40,128,0.0000,36.1094,845.49,47.7
40,128,0.0000,38.0613,845.49,47.7
40,128,0.0000,36.1094,845.49,47.7
40,128,0.0000,36.1094,845.49,47.7
40,128,0.0000,33.1816,845.49,47.7
40,512,0.0000,41.9650,847.78,47.7
40,512,0.0000,41.9650,847.78,47.7
40,512,0.0000,40.9891,847.78,47.7
40,512,0.0000,40.9891,847.78,47.7
40,512,0.0000,40.0131,847.78,47.7
40,512,0.0000,40.9891,847.78,47.7
40,512,0.0000,43.9169,847.78,47.7
40,512,0.0000,41.9650,847.78,47.7
40,512,0.0000,42.9409,847.78,47.7
40,512,0.0000,43.9169,847.78,47.7
41,0,0.0000,34.1576,850.08,47.7
41,0,0.0000,35.1335,850.08,47.7
41,0,0.0000,36.1094,850.08,47.7
41,0,0.0000,32.2057,850.08,47.7
41,0,0.0000,34.1576,850.08,47.7
41,0,0.0000,33.1816,850.08,47.7
41,0,0.0000,35.1335,850.08,47.7
41,0,0.0000,33.1816,850.08,47.7
41,0,0.0000,33.1816,850.08,47.7
41,0,0.0000,34.1576,850.08,47.7
41,512,0.0000,38.0613,852.50,47.7
41,512,0.0000,40.9891,852.50,47.7
41,512,0.0000,43.9169,852.50,47.7
41,512,0.0000,40.9891,852.50,47.7
41,512,0.0000,42.9409,852.50,47.7
41,512,0.0000,40.0131,852.50,47.7
41,512,0.0000,40.0131,852.50,47.7
41,512,0.0000,42.9409,852.50,47.7
41,512,0.0000,41.9650,852.50,47.7
41,512,0.0000,41.9650,852.50,47.7
41,512,0.0000,43.9169,852.50,47.7
41,64,0.0000,36.1094,854.92,48.3
41,64,0.0000,36.1094,854.92,48.3
41,64,0.0000,33.1816,854.92,48.3
41,64,0.0000,36.1094,854.92,48.3
41,64,0.0000,36.1094,854.92,48.3
41,64,0.0000,34.1576,854.92,48.3
41,64,0.0000,34.1576,854.92,48.3
41,64,0.0000,34.1576,854.92,48.3
41,64,0.0000,32.2057,854.92,48.3
41,64,0.0000,35.1335,854.92,48.3
41,64,0.0000,32.2057,854.92,48.3
41,320,0.0000,41.9650,857.32,48.8
41,320,0.0000,40.0131,857.32,48.8
41,320,0.0000,37.0853,857.32,48.8
41,320,0.0000,40.0131,857.32,48.8
41,320,0.0000,39.0372,857.32,48.8
41,320,0.0000,40.0131,857.32,48.8
41,320,0.0000,40.0131,857.32,48.8
41,320,0.0000,40.9891,857.32,48.8
41,320,0.0000,39.0372,857.32,48.8
41,320,0.0000,39.0372,857.32,48.8
41,192,0.0000,40.0131,859.51,48.3
41,192,0.0000,39.0372,859.51,48.3
41,192,0.0000,37.0853,859.51,48.3
41,192,0.0000,39.0372,859.51,48.3
41,192,0.0000,36.1094,859.51,48.3
41,192,0.0000,40.0131,859.51,48.3
41,192,0.0000,38.0613,859.51,48.3
41,192,0.0000,34.1576,859.51,48.3
41,192,0.0000,38.0613,859.51,48.3
41,192,0.0000,37.0853,859.51,48.3
41,384,0.0000,39.0372,861.80,46.6
41,384,0.0000,38.0613,861.80,46.6
41,384,0.0000,40.0131,861.80,46.6
41,384,0.0000,40.9891,861.80,46.6
41,384,0.0000,39.0372,861.80,46.6
41,384,0.0000,38.0613,861.80,46.6
41,384,0.0000,40.9891,861.80,46.6
41,384,0.0000,39.0372,861.80,46.6
41,384,0.0000,40.0131,861.80,46.6
41,384,0.0000,38.0613,861.80,46.6
41,448,0.0000,40.0131,864.09,46.6
41,448,0.0000,40.9891,864.09,46.6
41,448,0.0000,42.9409,864.09,46.6
41,448,0.0000,42.9409,864.09,46.6
41,448,0.0000,40.0131,864.09,46.6
41,448,0.0000,40.9891,864.09,46.6
41,448,0.0000,43.9169,864.09,46.6
41,448,0.0000,43.9169,864.09,46.6
41,448,0.0000,39.0372,864.09,46.6
41,448,0.0000,39.0372,864.09,46.6
41,256,0.0000,37.0853,866.38,48.3
41,256,0.0000,39.0372,866.38,48.3
41,256,0.0000,38.0613,866.38,48.3
41,256,0.0000,36.1094,866.38,48.3
41,256,0.0000,39.0372,866.38,48.3
41,256,0.0000,40.0131,866.38,48.3
41,256,0.0000,37.0853,866.38,48.3
41,256,0.0000,40.0131,866.38,48.3
41,256,0.0000,40.0131,866.38,48.3
41,256,0.0000,39.0372,866.38,48.3
41,128,0.0000,37.0853,868.67,48.3
41,128,0.0000,37.0853,868.67,48.3
41,128,0.0000,35.1335,868.67,48.3
41,128,0.0000,37.0853,868.67,48.3
41,128,0.0000,34.1576,868.67,48.3
41,128,0.0000,35.1335,868.67,48.3
41,128,0.0000,34.1576,868.67,48.3
41,128,0.0000,36.1094,868.67,48.3
41,128,0.0000,35.1335,868.67,48.3
41,128,0.0000,35.1335,868.67,48.3
42,192,0.0000,34.1576,870.98,47.2
42,192,0.0000,38.0613,870.98,47.2
42,192,0.0000,38.0613,870.98,47.2
42,192,0.0000,36.1094,870.98,47.2
42,192,0.0000,37.0853,870.98,47.2
42,192,0.0000,36.1094,870.98,47.2
42,192,0.0000,36.1094,870.98,47.2
42,192,0.0000,37.0853,870.98,47.2
42,192,0.0000,35.1335,870.98,47.2
42,192,0.0000,39.0372,870.98,47.2
42,128,0.0000,36.1094,873.27,47.2
42,128,0.0000,37.0853,873.27,47.2
42,128,0.0000,36.1094,873.27,47.2
42,128,0.0000,37.0853,873.27,47.2
42,128,0.0000,38.0613,873.27,47.2
42,128,0.0000,35.1335,873.27,47.2
42,128,0.0000,37.0853,873.27,47.2
42,128,0.0000,38.0613,873.27,47.2
42,128,0.0000,36.1094,873.27,47.2
42,128,0.0000,35.1335,873.27,47.2
42,512,0.0000,40.0131,875.57,48.3
42,512,0.0000,38.0613,875.57,48.3
42,512,0.0000,39.0372,875.57,48.3
42,512,0.0000,40.9891,875.57,48.3
42,512,0.0000,41.9650,875.57,48.3
42,512,0.0000,42.9409,875.57,48.3
42,512,0.0000,41.9650,875.57,48.3
42,512,0.0000,43.9169,875.57,48.3
42,512,0.0000,41.9650,875.57,48.3
42,512,0.0000,40.0131,875.57,48.3
42,64,0.0000,33.1816,877.96,48.3
42,64,0.0000,33.1816,877.96,48.3
42,64,0.0000,39.0372,877.96,48.3
42,64,0.0000,37.0853,877.96,48.3
42,64,0.0000,35.1335,877.96,48.3
42,64,0.0000,36.1094,877.96,48.3
42,64,0.0000,33.1816,877.96,48.3
42,64,0.0000,36.1094,877.96,48.3
42,64,0.0000,36.1094,877.96,48.3
42,64,0.0000,34.1576,877.96,48.3
42,384,0.0000,41.9650,880.16,46.6
42,384,0.0000,41.9650,880.16,46.6
42,384,0.0000,40.0131,880.16,46.6
42,384,0.0000,37.0853,880.16,46.6
42,384,0.0000,41.9650,880.16,46.6
42,384,0.0000,39.0372,880.16,46.6
42,384,0.0000,40.9891,880.16,46.6
42,384,0.0000,38.0613,880.16,46.6
42,384,0.0000,40.9891,880.16,46.6
42,384,0.0000,40.0131,880.16,46.6
42,256,0.0000,38.0613,882.46,47.7
42,256,0.0000,38.0613,882.46,47.7
42,256,0.4902,40.0131,882.46,47.7
42,256,0.4902,39.0372,882.46,47.7
42,256,0.0000,38.0613,882.46,47.7
42,256,0.0000,37.0853,882.46,47.7
42,256,0.0000,38.0613,882.46,47.7
42,256,0.0000,38.0613,882.46,47.7
42,256,0.0000,38.0613,882.46,47.7
42,256,0.0000,39.0372,882.46,47.7
42,320,0.0000,38.0613,884.75,48.3
42,320,0.0000,39.0372,884.75,48.3
42,320,0.0000,37.0853,884.75,48.3
42,320,0.0000,36.1094,884.75,48.3
42,320,0.0000,38.0613,884.75,48.3
42,320,0.0000,40.9891,884.75,48.3
42,320,0.0000,40.0131,884.75,48.3
42,320,0.0000,40.9891,884.75,48.3
42,320,0.0000,38.0613,884.75,48.3
42,320,0.0000,40.0131,884.75,48.3
42,0,0.0000,36.1094,887.05,48.3
42,0,0.0000,29.2779,887.05,48.3
42,0,0.0000,36.1094,887.05,48.3
42,0,0.0000,34.1576,887.05,48.3
42,0,0.0000,35.1335,887.05,48.3
42,0,0.0000,33.1816,887.05,48.3
42,0,0.0000,35.1335,887.05,48.3
42,0,0.0000,34.1576,887.05,48.3
42,0,0.0000,35.1335,887.05,48.3
42,0,0.0000,34.1576,887.05,48.3
42,448,0.0000,40.0131,889.34,48.3
42,448,0.0000,41.9650,889.34,48.3
42,448,0.0000,41.9650,889.34,48.3
42,448,0.0000,40.9891,889.34,48.3
42,448,0.0000,41.9650,889.34,48.3
42,448,0.0000,40.0131,889.34,48.3
42,448,0.0000,40.9891,889.34,48.3
42,448,0.0000,40.9891,889.34,48.3
42,448,0.0000,39.0372,889.34,48.3
42,448,0.0000,40.9891,889.34,48.3
43,512,0.0000,38.0613,891.64,48.8
43,512,0.0000,39.0372,891.64,48.8
43,512,0.0000,40.9891,891.64,48.8
43,512,0.0000,41.9650,891.64,48.8
43,512,0.0000,41.9650,891.64,48.8
43,512,0.0000,40.9891,891.64,48.8
43,512,0.0000,41.9650,891.64,48.8
43,512,0.0000,40.9891,891.64,48.8
43,512,0.0000,40.0131,891.64,48.8
43,512,0.0000,43.9169,891.64,48.8
43,384,0.0000,39.0372,893.94,46.6
43,384,0.0000,38.0613,893.94,46.6
43,384,0.0000,41.9650,893.94,46.6
43,384,0.0000,39.0372,893.94,46.6
43,384,0.0000,40.0131,893.94,46.6
43,384,0.0000,38.0613,893.94,46.6
43,384,0.0000,40.0131,893.94,46.6
43,384,0.0000,41.9650,893.94,46.6
43,384,0.0000,38.0613,893.94,46.6
43,384,0.0000,37.0853,893.94,46.6
43,320,0.0000,40.9891,896.24,48.3
43,320,0.0000,39.0372,896.24,48.3
43,320,0.0000,40.0131,896.24,48.3
43,320,0.0000,35.1335,896.24,48.3
43,320,0.0000,38.0613,896.24,48.3
43,320,0.0000,38.0613,896.24,48.3
43,320,0.0000,40.9891,896.24,48.3
43,320,0.0000,37.0853,896.24,48.3
43,320,0.0000,41.9650,896.24,48.3
43,320,0.0000,36.1094,896.24,48.3
43,192,0.0000,36.1094,898.63,48.3
43,192,0.0000,37.0853,898.63,48.3
43,192,0.0000,37.0853,898.63,48.3
43,192,0.0000,40.9891,898.63,48.3
43,192,0.0000,35.1335,898.63,48.3
43,192,0.0000,36.1094,898.63,48.3
43,192,0.0000,40.0131,898.63,48.3
43,192,0.0000,40.0131,898.63,48.3
43,192,0.0000,35.1335,898.63,48.3
43,192,0.0000,36.1094,898.63,48.3
43,0,0.0000,33.1816,900.83,48.3
43,0,0.0000,32.2057,900.83,48.3
43,0,0.0000,34.1576,900.83,48.3
43,0,0.0000,35.1335,900.83,48.3
43,0,0.0000,31.2298,900.83,48.3
43,0,0.0000,32.2057,900.83,48.3
43,0,0.0000,35.1335,900.83,48.3
43,0,0.0000,35.1335,900.83,48.3
43,0,0.0000,35.1335,900.83,48.3
43,0,0.0000,35.1335,900.83,48.3
43,128,0.0000,36.1094,903.12,47.7
43,128,0.0000,32.2057,903.12,47.7
43,128,0.0000,36.1094,903.12,47.7
43,128,0.0000,36.1094,903.12,47.7
43,128,0.0000,38.0613,903.12,47.7
43,128,0.0000,36.1094,903.12,47.7
43,128,0.0000,37.0853,903.12,47.7
43,128,0.0000,36.1094,903.12,47.7
43,128,0.0000,35.1335,903.12,47.7
43,128,0.0000,36.1094,903.12,47.7
43,64,0.0000,38.0613,905.42,47.7
43,64,0.0000,38.0613,905.42,47.7
43,64,0.0000,35.1335,905.42,47.7
43,64,0.0000,32.2057,905.42,47.7
43,64,0.0000,34.1576,905.42,47.7
43,64,0.0000,34.1576,905.42,47.7
43,64,0.0000,36.1094,905.42,47.7
43,64,0.0000,35.1335,905.42,47.7
43,64,0.0000,37.0853,905.42,47.7
43,64,0.0000,37.0853,905.42,47.7
43,256,0.0000,40.0131,907.72,47.7
43,256,0.0000,38.0613,907.72,47.7
43,256,0.0000,40.0131,907.72,47.7
43,256,0.0000,38.0613,907.72,47.7
43,256,0.0000,34.1576,907.72,47.7
43,256,0.4902,37.0853,907.72,47.7
43,256,0.0000,39.0372,907.72,47.7
43,256,0.0000,39.0372,907.72,47.7
43,256,0.0000,40.0131,907.72,47.7
43,256,0.0000,38.0613,907.72,47.7
43,448,0.0000,42.9409,910.02,47.2
43,448,0.0000,40.9891,910.02,47.2
43,448,0.0000,41.9650,910.02,47.2
43,448,0.0000,39.0372,910.02,47.2
43,448,0.0000,40.9891,910.02,47.2
43,448,0.0000,40.9891,910.02,47.2
43,448,0.0000,39.0372,910.02,47.2
43,448,0.0000,41.9650,910.02,47.2
43,448,0.0000,39.0372,910.02,47.2
43,448,0.0000,40.9891,910.02,47.2
44,384,0.0000,39.0372,912.32,48.3
44,384,0.0000,39.0372,912.32,48.3
44,384,0.0000,40.9891,912.32,48.3
44,384,0.0000,39.0372,912.32,48.3
44,384,0.0000,40.9891,912.32,48.3
44,384,0.0000,38.0613,912.32,48.3
44,384,0.0000,37.0853,912.32,48.3
44,384,0.0000,39.0372,912.32,48.3
44,384,0.0000,40.9891,912.32,48.3
44,384,0.0000,40.9891,912.32,48.3
44,448,0.0000,41.9650,914.61,47.7
44,448,0.0000,41.9650,914.61,47.7
44,448,0.0000,42.9409,914.61,47.7
44,448,0.0000,41.9650,914.61,47.7
44,448,0.0000,41.9650,914.61,47.7
44,448,0.0000,40.9891,914.61,47.7
44,448,0.0000,42.9409,914.61,47.7
44,448,0.0000,40.9891,914.61,47.7
44,448,0.0000,41.9650,914.61,47.7
44,448,0.0000,40.0131,914.61,47.7
44,192,0.0000,36.1094,916.91,48.8
44,192,0.0000,37.0853,916.91,48.8
44,192,0.0000,36.1094,916.91,48.8
44,192,0.0000,37.0853,916.91,48.8
44,192,0.0000,36.1094,916.91,48.8
44,192,0.0000,38.0613,916.91,48.8
44,192,0.0000,32.2057,916.91,48.8
44,192,0.0000,38.0613,916.91,48.8
44,192,0.0000,36.1094,916.91,48.8
44,192,0.0000,36.1094,916.91,48.8
44,256,0.0000,38.0613,919.30,48.3
44,256,0.0000,38.0613,919.30,48.3
44,256,0.0000,40.9891,919.30,48.3
44,256,0.0000,40.0131,919.30,48.3
44,256,0.0000,36.1094,919.30,48.3
44,256,0.0000,36.1094,919.30,48.3
44,256,0.0000,37.0853,919.30,48.3
44,256,0.0000,40.0131,919.30,48.3
44,256,0.0000,39.0372,919.30,48.3
44,256,0.0000,37.0853,919.30,48.3
44,320,0.0000,40.0131,921.50,48.8
44,320,0.0000,40.0131,921.50,48.8
44,320,0.0000,41.9650,921.50,48.8
44,320,0.0000,37.0853,921.50,48.8
44,320,0.0000,41.9650,921.50,48.8
44,320,0.0000,40.0131,921.50,48.8
44,320,0.0000,36.1094,921.50,48.8
44,320,0.0000,40.0131,921.50,48.8
44,320,0.0000,40.0131,921.50,48.8
44,320,0.0000,38.0613,921.50,48.8
44,512,0.0000,41.9650,923.80,47.2
44,512,0.0000,42.9409,923.80,47.2
44,512,0.0000,37.0853,923.80,47.2
44,512,0.0000,41.9650,923.80,47.2
44,512,0.0000,42.9409,923.80,47.2
44,512,0.0000,41.9650,923.80,47.2
44,512,0.0000,38.0613,923.80,47.2
44,512,0.0000,39.0372,923.80,47.2
44,512,0.0000,41.9650,923.80,47.2
44,512,0.0000,42.9409,923.80,47.2
44,64,0.0000,36.1094,926.09,47.2
44,64,0.0000,33.1816,926.09,47.2
44,64,0.0000,36.1094,926.09,47.2
44,64,0.0000,36.1094,926.09,47.2
44,64,0.0000,34.1576,926.09,47.2
44,64,0.0000,37.0853,926.09,47.2
44,64,0.0000,33.1816,926.09,47.2
44,64,0.0000,36.1094,926.09,47.2
44,64,0.0000,38.0613,926.09,47.2
44,64,0.0000,38.0613,926.09,47.2
44,128,0.0000,39.0372,928.39,47.7
44,128,0.0000,37.0853,928.39,47.7
44,128,0.0000,34.1576,928.39,47.7
44,128,0.0000,34.1576,928.39,47.7
44,128,0.0000,35.1335,928.39,47.7
44,128,0.0000,36.1094,928.39,47.7
44,128,0.0000,35.1335,928.39,47.7
44,128,0.0000,36.1094,928.39,47.7
44,128,0.0000,38.0613,928.39,47.7
44,128,0.0000,38.0613,928.39,47.7
44,0,0.0000,32.2057,930.69,47.2
44,0,0.0000,33.1816,930.69,47.2
44,0,0.0000,35.1335,930.69,47.2
44,0,0.0000,34.1576,930.69,47.2
44,0,0.0000,34.1576,930.69,47.2
44,0,0.0000,34.1576,930.69,47.2
44,0,0.0000,33.1816,930.69,47.2
44,0,0.0000,36.1094,930.69,47.2
44,0,0.0000,35.1335,930.69,47.2
44,0,0.0000,34.1576,930.69,47.2
45,128,0.0000,38.0613,933.01,49.4
45,128,0.0000,37.0853,933.01,49.4
45,128,0.0000,35.1335,933.01,49.4
45,128,0.0000,32.2057,933.01,49.4
45,128,0.0000,36.1094,933.01,49.4
45,128,0.0000,33.1816,933.01,49.4
45,128,0.0000,35.1335,933.01,49.4
45,128,0.0000,38.0613,933.01,49.4
45,128,0.0000,35.1335,933.01,49.4
45,128,6.8628,85.8819,933.01,49.4
45,128,0.0000,35.1335,933.01,49.4
45,320,0.0000,39.0372,935.21,48.8
45,320,0.0000,40.9891,935.21,48.8
45,320,0.0000,38.0613,935.21,48.8
45,320,0.0000,35.1335,935.21,48.8
45,320,0.0000,39.0372,935.21,48.8
45,320,0.0000,38.0613,935.21,48.8
45,320,0.0000,39.0372,935.21,48.8
45,320,0.0000,40.0131,935.21,48.8
45,320,0.0000,40.9891,935.21,48.8
45,320,0.0000,40.9891,935.21,48.8
45,384,0.0000,40.9891,937.50,48.3
45,384,0.0000,39.0372,937.50,48.3
45,384,0.0000,40.9891,937.50,48.3
45,384,0.0000,39.0372,937.50,48.3
45,384,0.0000,39.0372,937.50,48.3
45,384,0.0000,40.9891,937.50,48.3
45,384,0.0000,39.0372,937.50,48.3
45,384,0.0000,39.0372,937.50,48.3
45,384,0.0000,38.0613,937.50,48.3
45,384,0.0000,40.0131,937.50,48.3
45,192,0.0000,36.1094,939.90,47.7
45,192,0.0000,37.0853,939.90,47.7
45,192,0.0000,38.0613,939.90,47.7
45,192,0.0000,39.0372,939.90,47.7
45,192,0.0000,37.0853,939.90,47.7
45,192,0.0000,36.1094,939.90,47.7
45,192,0.0000,37.0853,939.90,47.7
45,192,0.0000,37.0853,939.90,47.7
45,192,0.0000,38.0613,939.90,47.7
45,192,0.0000,36.1094,939.90,47.7
45,0,0.0000,34.1576,942.10,48.3
45,0,0.0000,34.1576,942.10,48.3
45,0,0.0000,34.1576,942.10,48.3
45,0,0.0000,36.1094,942.10,48.3
45,0,0.0000,36.1094,942.10,48.3
45,0,0.0000,32.2057,942.10,48.3
45,0,0.0000,35.1335,942.10,48.3
45,0,0.0000,36.1094,942.10,48.3
45,0,0.0000,35.1335,942.10,48.3
45,0,0.0000,35.1335,942.10,48.3
45,448,0.0000,40.0131,944.42,47.7
45,448,0.0000,40.0131,944.42,47.7
45,448,0.0000,41.9650,944.42,47.7
45,448,0.0000,41.9650,944.42,47.7
45,448,0.0000,41.9650,944.42,47.7
45,448,0.0000,52.7002,944.42,47.7
45,448,0.0000,41.9650,944.42,47.7
45,448,0.0000,41.9650,944.42,47.7
45,448,0.0000,42.9409,944.42,47.7
45,448,0.0000,39.0372,944.42,47.7
45,448,0.0000,39.0372,944.42,47.7
45,512,0.0000,43.9169,946.71,48.3
45,512,0.0000,43.9169,946.71,48.3
45,512,0.0000,38.0613,946.71,48.3
45,512,0.0000,38.0613,946.71,48.3
45,512,0.0000,44.8928,946.71,48.3
45,512,0.0000,40.9891,946.71,48.3
45,512,0.0000,41.9650,946.71,48.3
45,512,0.0000,41.9650,946.71,48.3
45,512,0.0000,42.9409,946.71,48.3
45,512,0.0000,38.0613,946.71,48.3
45,256,0.0000,37.0853,949.01,47.7
45,256,0.0000,35.1335,949.01,47.7
45,256,0.0000,38.0613,949.01,47.7
45,256,0.0000,37.0853,949.01,47.7
45,256,0.0000,36.1094,949.01,47.7
45,256,0.0000,36.1094,949.01,47.7
45,256,0.0000,39.0372,949.01,47.7
45,256,0.0000,35.1335,949.01,47.7
45,256,0.0000,38.0613,949.01,47.7
45,256,0.0000,38.0613,949.01,47.7
45,64,0.0000,37.0853,951.30,48.3
45,64,0.0000,36.1094,951.30,48.3
45,64,0.0000,35.1335,951.30,48.3
45,64,0.0000,38.0613,951.30,48.3
45,64,0.0000,34.1576,951.30,48.3
45,64,0.0000,36.1094,951.30,48.3
45,64,0.0000,38.0613,951.30,48.3
45,64,0.0000,36.1094,951.30,48.3
45,64,0.0000,37.0853,951.30,48.3
45,64,0.0000,33.1816,951.30,48.3
46,192,0.0000,36.1094,953.60,48.3
46,192,0.0000,36.1094,953.60,48.3
46,192,0.0000,39.0372,953.60,48.3
46,192,0.0000,36.1094,953.60,48.3
46,192,0.0000,35.1335,953.60,48.3
46,192,0.0000,39.0372,953.60,48.3
46,192,0.0000,37.0853,953.60,48.3
46,192,0.0000,37.0853,953.60,48.3
46,192,0.0000,38.0613,953.60,48.3
46,192,0.0000,39.0372,953.60,48.3
46,128,0.0000,34.1576,955.90,46.6
46,128,0.0000,34.1576,955.90,46.6
46,128,0.0000,37.0853,955.90,46.6
46,128,0.0000,38.0613,955.90,46.6
46,128,0.0000,38.0613,955.90,46.6
46,128,0.0000,36.1094,955.90,46.6
46,128,0.0000,38.0613,955.90,46.6
46,128,0.0000,35.1335,955.90,46.6
46,128,0.0000,36.1094,955.90,46.6
46,128,0.0000,38.0613,955.90,46.6
46,256,0.0000,40.0131,958.20,47.2
46,256,0.0000,38.0613,958.20,47.2
46,256,0.0000,40.0131,958.20,47.2
46,256,0.0000,37.0853,958.20,47.2
46,256,0.0000,40.0131,958.20,47.2
46,256,0.0000,37.0853,958.20,47.2
46,256,0.0000,38.0613,958.20,47.2
46,256,0.0000,38.0613,958.20,47.2
46,256,0.0000,38.0613,958.20,47.2
46,256,0.9804,37.0853,958.20,47.2
46,0,0.0000,36.1094,960.59,48.3
46,0,0.0000,33.1816,960.59,48.3
46,0,0.0000,30.2538,960.59,48.3
46,0,0.0000,36.1094,960.59,48.3
46,0,0.0000,32.2057,960.59,48.3
46,0,0.0000,34.1576,960.59,48.3
46,0,0.0000,33.1816,960.59,48.3
46,0,0.0000,36.1094,960.59,48.3
46,0,0.0000,32.2057,960.59,48.3
46,0,0.0000,33.1816,960.59,48.3
46,384,0.0000,36.1094,962.78,48.8
46,384,0.0000,40.0131,962.78,48.8
46,384,0.0000,39.0372,962.78,48.8
46,384,0.0000,37.0853,962.78,48.8
46,384,0.0000,39.0372,962.78,48.8
46,384,0.0000,40.0131,962.78,48.8
46,384,0.0000,41.9650,962.78,48.8
46,384,0.0000,40.0131,962.78,48.8
46,384,0.0000,42.9409,962.78,48.8
46,384,0.0000,40.9891,962.78,48.8
46,448,0.0000,40.0131,965.08,47.2
46,448,0.0000,39.0372,965.08,47.2
46,448,0.0000,40.0131,965.08,47.2
46,448,0.0000,40.9891,965.08,47.2
46,448,0.0000,40.0131,965.08,47.2
46,448,0.0000,39.0372,965.08,47.2
46,448,0.0000,40.9891,965.08,47.2
46,448,0.0000,41.9650,965.08,47.2
46,448,0.0000,40.0131,965.08,47.2
46,448,0.0000,40.9891,965.08,47.2
46,512,0.0000,41.9650,967.37,46.6
46,512,0.0000,40.9891,967.37,46.6
46,512,0.0000,40.9891,967.37,46.6
46,512,0.0000,40.9891,967.37,46.6
46,512,0.0000,43.9169,967.37,46.6
46,512,0.0000,42.9409,967.37,46.6
46,512,0.0000,40.9891,967.37,46.6
46,512,0.0000,40.9891,967.37,46.6
46,512,0.0000,41.9650,967.37,46.6
46,512,0.0000,43.9169,967.37,46.6
46,64,0.0000,35.1335,969.66,46.6
46,64,0.0000,34.1576,969.66,46.6
46,64,0.0000,34.1576,969.66,46.6
46,64,0.0000,39.0372,969.66,46.6
46,64,0.0000,33.1816,969.66,46.6
46,64,0.0000,36.1094,969.66,46.6
46,64,0.0000,36.1094,969.66,46.6
46,64,0.0000,36.1094,969.66,46.6
46,64,0.0000,34.1576,969.66,46.6
46,64,0.0000,36.1094,969.66,46.6
46,320,0.0000,37.0853,971.95,48.8
46,320,0.0000,37.0853,971.95,48.8
46,320,0.0000,36.1094,971.95,48.8
46,320,0.0000,38.0613,971.95,48.8
46,320,0.0000,40.0131,971.95,48.8
46,320,0.0000,38.0613,971.95,48.8
46,320,0.0000,39.0372,971.95,48.8
46,320,0.0000,38.0613,971.95,48.8
46,320,0.0000,39.0372,971.95,48.8
46,320,0.0000,40.9891,971.95,48.8
47,256,0.0000,35.1335,974.25,48.3
47,256,0.0000,39.0372,974.25,48.3
47,256,0.0000,37.0853,974.25,48.3
47,256,0.0000,37.0853,974.25,48.3
47,256,0.0000,38.0613,974.25,48.3
47,256,0.0000,35.1335,974.25,48.3
47,256,0.0000,40.0131,974.25,48.3
47,256,0.0000,39.0372,974.25,48.3
47,256,0.0000,37.0853,974.25,48.3
47,256,0.0000,37.0853,974.25,48.3
47,384,0.0000,40.9891,976.55,47.7
47,384,0.0000,40.9891,976.55,47.7
47,384,0.0000,40.9891,976.55,47.7
47,384,0.0000,39.0372,976.55,47.7
47,384,0.0000,38.0613,976.55,47.7
47,384,0.0000,40.9891,976.55,47.7
47,384,0.0000,43.9169,976.55,47.7
47,384,0.0000,40.9891,976.55,47.7
47,384,0.0000,41.9650,976.55,47.7
47,384,0.0000,38.0613,976.55,47.7
47,64,0.0000,37.0853,978.84,48.8
47,64,0.0000,34.1576,978.84,48.8
47,64,0.0000,35.1335,978.84,48.8
47,64,0.0000,35.1335,978.84,48.8
47,64,0.0000,33.1816,978.84,48.8
47,64,0.0000,36.1094,978.84,48.8
47,64,0.0000,38.0613,978.84,48.8
47,64,0.0000,37.0853,978.84,48.8
47,64,0.0000,35.1335,978.84,48.8
47,64,0.0000,37.0853,978.84,48.8
47,192,0.0000,37.0853,981.24,48.3
47,192,0.0000,36.1094,981.24,48.3
47,192,0.0000,36.1094,981.24,48.3
47,192,0.0000,37.0853,981.24,48.3
47,192,0.0000,40.0131,981.24,48.3
47,192,0.0000,37.0853,981.24,48.3
47,192,0.0000,38.0613,981.24,48.3
47,192,0.0000,40.9891,981.24,48.3
47,192,0.0000,38.0613,981.24,48.3
47,192,0.0000,38.0613,981.24,48.3
47,128,0.0000,38.0613,983.44,47.7
47,128,0.0000,33.1816,983.44,47.7
47,128,0.0000,37.0853,983.44,47.7
47,128,0.0000,33.1816,983.44,47.7
47,128,0.0000,35.1335,983.44,47.7
47,128,0.0000,36.1094,983.44,47.7
47,128,0.0000,37.0853,983.44,47.7
47,128,0.0000,34.1576,983.44,47.7
47,128,0.0000,33.1816,983.44,47.7
47,128,0.0000,39.0372,983.44,47.7
47,0,0.0000,31.2298,985.73,47.7
47,0,0.0000,35.1335,985.73,47.7
47,0,0.0000,33.1816,985.73,47.7
47,0,0.0000,32.2057,985.73,47.7
47,0,0.0000,35.1335,985.73,47.7
47,0,0.0000,35.1335,985.73,47.7
47,0,0.0000,32.2057,985.73,47.7
47,0,0.0000,31.2298,985.73,47.7
47,0,0.0000,32.2057,985.73,47.7
47,0,0.0000,35.1335,985.73,47.7
47,320,0.0000,38.0613,988.03,48.3
47,320,0.0000,40.0131,988.03,48.3
47,320,0.0000,40.9891,988.03,48.3
47,320,0.0000,41.9650,988.03,48.3
47,320,0.0000,37.0853,988.03,48.3
47,320,0.0000,40.9891,988.03,48.3
47,320,0.0000,35.1335,988.03,48.3
47,320,0.0000,40.0131,988.03,48.3
47,320,0.0000,40.0131,988.03,48.3
47,320,0.0000,41.9650,988.03,48.3
47,448,0.0000,40.0131,990.32,48.8
47,448,0.0000,43.9169,990.32,48.8
47,448,0.0000,41.9650,990.32,48.8
47,448,0.0000,40.0131,990.32,48.8
47,448,0.0000,43.9169,990.32,48.8
47,448,0.0000,41.9650,990.32,48.8
47,448,0.0000,40.9891,990.32,48.8
47,448,0.0000,40.0131,990.32,48.8
47,448,0.0000,43.9169,990.32,48.8
47,448,0.0000,41.9650,990.32,48.8
47,512,0.0000,40.9891,992.62,46.6
47,512,0.0000,36.1094,992.62,46.6
47,512,0.0000,38.0613,992.62,46.6
47,512,0.0000,41.9650,992.62,46.6
47,512,0.0000,38.0613,992.62,46.6
47,512,0.0000,40.9891,992.62,46.6
47,512,0.0000,41.9650,992.62,46.6
47,512,0.0000,45.8687,992.62,46.6
47,512,0.0000,44.8928,992.62,46.6
47,512,0.0000,42.9409,992.62,46.6
48,512,0.0000,41.9650,994.91,48.3
48,512,0.0000,39.0372,994.91,48.3
48,512,0.0000,42.9409,994.91,48.3
48,512,0.0000,40.9891,994.91,48.3
48,512,0.0000,40.0131,994.91,48.3
48,512,0.0000,41.9650,994.91,48.3
48,512,0.0000,41.9650,994.91,48.3
48,512,0.0000,43.9169,994.91,48.3
48,512,0.0000,42.9409,994.91,48.3
48,512,0.0000,40.0131,994.91,48.3
48,128,0.0000,35.1335,997.21,48.3
48,128,0.0000,35.1335,997.21,48.3
48,128,0.0000,36.1094,997.21,48.3
48,128,0.0000,36.1094,997.21,48.3
48,128,0.0000,36.1094,997.21,48.3
48,128,0.0000,35.1335,997.21,48.3
48,128,0.0000,38.0613,997.21,48.3
48,128,0.0000,37.0853,997.21,48.3
48,128,0.0000,37.0853,997.21,48.3
48,128,0.0000,35.1335,997.21,48.3
48,192,0.0000,38.0613,999.51,47.7
48,192,0.0000,40.9891,999.51,47.7
48,192,0.0000,35.1335,999.51,47.7
48,192,0.0000,38.0613,999.51,47.7
48,192,0.0000,36.1094,999.51,47.7
48,192,0.0000,37.0853,999.51,47.7
48,192,0.0000,38.0613,999.51,47.7
48,192,0.0000,39.0372,999.51,47.7
48,192,0.0000,40.0131,999.51,47.7
48,192,0.0000,38.0613,999.51,47.7
48,0,0.0000,33.1816,1001.90,48.3
48,0,0.0000,36.1094,1001.90,48.3
48,0,0.0000,35.1335,1001.90,48.3
48,0,0.0000,34.1576,1001.90,48.3
48,0,0.0000,33.1816,1001.90,48.3
48,0,0.0000,33.1816,1001.90,48.3
48,0,0.0000,33.1816,1001.90,48.3
48,0,0.0000,32.2057,1001.90,48.3
48,0,0.0000,35.1335,1001.90,48.3
48,0,0.0000,33.1816,1001.90,48.3
48,448,0.0000,40.9891,1004.10,47.7
48,448,0.0000,40.9891,1004.10,47.7
48,448,0.0000,40.0131,1004.10,47.7
48,448,0.0000,40.9891,1004.10,47.7
48,448,0.0000,40.0131,1004.10,47.7
48,448,0.0000,42.9409,1004.10,47.7
48,448,0.0000,40.9891,1004.10,47.7
48,448,0.0000,40.9891,1004.10,47.7
48,448,0.0000,42.9409,1004.10,47.7
48,448,0.0000,40.9891,1004.10,47.7
48,320,0.0000,39.0372,1006.40,48.3
48,320,0.0000,38.0613,1006.40,48.3
48,320,0.0000,40.0131,1006.40,48.3
48,320,0.0000,35.1335,1006.40,48.3
48,320,0.0000,37.0853,1006.40,48.3
48,320,0.0000,37.0853,1006.40,48.3
48,320,0.0000,36.1094,1006.40,48.3
48,320,0.0000,39.0372,1006.40,48.3
48,320,0.0000,37.0853,1006.40,48.3
48,320,0.0000,38.0613,1006.40,48.3
48,64,0.0000,37.0853,1008.69,48.3
48,64,0.0000,35.1335,1008.69,48.3
48,64,0.0000,36.1094,1008.69,48.3
48,64,0.0000,34.1576,1008.69,48.3
48,64,0.0000,34.1576,1008.69,48.3
48,64,0.0000,35.1335,1008.69,48.3
48,64,0.0000,35.1335,1008.69,48.3
48,64,0.0000,34.1576,1008.69,48.3
48,64,0.0000,34.1576,1008.69,48.3
48,64,0.0000,35.1335,1008.69,48.3
48,256,0.0000,39.0372,1010.99,48.3
48,256,0.0000,40.0131,1010.99,48.3
48,256,0.0000,39.0372,1010.99,48.3
48,256,0.0000,39.0372,1010.99,48.3
48,256,0.0000,36.1094,1010.99,48.3
48,256,0.0000,39.0372,1010.99,48.3
48,256,0.0000,34.1576,1010.99,48.3
48,256,0.0000,39.0372,1010.99,48.3
48,256,0.0000,39.0372,1010.99,48.3
48,256,0.0000,40.0131,1010.99,48.3
48,384,0.0000,40.0131,1013.28,48.8
48,384,0.9804,85.8819,1013.28,48.8
48,384,0.0000,39.0372,1013.28,48.8
48,384,0.0000,36.1094,1013.28,48.8
48,384,0.0000,40.9891,1013.28,48.8
48,384,0.0000,39.0372,1013.28,48.8
48,384,0.0000,37.0853,1013.28,48.8
48,384,0.0000,40.0131,1013.28,48.8
48,384,0.0000,40.0131,1013.28,48.8
48,384,0.0000,40.0131,1013.28,48.8
49,256,0.0000,37.0853,1015.58,48.3
49,256,0.0000,40.0131,1015.58,48.3
49,256,0.0000,38.0613,1015.58,48.3
49,256,0.0000,38.0613,1015.58,48.3
49,256,0.0000,38.0613,1015.58,48.3
49,256,0.0000,39.0372,1015.58,48.3
49,256,0.0000,37.0853,1015.58,48.3
49,256,0.0000,38.0613,1015.58,48.3
49,256,0.0000,36.1094,1015.58,48.3
49,256,0.0000,39.0372,1015.58,48.3
49,64,0.0000,37.0853,1017.88,48.3
49,64,0.0000,36.1094,1017.88,48.3
49,64,0.0000,36.1094,1017.88,48.3
49,64,0.0000,35.1335,1017.88,48.3
49,64,0.0000,37.0853,1017.88,48.3
49,64,0.0000,36.1094,1017.88,48.3
49,64,0.0000,36.1094,1017.88,48.3
49,64,0.0000,38.0613,1017.88,48.3
49,64,0.0000,32.2057,1017.88,48.3
49,64,0.0000,35.1335,1017.88,48.3
49,320,0.0000,40.9891,1020.18,47.2
49,320,0.0000,40.9891,1020.18,47.2
49,320,0.0000,39.0372,1020.18,47.2
49,320,0.0000,40.0131,1020.18,47.2
49,320,0.0000,39.0372,1020.18,47.2
49,320,0.0000,38.0613,1020.18,47.2
49,320,0.0000,40.9891,1020.18,47.2
49,320,0.0000,38.0613,1020.18,47.2
49,320,0.0000,37.0853,1020.18,47.2
49,320,0.0000,40.0131,1020.18,47.2
49,0,0.0000,34.1576,1022.57,47.7
49,0,0.0000,35.1335,1022.57,47.7
49,0,0.0000,36.1094,1022.57,47.7
49,0,0.0000,36.1094,1022.57,47.7
49,0,0.0000,34.1576,1022.57,47.7
49,0,0.0000,36.1094,1022.57,47.7
49,0,0.0000,34.1576,1022.57,47.7
49,0,0.0000,34.1576,1022.57,47.7
49,0,0.0000,35.1335,1022.57,47.7
49,0,0.0000,36.1094,1022.57,47.7
49,384,0.0000,40.0131,1024.89,48.3
49,384,0.0000,40.0131,1024.89,48.3
49,384,0.0000,40.0131,1024.89,48.3
49,384,0.0000,38.0613,1024.89,48.3
49,384,0.4902,99.5449,1024.89,48.3
49,384,7.8432,117.1116,1024.89,48.3
49,384,0.0000,39.0372,1024.89,48.3
49,384,0.0000,44.8928,1024.89,48.3
49,384,0.0000,39.0372,1024.89,48.3
49,384,0.0000,38.0613,1024.89,48.3
49,384,0.0000,38.0613,1024.89,48.3
49,448,0.0000,40.9891,1027.19,48.8
49,448,0.0000,40.9891,1027.19,48.8
49,448,0.0000,42.9409,1027.19,48.8
49,448,0.0000,41.9650,1027.19,48.8
49,448,0.0000,43.9169,1027.19,48.8
49,448,0.0000,41.9650,1027.19,48.8
49,448,0.0000,40.9891,1027.19,48.8
49,448,0.0000,39.0372,1027.19,48.8
49,448,0.0000,43.9169,1027.19,48.8
49,448,0.0000,41.9650,1027.19,48.8
49,192,0.0000,38.0613,1029.48,47.2
49,192,0.0000,39.0372,1029.48,47.2
49,192,0.0000,34.1576,1029.48,47.2
49,192,0.0000,38.0613,1029.48,47.2
49,192,0.0000,35.1335,1029.48,47.2
49,192,0.0000,39.0372,1029.48,47.2
49,192,0.0000,40.0131,1029.48,47.2
49,192,0.0000,37.0853,1029.48,47.2
49,192,0.0000,36.1094,1029.48,47.2
49,192,0.0000,36.1094,1029.48,47.2
49,512,0.0000,39.0372,1031.78,48.3
49,512,0.0000,41.9650,1031.78,48.3
49,512,0.0000,43.9169,1031.78,48.3
49,512,0.0000,40.0131,1031.78,48.3
49,512,0.0000,43.9169,1031.78,48.3
49,512,0.0000,44.8928,1031.78,48.3
49,512,0.0000,43.9169,1031.78,48.3
49,512,0.0000,41.9650,1031.78,48.3
49,512,0.0000,40.0131,1031.78,48.3
49,512,0.0000,40.0131,1031.78,48.3
49,128,0.0000,37.0853,1034.08,48.8
49,128,0.0000,37.0853,1034.08,48.8
49,128,0.0000,35.1335,1034.08,48.8
49,128,0.0000,38.0613,1034.08,48.8
49,128,0.0000,33.1816,1034.08,48.8
49,128,0.0000,37.0853,1034.08,48.8
49,128,0.0000,35.1335,1034.08,48.8
49,128,0.0000,37.0853,1034.08,48.8
49,128,0.0000,35.1335,1034.08,48.8
49,128,1.9608,82.9540,1034.08,48.8
50,320,0.0000,39.0372,1036.27,48.3
50,320,0.0000,38.0613,1036.27,48.3
50,320,0.0000,40.0131,1036.27,48.3
50,320,0.0000,39.0372,1036.27,48.3
50,320,0.0000,40.0131,1036.27,48.3
50,320,0.0000,41.9650,1036.27,48.3
50,320,0.0000,40.0131,1036.27,48.3
50,320,0.0000,40.0131,1036.27,48.3
50,320,0.0000,40.0131,1036.27,48.3
50,320,0.0000,39.0372,1036.27,48.3
50,192,0.0000,37.0853,1038.57,48.3
50,192,0.0000,36.1094,1038.57,48.3
50,192,0.0000,39.0372,1038.57,48.3
50,192,0.0000,36.1094,1038.57,48.3
50,192,0.0000,36.1094,1038.57,48.3
50,192,0.0000,33.1816,1038.57,48.3
50,192,0.0000,38.0613,1038.57,48.3
50,192,0.0000,37.0853,1038.57,48.3
50,192,0.0000,39.0372,1038.57,48.3
50,192,0.0000,37.0853,1038.57,48.3
50,128,0.0000,39.0372,1040.96,47.2
50,128,0.0000,37.0853,1040.96,47.2
50,128,0.0000,35.1335,1040.96,47.2
50,128,0.0000,34.1576,1040.96,47.2
50,128,0.0000,36.1094,1040.96,47.2
50,128,0.0000,36.1094,1040.96,47.2
50,128,0.0000,36.1094,1040.96,47.2
50,128,0.0000,36.1094,1040.96,47.2
50,128,0.0000,37.0853,1040.96,47.2
50,128,0.0000,34.1576,1040.96,47.2
50,256,0.0000,38.0613,1043.16,48.8
50,256,0.0000,38.0613,1043.16,48.8
50,256,0.0000,38.0613,1043.16,48.8
50,256,0.0000,39.0372,1043.16,48.8
50,256,1.4706,37.0853,1043.16,48.8
50,256,0.0000,39.0372,1043.16,48.8
50,256,0.0000,37.0853,1043.16,48.8
50,256,0.0000,39.0372,1043.16,48.8
50,256,0.0000,40.0131,1043.16,48.8
50,256,0.0000,37.0853,1043.16,48.8
50,512,0.0000,40.9891,1045.45,47.7
50,512,0.0000,43.9169,1045.45,47.7
50,512,0.0000,41.9650,1045.45,47.7
50,512,0.0000,38.0613,1045.45,47.7
50,512,0.0000,40.9891,1045.45,47.7
50,512,0.0000,42.9409,1045.45,47.7
50,512,0.0000,40.0131,1045.45,47.7
50,512,0.0000,40.9891,1045.45,47.7
50,512,0.0000,42.9409,1045.45,47.7
50,512,0.0000,42.9409,1045.45,47.7
50,0,0.0000,36.1094,1047.74,48.8
50,0,0.0000,33.1816,1047.74,48.8
50,0,0.0000,36.1094,1047.74,48.8
50,0,0.0000,36.1094,1047.74,48.8
50,0,0.0000,35.1335,1047.74,48.8
50,0,0.0000,34.1576,1047.74,48.8
50,0,0.0000,35.1335,1047.74,48.8
50,0,0.0000,34.1576,1047.74,48.8
50,0,0.0000,32.2057,1047.74,48.8
50,0,0.0000,36.1094,1047.74,48.8
50,448,0.0000,42.9409,1050.03,47.7
50,448,0.0000,42.9409,1050.03,47.7
50,448,0.0000,39.0372,1050.03,47.7
50,448,0.0000,39.0372,1050.03,47.7
50,448,0.0000,39.0372,1050.03,47.7
50,448,0.0000,38.0613,1050.03,47.7
50,448,0.0000,40.0131,1050.03,47.7
50,448,0.0000,40.9891,1050.03,47.7
50,448,0.0000,41.9650,1050.03,47.7
50,448,0.0000,41.9650,1050.03,47.7
50,64,0.0000,38.0613,1052.32,48.3
50,64,0.0000,35.1335,1052.32,48.3
50,64,0.0000,36.1094,1052.32,48.3
50,64,0.0000,35.1335,1052.32,48.3
50,64,0.0000,36.1094,1052.32,48.3
50,64,0.0000,36.1094,1052.32,48.3
50,64,0.0000,34.1576,1052.32,48.3
50,64,0.0000,34.1576,1052.32,48.3
50,64,0.0000,36.1094,1052.32,48.3
50,64,0.0000,37.0853,1052.32,48.3
50,384,0.0000,39.0372,1054.62,48.3
50,384,0.0000,39.0372,1054.62,48.3
50,384,0.0000,40.0131,1054.62,48.3
50,384,0.0000,39.0372,1054.62,48.3
50,384,0.0000,40.9891,1054.62,48.3
50,384,0.0000,40.0131,1054.62,48.3
50,384,0.0000,40.0131,1054.62,48.3
50,384,0.0000,39.0372,1054.62,48.3
50,384,0.0000,40.9891,1054.62,48.3
50,384,0.0000,40.0131,1054.62,48.3
51,64,0.0000,37.0853,1056.92,48.8
51,64,0.0000,36.1094,1056.92,48.8
51,64,0.0000,32.2057,1056.92,48.8
51,64,0.0000,35.1335,1056.92,48.8
51,64,0.0000,34.1576,1056.92,48.8
51,64,0.0000,35.1335,1056.92,48.8
51,64,0.0000,36.1094,1056.92,48.8
51,64,0.0000,34.1576,1056.92,48.8
51,64,0.0000,34.1576,1056.92,48.8
51,64,0.0000,35.1335,1056.92,48.8
51,384,0.0000,40.0131,1059.21,48.3
51,384,0.0000,38.0613,1059.21,48.3
51,384,0.0000,40.9891,1059.21,48.3
51,384,0.0000,41.9650,1059.21,48.3
51,384,0.0000,40.9891,1059.21,48.3
51,384,0.0000,40.0131,1059.21,48.3
51,384,0.0000,40.0131,1059.21,48.3
51,384,0.0000,40.9891,1059.21,48.3
51,384,0.0000,40.0131,1059.21,48.3
51,384,0.0000,39.0372,1059.21,48.3
51,320,0.0000,40.0131,1061.61,46.6
51,320,0.0000,38.0613,1061.61,46.6
51,320,0.0000,35.1335,1061.61,46.6
51,320,0.0000,42.9409,1061.61,46.6
51,320,0.0000,40.0131,1061.61,46.6
51,320,0.0000,36.1094,1061.61,46.6
51,320,0.0000,38.0613,1061.61,46.6
51,320,0.0000,39.0372,1061.61,46.6
51,320,0.0000,39.0372,1061.61,46.6
51,320,0.0000,40.0131,1061.61,46.6
51,512,0.0000,41.9650,1063.80,48.3
51,512,0.0000,39.0372,1063.80,48.3
51,512,0.0000,37.0853,1063.80,48.3
51,512,0.0000,41.9650,1063.80,48.3
51,512,0.0000,43.9169,1063.80,48.3
51,512,0.0000,40.0131,1063.80,48.3
51,512,0.0000,41.9650,1063.80,48.3
51,512,0.0000,40.9891,1063.80,48.3
51,512,0.0000,42.9409,1063.80,48.3
51,512,0.0000,39.0372,1063.80,48.3
51,256,0.0000,38.0613,1066.10,48.3
51,256,0.0000,38.0613,1066.10,48.3
51,256,0.0000,35.1335,1066.10,48.3
51,256,0.0000,38.0613,1066.10,48.3
51,256,0.0000,39.0372,1066.10,48.3
51,256,0.0000,37.0853,1066.10,48.3
51,256,0.0000,39.0372,1066.10,48.3
51,256,0.0000,39.0372,1066.10,48.3
51,256,0.0000,40.9891,1066.10,48.3
51,256,0.0000,37.0853,1066.10,48.3
51,192,0.0000,36.1094,1068.40,48.3
51,192,0.0000,37.0853,1068.40,48.3
51,192,0.0000,39.0372,1068.40,48.3
51,192,0.0000,36.1094,1068.40,48.3
51,192,0.0000,39.0372,1068.40,48.3
51,192,0.0000,37.0853,1068.40,48.3
51,192,0.0000,39.0372,1068.40,48.3
51,192,0.0000,38.0613,1068.40,48.3
51,192,0.0000,36.1094,1068.40,48.3
51,192,0.0000,36.1094,1068.40,48.3
51,128,0.0000,36.1094,1070.69,47.2
51,128,0.0000,33.1816,1070.69,47.2
51,128,0.0000,36.1094,1070.69,47.2
51,128,0.0000,36.1094,1070.69,47.2
51,128,0.0000,38.0613,1070.69,47.2
51,128,0.0000,33.1816,1070.69,47.2
51,128,0.0000,36.1094,1070.69,47.2
51,128,0.0000,33.1816,1070.69,47.2
51,128,0.0000,35.1335,1070.69,47.2
51,128,0.0000,35.1335,1070.69,47.2
51,0,0.0000,36.1094,1072.99,48.8
51,0,0.0000,32.2057,1072.99,48.8
51,0,0.0000,35.1335,1072.99,48.8
51,0,0.0000,36.1094,1072.99,48.8
51,0,0.0000,34.1576,1072.99,48.8
51,0,0.0000,34.1576,1072.99,48.8
51,0,0.0000,33.1816,1072.99,48.8
51,0,0.0000,32.2057,1072.99,48.8
51,0,0.0000,33.1816,1072.99,48.8
51,0,0.0000,31.2298,1072.99,48.8
51,448,0.0000,41.9650,1075.28,47.2
51,448,0.0000,45.8687,1075.28,47.2
51,448,0.0000,40.9891,1075.28,47.2
51,448,0.0000,40.0131,1075.28,47.2
51,448,0.0000,40.0131,1075.28,47.2
51,448,0.0000,41.9650,1075.28,47.2
51,448,0.0000,40.9891,1075.28,47.2
51,448,0.0000,41.9650,1075.28,47.2
51,448,0.0000,40.0131,1075.28,47.2
51,448,0.0000,42.9409,1075.28,47.2
52,192,0.0000,39.0372,1077.58,47.2
52,192,0.0000,40.0131,1077.58,47.2
52,192,0.0000,35.1335,1077.58,47.2
52,192,0.0000,39.0372,1077.58,47.2
52,192,0.0000,37.0853,1077.58,47.2
52,192,0.0000,40.0131,1077.58,47.2
52,192,0.0000,40.0131,1077.58,47.2
52,192,0.0000,37.0853,1077.58,47.2
52,192,0.0000,38.0613,1077.58,47.2
52,192,0.0000,38.0613,1077.58,47.2
52,320,0.0000,40.9891,1079.88,48.3
52,320,0.0000,41.9650,1079.88,48.3
52,320,0.0000,39.0372,1079.88,48.3
52,320,0.0000,41.9650,1079.88,48.3
52,320,0.0000,41.9650,1079.88,48.3
52,320,0.0000,41.9650,1079.88,48.3
52,320,0.0000,39.0372,1079.88,48.3
52,320,0.0000,37.0853,1079.88,48.3
52,320,0.0000,40.0131,1079.88,48.3
52,320,0.0000,39.0372,1079.88,48.3
52,0,0.0000,36.1094,1082.28,48.3
52,0,0.0000,33.1816,1082.28,48.3
52,0,0.0000,32.2057,1082.28,48.3
52,0,0.0000,34.1576,1082.28,48.3
52,0,0.0000,33.1816,1082.28,48.3
52,0,0.0000,33.1816,1082.28,48.3
52,0,0.0000,33.1816,1082.28,48.3
52,0,0.0000,34.1576,1082.28,48.3
52,0,0.0000,34.1576,1082.28,48.3
52,0,0.0000,33.1816,1082.28,48.3
52,128,0.0000,36.1094,1084.47,48.3
52,128,0.0000,35.1335,1084.47,48.3
52,128,0.0000,37.0853,1084.47,48.3
52,128,0.0000,34.1576,1084.47,48.3
52,128,0.0000,37.0853,1084.47,48.3
52,128,0.0000,38.0613,1084.47,48.3
52,128,0.0000,38.0613,1084.47,48.3
52,128,0.0000,36.1094,1084.47,48.3
52,128,0.0000,35.1335,1084.47,48.3
52,128,0.0000,36.1094,1084.47,48.3
52,448,0.0000,41.9650,1086.77,48.3
52,448,0.0000,42.9409,1086.77,48.3
52,448,0.0000,40.9891,1086.77,48.3
52,448,0.0000,40.9891,1086.77,48.3
52,448,0.0000,37.0853,1086.77,48.3
52,448,0.0000,40.0131,1086.77,48.3
52,448,0.0000,38.0613,1086.77,48.3
52,448,0.0000,41.9650,1086.77,48.3
52,448,0.0000,40.9891,1086.77,48.3
52,448,0.0000,40.0131,1086.77,48.3
52,384,0.0000,40.9891,1089.06,48.3
52,384,0.0000,40.9891,1089.06,48.3
52,384,0.0000,39.0372,1089.06,48.3
52,384,0.0000,40.0131,1089.06,48.3
52,384,0.0000,40.0131,1089.06,48.3
52,384,0.0000,36.1094,1089.06,48.3
52,384,0.0000,40.9891,1089.06,48.3
52,384,0.0000,41.9650,1089.06,48.3
52,384,0.0000,40.9891,1089.06,48.3
52,384,0.0000,39.0372,1089.06,48.3
52,64,0.0000,36.1094,1091.36,47.7
52,64,0.0000,36.1094,1091.36,47.7
52,64,0.0000,35.1335,1091.36,47.7
52,64,0.0000,37.0853,1091.36,47.7
52,64,0.0000,38.0613,1091.36,47.7
52,64,0.0000,35.1335,1091.36,47.7
52,64,0.0000,36.1094,1091.36,47.7
52,64,0.0000,33.1816,1091.36,47.7
52,64,0.0000,33.1816,1091.36,47.7
52,64,0.0000,35.1335,1091.36,47.7
52,512,0.0000,40.9891,1093.66,48.8
52,512,0.0000,40.0131,1093.66,48.8
52,512,0.0000,40.0131,1093.66,48.8
52,512,0.0000,43.9169,1093.66,48.8
52,512,0.0000,39.0372,1093.66,48.8
52,512,0.0000,40.9891,1093.66,48.8
52,512,0.0000,42.9409,1093.66,48.8
52,512,0.0000,42.9409,1093.66,48.8
52,512,0.0000,39.0372,1093.66,48.8
52,512,0.0000,40.0131,1093.66,48.8
52,256,0.0000,41.9650,1095.95,47.7
52,256,0.0000,38.0613,1095.95,47.7
52,256,0.0000,37.0853,1095.95,47.7
52,256,0.0000,39.0372,1095.95,47.7
52,256,0.0000,36.1094,1095.95,47.7
52,256,0.0000,40.9891,1095.95,47.7
52,256,0.0000,37.0853,1095.95,47.7
52,256,0.0000,37.0853,1095.95,47.7
52,256,0.0000,41.9650,1095.95,47.7
52,256,0.0000,37.0853,1095.95,47.7
53,192,0.0000,38.0613,1098.25,48.3
53,192,0.0000,37.0853,1098.25,48.3
53,192,0.0000,38.0613,1098.25,48.3
53,192,0.0000,38.0613,1098.25,48.3
53,192,0.0000,35.1335,1098.25,48.3
53,192,0.0000,40.0131,1098.25,48.3
53,192,0.0000,40.9891,1098.25,48.3
53,192,0.0000,37.0853,1098.25,48.3
53,192,0.0000,37.0853,1098.25,48.3
53,192,0.0000,38.0613,1098.25,48.3
53,64,0.0000,35.1335,1100.55,47.2
53,64,0.0000,34.1576,1100.55,47.2
53,64,0.0000,35.1335,1100.55,47.2
53,64,0.0000,34.1576,1100.55,47.2
53,64,0.0000,34.1576,1100.55,47.2
53,64,0.0000,36.1094,1100.55,47.2
53,64,0.0000,36.1094,1100.55,47.2
53,64,0.0000,33.1816,1100.55,47.2
53,64,0.0000,35.1335,1100.55,47.2
53,64,0.0000,34.1576,1100.55,47.2
53,0,0.0000,31.2298,1102.94,48.8
53,0,0.0000,33.1816,1102.94,48.8
53,0,0.0000,36.1094,1102.94,48.8
53,0,0.0000,37.0853,1102.94,48.8
53,0,0.0000,35.1335,1102.94,48.8
53,0,0.0000,33.1816,1102.94,48.8
53,0,0.0000,33.1816,1102.94,48.8
53,0,0.0000,32.2057,1102.94,48.8
53,0,0.0000,36.1094,1102.94,48.8
53,0,0.0000,33.1816,1102.94,48.8
53,128,0.0000,37.0853,1105.14,48.8
53,128,0.0000,37.0853,1105.14,48.8
53,128,0.0000,37.0853,1105.14,48.8
53,128,0.0000,39.0372,1105.14,48.8
53,128,0.0000,34.1576,1105.14,48.8
53,128,0.0000,33.1816,1105.14,48.8
53,128,0.0000,35.1335,1105.14,48.8
53,128,0.0000,35.1335,1105.14,48.8
53,128,0.0000,36.1094,1105.14,48.8
53,128,0.0000,37.0853,1105.14,48.8
53,448,0.0000,40.0131,1107.44,46.6
53,448,0.0000,40.9891,1107.44,46.6
53,448,0.0000,40.0131,1107.44,46.6
53,448,0.0000,41.9650,1107.44,46.6
53,448,0.0000,39.0372,1107.44,46.6
53,448,0.0000,40.9891,1107.44,46.6
53,448,0.0000,40.0131,1107.44,46.6
53,448,0.0000,40.0131,1107.44,46.6
53,448,0.0000,40.9891,1107.44,46.6
53,448,0.0000,41.9650,1107.44,46.6
53,384,0.0000,40.9891,1109.73,48.3
53,384,0.0000,42.9409,1109.73,48.3
53,384,0.0000,41.9650,1109.73,48.3
53,384,0.0000,39.0372,1109.73,48.3
53,384,0.0000,40.0131,1109.73,48.3
53,384,0.0000,40.9891,1109.73,48.3
53,384,0.0000,40.9891,1109.73,48.3
53,384,0.0000,40.9891,1109.73,48.3
53,384,0.0000,40.0131,1109.73,48.3
53,384,0.0000,40.9891,1109.73,48.3
53,512,0.0000,40.0131,1112.03,48.3
53,512,0.0000,41.9650,1112.03,48.3
53,512,0.0000,42.9409,1112.03,48.3
53,512,0.0000,42.9409,1112.03,48.3
53,512,0.0000,41.9650,1112.03,48.3
53,512,0.0000,40.9891,1112.03,48.3
53,512,0.0000,40.9891,1112.03,48.3
53,512,0.0000,42.9409,1112.03,48.3
53,512,0.0000,41.9650,1112.03,48.3
53,512,0.0000,38.0613,1112.03,48.3
53,320,0.0000,40.0131,1114.32,47.2
53,320,0.0000,40.0131,1114.32,47.2
53,320,0.0000,41.9650,1114.32,47.2
53,320,0.0000,41.9650,1114.32,47.2
53,320,0.0000,39.0372,1114.32,47.2
53,320,0.0000,39.0372,1114.32,47.2
53,320,0.0000,38.0613,1114.32,47.2
53,320,0.0000,40.9891,1114.32,47.2
53,320,3.4314,73.1947,1114.32,47.2
53,320,0.0000,40.9891,1114.32,47.2
53,256,10.2942,130.7746,1116.64,48.8
53,256,0.0000,37.0853,1116.64,48.8
53,256,0.0000,36.1094,1116.64,48.8
53,256,0.0000,36.1094,1116.64,48.8
53,256,0.0000,40.9891,1116.64,48.8
53,256,0.0000,38.0613,1116.64,48.8
53,256,0.0000,37.0853,1116.64,48.8
53,256,0.0000,37.0853,1116.64,48.8
53,256,0.0000,39.0372,1116.64,48.8
53,256,0.0000,38.0613,1116.64,48.8
53,256,0.0000,38.0613,1116.64,48.8
54,0,0.0000,35.1335,1118.94,48.3
54,0,0.0000,33.1816,1118.94,48.3
54,0,0.0000,35.1335,1118.94,48.3
54,0,0.0000,31.2298,1118.94,48.3
54,0,0.0000,38.0613,1118.94,48.3
54,0,0.0000,33.1816,1118.94,48.3
54,0,0.0000,32.2057,1118.94,48.3
54,0,0.0000,35.1335,1118.94,48.3
54,0,0.0000,33.1816,1118.94,48.3
54,0,0.0000,34.1576,1118.94,48.3
54,512,0.0000,40.9891,1121.24,48.3
54,512,0.0000,40.0131,1121.24,48.3
54,512,0.0000,43.9169,1121.24,48.3
54,512,0.0000,40.0131,1121.24,48.3
54,512,0.0000,40.9891,1121.24,48.3
54,512,0.0000,41.9650,1121.24,48.3
54,512,0.0000,41.9650,1121.24,48.3
54,512,0.0000,39.0372,1121.24,48.3
54,512,0.0000,42.9409,1121.24,48.3
54,512,0.0000,42.9409,1121.24,48.3
54,192,0.0000,37.0853,1123.63,48.3
54,192,0.0000,38.0613,1123.63,48.3
54,192,0.0000,37.0853,1123.63,48.3
54,192,0.0000,34.1576,1123.63,48.3
54,192,0.0000,38.0613,1123.63,48.3
54,192,0.0000,37.0853,1123.63,48.3
54,192,0.0000,35.1335,1123.63,48.3
54,192,0.0000,40.0131,1123.63,48.3
54,192,0.0000,38.0613,1123.63,48.3
54,192,0.0000,38.0613,1123.63,48.3
54,64,0.0000,36.1094,1125.83,48.3
54,64,0.0000,33.1816,1125.83,48.3
54,64,0.0000,36.1094,1125.83,48.3
54,64,0.0000,37.0853,1125.83,48.3
54,64,0.0000,35.1335,1125.83,48.3
54,64,0.0000,36.1094,1125.83,48.3
54,64,0.0000,34.1576,1125.83,48.3
54,64,0.0000,36.1094,1125.83,48.3
54,64,0.0000,39.0372,1125.83,48.3
54,64,0.0000,37.0853,1125.83,48.3
54,448,0.0000,41.9650,1128.12,47.2
54,448,0.0000,40.0131,1128.12,47.2
54,448,0.0000,39.0372,1128.12,47.2
54,448,0.0000,40.9891,1128.12,47.2
54,448,0.0000,39.0372,1128.12,47.2
54,448,0.0000,38.0613,1128.12,47.2
54,448,0.0000,40.9891,1128.12,47.2
54,448,0.0000,42.9409,1128.12,47.2
54,448,0.0000,41.9650,1128.12,47.2
54,448,0.0000,40.0131,1128.12,47.2
54,384,0.0000,40.9891,1130.42,48.3
54,384,0.0000,38.0613,1130.42,48.3
54,384,0.0000,40.0131,1130.42,48.3
54,384,0.0000,41.9650,1130.42,48.3
54,384,0.0000,39.0372,1130.42,48.3
54,384,0.0000,40.0131,1130.42,48.3
54,384,0.0000,40.0131,1130.42,48.3
54,384,0.0000,39.0372,1130.42,48.3
54,384,0.0000,40.0131,1130.42,48.3
54,384,0.0000,40.0131,1130.42,48.3
54,128,0.0000,34.1576,1132.72,48.3
54,128,0.0000,33.1816,1132.72,48.3
54,128,0.0000,35.1335,1132.72,48.3
54,128,0.0000,37.0853,1132.72,48.3
54,128,0.0000,36.1094,1132.72,48.3
54,128,0.0000,38.0613,1132.72,48.3
54,128,0.0000,40.0131,1132.72,48.3
54,128,0.0000,36.1094,1132.72,48.3
54,128,0.0000,37.0853,1132.72,48.3
54,128,0.0000,39.0372,1132.72,48.3
54,320,0.0000,38.0613,1135.02,48.3
54,320,0.0000,39.0372,1135.02,48.3
54,320,0.0000,40.0131,1135.02,48.3
54,320,0.0000,40.9891,1135.02,48.3
54,320,0.0000,37.0853,1135.02,48.3
54,320,0.0000,38.0613,1135.02,48.3
54,320,0.0000,40.0131,1135.02,48.3
54,320,0.0000,43.9169,1135.02,48.3
54,320,0.0000,36.1094,1135.02,48.3
54,320,0.0000,39.0372,1135.02,48.3
54,256,0.0000,40.0131,1137.31,48.8
54,256,0.0000,37.0853,1137.31,48.8
54,256,0.0000,40.0131,1137.31,48.8
54,256,0.0000,39.0372,1137.31,48.8
54,256,0.0000,37.0853,1137.31,48.8
54,256,0.0000,38.0613,1137.31,48.8
54,256,0.0000,34.1576,1137.31,48.8
54,256,0.0000,38.0613,1137.31,48.8
54,256,0.0000,38.0613,1137.31,48.8
54,256,0.0000,38.0613,1137.31,48.8
55,64,0.0000,35.1335,1139.61,48.3
55,64,0.0000,35.1335,1139.61,48.3
55,64,0.0000,36.1094,1139.61,48.3
55,64,0.0000,32.2057,1139.61,48.3
55,64,0.0000,34.1576,1139.61,48.3
55,64,0.0000,37.0853,1139.61,48.3
55,64,0.0000,34.1576,1139.61,48.3
55,64,0.0000,35.1335,1139.61,48.3
55,64,0.0000,36.1094,1139.61,48.3
55,64,0.0000,33.1816,1139.61,48.3
55,192,0.0000,40.0131,1141.90,48.3
55,192,0.0000,39.0372,1141.90,48.3
55,192,0.0000,36.1094,1141.90,48.3
55,192,0.0000,37.0853,1141.90,48.3
55,192,0.0000,37.0853,1141.90,48.3
55,192,0.0000,37.0853,1141.90,48.3
55,192,0.0000,36.1094,1141.90,48.3
55,192,0.0000,37.0853,1141.90,48.3
55,192,0.0000,38.0613,1141.90,48.3
55,192,0.0000,38.0613,1141.90,48.3
55,384,0.9804,40.0131,1144.30,48.3
55,384,0.0000,40.0131,1144.30,48.3
55,384,0.0000,40.0131,1144.30,48.3
55,384,0.0000,38.0613,1144.30,48.3
55,384,0.0000,38.0613,1144.30,48.3
55,384,0.0000,39.0372,1144.30,48.3
55,384,0.0000,41.9650,1144.30,48.3
55,384,0.0000,40.9891,1144.30,48.3
55,384,0.0000,42.9409,1144.30,48.3
55,384,0.0000,39.0372,1144.30,48.3
55,512,0.0000,41.9650,1146.49,47.7
55,512,0.0000,42.9409,1146.49,47.7
55,512,0.0000,41.9650,1146.49,47.7
55,512,0.0000,39.0372,1146.49,47.7
55,512,0.0000,40.9891,1146.49,47.7
55,512,0.0000,39.0372,1146.49,47.7
55,512,0.0000,40.0131,1146.49,47.7
55,512,0.0000,43.9169,1146.49,47.7
55,512,0.0000,44.8928,1146.49,47.7
55,512,0.0000,39.0372,1146.49,47.7
55,0,0.0000,36.1094,1148.78,48.3
55,0,0.0000,33.1816,1148.78,48.3
55,0,0.0000,36.1094,1148.78,48.3
55,0,0.0000,34.1576,1148.78,48.3
55,0,0.0000,32.2057,1148.78,48.3
55,0,0.0000,32.2057,1148.78,48.3
55,0,0.0000,36.1094,1148.78,48.3
55,0,0.0000,33.1816,1148.78,48.3
55,0,0.0000,32.2057,1148.78,48.3
55,0,0.0000,32.2057,1148.78,48.3
55,320,0.0000,40.0131,1151.08,48.3
55,320,0.0000,39.0372,1151.08,48.3
55,320,0.0000,40.0131,1151.08,48.3
55,320,0.0000,40.0131,1151.08,48.3
55,320,0.0000,38.0613,1151.08,48.3
55,320,0.0000,39.0372,1151.08,48.3
55,320,0.0000,37.0853,1151.08,48.3
55,320,0.0000,40.0131,1151.08,48.3
55,320,0.0000,40.0131,1151.08,48.3
55,320,0.0000,40.9891,1151.08,48.3
55,448,0.0000,41.9650,1153.37,47.7
55,448,0.0000,40.9891,1153.37,47.7
55,448,0.0000,39.0372,1153.37,47.7
55,448,0.0000,40.9891,1153.37,47.7
55,448,0.0000,41.9650,1153.37,47.7
55,448,0.0000,41.9650,1153.37,47.7
55,448,0.0000,39.0372,1153.37,47.7
55,448,0.0000,41.9650,1153.37,47.7
55,448,0.0000,42.9409,1153.37,47.7
55,448,0.0000,40.9891,1153.37,47.7
55,128,0.0000,35.1335,1155.66,48.8
55,128,0.0000,33.1816,1155.66,48.8
55,128,0.0000,35.1335,1155.66,48.8
55,128,0.0000,36.1094,1155.66,48.8
55,128,0.0000,36.1094,1155.66,48.8
55,128,0.0000,37.0853,1155.66,48.8
55,128,0.0000,37.0853,1155.66,48.8
55,128,0.0000,37.0853,1155.66,48.8
55,128,0.0000,37.0853,1155.66,48.8
55,128,0.0000,34.1576,1155.66,48.8
55,256,0.0000,39.0372,1157.96,48.3
55,256,0.0000,38.0613,1157.96,48.3
55,256,0.0000,39.0372,1157.96,48.3
55,256,0.0000,40.0131,1157.96,48.3
55,256,0.0000,37.0853,1157.96,48.3
55,256,0.0000,37.0853,1157.96,48.3
55,256,0.0000,35.1335,1157.96,48.3
55,256,0.0000,39.0372,1157.96,48.3
55,256,0.0000,38.0613,1157.96,48.3
55,256,0.0000,38.0613,1157.96,48.3
56,0,0.0000,34.1576,1160.25,48.3
56,0,0.0000,32.2057,1160.25,48.3
56,0,0.0000,35.1335,1160.25,48.3
56,0,0.0000,36.1094,1160.25,48.3
56,0,0.0000,35.1335,1160.25,48.3
56,0,0.0000,32.2057,1160.25,48.3
56,0,0.0000,33.1816,1160.25,48.3
56,0,0.0000,37.0853,1160.25,48.3
56,0,0.0000,33.1816,1160.25,48.3
56,0,0.0000,34.1576,1160.25,48.3
56,128,0.0000,37.0853,1162.67,47.7
56,128,0.0000,35.1335,1162.67,47.7
56,128,0.0000,36.1094,1162.67,47.7
56,128,0.0000,37.0853,1162.67,47.7
56,128,0.0000,36.1094,1162.67,47.7
56,128,0.0000,36.1094,1162.67,47.7
56,128,0.0000,36.1094,1162.67,47.7
56,128,0.0000,34.1576,1162.67,47.7
56,128,0.0000,38.0613,1162.67,47.7
56,128,0.0000,36.1094,1162.67,47.7
56,128,0.0000,31.2298,1162.67,47.7
56,256,0.0000,40.0131,1164.97,47.7
56,256,0.0000,38.0613,1164.97,47.7
56,256,0.0000,35.1335,1164.97,47.7
56,256,0.0000,36.1094,1164.97,47.7
56,256,0.0000,41.9650,1164.97,47.7
56,256,0.0000,36.1094,1164.97,47.7
56,256,0.0000,41.9650,1164.97,47.7
56,256,0.0000,37.0853,1164.97,47.7
56,256,0.0000,37.0853,1164.97,47.7
56,256,0.0000,37.0853,1164.97,47.7
56,64,0.0000,35.1335,1167.26,47.7
56,64,0.0000,32.2057,1167.26,47.7
56,64,0.0000,35.1335,1167.26,47.7
56,64,0.0000,30.2538,1167.26,47.7
56,64,0.0000,35.1335,1167.26,47.7
56,64,0.0000,37.0853,1167.26,47.7
56,64,0.0000,37.0853,1167.26,47.7
56,64,0.0000,33.1816,1167.26,47.7
56,64,0.0000,38.0613,1167.26,47.7
56,64,0.0000,35.1335,1167.26,47.7
56,512,0.0000,40.9891,1169.56,46.6
56,512,0.0000,40.9891,1169.56,46.6
56,512,0.0000,40.9891,1169.56,46.6
56,512,0.0000,43.9169,1169.56,46.6
56,512,0.0000,38.0613,1169.56,46.6
56,512,0.0000,40.9891,1169.56,46.6
56,512,0.0000,39.0372,1169.56,46.6
56,512,0.0000,42.9409,1169.56,46.6
56,512,0.0000,42.9409,1169.56,46.6
56,512,0.0000,41.9650,1169.56,46.6
56,192,0.0000,40.0131,1171.86,48.8
56,192,0.0000,38.0613,1171.86,48.8
56,192,0.0000,40.0131,1171.86,48.8
56,192,0.0000,36.1094,1171.86,48.8
56,192,0.0000,39.0372,1171.86,48.8
56,192,0.0000,35.1335,1171.86,48.8
56,192,0.0000,39.0372,1171.86,48.8
56,192,0.0000,39.0372,1171.86,48.8
56,192,0.0000,39.0372,1171.86,48.8
56,192,0.0000,39.0372,1171.86,48.8
56,384,0.0000,40.9891,1174.15,48.3
56,384,0.0000,40.0131,1174.15,48.3
56,384,0.0000,38.0613,1174.15,48.3
56,384,0.0000,40.0131,1174.15,48.3
56,384,0.0000,40.0131,1174.15,48.3
56,384,0.0000,40.0131,1174.15,48.3
56,384,0.0000,41.9650,1174.15,48.3
56,384,0.0000,40.9891,1174.15,48.3
56,384,0.0000,42.9409,1174.15,48.3
56,384,0.0000,39.0372,1174.15,48.3
56,448,0.0000,39.0372,1176.45,48.8
56,448,0.0000,42.9409,1176.45,48.8
56,448,0.0000,41.9650,1176.45,48.8
56,448,0.0000,40.9891,1176.45,48.8
56,448,0.0000,39.0372,1176.45,48.8
56,448,0.0000,40.9891,1176.45,48.8
56,448,0.0000,41.9650,1176.45,48.8
56,448,0.0000,41.9650,1176.45,48.8
56,448,0.0000,43.9169,1176.45,48.8
56,448,0.0000,40.9891,1176.45,48.8
56,320,0.0000,41.9650,1178.74,48.3
56,320,0.0000,40.9891,1178.74,48.3
56,320,0.0000,40.0131,1178.74,48.3
56,320,0.9804,40.0131,1178.74,48.3
56,320,0.0000,40.9891,1178.74,48.3
56,320,0.0000,40.0131,1178.74,48.3
56,320,0.0000,41.9650,1178.74,48.3
56,320,0.0000,40.9891,1178.74,48.3
56,320,0.0000,39.0372,1178.74,48.3
56,320,0.0000,40.0131,1178.74,48.3
57,448,0.0000,40.0131,1181.04,48.3
57,448,0.0000,40.0131,1181.04,48.3
57,448,0.0000,42.9409,1181.04,48.3
57,448,0.0000,40.9891,1181.04,48.3
57,448,0.0000,40.9891,1181.04,48.3
57,448,0.0000,40.9891,1181.04,48.3
57,448,0.0000,42.9409,1181.04,48.3
57,448,0.0000,40.9891,1181.04,48.3
57,448,0.0000,41.9650,1181.04,48.3
57,448,0.0000,41.9650,1181.04,48.3
57,64,0.0000,37.0853,1183.44,48.8
57,64,0.0000,35.1335,1183.44,48.8
57,64,0.0000,35.1335,1183.44,48.8
57,64,0.0000,35.1335,1183.44,48.8
57,64,0.0000,35.1335,1183.44,48.8
57,64,0.0000,36.1094,1183.44,48.8
57,64,0.0000,36.1094,1183.44,48.8
57,64,0.0000,32.2057,1183.44,48.8
57,64,0.0000,34.1576,1183.44,48.8
57,64,0.0000,34.1576,1183.44,48.8
57,256,0.0000,34.1576,1185.63,48.8
57,256,0.0000,37.0853,1185.63,48.8
57,256,0.0000,37.0853,1185.63,48.8
57,256,0.0000,37.0853,1185.63,48.8
57,256,0.0000,38.0613,1185.63,48.8
57,256,0.0000,37.0853,1185.63,48.8
57,256,0.0000,39.0372,1185.63,48.8
57,256,0.0000,37.0853,1185.63,48.8
57,256,0.0000,34.1576,1185.63,48.8
57,256,0.0000,39.0372,1185.63,48.8
57,128,0.0000,37.0853,1187.93,47.2
57,128,0.0000,37.0853,1187.93,47.2
57,128,0.0000,37.0853,1187.93,47.2
57,128,0.0000,37.0853,1187.93,47.2
57,128,0.0000,37.0853,1187.93,47.2
57,128,0.0000,37.0853,1187.93,47.2
57,128,0.0000,38.0613,1187.93,47.2
57,128,0.0000,37.0853,1187.93,47.2
57,128,0.0000,36.1094,1187.93,47.2
57,128,0.0000,35.1335,1187.93,47.2
57,320,0.0000,39.0372,1190.22,47.2
57,320,0.0000,40.0131,1190.22,47.2
57,320,0.0000,40.9891,1190.22,47.2
57,320,0.0000,37.0853,1190.22,47.2
57,320,0.4902,39.0372,1190.22,47.2
57,320,0.0000,40.9891,1190.22,47.2
57,320,0.0000,40.9891,1190.22,47.2
57,320,0.0000,40.0131,1190.22,47.2
57,320,0.0000,39.0372,1190.22,47.2
57,320,0.0000,38.0613,1190.22,47.2
57,192,0.0000,39.0372,1192.52,48.3
57,192,0.0000,36.1094,1192.52,48.3
57,192,0.0000,39.0372,1192.52,48.3
57,192,0.0000,40.0131,1192.52,48.3
57,192,0.0000,36.1094,1192.52,48.3
57,192,0.0000,38.0613,1192.52,48.3
57,192,0.0000,37.0853,1192.52,48.3
57,192,0.0000,35.1335,1192.52,48.3
57,192,0.0000,40.9891,1192.52,48.3
57,192,0.0000,36.1094,1192.52,48.3
57,384,0.0000,40.0131,1194.82,47.2
57,384,0.0000,40.0131,1194.82,47.2
57,384,0.0000,41.9650,1194.82,47.2
57,384,0.0000,40.0131,1194.82,47.2
57,384,0.0000,40.0131,1194.82,47.2
57,384,0.0000,39.0372,1194.82,47.2
57,384,0.0000,39.0372,1194.82,47.2
57,384,0.0000,40.0131,1194.82,47.2
57,384,0.0000,39.0372,1194.82,47.2
57,384,0.0000,39.0372,1194.82,47.2
57,0,0.0000,33.1816,1197.11,48.3
57,0,0.0000,34.1576,1197.11,48.3
57,0,0.0000,33.1816,1197.11,48.3
57,0,0.0000,35.1335,1197.11,48.3
57,0,0.0000,35.1335,1197.11,48.3
57,0,0.0000,34.1576,1197.11,48.3
57,0,0.0000,32.2057,1197.11,48.3
57,0,0.0000,32.2057,1197.11,48.3
57,0,0.0000,33.1816,1197.11,48.3
57,0,0.0000,34.1576,1197.11,48.3
57,512,0.0000,41.9650,1199.41,48.8
57,512,0.0000,43.9169,1199.41,48.8
57,512,0.0000,40.9891,1199.41,48.8
57,512,0.0000,40.9891,1199.41,48.8
57,512,0.0000,39.0372,1199.41,48.8
57,512,0.0000,40.9891,1199.41,48.8
57,512,0.0000,40.0131,1199.41,48.8
57,512,0.0000,40.9891,1199.41,48.8
57,512,0.0000,41.9650,1199.41,48.8
57,512,0.0000,38.0613,1199.41,48.8
58,0,0.0000,34.1576,1201.71,48.3
58,0,0.0000,35.1335,1201.71,48.3
58,0,0.0000,33.1816,1201.71,48.3
58,0,0.0000,35.1335,1201.71,48.3
58,0,0.0000,33.1816,1201.71,48.3
58,0,0.0000,31.2298,1201.71,48.3
58,0,0.0000,33.1816,1201.71,48.3
58,0,0.0000,32.2057,1201.71,48.3
58,0,0.0000,34.1576,1201.71,48.3
58,0,0.0000,32.2057,1201.71,48.3
58,448,0.0000,40.9891,1204.10,48.8
58,448,0.0000,43.9169,1204.10,48.8
58,448,0.0000,40.0131,1204.10,48.8
58,448,0.0000,38.0613,1204.10,48.8
58,448,0.0000,40.9891,1204.10,48.8
58,448,0.0000,40.9891,1204.10,48.8
58,448,0.0000,41.9650,1204.10,48.8
58,448,0.0000,42.9409,1204.10,48.8
58,448,0.0000,42.9409,1204.10,48.8
58,448,0.0000,40.9891,1204.10,48.8
58,64,0.0000,35.1335,1206.33,48.3
58,64,0.0000,35.1335,1206.33,48.3
58,64,0.0000,34.1576,1206.33,48.3
58,64,0.0000,70.2670,1206.33,48.3
58,64,0.0000,35.1335,1206.33,48.3
58,64,0.4902,68.3151,1206.33,48.3
58,64,6.8628,115.1597,1206.33,48.3
58,64,0.0000,37.0853,1206.33,48.3
58,64,0.0000,38.0613,1206.33,48.3
58,64,0.0000,36.1094,1206.33,48.3
58,64,0.0000,33.1816,1206.33,48.3
58,384,0.0000,40.0131,1208.62,48.3
58,384,0.0000,40.9891,1208.62,48.3
58,384,0.0000,40.0131,1208.62,48.3
58,384,0.0000,38.0613,1208.62,48.3
58,384,0.0000,40.0131,1208.62,48.3
58,384,0.0000,41.9650,1208.62,48.3
58,384,0.0000,41.9650,1208.62,48.3
58,384,0.0000,40.9891,1208.62,48.3
58,384,0.0000,40.9891,1208.62,48.3
58,384,0.0000,41.9650,1208.62,48.3
58,192,0.0000,37.0853,1210.92,48.3
58,192,0.0000,37.0853,1210.92,48.3
58,192,0.0000,38.0613,1210.92,48.3
58,192,0.0000,36.1094,1210.92,48.3
58,192,0.0000,37.0853,1210.92,48.3
58,192,0.0000,35.1335,1210.92,48.3
58,192,0.0000,36.1094,1210.92,48.3
58,192,0.0000,40.0131,1210.92,48.3
58,192,0.0000,35.1335,1210.92,48.3
58,192,0.0000,39.0372,1210.92,48.3
58,512,0.0000,40.9891,1213.21,47.7
58,512,0.0000,40.0131,1213.21,47.7
58,512,0.0000,41.9650,1213.21,47.7
58,512,0.0000,43.9169,1213.21,47.7
58,512,0.0000,40.9891,1213.21,47.7
58,512,0.0000,41.9650,1213.21,47.7
58,512,0.0000,41.9650,1213.21,47.7
58,512,0.0000,38.0613,1213.21,47.7
58,512,0.0000,39.0372,1213.21,47.7
58,512,0.0000,40.0131,1213.21,47.7
58,320,0.0000,39.0372,1215.51,48.3
58,320,0.0000,40.0131,1215.51,48.3
58,320,0.0000,41.9650,1215.51,48.3
58,320,0.0000,37.0853,1215.51,48.3
58,320,0.0000,39.0372,1215.51,48.3
58,320,0.0000,37.0853,1215.51,48.3
58,320,0.0000,38.0613,1215.51,48.3
58,320,0.0000,40.0131,1215.51,48.3
58,320,0.0000,40.0131,1215.51,48.3
58,320,0.0000,40.0131,1215.51,48.3
58,128,0.0000,37.0853,1217.80,47.2
58,128,0.0000,37.0853,1217.80,47.2
58,128,0.0000,37.0853,1217.80,47.2
58,128,0.0000,39.0372,1217.80,47.2
58,128,0.0000,37.0853,1217.80,47.2
58,128,0.0000,33.1816,1217.80,47.2
58,128,0.0000,34.1576,1217.80,47.2
58,128,0.0000,34.1576,1217.80,47.2
58,128,0.0000,37.0853,1217.80,47.2
58,128,0.0000,36.1094,1217.80,47.2
58,256,0.0000,36.1094,1220.10,48.8
58,256,0.0000,38.0613,1220.10,48.8
58,256,0.0000,35.1335,1220.10,48.8
58,256,0.0000,36.1094,1220.10,48.8
58,256,0.0000,35.1335,1220.10,48.8
58,256,0.0000,39.0372,1220.10,48.8
58,256,0.0000,39.0372,1220.10,48.8
58,256,0.0000,39.0372,1220.10,48.8
58,256,0.0000,39.0372,1220.10,48.8
58,256,0.0000,38.0613,1220.10,48.8
59,64,0.0000,35.1335,1222.39,47.7
59,64,0.0000,38.0613,1222.39,47.7
59,64,0.0000,36.1094,1222.39,47.7
59,64,0.0000,32.2057,1222.39,47.7
59,64,0.0000,38.0613,1222.39,47.7
59,64,0.0000,37.0853,1222.39,47.7
59,64,0.0000,35.1335,1222.39,47.7
59,64,0.0000,37.0853,1222.39,47.7
59,64,0.0000,34.1576,1222.39,47.7
59,64,0.0000,35.1335,1222.39,47.7
59,512,0.0000,42.9409,1224.79,48.8
59,512,0.0000,40.9891,1224.79,48.8
59,512,0.0000,39.0372,1224.79,48.8
59,512,0.0000,42.9409,1224.79,48.8
59,512,0.0000,39.0372,1224.79,48.8
59,512,0.0000,40.9891,1224.79,48.8
59,512,0.0000,41.9650,1224.79,48.8
59,512,0.0000,40.0131,1224.79,48.8
59,512,0.0000,41.9650,1224.79,48.8
59,512,0.0000,40.0131,1224.79,48.8
59,320,0.0000,38.0613,1226.99,48.3
59,320,0.0000,41.9650,1226.99,48.3
59,320,0.0000,40.9891,1226.99,48.3
59,320,0.0000,40.9891,1226.99,48.3
59,320,0.0000,38.0613,1226.99,48.3
59,320,0.0000,40.0131,1226.99,48.3
59,320,0.0000,40.0131,1226.99,48.3
59,320,0.0000,40.9891,1226.99,48.3
59,320,0.0000,38.0613,1226.99,48.3
59,320,0.0000,38.0613,1226.99,48.3
59,128,0.0000,38.0613,1229.28,48.3
59,128,0.0000,38.0613,1229.28,48.3
59,128,0.0000,34.1576,1229.28,48.3
59,128,0.0000,35.1335,1229.28,48.3
59,128,0.0000,35.1335,1229.28,48.3
59,128,0.0000,38.0613,1229.28,48.3
59,128,0.0000,37.0853,1229.28,48.3
59,128,0.0000,39.0372,1229.28,48.3
59,128,0.0000,37.0853,1229.28,48.3
59,128,0.0000,35.1335,1229.28,48.3
59,0,0.0000,35.1335,1231.58,48.8
59,0,0.0000,34.1576,1231.58,48.8
59,0,0.0000,33.1816,1231.58,48.8
59,0,0.0000,31.2298,1231.58,48.8
59,0,0.0000,34.1576,1231.58,48.8
59,0,0.0000,34.1576,1231.58,48.8
59,0,0.0000,32.2057,1231.58,48.8
59,0,0.0000,34.1576,1231.58,48.8
59,0,0.0000,34.1576,1231.58,48.8
59,0,0.0000,35.1335,1231.58,48.8
59,384,0.0000,39.0372,1233.88,48.3
59,384,0.0000,40.0131,1233.88,48.3
59,384,0.0000,38.0613,1233.88,48.3
59,384,0.0000,40.0131,1233.88,48.3
59,384,0.0000,39.0372,1233.88,48.3
59,384,0.0000,41.9650,1233.88,48.3
59,384,0.0000,38.0613,1233.88,48.3
59,384,0.0000,39.0372,1233.88,48.3
59,384,0.0000,37.0853,1233.88,48.3
59,384,0.0000,40.0131,1233.88,48.3
59,192,0.0000,36.1094,1236.17,48.3
59,192,0.0000,36.1094,1236.17,48.3
59,192,0.0000,38.0613,1236.17,48.3
59,192,0.0000,39.0372,1236.17,48.3
59,192,0.0000,37.0853,1236.17,48.3
59,192,0.0000,37.0853,1236.17,48.3
59,192,0.0000,35.1335,1236.17,48.3
59,192,0.0000,38.0613,1236.17,48.3
59,192,0.0000,40.0131,1236.17,48.3
59,192,0.0000,39.0372,1236.17,48.3
59,448,0.0000,40.0131,1238.47,47.2
59,448,0.0000,42.9409,1238.47,47.2
59,448,0.0000,42.9409,1238.47,47.2
59,448,0.0000,39.0372,1238.47,47.2
59,448,0.0000,41.9650,1238.47,47.2
59,448,0.0000,39.0372,1238.47,47.2
59,448,0.0000,40.0131,1238.47,47.2
59,448,0.0000,41.9650,1238.47,47.2
59,448,0.0000,42.9409,1238.47,47.2
59,448,0.0000,40.0131,1238.47,47.2
59,256,0.0000,35.1335,1240.76,47.2
59,256,0.0000,39.0372,1240.76,47.2
59,256,0.0000,37.0853,1240.76,47.2
59,256,0.0000,39.0372,1240.76,47.2
59,256,0.0000,40.0131,1240.76,47.2
59,256,0.0000,38.0613,1240.76,47.2
59,256,0.0000,38.0613,1240.76,47.2
59,256,0.0000,37.0853,1240.76,47.2
59,256,0.0000,38.0613,1240.76,47.2
59,256,0.0000,39.0372,1240.76,47.2
