rep,num_ones,DDR_VDDQ_A_curr_mA,DDR_VDD2_A_curr_mA,t_s,temp_C
0,256,0.0000,40.9891,2.04,49.9
0,256,0.0000,41.9650,2.04,49.9
0,256,0.0000,38.0613,2.04,49.9
0,256,0.0000,38.0613,2.04,49.9
0,256,0.0000,40.0131,2.04,49.9
0,256,0.0000,42.9409,2.04,49.9
0,256,0.0000,39.0372,2.04,49.9
0,256,0.0000,39.0372,2.04,49.9
0,256,0.0000,42.9409,2.04,49.9
0,256,0.0000,41.9650,2.04,49.9
0,0,0.0000,38.0613,4.34,51.0
0,0,0.0000,37.0853,4.34,51.0
0,0,0.0000,36.1094,4.34,51.0
0,0,0.0000,37.0853,4.34,51.0
0,0,0.0000,40.0131,4.34,51.0
0,0,0.0000,38.0613,4.34,51.0
0,0,0.0000,38.0613,4.34,51.0
0,0,0.0000,38.0613,4.34,51.0
0,0,0.0000,42.9409,4.34,51.0
0,0,0.0000,37.0853,4.34,51.0
0,192,0.0000,38.0613,6.64,50.5
0,192,0.0000,40.9891,6.64,50.5
0,192,0.0000,40.9891,6.64,50.5
0,192,0.0000,40.0131,6.64,50.5
0,192,0.0000,40.9891,6.64,50.5
0,192,0.0000,42.9409,6.64,50.5
0,192,0.0000,40.0131,6.64,50.5
0,192,0.0000,38.0613,6.64,50.5
0,192,0.0000,40.0131,6.64,50.5
0,192,0.0000,41.9650,6.64,50.5
0,384,0.0000,40.9891,8.93,51.0
0,384,0.0000,40.9891,8.93,51.0
0,384,0.0000,41.9650,8.93,51.0
0,384,0.0000,42.9409,8.93,51.0
0,384,0.0000,39.0372,8.93,51.0
0,384,0.0000,39.0372,8.93,51.0
0,384,0.0000,42.9409,8.93,51.0
0,384,0.0000,43.9169,8.93,51.0
0,384,0.0000,41.9650,8.93,51.0
0,384,1.4706,40.9891,8.93,51.0
0,448,0.0000,41.9650,11.33,50.5
0,448,0.0000,44.8928,11.33,50.5
0,448,0.0000,40.9891,11.33,50.5
0,448,0.0000,44.8928,11.33,50.5
0,448,0.0000,42.9409,11.33,50.5
0,448,0.0000,39.0372,11.33,50.5
0,448,0.0000,43.9169,11.33,50.5
0,448,0.0000,42.9409,11.33,50.5
0,448,0.0000,40.9891,11.33,50.5
0,448,0.0000,43.9169,11.33,50.5
0,64,0.0000,38.0613,13.52,51.6
0,64,0.0000,38.0613,13.52,51.6
0,64,0.0000,34.1576,13.52,51.6
0,64,0.0000,36.1094,13.52,51.6
0,64,0.0000,39.0372,13.52,51.6
0,64,0.0000,37.0853,13.52,51.6
0,64,0.0000,37.0853,13.52,51.6
0,64,0.0000,39.0372,13.52,51.6
0,64,0.0000,39.0372,13.52,51.6
0,64,0.0000,40.0131,13.52,51.6
0,320,0.4902,42.9409,15.82,51.6
0,320,0.9804,40.9891,15.82,51.6
0,320,0.0000,45.8687,15.82,51.6
0,320,0.9804,41.9650,15.82,51.6
0,320,0.0000,42.9409,15.82,51.6
0,320,0.0000,41.9650,15.82,51.6
0,320,0.0000,47.8206,15.82,51.6
0,320,0.0000,38.0613,15.82,51.6
0,320,0.0000,40.0131,15.82,51.6
0,320,0.0000,42.9409,15.82,51.6
0,512,0.0000,41.9650,18.12,51.6
0,512,0.0000,42.9409,18.12,51.6
0,512,0.0000,42.9409,18.12,51.6
0,512,0.0000,41.9650,18.12,51.6
0,512,0.0000,42.9409,18.12,51.6
0,512,0.0000,43.9169,18.12,51.6
0,512,0.0000,45.8687,18.12,51.6
0,512,0.0000,42.9409,18.12,51.6
0,512,0.0000,42.9409,18.12,51.6
0,512,0.0000,41.9650,18.12,51.6
0,128,0.0000,39.0372,20.41,52.1
0,128,0.0000,39.0372,20.41,52.1
0,128,0.0000,40.0131,20.41,52.1
0,128,0.0000,39.0372,20.41,52.1
0,128,0.0000,40.0131,20.41,52.1
0,128,0.0000,40.9891,20.41,52.1
0,128,0.0000,39.0372,20.41,52.1
0,128,0.0000,40.0131,20.41,52.1
0,128,0.0000,38.0613,20.41,52.1
0,128,0.0000,37.0853,20.41,52.1
1,64,0.0000,40.0131,22.71,50.5
1,64,0.0000,39.0372,22.71,50.5
1,64,0.0000,38.0613,22.71,50.5
1,64,0.0000,38.0613,22.71,50.5
1,64,0.0000,38.0613,22.71,50.5
1,64,0.0000,40.0131,22.71,50.5
1,64,0.0000,41.9650,22.71,50.5
1,64,0.0000,37.0853,22.71,50.5
1,64,0.0000,38.0613,22.71,50.5
1,64,0.0000,40.0131,22.71,50.5
1,320,0.0000,38.0613,25.13,51.6
1,320,0.0000,47.8206,25.13,51.6
1,320,0.0000,40.0131,25.13,51.6
1,320,0.0000,40.9891,25.13,51.6
1,320,0.0000,41.9650,25.13,51.6
1,320,0.0000,40.0131,25.13,51.6
1,320,0.9804,38.0613,25.13,51.6
1,320,0.4902,40.0131,25.13,51.6
1,320,0.0000,42.9409,25.13,51.6
1,320,0.0000,39.0372,25.13,51.6
1,320,0.0000,40.0131,25.13,51.6
1,0,0.0000,40.0131,27.42,52.1
1,0,0.0000,36.1094,27.42,52.1
1,0,0.0000,35.1335,27.42,52.1
1,0,0.0000,40.0131,27.42,52.1
1,0,0.0000,37.0853,27.42,52.1
1,0,0.0000,35.1335,27.42,52.1
1,0,0.0000,38.0613,27.42,52.1
1,0,0.0000,38.0613,27.42,52.1
1,0,0.0000,38.0613,27.42,52.1
1,0,0.0000,35.1335,27.42,52.1
1,384,0.0000,47.8206,29.82,51.6
1,384,0.0000,41.9650,29.82,51.6
1,384,0.0000,41.9650,29.82,51.6
1,384,0.0000,43.9169,29.82,51.6
1,384,0.0000,40.9891,29.82,51.6
1,384,0.0000,42.9409,29.82,51.6
1,384,0.0000,43.9169,29.82,51.6
1,384,0.0000,40.0131,29.82,51.6
1,384,0.0000,40.0131,29.82,51.6
1,384,0.0000,41.9650,29.82,51.6
1,448,0.0000,50.7484,32.02,51.6
1,448,0.0000,43.9169,32.02,51.6
1,448,0.0000,44.8928,32.02,51.6
1,448,0.0000,45.8687,32.02,51.6
1,448,0.0000,41.9650,32.02,51.6
1,448,0.0000,42.9409,32.02,51.6
1,448,0.0000,41.9650,32.02,51.6
1,448,0.0000,43.9169,32.02,51.6
1,448,0.0000,43.9169,32.02,51.6
1,448,0.0000,43.9169,32.02,51.6
1,192,0.0000,42.9409,34.31,51.6
1,192,0.0000,40.0131,34.31,51.6
1,192,0.0000,39.0372,34.31,51.6
1,192,0.0000,40.0131,34.31,51.6
1,192,0.0000,37.0853,34.31,51.6
1,192,0.0000,44.8928,34.31,51.6
1,192,0.0000,39.0372,34.31,51.6
1,192,0.0000,40.0131,34.31,51.6
1,192,0.0000,40.0131,34.31,51.6
1,192,0.0000,35.1335,34.31,51.6
1,512,0.0000,50.7484,36.61,51.6
1,512,0.0000,41.9650,36.61,51.6
1,512,0.0000,41.9650,36.61,51.6
1,512,0.0000,41.9650,36.61,51.6
1,512,0.0000,43.9169,36.61,51.6
1,512,0.0000,42.9409,36.61,51.6
1,512,0.0000,42.9409,36.61,51.6
1,512,0.0000,43.9169,36.61,51.6
1,512,0.0000,40.0131,36.61,51.6
1,512,0.0000,41.9650,36.61,51.6
1,256,0.0000,40.9891,38.90,50.5
1,256,0.0000,41.9650,38.90,50.5
1,256,0.0000,39.0372,38.90,50.5
1,256,0.0000,40.0131,38.90,50.5
1,256,0.0000,41.9650,38.90,50.5
1,256,0.0000,41.9650,38.90,50.5
1,256,0.0000,46.8446,38.90,50.5
1,256,0.0000,38.0613,38.90,50.5
1,256,0.0000,39.0372,38.90,50.5
1,256,0.0000,40.0131,38.90,50.5
1,128,0.0000,43.9169,41.20,52.1
1,128,0.0000,38.0613,41.20,52.1
1,128,0.0000,37.0853,41.20,52.1
1,128,0.0000,37.0853,41.20,52.1
1,128,0.0000,40.9891,41.20,52.1
1,128,0.0000,37.0853,41.20,52.1
1,128,0.0000,40.9891,41.20,52.1
1,128,0.0000,38.0613,41.20,52.1
1,128,0.0000,40.9891,41.20,52.1
1,128,0.0000,37.0853,41.20,52.1
2,320,0.4902,45.8687,43.50,50.5
2,320,1.9608,42.9409,43.50,50.5
2,320,0.0000,40.9891,43.50,50.5
2,320,0.0000,43.9169,43.50,50.5
2,320,0.0000,49.7724,43.50,50.5
2,320,0.0000,40.0131,43.50,50.5
2,320,0.0000,42.9409,43.50,50.5
2,320,0.0000,42.9409,43.50,50.5
2,320,0.0000,42.9409,43.50,50.5
2,320,0.0000,40.9891,43.50,50.5
2,192,0.0000,39.0372,45.79,50.5
2,192,0.0000,39.0372,45.79,50.5
2,192,0.0000,40.9891,45.79,50.5
2,192,0.0000,40.9891,45.79,50.5
2,192,0.0000,41.9650,45.79,50.5
2,192,0.0000,41.9650,45.79,50.5
2,192,0.0000,40.9891,45.79,50.5
2,192,0.0000,37.0853,45.79,50.5
2,192,0.0000,42.9409,45.79,50.5
2,192,0.0000,42.9409,45.79,50.5
2,384,0.0000,43.9169,48.09,51.6
2,384,0.0000,41.9650,48.09,51.6
2,384,0.0000,42.9409,48.09,51.6
2,384,0.0000,49.7724,48.09,51.6
2,384,0.0000,41.9650,48.09,51.6
2,384,0.0000,40.0131,48.09,51.6
2,384,0.0000,42.9409,48.09,51.6
2,384,0.0000,43.9169,48.09,51.6
2,384,0.0000,44.8928,48.09,51.6
2,384,0.0000,43.9169,48.09,51.6
2,448,0.0000,51.7243,50.48,51.6
2,448,0.0000,42.9409,50.48,51.6
2,448,0.0000,42.9409,50.48,51.6
2,448,0.0000,44.8928,50.48,51.6
2,448,0.0000,42.9409,50.48,51.6
2,448,0.0000,40.0131,50.48,51.6
2,448,0.0000,42.9409,50.48,51.6
2,448,0.0000,42.9409,50.48,51.6
2,448,0.0000,43.9169,50.48,51.6
2,448,0.0000,41.9650,50.48,51.6
2,0,0.0000,40.9891,52.68,51.6
2,0,0.0000,37.0853,52.68,51.6
2,0,0.0000,41.9650,52.68,51.6
2,0,0.0000,39.0372,52.68,51.6
2,0,0.0000,39.0372,52.68,51.6
2,0,0.0000,38.0613,52.68,51.6
2,0,0.0000,35.1335,52.68,51.6
2,0,0.0000,39.0372,52.68,51.6
2,0,0.0000,38.0613,52.68,51.6
2,0,0.0000,41.9650,52.68,51.6
2,256,0.0000,43.9169,54.98,51.6
2,256,0.0000,42.9409,54.98,51.6
2,256,0.4902,40.0131,54.98,51.6
2,256,0.0000,40.0131,54.98,51.6
2,256,1.4706,39.0372,54.98,51.6
2,256,0.0000,40.0131,54.98,51.6
2,256,0.0000,41.9650,54.98,51.6
2,256,0.0000,37.0853,54.98,51.6
2,256,0.0000,40.9891,54.98,51.6
2,256,0.0000,39.0372,54.98,51.6
2,128,0.0000,43.9169,57.27,51.6
2,128,0.0000,40.0131,57.27,51.6
2,128,0.0000,39.0372,57.27,51.6
2,128,0.0000,37.0853,57.27,51.6
2,128,0.0000,39.0372,57.27,51.6
2,128,0.0000,40.0131,57.27,51.6
2,128,0.0000,39.0372,57.27,51.6
2,128,0.0000,40.0131,57.27,51.6
2,128,0.0000,40.9891,57.27,51.6
2,128,0.0000,40.0131,57.27,51.6
2,512,0.0000,49.7724,59.57,51.6
2,512,0.0000,42.9409,59.57,51.6
2,512,0.0000,44.8928,59.57,51.6
2,512,0.0000,46.8446,59.57,51.6
2,512,0.0000,41.9650,59.57,51.6
2,512,0.0000,42.9409,59.57,51.6
2,512,0.0000,42.9409,59.57,51.6
2,512,0.0000,44.8928,59.57,51.6
2,512,0.0000,42.9409,59.57,51.6
2,512,0.0000,45.8687,59.57,51.6
2,64,0.0000,40.9891,61.86,52.1
2,64,0.0000,35.1335,61.86,52.1
2,64,0.0000,38.0613,61.86,52.1
2,64,0.0000,40.9891,61.86,52.1
2,64,0.0000,37.0853,61.86,52.1
2,64,0.0000,43.9169,61.86,52.1
2,64,0.0000,40.0131,61.86,52.1
2,64,0.0000,38.0613,61.86,52.1
2,64,0.0000,39.0372,61.86,52.1
2,64,0.0000,40.0131,61.86,52.1
3,192,0.0000,40.0131,64.16,51.6
3,192,0.0000,40.0131,64.16,51.6
3,192,0.0000,42.9409,64.16,51.6
3,192,0.0000,41.9650,64.16,51.6
3,192,0.0000,40.0131,64.16,51.6
3,192,0.0000,40.0131,64.16,51.6
3,192,0.0000,40.0131,64.16,51.6
3,192,0.0000,40.9891,64.16,51.6
3,192,0.0000,38.0613,64.16,51.6
3,192,0.0000,40.0131,64.16,51.6
3,320,0.0000,42.9409,66.46,52.7
3,320,0.0000,40.9891,66.46,52.7
3,320,0.0000,41.9650,66.46,52.7
3,320,0.0000,41.9650,66.46,52.7
3,320,0.4902,40.9891,66.46,52.7
3,320,0.0000,40.9891,66.46,52.7
3,320,0.9804,44.8928,66.46,52.7
3,320,0.0000,40.0131,66.46,52.7
3,320,0.0000,40.9891,66.46,52.7
3,320,0.0000,42.9409,66.46,52.7
3,128,0.0000,39.0372,68.75,52.1
3,128,0.0000,39.0372,68.75,52.1
3,128,0.0000,43.9169,68.75,52.1
3,128,0.0000,40.9891,68.75,52.1
3,128,0.0000,40.0131,68.75,52.1
3,128,0.0000,40.9891,68.75,52.1
3,128,0.0000,37.0853,68.75,52.1
3,128,0.0000,37.0853,68.75,52.1
3,128,0.0000,41.9650,68.75,52.1
3,128,0.0000,39.0372,68.75,52.1
3,0,0.0000,40.0131,71.15,52.1
3,0,0.0000,36.1094,71.15,52.1
3,0,0.0000,37.0853,71.15,52.1
3,0,0.0000,39.0372,71.15,52.1
3,0,0.0000,38.0613,71.15,52.1
3,0,0.0000,37.0853,71.15,52.1
3,0,0.0000,38.0613,71.15,52.1
3,0,0.0000,37.0853,71.15,52.1
3,0,0.0000,38.0613,71.15,52.1
3,0,0.0000,40.0131,71.15,52.1
3,256,0.0000,40.0131,73.34,52.1
3,256,0.0000,41.9650,73.34,52.1
3,256,0.9804,40.9891,73.34,52.1
3,256,0.0000,40.9891,73.34,52.1
3,256,0.0000,40.0131,73.34,52.1
3,256,0.0000,41.9650,73.34,52.1
3,256,0.0000,41.9650,73.34,52.1
3,256,0.0000,40.0131,73.34,52.1
3,256,0.0000,40.9891,73.34,52.1
3,256,0.0000,47.8206,73.34,52.1
3,512,0.0000,43.9169,75.64,51.6
3,512,0.0000,43.9169,75.64,51.6
3,512,0.0000,44.8928,75.64,51.6
3,512,0.0000,44.8928,75.64,51.6
3,512,0.0000,43.9169,75.64,51.6
3,512,0.0000,44.8928,75.64,51.6
3,512,0.0000,40.9891,75.64,51.6
3,512,0.0000,49.7724,75.64,51.6
3,512,0.0000,44.8928,75.64,51.6
3,512,0.0000,45.8687,75.64,51.6
3,384,0.4902,42.9409,77.93,51.6
3,384,0.0000,40.9891,77.93,51.6
3,384,0.0000,41.9650,77.93,51.6
3,384,0.0000,41.9650,77.93,51.6
3,384,0.0000,41.9650,77.93,51.6
3,384,0.0000,42.9409,77.93,51.6
3,384,0.0000,45.8687,77.93,51.6
3,384,0.0000,41.9650,77.93,51.6
3,384,0.0000,41.9650,77.93,51.6
3,384,0.0000,43.9169,77.93,51.6
3,64,0.0000,38.0613,80.23,52.1
3,64,0.0000,39.0372,80.23,52.1
3,64,0.0000,38.0613,80.23,52.1
3,64,0.0000,38.0613,80.23,52.1
3,64,0.0000,40.0131,80.23,52.1
3,64,0.0000,38.0613,80.23,52.1
3,64,0.0000,40.0131,80.23,52.1
3,64,0.0000,40.0131,80.23,52.1
3,64,0.0000,39.0372,80.23,52.1
3,64,0.0000,38.0613,80.23,52.1
3,448,0.0000,44.8928,82.52,51.6
3,448,0.0000,45.8687,82.52,51.6
3,448,0.0000,44.8928,82.52,51.6
3,448,0.0000,42.9409,82.52,51.6
3,448,0.0000,41.9650,82.52,51.6
3,448,0.0000,51.7243,82.52,51.6
3,448,0.0000,41.9650,82.52,51.6
3,448,0.0000,43.9169,82.52,51.6
3,448,0.0000,43.9169,82.52,51.6
3,448,0.0000,40.9891,82.52,51.6
4,256,0.0000,41.9650,84.82,52.1
4,256,0.0000,41.9650,84.82,52.1
4,256,0.0000,40.9891,84.82,52.1
4,256,0.0000,40.9891,84.82,52.1
4,256,0.4902,45.8687,84.82,52.1
4,256,0.4902,39.0372,84.82,52.1
4,256,0.9804,40.0131,84.82,52.1
4,256,0.0000,41.9650,84.82,52.1
4,256,0.0000,40.9891,84.82,52.1
4,256,0.0000,41.9650,84.82,52.1
4,0,0.0000,37.0853,87.11,51.6
4,0,0.0000,36.1094,87.11,51.6
4,0,0.0000,39.0372,87.11,51.6
4,0,0.0000,36.1094,87.11,51.6
4,0,0.0000,35.1335,87.11,51.6
4,0,0.0000,38.0613,87.11,51.6
4,0,0.0000,38.0613,87.11,51.6
4,0,0.0000,39.0372,87.11,51.6
4,0,0.0000,37.0853,87.11,51.6
4,0,0.0000,38.0613,87.11,51.6
4,512,0.0000,44.8928,89.41,52.1
4,512,0.0000,44.8928,89.41,52.1
4,512,0.0000,44.8928,89.41,52.1
4,512,0.0000,45.8687,89.41,52.1
4,512,0.0000,44.8928,89.41,52.1
4,512,0.0000,42.9409,89.41,52.1
4,512,0.0000,43.9169,89.41,52.1
4,512,0.0000,45.8687,89.41,52.1
4,512,0.0000,43.9169,89.41,52.1
4,512,0.0000,41.9650,89.41,52.1
4,128,0.0000,39.0372,91.80,51.6
4,128,0.0000,40.0131,91.80,51.6
4,128,0.0000,40.9891,91.80,51.6
4,128,0.0000,40.0131,91.80,51.6
4,128,0.0000,37.0853,91.80,51.6
4,128,0.0000,38.0613,91.80,51.6
4,128,0.0000,38.0613,91.80,51.6
4,128,0.0000,40.0131,91.80,51.6
4,128,0.0000,40.0131,91.80,51.6
4,128,0.0000,38.0613,91.80,51.6
4,384,0.0000,47.8206,94.00,51.6
4,384,0.0000,42.9409,94.00,51.6
4,384,0.0000,40.9891,94.00,51.6
4,384,0.0000,40.0131,94.00,51.6
4,384,0.0000,42.9409,94.00,51.6
4,384,0.0000,41.9650,94.00,51.6
4,384,0.0000,41.9650,94.00,51.6
4,384,0.0000,45.8687,94.00,51.6
4,384,0.0000,41.9650,94.00,51.6
4,384,0.0000,42.9409,94.00,51.6
4,320,0.4902,43.9169,96.30,52.1
4,320,0.0000,42.9409,96.30,52.1
4,320,0.0000,40.9891,96.30,52.1
4,320,0.0000,42.9409,96.30,52.1
4,320,1.4706,42.9409,96.30,52.1
4,320,0.0000,42.9409,96.30,52.1
4,320,0.4902,43.9169,96.30,52.1
4,320,0.0000,40.9891,96.30,52.1
4,320,0.0000,42.9409,96.30,52.1
4,320,0.0000,42.9409,96.30,52.1
4,448,0.0000,41.9650,98.59,51.6
4,448,0.0000,42.9409,98.59,51.6
4,448,0.0000,44.8928,98.59,51.6
4,448,0.0000,45.8687,98.59,51.6
4,448,0.0000,44.8928,98.59,51.6
4,448,0.0000,42.9409,98.59,51.6
4,448,0.0000,42.9409,98.59,51.6
4,448,0.0000,42.9409,98.59,51.6
4,448,0.0000,47.8206,98.59,51.6
4,448,0.0000,41.9650,98.59,51.6
4,64,0.0000,40.9891,100.89,52.1
4,64,0.0000,39.0372,100.89,52.1
4,64,0.0000,39.0372,100.89,52.1
4,64,0.0000,37.0853,100.89,52.1
4,64,0.0000,36.1094,100.89,52.1
4,64,0.0000,38.0613,100.89,52.1
4,64,0.0000,40.0131,100.89,52.1
4,64,0.0000,36.1094,100.89,52.1
4,64,0.0000,38.0613,100.89,52.1
4,64,0.0000,40.0131,100.89,52.1
4,192,0.0000,40.9891,103.18,52.1
4,192,0.0000,40.9891,103.18,52.1
4,192,0.0000,40.0131,103.18,52.1
4,192,0.0000,38.0613,103.18,52.1
4,192,0.0000,40.0131,103.18,52.1
4,192,0.0000,48.7965,103.18,52.1
4,192,0.0000,40.0131,103.18,52.1
4,192,0.0000,40.0131,103.18,52.1
4,192,0.0000,46.8446,103.18,52.1
4,192,0.0000,38.0613,103.18,52.1
5,64,0.0000,38.0613,105.48,52.1
5,64,0.0000,38.0613,105.48,52.1
5,64,0.0000,37.0853,105.48,52.1
5,64,0.0000,41.9650,105.48,52.1
5,64,0.0000,38.0613,105.48,52.1
5,64,0.0000,37.0853,105.48,52.1
5,64,0.0000,39.0372,105.48,52.1
5,64,0.0000,38.0613,105.48,52.1
5,64,0.0000,40.0131,105.48,52.1
5,64,0.0000,37.0853,105.48,52.1
5,384,0.0000,42.9409,107.78,52.1
5,384,0.0000,42.9409,107.78,52.1
5,384,0.0000,41.9650,107.78,52.1
5,384,0.0000,48.7965,107.78,52.1
5,384,0.0000,41.9650,107.78,52.1
5,384,0.0000,40.9891,107.78,52.1
5,384,0.0000,41.9650,107.78,52.1
5,384,0.0000,41.9650,107.78,52.1
5,384,0.0000,41.9650,107.78,52.1
5,384,0.0000,41.9650,107.78,52.1
5,448,0.0000,43.9169,110.07,52.1
5,448,0.0000,42.9409,110.07,52.1
5,448,0.0000,41.9650,110.07,52.1
5,448,0.0000,43.9169,110.07,52.1
5,448,0.0000,42.9409,110.07,52.1
5,448,0.0000,43.9169,110.07,52.1
5,448,0.0000,42.9409,110.07,52.1
5,448,0.0000,43.9169,110.07,52.1
5,448,0.0000,40.9891,110.07,52.1
5,448,0.0000,46.8446,110.07,52.1
5,128,0.0000,39.0372,112.47,51.0
5,128,0.0000,39.0372,112.47,51.0
5,128,0.0000,40.0131,112.47,51.0
5,128,0.0000,38.0613,112.47,51.0
5,128,0.0000,37.0853,112.47,51.0
5,128,0.0000,40.0131,112.47,51.0
5,128,0.0000,39.0372,112.47,51.0
5,128,0.0000,41.9650,112.47,51.0
5,128,0.0000,40.0131,112.47,51.0
5,128,0.0000,37.0853,112.47,51.0
5,512,0.0000,45.8687,114.79,52.7
5,512,0.0000,43.9169,114.79,52.7
5,512,0.0000,44.8928,114.79,52.7
5,512,0.0000,44.8928,114.79,52.7
5,512,0.0000,43.9169,114.79,52.7
5,512,0.0000,43.9169,114.79,52.7
5,512,0.0000,49.7724,114.79,52.7
5,512,0.0000,49.7724,114.79,52.7
5,512,0.0000,42.9409,114.79,52.7
5,512,0.0000,43.9169,114.79,52.7
5,512,0.0000,42.9409,114.79,52.7
5,0,0.0000,40.9891,117.08,52.7
5,0,0.0000,37.0853,117.08,52.7
5,0,0.0000,37.0853,117.08,52.7
5,0,0.0000,37.0853,117.08,52.7
5,0,0.0000,40.0131,117.08,52.7
5,0,0.0000,35.1335,117.08,52.7
5,0,0.0000,37.0853,117.08,52.7
5,0,0.0000,37.0853,117.08,52.7
5,0,0.0000,38.0613,117.08,52.7
5,0,0.0000,36.1094,117.08,52.7
5,256,0.0000,40.0131,119.38,52.1
5,256,0.0000,40.9891,119.38,52.1
5,256,0.0000,40.9891,119.38,52.1
5,256,0.0000,42.9409,119.38,52.1
5,256,0.9804,42.9409,119.38,52.1
5,256,0.0000,41.9650,119.38,52.1
5,256,0.0000,48.7965,119.38,52.1
5,256,0.0000,42.9409,119.38,52.1
5,256,0.0000,40.9891,119.38,52.1
5,256,0.0000,39.0372,119.38,52.1
5,192,0.0000,38.0613,121.68,52.1
5,192,0.0000,39.0372,121.68,52.1
5,192,0.0000,40.0131,121.68,52.1
5,192,0.0000,40.9891,121.68,52.1
5,192,0.0000,41.9650,121.68,52.1
5,192,0.0000,41.9650,121.68,52.1
5,192,0.0000,39.0372,121.68,52.1
5,192,0.0000,39.0372,121.68,52.1
5,192,0.0000,40.0131,121.68,52.1
5,192,0.0000,40.0131,121.68,52.1
5,320,0.0000,40.9891,123.97,53.2
5,320,0.0000,45.8687,123.97,53.2
5,320,0.9804,40.0131,123.97,53.2
5,320,0.9804,40.9891,123.97,53.2
5,320,0.4902,44.8928,123.97,53.2
5,320,0.0000,41.9650,123.97,53.2
5,320,0.0000,40.0131,123.97,53.2
5,320,1.9608,41.9650,123.97,53.2
5,320,0.0000,47.8206,123.97,53.2
5,320,0.0000,41.9650,123.97,53.2
6,256,10.2942,135.6543,126.40,51.6
6,256,0.4902,45.8687,126.40,51.6
6,256,0.0000,40.9891,126.40,51.6
6,256,0.0000,39.0372,126.40,51.6
6,256,0.0000,41.9650,126.40,51.6
6,256,0.0000,38.0613,126.40,51.6
6,256,0.9804,40.9891,126.40,51.6
6,256,0.0000,40.9891,126.40,51.6
6,256,0.0000,40.9891,126.40,51.6
6,256,0.0000,43.9169,126.40,51.6
6,256,0.0000,41.9650,126.40,51.6
6,320,0.0000,43.9169,128.80,52.7
6,320,0.0000,41.9650,128.80,52.7
6,320,0.0000,41.9650,128.80,52.7
6,320,0.0000,43.9169,128.80,52.7
6,320,0.0000,41.9650,128.80,52.7
6,320,1.4706,43.9169,128.80,52.7
6,320,0.0000,42.9409,128.80,52.7
6,320,0.0000,42.9409,128.80,52.7
6,320,0.0000,41.9650,128.80,52.7
6,320,0.0000,40.0131,128.80,52.7
6,128,0.0000,39.0372,130.99,52.7
6,128,0.0000,40.0131,130.99,52.7
6,128,0.0000,41.9650,130.99,52.7
6,128,0.0000,40.9891,130.99,52.7
6,128,0.0000,37.0853,130.99,52.7
6,128,0.0000,39.0372,130.99,52.7
6,128,0.0000,38.0613,130.99,52.7
6,128,0.0000,40.0131,130.99,52.7
6,128,0.0000,36.1094,130.99,52.7
6,128,0.0000,43.9169,130.99,52.7
6,0,0.0000,38.0613,133.29,53.2
6,0,0.0000,39.0372,133.29,53.2
6,0,0.0000,37.0853,133.29,53.2
6,0,0.0000,37.0853,133.29,53.2
6,0,0.0000,36.1094,133.29,53.2
6,0,0.0000,36.1094,133.29,53.2
6,0,0.0000,37.0853,133.29,53.2
6,0,0.0000,37.0853,133.29,53.2
6,0,0.0000,36.1094,133.29,53.2
6,0,0.0000,36.1094,133.29,53.2
6,512,0.0000,45.8687,135.58,51.0
6,512,0.0000,43.9169,135.58,51.0
6,512,0.0000,42.9409,135.58,51.0
6,512,0.0000,42.9409,135.58,51.0
6,512,0.0000,43.9169,135.58,51.0
6,512,0.0000,42.9409,135.58,51.0
6,512,0.0000,43.9169,135.58,51.0
6,512,0.0000,50.7484,135.58,51.0
6,512,0.0000,43.9169,135.58,51.0
6,512,0.0000,42.9409,135.58,51.0
6,64,0.0000,41.9650,137.88,52.1
6,64,0.0000,37.0853,137.88,52.1
6,64,0.0000,40.0131,137.88,52.1
6,64,0.0000,38.0613,137.88,52.1
6,64,0.0000,38.0613,137.88,52.1
6,64,0.0000,37.0853,137.88,52.1
6,64,0.0000,40.9891,137.88,52.1
6,64,0.0000,37.0853,137.88,52.1
6,64,0.0000,39.0372,137.88,52.1
6,64,0.0000,40.0131,137.88,52.1
6,384,0.0000,41.9650,140.18,52.7
6,384,0.0000,43.9169,140.18,52.7
6,384,0.0000,40.0131,140.18,52.7
6,384,0.0000,43.9169,140.18,52.7
6,384,0.0000,42.9409,140.18,52.7
6,384,0.4902,45.8687,140.18,52.7
6,384,0.0000,41.9650,140.18,52.7
6,384,0.0000,40.9891,140.18,52.7
6,384,0.0000,42.9409,140.18,52.7
6,384,0.0000,40.9891,140.18,52.7
6,192,0.0000,40.9891,142.47,51.0
6,192,0.0000,40.9891,142.47,51.0
6,192,0.0000,40.0131,142.47,51.0
6,192,0.0000,40.9891,142.47,51.0
6,192,0.0000,38.0613,142.47,51.0
6,192,0.0000,40.9891,142.47,51.0
6,192,0.0000,39.0372,142.47,51.0
6,192,0.0000,40.9891,142.47,51.0
6,192,0.0000,41.9650,142.47,51.0
6,192,0.0000,40.0131,142.47,51.0
6,448,0.0000,49.7724,144.77,52.7
6,448,0.0000,43.9169,144.77,52.7
6,448,0.0000,40.0131,144.77,52.7
6,448,0.0000,44.8928,144.77,52.7
6,448,0.0000,41.9650,144.77,52.7
6,448,0.0000,42.9409,144.77,52.7
6,448,0.0000,44.8928,144.77,52.7
6,448,0.0000,40.0131,144.77,52.7
6,448,0.0000,44.8928,144.77,52.7
6,448,0.0000,44.8928,144.77,52.7
7,448,0.0000,42.9409,147.07,52.7
7,448,0.0000,42.9409,147.07,52.7
7,448,0.0000,42.9409,147.07,52.7
7,448,0.0000,42.9409,147.07,52.7
7,448,0.0000,41.9650,147.07,52.7
7,448,0.0000,42.9409,147.07,52.7
7,448,0.0000,41.9650,147.07,52.7
7,448,0.0000,43.9169,147.07,52.7
7,448,0.0000,43.9169,147.07,52.7
7,448,0.0000,44.8928,147.07,52.7
7,64,0.0000,39.0372,149.46,52.7
7,64,0.0000,39.0372,149.46,52.7
7,64,0.0000,37.0853,149.46,52.7
7,64,0.0000,40.0131,149.46,52.7
7,64,0.0000,38.0613,149.46,52.7
7,64,0.0000,38.0613,149.46,52.7
7,64,0.0000,38.0613,149.46,52.7
7,64,0.0000,40.0131,149.46,52.7
7,64,0.0000,37.0853,149.46,52.7
7,64,0.0000,37.0853,149.46,52.7
7,192,0.0000,47.8206,151.66,52.7
7,192,0.0000,39.0372,151.66,52.7
7,192,0.0000,41.9650,151.66,52.7
7,192,0.4902,40.9891,151.66,52.7
7,192,0.0000,40.9891,151.66,52.7
7,192,0.0000,41.9650,151.66,52.7
7,192,0.4902,38.0613,151.66,52.7
7,192,0.0000,37.0853,151.66,52.7
7,192,0.0000,40.0131,151.66,52.7
7,192,0.9804,41.9650,151.66,52.7
7,384,0.0000,42.9409,153.95,52.1
7,384,0.0000,42.9409,153.95,52.1
7,384,0.0000,41.9650,153.95,52.1
7,384,0.0000,40.0131,153.95,52.1
7,384,0.0000,43.9169,153.95,52.1
7,384,0.0000,41.9650,153.95,52.1
7,384,0.0000,43.9169,153.95,52.1
7,384,0.0000,42.9409,153.95,52.1
7,384,0.9804,50.7484,153.95,52.1
7,384,0.0000,44.8928,153.95,52.1
7,512,0.0000,49.7724,156.24,53.2
7,512,0.0000,41.9650,156.24,53.2
7,512,0.0000,43.9169,156.24,53.2
7,512,0.0000,43.9169,156.24,53.2
7,512,0.0000,42.9409,156.24,53.2
7,512,0.0000,42.9409,156.24,53.2
7,512,0.0000,43.9169,156.24,53.2
7,512,0.0000,42.9409,156.24,53.2
7,512,0.0000,40.9891,156.24,53.2
7,512,0.0000,44.8928,156.24,53.2
7,0,0.0000,39.0372,158.54,52.7
7,0,0.0000,34.1576,158.54,52.7
7,0,0.0000,37.0853,158.54,52.7
7,0,0.0000,37.0853,158.54,52.7
7,0,0.0000,39.0372,158.54,52.7
7,0,0.0000,43.9169,158.54,52.7
7,0,0.0000,39.0372,158.54,52.7
7,0,0.0000,36.1094,158.54,52.7
7,0,0.0000,38.0613,158.54,52.7
7,0,0.0000,36.1094,158.54,52.7
7,256,0.0000,45.8687,160.83,52.7
7,256,0.0000,40.9891,160.83,52.7
7,256,0.0000,41.9650,160.83,52.7
7,256,0.0000,37.0853,160.83,52.7
7,256,0.4902,42.9409,160.83,52.7
7,256,0.0000,45.8687,160.83,52.7
7,256,0.0000,39.0372,160.83,52.7
7,256,0.0000,39.0372,160.83,52.7
7,256,0.0000,40.9891,160.83,52.7
7,256,0.4902,40.9891,160.83,52.7
7,320,0.0000,40.0131,163.12,52.1
7,320,0.0000,40.9891,163.12,52.1
7,320,0.0000,41.9650,163.12,52.1
7,320,0.4902,42.9409,163.12,52.1
7,320,0.4902,40.0131,163.12,52.1
7,320,0.0000,43.9169,163.12,52.1
7,320,0.0000,42.9409,163.12,52.1
7,320,0.0000,41.9650,163.12,52.1
7,320,0.0000,42.9409,163.12,52.1
7,320,0.0000,39.0372,163.12,52.1
7,128,0.0000,39.0372,165.42,52.1
7,128,0.0000,37.0853,165.42,52.1
7,128,0.0000,40.9891,165.42,52.1
7,128,0.0000,41.9650,165.42,52.1
7,128,0.0000,39.0372,165.42,52.1
7,128,0.0000,40.0131,165.42,52.1
7,128,0.0000,39.0372,165.42,52.1
7,128,0.0000,38.0613,165.42,52.1
7,128,0.0000,37.0853,165.42,52.1
7,128,0.0000,40.9891,165.42,52.1
8,384,0.0000,38.0613,167.72,52.7
8,384,0.0000,41.9650,167.72,52.7
8,384,0.0000,48.7965,167.72,52.7
8,384,0.0000,43.9169,167.72,52.7
8,384,0.0000,42.9409,167.72,52.7
8,384,0.0000,41.9650,167.72,52.7
8,384,0.0000,43.9169,167.72,52.7
8,384,0.0000,41.9650,167.72,52.7
8,384,0.0000,40.0131,167.72,52.7
8,384,0.0000,42.9409,167.72,52.7
8,192,0.0000,40.0131,170.11,53.2
8,192,0.0000,40.0131,170.11,53.2
8,192,0.0000,40.0131,170.11,53.2
8,192,0.0000,42.9409,170.11,53.2
8,192,0.0000,40.9891,170.11,53.2
8,192,0.0000,40.9891,170.11,53.2
8,192,0.0000,41.9650,170.11,53.2
8,192,0.0000,42.9409,170.11,53.2
8,192,0.0000,41.9650,170.11,53.2
8,192,0.0000,45.8687,170.11,53.2
8,320,0.4902,43.9169,172.31,53.2
8,320,0.9804,40.9891,172.31,53.2
8,320,0.0000,43.9169,172.31,53.2
8,320,0.0000,40.0131,172.31,53.2
8,320,0.0000,43.9169,172.31,53.2
8,320,0.0000,41.9650,172.31,53.2
8,320,1.4706,42.9409,172.31,53.2
8,320,0.0000,41.9650,172.31,53.2
8,320,0.0000,41.9650,172.31,53.2
8,320,0.9804,46.8446,172.31,53.2
8,128,0.0000,40.0131,174.60,51.6
8,128,0.0000,39.0372,174.60,51.6
8,128,0.0000,38.0613,174.60,51.6
8,128,0.0000,39.0372,174.60,51.6
8,128,0.0000,43.9169,174.60,51.6
8,128,0.0000,39.0372,174.60,51.6
8,128,0.0000,37.0853,174.60,51.6
8,128,0.0000,40.9891,174.60,51.6
8,128,0.0000,37.0853,174.60,51.6
8,128,0.0000,41.9650,174.60,51.6
8,256,0.0000,41.9650,176.90,52.1
8,256,0.0000,39.0372,176.90,52.1
8,256,0.4902,40.9891,176.90,52.1
8,256,0.0000,39.0372,176.90,52.1
8,256,0.0000,38.0613,176.90,52.1
8,256,0.0000,38.0613,176.90,52.1
8,256,0.0000,39.0372,176.90,52.1
8,256,0.0000,44.8928,176.90,52.1
8,256,0.0000,41.9650,176.90,52.1
8,256,0.0000,38.0613,176.90,52.1
8,512,0.0000,43.9169,179.20,52.7
8,512,0.0000,41.9650,179.20,52.7
8,512,0.0000,43.9169,179.20,52.7
8,512,0.0000,43.9169,179.20,52.7
8,512,0.0000,43.9169,179.20,52.7
8,512,0.0000,40.0131,179.20,52.7
8,512,0.0000,43.9169,179.20,52.7
8,512,0.0000,43.9169,179.20,52.7
8,512,0.0000,40.9891,179.20,52.7
8,512,0.0000,44.8928,179.20,52.7
8,0,0.0000,40.9891,181.49,52.7
8,0,0.0000,36.1094,181.49,52.7
8,0,0.0000,36.1094,181.49,52.7
8,0,0.0000,37.0853,181.49,52.7
8,0,0.0000,36.1094,181.49,52.7
8,0,0.0000,36.1094,181.49,52.7
8,0,0.0000,34.1576,181.49,52.7
8,0,0.0000,38.0613,181.49,52.7
8,0,0.0000,37.0853,181.49,52.7
8,0,0.0000,37.0853,181.49,52.7
8,64,0.0000,37.0853,183.79,52.1
8,64,0.0000,40.0131,183.79,52.1
8,64,0.0000,38.0613,183.79,52.1
8,64,0.0000,38.0613,183.79,52.1
8,64,0.0000,37.0853,183.79,52.1
8,64,0.0000,37.0853,183.79,52.1
8,64,0.0000,37.0853,183.79,52.1
8,64,0.0000,37.0853,183.79,52.1
8,64,0.0000,37.0853,183.79,52.1
8,64,0.0000,37.0853,183.79,52.1
8,448,0.0000,41.9650,186.08,51.0
8,448,0.0000,42.9409,186.08,51.0
8,448,0.0000,40.9891,186.08,51.0
8,448,0.0000,45.8687,186.08,51.0
8,448,0.0000,41.9650,186.08,51.0
8,448,0.0000,41.9650,186.08,51.0
8,448,0.0000,46.8446,186.08,51.0
8,448,0.0000,42.9409,186.08,51.0
8,448,0.0000,43.9169,186.08,51.0
8,448,0.0000,40.0131,186.08,51.0
9,192,0.4902,46.8446,188.38,51.6
9,192,0.0000,41.9650,188.38,51.6
9,192,0.0000,47.8206,188.38,51.6
9,192,0.0000,38.0613,188.38,51.6
9,192,0.0000,40.0131,188.38,51.6
9,192,0.0000,39.0372,188.38,51.6
9,192,0.0000,41.9650,188.38,51.6
9,192,0.0000,38.0613,188.38,51.6
9,192,0.0000,42.9409,188.38,51.6
9,192,0.0000,39.0372,188.38,51.6
9,512,0.0000,44.8928,190.78,52.7
9,512,0.0000,44.8928,190.78,52.7
9,512,0.0000,41.9650,190.78,52.7
9,512,0.0000,43.9169,190.78,52.7
9,512,0.0000,42.9409,190.78,52.7
9,512,0.0000,42.9409,190.78,52.7
9,512,0.0000,41.9650,190.78,52.7
9,512,0.0000,44.8928,190.78,52.7
9,512,0.0000,46.8446,190.78,52.7
9,512,0.0000,43.9169,190.78,52.7
9,384,0.0000,42.9409,192.97,53.2
9,384,0.0000,41.9650,192.97,53.2
9,384,0.0000,41.9650,192.97,53.2
9,384,0.0000,41.9650,192.97,53.2
9,384,0.0000,43.9169,192.97,53.2
9,384,0.0000,43.9169,192.97,53.2
9,384,0.0000,39.0372,192.97,53.2
9,384,0.0000,40.0131,192.97,53.2
9,384,0.0000,44.8928,192.97,53.2
9,384,0.0000,50.7484,192.97,53.2
9,0,0.0000,40.9891,195.27,51.0
9,0,0.0000,37.0853,195.27,51.0
9,0,0.0000,39.0372,195.27,51.0
9,0,0.0000,38.0613,195.27,51.0
9,0,0.0000,36.1094,195.27,51.0
9,0,0.0000,37.0853,195.27,51.0
9,0,0.0000,38.0613,195.27,51.0
9,0,0.0000,38.0613,195.27,51.0
9,0,0.0000,35.1335,195.27,51.0
9,0,0.0000,37.0853,195.27,51.0
9,448,0.0000,45.8687,197.56,52.7
9,448,0.0000,43.9169,197.56,52.7
9,448,0.0000,42.9409,197.56,52.7
9,448,0.0000,43.9169,197.56,52.7
9,448,0.0000,40.9891,197.56,52.7
9,448,0.0000,42.9409,197.56,52.7
9,448,0.0000,43.9169,197.56,52.7
9,448,0.0000,49.7724,197.56,52.7
9,448,0.0000,50.7484,197.56,52.7
9,448,0.0000,44.8928,197.56,52.7
9,64,0.0000,39.0372,199.86,51.0
9,64,0.0000,39.0372,199.86,51.0
9,64,0.0000,38.0613,199.86,51.0
9,64,0.0000,36.1094,199.86,51.0
9,64,0.0000,39.0372,199.86,51.0
9,64,0.0000,37.0853,199.86,51.0
9,64,0.0000,38.0613,199.86,51.0
9,64,0.0000,40.0131,199.86,51.0
9,64,0.0000,37.0853,199.86,51.0
9,64,0.0000,37.0853,199.86,51.0
9,256,1.4706,43.9169,202.16,53.2
9,256,0.0000,40.9891,202.16,53.2
9,256,0.0000,40.9891,202.16,53.2
9,256,0.0000,40.0131,202.16,53.2
9,256,0.0000,44.8928,202.16,53.2
9,256,0.0000,40.0131,202.16,53.2
9,256,0.0000,39.0372,202.16,53.2
9,256,0.0000,41.9650,202.16,53.2
9,256,0.0000,40.9891,202.16,53.2
9,256,0.0000,40.9891,202.16,53.2
9,320,0.0000,41.9650,204.58,52.1
9,320,0.9804,40.9891,204.58,52.1
9,320,0.0000,43.9169,204.58,52.1
9,320,0.4902,40.9891,204.58,52.1
9,320,0.0000,41.9650,204.58,52.1
9,320,0.0000,42.9409,204.58,52.1
9,320,0.4902,44.8928,204.58,52.1
9,320,0.0000,43.9169,204.58,52.1
9,320,4.4118,102.4727,204.58,52.1
9,320,0.0000,42.9409,204.58,52.1
9,320,0.9804,50.7484,204.58,52.1
9,128,0.0000,40.0131,206.87,52.1
9,128,0.0000,40.0131,206.87,52.1
9,128,0.0000,39.0372,206.87,52.1
9,128,0.0000,40.0131,206.87,52.1
9,128,0.0000,40.0131,206.87,52.1
9,128,0.0000,40.0131,206.87,52.1
9,128,0.0000,36.1094,206.87,52.1
9,128,0.0000,40.0131,206.87,52.1
9,128,0.0000,38.0613,206.87,52.1
9,128,0.0000,41.9650,206.87,52.1
10,512,0.0000,41.9650,209.27,51.6
10,512,0.0000,42.9409,209.27,51.6
10,512,0.0000,51.7243,209.27,51.6
10,512,0.0000,42.9409,209.27,51.6
10,512,0.0000,42.9409,209.27,51.6
10,512,0.0000,44.8928,209.27,51.6
10,512,0.0000,42.9409,209.27,51.6
10,512,0.0000,45.8687,209.27,51.6
10,512,0.0000,44.8928,209.27,51.6
10,512,0.0000,41.9650,209.27,51.6
10,448,0.0000,43.9169,211.47,51.6
10,448,0.0000,44.8928,211.47,51.6
10,448,0.0000,40.9891,211.47,51.6
10,448,0.0000,40.9891,211.47,51.6
10,448,0.0000,43.9169,211.47,51.6
10,448,0.0000,43.9169,211.47,51.6
10,448,0.0000,40.9891,211.47,51.6
10,448,0.0000,41.9650,211.47,51.6
10,448,0.0000,41.9650,211.47,51.6
10,448,0.0000,44.8928,211.47,51.6
10,192,0.0000,48.7965,213.76,52.1
10,192,0.0000,40.9891,213.76,52.1
10,192,0.0000,40.0131,213.76,52.1
10,192,0.0000,38.0613,213.76,52.1
10,192,0.0000,40.0131,213.76,52.1
10,192,0.0000,40.9891,213.76,52.1
10,192,0.0000,40.9891,213.76,52.1
10,192,0.0000,40.0131,213.76,52.1
10,192,0.0000,40.0131,213.76,52.1
10,192,0.0000,40.9891,213.76,52.1
10,320,0.9804,41.9650,216.06,53.2
10,320,0.0000,42.9409,216.06,53.2
10,320,0.0000,42.9409,216.06,53.2
10,320,0.4902,43.9169,216.06,53.2
10,320,0.0000,41.9650,216.06,53.2
10,320,0.0000,40.0131,216.06,53.2
10,320,0.0000,39.0372,216.06,53.2
10,320,0.0000,43.9169,216.06,53.2
10,320,0.0000,41.9650,216.06,53.2
10,320,0.0000,41.9650,216.06,53.2
10,384,0.0000,43.9169,218.36,52.7
10,384,0.0000,42.9409,218.36,52.7
10,384,0.0000,40.9891,218.36,52.7
10,384,0.0000,41.9650,218.36,52.7
10,384,0.0000,42.9409,218.36,52.7
10,384,0.0000,42.9409,218.36,52.7
10,384,0.0000,49.7724,218.36,52.7
10,384,0.0000,41.9650,218.36,52.7
10,384,0.0000,40.9891,218.36,52.7
10,384,0.0000,42.9409,218.36,52.7
10,0,0.0000,35.1335,220.65,51.0
10,0,0.0000,39.0372,220.65,51.0
10,0,0.0000,39.0372,220.65,51.0
10,0,0.0000,36.1094,220.65,51.0
10,0,0.0000,38.0613,220.65,51.0
10,0,0.0000,40.0131,220.65,51.0
10,0,0.0000,38.0613,220.65,51.0
10,0,0.0000,38.0613,220.65,51.0
10,0,0.0000,38.0613,220.65,51.0
10,0,0.0000,36.1094,220.65,51.0
10,64,0.0000,38.0613,222.95,52.7
10,64,0.0000,39.0372,222.95,52.7
10,64,0.0000,40.0131,222.95,52.7
10,64,0.0000,39.0372,222.95,52.7
10,64,0.0000,40.9891,222.95,52.7
10,64,0.0000,38.0613,222.95,52.7
10,64,0.0000,38.0613,222.95,52.7
10,64,0.0000,39.0372,222.95,52.7
10,64,0.0000,39.0372,222.95,52.7
10,64,0.0000,38.0613,222.95,52.7
10,256,0.4902,42.9409,225.24,53.2
10,256,0.0000,40.0131,225.24,53.2
10,256,0.0000,40.9891,225.24,53.2
10,256,0.0000,40.9891,225.24,53.2
10,256,0.0000,39.0372,225.24,53.2
10,256,0.0000,41.9650,225.24,53.2
10,256,0.9804,40.9891,225.24,53.2
10,256,0.0000,40.0131,225.24,53.2
10,256,0.9804,39.0372,225.24,53.2
10,256,0.0000,39.0372,225.24,53.2
10,128,0.0000,40.0131,227.56,51.6
10,128,0.0000,40.0131,227.56,51.6
10,128,0.0000,40.9891,227.56,51.6
10,128,0.0000,39.0372,227.56,51.6
10,128,7.8432,99.5449,227.56,51.6
10,128,0.0000,39.0372,227.56,51.6
10,128,0.0000,40.0131,227.56,51.6
10,128,0.0000,40.0131,227.56,51.6
10,128,0.0000,40.0131,227.56,51.6
10,128,0.0000,40.0131,227.56,51.6
10,128,0.0000,40.0131,227.56,51.6
11,256,0.0000,40.0131,229.96,51.6
11,256,0.0000,40.0131,229.96,51.6
11,256,0.0000,40.0131,229.96,51.6
11,256,0.0000,41.9650,229.96,51.6
11,256,0.0000,40.9891,229.96,51.6
11,256,1.9608,40.0131,229.96,51.6
11,256,0.4902,40.9891,229.96,51.6
11,256,0.0000,40.9891,229.96,51.6
11,256,0.0000,41.9650,229.96,51.6
11,256,0.0000,40.0131,229.96,51.6
11,512,0.0000,48.7965,232.16,52.7
11,512,0.0000,43.9169,232.16,52.7
11,512,0.0000,44.8928,232.16,52.7
11,512,0.0000,43.9169,232.16,52.7
11,512,0.0000,42.9409,232.16,52.7
11,512,0.0000,43.9169,232.16,52.7
11,512,0.0000,42.9409,232.16,52.7
11,512,0.0000,42.9409,232.16,52.7
11,512,0.0000,44.8928,232.16,52.7
11,512,0.0000,41.9650,232.16,52.7
11,384,0.0000,42.9409,234.45,52.7
11,384,0.0000,42.9409,234.45,52.7
11,384,0.0000,42.9409,234.45,52.7
11,384,0.0000,42.9409,234.45,52.7
11,384,0.0000,44.8928,234.45,52.7
11,384,0.0000,41.9650,234.45,52.7
11,384,0.0000,43.9169,234.45,52.7
11,384,0.0000,40.9891,234.45,52.7
11,384,0.0000,44.8928,234.45,52.7
11,384,0.0000,41.9650,234.45,52.7
11,448,0.0000,41.9650,236.75,52.1
11,448,0.0000,41.9650,236.75,52.1
11,448,0.0000,43.9169,236.75,52.1
11,448,0.0000,40.0131,236.75,52.1
11,448,0.0000,44.8928,236.75,52.1
11,448,0.0000,40.0131,236.75,52.1
11,448,0.0000,41.9650,236.75,52.1
11,448,0.0000,49.7724,236.75,52.1
11,448,0.0000,42.9409,236.75,52.1
11,448,0.0000,42.9409,236.75,52.1
11,128,0.0000,38.0613,239.04,52.1
11,128,0.0000,40.0131,239.04,52.1
11,128,0.0000,39.0372,239.04,52.1
11,128,0.0000,40.9891,239.04,52.1
11,128,0.0000,40.0131,239.04,52.1
11,128,0.0000,38.0613,239.04,52.1
11,128,0.0000,40.9891,239.04,52.1
11,128,0.0000,38.0613,239.04,52.1
11,128,0.0000,38.0613,239.04,52.1
11,128,0.0000,40.9891,239.04,52.1
11,64,0.0000,40.9891,241.34,51.6
11,64,0.0000,39.0372,241.34,51.6
11,64,0.0000,38.0613,241.34,51.6
11,64,0.0000,38.0613,241.34,51.6
11,64,0.0000,37.0853,241.34,51.6
11,64,0.0000,37.0853,241.34,51.6
11,64,0.0000,37.0853,241.34,51.6
11,64,0.0000,40.0131,241.34,51.6
11,64,0.0000,39.0372,241.34,51.6
11,64,0.0000,39.0372,241.34,51.6
11,0,0.0000,37.0853,243.64,52.7
11,0,0.0000,38.0613,243.64,52.7
11,0,0.0000,37.0853,243.64,52.7
11,0,0.0000,36.1094,243.64,52.7
11,0,0.0000,36.1094,243.64,52.7
11,0,0.0000,37.0853,243.64,52.7
11,0,0.0000,34.1576,243.64,52.7
11,0,0.0000,38.0613,243.64,52.7
11,0,0.0000,38.0613,243.64,52.7
11,0,0.0000,38.0613,243.64,52.7
11,192,0.0000,45.8687,245.93,52.7
11,192,0.0000,42.9409,245.93,52.7
11,192,0.0000,40.0131,245.93,52.7
11,192,0.0000,40.0131,245.93,52.7
11,192,0.0000,40.9891,245.93,52.7
11,192,0.0000,40.0131,245.93,52.7
11,192,0.0000,40.0131,245.93,52.7
11,192,0.0000,39.0372,245.93,52.7
11,192,0.0000,40.0131,245.93,52.7
11,192,0.0000,39.0372,245.93,52.7
11,320,0.0000,42.9409,248.23,52.7
11,320,0.0000,41.9650,248.23,52.7
11,320,0.0000,40.0131,248.23,52.7
11,320,0.0000,41.9650,248.23,52.7
11,320,1.4706,42.9409,248.23,52.7
11,320,0.4902,40.9891,248.23,52.7
11,320,0.0000,39.0372,248.23,52.7
11,320,0.0000,40.9891,248.23,52.7
11,320,0.9804,40.9891,248.23,52.7
11,320,0.0000,41.9650,248.23,52.7
12,320,0.0000,44.8928,250.62,51.0
12,320,0.9804,41.9650,250.62,51.0
12,320,0.0000,43.9169,250.62,51.0
12,320,0.0000,41.9650,250.62,51.0
12,320,0.0000,40.9891,250.62,51.0
12,320,0.9804,41.9650,250.62,51.0
12,320,0.0000,40.9891,250.62,51.0
12,320,1.4706,43.9169,250.62,51.0
12,320,0.0000,42.9409,250.62,51.0
12,320,0.4902,42.9409,250.62,51.0
12,128,0.0000,39.0372,252.82,51.6
12,128,0.0000,39.0372,252.82,51.6
12,128,0.0000,36.1094,252.82,51.6
12,128,0.0000,39.0372,252.82,51.6
12,128,0.0000,40.0131,252.82,51.6
12,128,0.0000,39.0372,252.82,51.6
12,128,0.0000,40.0131,252.82,51.6
12,128,0.0000,39.0372,252.82,51.6
12,128,0.0000,39.0372,252.82,51.6
12,128,0.0000,40.9891,252.82,51.6
12,384,0.0000,43.9169,255.12,51.6
12,384,0.0000,40.0131,255.12,51.6
12,384,0.0000,40.0131,255.12,51.6
12,384,0.0000,42.9409,255.12,51.6
12,384,0.0000,40.9891,255.12,51.6
12,384,0.0000,43.9169,255.12,51.6
12,384,0.0000,40.9891,255.12,51.6
12,384,0.0000,42.9409,255.12,51.6
12,384,0.0000,49.7724,255.12,51.6
12,384,0.0000,43.9169,255.12,51.6
12,0,0.0000,36.1094,257.41,52.1
12,0,0.0000,39.0372,257.41,52.1
12,0,0.0000,38.0613,257.41,52.1
12,0,0.0000,36.1094,257.41,52.1
12,0,0.0000,38.0613,257.41,52.1
12,0,0.0000,36.1094,257.41,52.1
12,0,0.0000,36.1094,257.41,52.1
12,0,0.0000,39.0372,257.41,52.1
12,0,0.0000,38.0613,257.41,52.1
12,0,0.0000,36.1094,257.41,52.1
12,64,0.0000,39.0372,259.70,52.7
12,64,0.0000,37.0853,259.70,52.7
12,64,0.0000,37.0853,259.70,52.7
12,64,0.0000,37.0853,259.70,52.7
12,64,0.0000,37.0853,259.70,52.7
12,64,0.0000,38.0613,259.70,52.7
12,64,0.0000,39.0372,259.70,52.7
12,64,0.0000,37.0853,259.70,52.7
12,64,0.0000,37.0853,259.70,52.7
12,64,0.0000,40.9891,259.70,52.7
12,448,0.0000,42.9409,261.99,52.1
12,448,0.0000,40.0131,261.99,52.1
12,448,0.0000,44.8928,261.99,52.1
12,448,0.0000,44.8928,261.99,52.1
12,448,0.0000,41.9650,261.99,52.1
12,448,0.0000,51.7243,261.99,52.1
12,448,0.0000,43.9169,261.99,52.1
12,448,0.0000,42.9409,261.99,52.1
12,448,0.0000,44.8928,261.99,52.1
12,448,0.0000,43.9169,261.99,52.1
12,256,0.9804,41.9650,264.29,52.7
12,256,0.0000,42.9409,264.29,52.7
12,256,0.4902,40.9891,264.29,52.7
12,256,0.0000,40.0131,264.29,52.7
12,256,0.0000,40.9891,264.29,52.7
12,256,0.0000,40.9891,264.29,52.7
12,256,0.0000,41.9650,264.29,52.7
12,256,0.4902,40.9891,264.29,52.7
12,256,0.0000,43.9169,264.29,52.7
12,256,0.0000,40.9891,264.29,52.7
12,192,0.0000,46.8446,266.58,53.2
12,192,0.0000,40.9891,266.58,53.2
12,192,0.0000,40.0131,266.58,53.2
12,192,0.0000,40.0131,266.58,53.2
12,192,0.0000,38.0613,266.58,53.2
12,192,0.0000,40.9891,266.58,53.2
12,192,0.0000,42.9409,266.58,53.2
12,192,0.0000,40.0131,266.58,53.2
12,192,0.0000,41.9650,266.58,53.2
12,192,0.0000,40.9891,266.58,53.2
12,512,0.0000,44.8928,268.88,52.7
12,512,0.0000,45.8687,268.88,52.7
12,512,0.0000,44.8928,268.88,52.7
12,512,0.0000,44.8928,268.88,52.7
12,512,0.0000,44.8928,268.88,52.7
12,512,0.0000,43.9169,268.88,52.7
12,512,0.0000,41.9650,268.88,52.7
12,512,0.0000,44.8928,268.88,52.7
12,512,0.0000,45.8687,268.88,52.7
12,512,0.0000,42.9409,268.88,52.7
13,64,0.0000,40.9891,271.28,52.1
13,64,0.0000,37.0853,271.28,52.1
13,64,0.0000,38.0613,271.28,52.1
13,64,0.0000,40.0131,271.28,52.1
13,64,0.0000,39.0372,271.28,52.1
13,64,0.0000,40.9891,271.28,52.1
13,64,0.0000,37.0853,271.28,52.1
13,64,0.0000,40.0131,271.28,52.1
13,64,0.0000,38.0613,271.28,52.1
13,64,0.0000,38.0613,271.28,52.1
13,256,0.0000,41.9650,273.48,51.6
13,256,0.0000,40.0131,273.48,51.6
13,256,0.0000,39.0372,273.48,51.6
13,256,0.0000,40.9891,273.48,51.6
13,256,0.0000,40.9891,273.48,51.6
13,256,0.0000,41.9650,273.48,51.6
13,256,0.0000,40.9891,273.48,51.6
13,256,0.0000,41.9650,273.48,51.6
13,256,0.0000,40.0131,273.48,51.6
13,256,0.0000,40.9891,273.48,51.6
13,0,0.0000,37.0853,275.77,52.7
13,0,0.0000,36.1094,275.77,52.7
13,0,0.0000,36.1094,275.77,52.7
13,0,0.0000,38.0613,275.77,52.7
13,0,0.0000,36.1094,275.77,52.7
13,0,0.0000,40.9891,275.77,52.7
13,0,0.0000,35.1335,275.77,52.7
13,0,0.0000,38.0613,275.77,52.7
13,0,0.0000,37.0853,275.77,52.7
13,0,0.0000,35.1335,275.77,52.7
13,128,0.0000,39.0372,278.07,52.1
13,128,0.0000,40.0131,278.07,52.1
13,128,0.0000,40.9891,278.07,52.1
13,128,0.0000,39.0372,278.07,52.1
13,128,0.0000,40.9891,278.07,52.1
13,128,0.0000,39.0372,278.07,52.1
13,128,0.0000,39.0372,278.07,52.1
13,128,0.0000,43.9169,278.07,52.1
13,128,0.0000,41.9650,278.07,52.1
13,128,0.0000,36.1094,278.07,52.1
13,448,0.0000,42.9409,280.36,53.2
13,448,0.0000,42.9409,280.36,53.2
13,448,0.0000,43.9169,280.36,53.2
13,448,0.0000,41.9650,280.36,53.2
13,448,0.0000,43.9169,280.36,53.2
13,448,0.0000,47.8206,280.36,53.2
13,448,0.0000,49.7724,280.36,53.2
13,448,0.0000,41.9650,280.36,53.2
13,448,0.0000,45.8687,280.36,53.2
13,448,0.0000,42.9409,280.36,53.2
13,320,0.9804,41.9650,282.66,51.6
13,320,0.0000,43.9169,282.66,51.6
13,320,0.0000,40.9891,282.66,51.6
13,320,0.0000,40.0131,282.66,51.6
13,320,0.9804,43.9169,282.66,51.6
13,320,0.0000,39.0372,282.66,51.6
13,320,0.0000,44.8928,282.66,51.6
13,320,1.4706,40.9891,282.66,51.6
13,320,0.4902,42.9409,282.66,51.6
13,320,0.0000,41.9650,282.66,51.6
13,512,0.0000,42.9409,284.96,51.6
13,512,0.0000,43.9169,284.96,51.6
13,512,0.0000,44.8928,284.96,51.6
13,512,0.0000,43.9169,284.96,51.6
13,512,0.0000,43.9169,284.96,51.6
13,512,0.0000,43.9169,284.96,51.6
13,512,0.0000,43.9169,284.96,51.6
13,512,0.0000,42.9409,284.96,51.6
13,512,0.0000,43.9169,284.96,51.6
13,512,0.0000,45.8687,284.96,51.6
13,384,0.0000,48.7965,287.25,52.7
13,384,0.0000,43.9169,287.25,52.7
13,384,0.0000,50.7484,287.25,52.7
13,384,0.0000,44.8928,287.25,52.7
13,384,0.0000,42.9409,287.25,52.7
13,384,0.0000,41.9650,287.25,52.7
13,384,0.0000,42.9409,287.25,52.7
13,384,0.0000,42.9409,287.25,52.7
13,384,0.0000,41.9650,287.25,52.7
13,384,0.0000,47.8206,287.25,52.7
13,192,0.0000,39.0372,289.55,51.6
13,192,0.9804,40.9891,289.55,51.6
13,192,0.0000,41.9650,289.55,51.6
13,192,0.0000,39.0372,289.55,51.6
13,192,0.0000,36.1094,289.55,51.6
13,192,0.0000,40.9891,289.55,51.6
13,192,0.0000,40.9891,289.55,51.6
13,192,0.0000,38.0613,289.55,51.6
13,192,0.0000,40.9891,289.55,51.6
13,192,0.0000,41.9650,289.55,51.6
14,256,0.0000,40.0131,291.94,53.8
14,256,0.0000,40.9891,291.94,53.8
14,256,0.0000,40.9891,291.94,53.8
14,256,0.0000,40.9891,291.94,53.8
14,256,0.4902,40.0131,291.94,53.8
14,256,0.0000,40.0131,291.94,53.8
14,256,0.0000,38.0613,291.94,53.8
14,256,0.0000,38.0613,291.94,53.8
14,256,0.0000,40.9891,291.94,53.8
14,256,0.0000,40.9891,291.94,53.8
14,64,0.0000,41.9650,294.14,51.6
14,64,0.0000,37.0853,294.14,51.6
14,64,0.0000,38.0613,294.14,51.6
14,64,0.0000,36.1094,294.14,51.6
14,64,0.0000,36.1094,294.14,51.6
14,64,0.0000,39.0372,294.14,51.6
14,64,0.0000,35.1335,294.14,51.6
14,64,0.0000,38.0613,294.14,51.6
14,64,0.0000,39.0372,294.14,51.6
14,64,0.0000,39.0372,294.14,51.6
14,192,0.0000,40.0131,296.56,52.7
14,192,0.0000,40.0131,296.56,52.7
14,192,0.0000,40.9891,296.56,52.7
14,192,0.0000,41.9650,296.56,52.7
14,192,0.0000,39.0372,296.56,52.7
14,192,1.4706,78.0744,296.56,52.7
14,192,0.0000,40.9891,296.56,52.7
14,192,0.0000,40.9891,296.56,52.7
14,192,0.0000,39.0372,296.56,52.7
14,192,0.0000,40.0131,296.56,52.7
14,192,0.0000,39.0372,296.56,52.7
14,512,0.0000,43.9169,298.86,53.2
14,512,0.0000,44.8928,298.86,53.2
14,512,0.0000,46.8446,298.86,53.2
14,512,0.0000,42.9409,298.86,53.2
14,512,0.0000,43.9169,298.86,53.2
14,512,0.0000,43.9169,298.86,53.2
14,512,0.0000,44.8928,298.86,53.2
14,512,0.0000,42.9409,298.86,53.2
14,512,0.0000,46.8446,298.86,53.2
14,512,0.0000,44.8928,298.86,53.2
14,0,0.0000,36.1094,301.15,53.2
14,0,0.0000,38.0613,301.15,53.2
14,0,0.0000,36.1094,301.15,53.2
14,0,0.0000,37.0853,301.15,53.2
14,0,0.0000,36.1094,301.15,53.2
14,0,0.0000,40.0131,301.15,53.2
14,0,0.0000,35.1335,301.15,53.2
14,0,0.0000,34.1576,301.15,53.2
14,0,0.0000,37.0853,301.15,53.2
14,0,0.0000,39.0372,301.15,53.2
14,128,0.0000,39.0372,303.45,53.2
14,128,0.0000,38.0613,303.45,53.2
14,128,0.0000,40.0131,303.45,53.2
14,128,0.0000,40.9891,303.45,53.2
14,128,0.0000,38.0613,303.45,53.2
14,128,0.0000,40.0131,303.45,53.2
14,128,0.0000,40.0131,303.45,53.2
14,128,0.0000,40.0131,303.45,53.2
14,128,0.0000,38.0613,303.45,53.2
14,128,0.0000,38.0613,303.45,53.2
14,384,0.0000,42.9409,305.75,52.1
14,384,0.0000,40.0131,305.75,52.1
14,384,0.0000,41.9650,305.75,52.1
14,384,0.0000,41.9650,305.75,52.1
14,384,0.0000,41.9650,305.75,52.1
14,384,0.0000,41.9650,305.75,52.1
14,384,0.0000,38.0613,305.75,52.1
14,384,0.0000,40.0131,305.75,52.1
14,384,0.0000,43.9169,305.75,52.1
14,384,0.0000,41.9650,305.75,52.1
14,320,0.0000,42.9409,307.94,52.7
14,320,0.0000,42.9409,307.94,52.7
14,320,0.0000,41.9650,307.94,52.7
14,320,0.9804,41.9650,307.94,52.7
14,320,0.0000,40.9891,307.94,52.7
14,320,0.0000,41.9650,307.94,52.7
14,320,0.4902,43.9169,307.94,52.7
14,320,0.0000,40.9891,307.94,52.7
14,320,0.0000,39.0372,307.94,52.7
14,320,0.4902,42.9409,307.94,52.7
14,448,0.0000,41.9650,310.24,53.2
14,448,0.0000,41.9650,310.24,53.2
14,448,0.0000,45.8687,310.24,53.2
14,448,0.0000,44.8928,310.24,53.2
14,448,0.0000,44.8928,310.24,53.2
14,448,0.0000,43.9169,310.24,53.2
14,448,0.0000,43.9169,310.24,53.2
14,448,0.0000,43.9169,310.24,53.2
14,448,0.4902,42.9409,310.24,53.2
14,448,0.0000,42.9409,310.24,53.2
15,128,0.0000,39.0372,312.44,52.7
15,128,0.0000,38.0613,312.44,52.7
15,128,0.0000,40.9891,312.44,52.7
15,128,0.0000,40.0131,312.44,52.7
15,128,0.0000,39.0372,312.44,52.7
15,128,0.0000,37.0853,312.44,52.7
15,128,0.0000,40.9891,312.44,52.7
15,128,0.0000,37.0853,312.44,52.7
15,128,0.0000,38.0613,312.44,52.7
15,128,0.0000,37.0853,312.44,52.7
15,64,0.0000,39.0372,314.73,52.7
15,64,0.0000,38.0613,314.73,52.7
15,64,0.0000,38.0613,314.73,52.7
15,64,0.0000,40.9891,314.73,52.7
15,64,0.0000,37.0853,314.73,52.7
15,64,0.0000,38.0613,314.73,52.7
15,64,0.0000,39.0372,314.73,52.7
15,64,0.0000,39.0372,314.73,52.7
15,64,0.0000,38.0613,314.73,52.7
15,64,0.0000,36.1094,314.73,52.7
15,192,0.0000,39.0372,317.03,52.7
15,192,0.0000,40.9891,317.03,52.7
15,192,0.0000,40.0131,317.03,52.7
15,192,0.0000,40.9891,317.03,52.7
15,192,0.0000,47.8206,317.03,52.7
15,192,0.0000,40.9891,317.03,52.7
15,192,0.0000,40.0131,317.03,52.7
15,192,0.0000,40.9891,317.03,52.7
15,192,0.0000,38.0613,317.03,52.7
15,192,0.0000,40.0131,317.03,52.7
15,384,0.9804,43.9169,319.32,52.7
15,384,0.0000,42.9409,319.32,52.7
15,384,0.0000,41.9650,319.32,52.7
15,384,0.0000,40.9891,319.32,52.7
15,384,0.0000,42.9409,319.32,52.7
15,384,0.0000,41.9650,319.32,52.7
15,384,0.0000,43.9169,319.32,52.7
15,384,0.0000,40.9891,319.32,52.7
15,384,0.0000,42.9409,319.32,52.7
15,384,0.0000,42.9409,319.32,52.7
15,0,0.0000,38.0613,321.62,52.1
15,0,0.0000,34.1576,321.62,52.1
15,0,0.0000,35.1335,321.62,52.1
15,0,0.0000,39.0372,321.62,52.1
15,0,0.0000,39.0372,321.62,52.1
15,0,0.0000,39.0372,321.62,52.1
15,0,0.0000,37.0853,321.62,52.1
15,0,0.0000,36.1094,321.62,52.1
15,0,0.0000,38.0613,321.62,52.1
15,0,0.0000,37.0853,321.62,52.1
15,448,0.0000,50.7484,323.92,52.7
15,448,0.0000,43.9169,323.92,52.7
15,448,0.0000,42.9409,323.92,52.7
15,448,0.0000,41.9650,323.92,52.7
15,448,0.0000,48.7965,323.92,52.7
15,448,0.0000,40.9891,323.92,52.7
15,448,0.0000,41.9650,323.92,52.7
15,448,0.0000,43.9169,323.92,52.7
15,448,0.0000,42.9409,323.92,52.7
15,448,0.0000,41.9650,323.92,52.7
15,512,0.0000,44.8928,326.21,52.7
15,512,0.0000,40.9891,326.21,52.7
15,512,0.0000,42.9409,326.21,52.7
15,512,0.0000,44.8928,326.21,52.7
15,512,0.0000,42.9409,326.21,52.7
15,512,0.0000,41.9650,326.21,52.7
15,512,0.0000,44.8928,326.21,52.7
15,512,0.0000,43.9169,326.21,52.7
15,512,0.0000,42.9409,326.21,52.7
15,512,0.0000,41.9650,326.21,52.7
15,320,0.0000,42.9409,328.51,52.7
15,320,0.0000,40.9891,328.51,52.7
15,320,0.4902,39.0372,328.51,52.7
15,320,1.9608,41.9650,328.51,52.7
15,320,0.0000,43.9169,328.51,52.7
15,320,0.0000,43.9169,328.51,52.7
15,320,0.0000,38.0613,328.51,52.7
15,320,0.0000,44.8928,328.51,52.7
15,320,0.0000,40.9891,328.51,52.7
15,320,0.0000,41.9650,328.51,52.7
15,256,0.0000,40.0131,330.90,53.2
15,256,0.0000,41.9650,330.90,53.2
15,256,0.9804,41.9650,330.90,53.2
15,256,0.0000,40.0131,330.90,53.2
15,256,0.4902,43.9169,330.90,53.2
15,256,0.0000,40.9891,330.90,53.2
15,256,0.0000,40.0131,330.90,53.2
15,256,0.0000,40.9891,330.90,53.2
15,256,0.4902,40.0131,330.90,53.2
15,256,0.0000,40.9891,330.90,53.2
16,448,0.0000,40.9891,333.10,53.2
16,448,0.0000,42.9409,333.10,53.2
16,448,0.0000,42.9409,333.10,53.2
16,448,0.0000,51.7243,333.10,53.2
16,448,0.0000,43.9169,333.10,53.2
16,448,0.0000,62.4595,333.10,53.2
16,448,0.0000,41.9650,333.10,53.2
16,448,0.0000,41.9650,333.10,53.2
16,448,0.0000,42.9409,333.10,53.2
16,448,0.0000,42.9409,333.10,53.2
16,192,0.0000,40.0131,335.40,53.2
16,192,0.4902,40.9891,335.40,53.2
16,192,0.0000,40.0131,335.40,53.2
16,192,0.0000,40.0131,335.40,53.2
16,192,0.0000,40.9891,335.40,53.2
16,192,0.0000,36.1094,335.40,53.2
16,192,0.0000,40.9891,335.40,53.2
16,192,0.0000,43.9169,335.40,53.2
16,192,0.0000,41.9650,335.40,53.2
16,192,0.0000,37.0853,335.40,53.2
16,256,0.0000,41.9650,337.69,51.0
16,256,0.4902,40.9891,337.69,51.0
16,256,0.0000,40.9891,337.69,51.0
16,256,0.0000,40.0131,337.69,51.0
16,256,0.0000,43.9169,337.69,51.0
16,256,0.0000,40.9891,337.69,51.0
16,256,0.0000,42.9409,337.69,51.0
16,256,1.4706,45.8687,337.69,51.0
16,256,0.0000,41.9650,337.69,51.0
16,256,0.4902,41.9650,337.69,51.0
16,320,0.0000,39.0372,339.98,52.7
16,320,0.0000,40.9891,339.98,52.7
16,320,0.0000,41.9650,339.98,52.7
16,320,0.0000,42.9409,339.98,52.7
16,320,0.9804,41.9650,339.98,52.7
16,320,0.0000,40.0131,339.98,52.7
16,320,0.0000,42.9409,339.98,52.7
16,320,0.0000,42.9409,339.98,52.7
16,320,0.0000,41.9650,339.98,52.7
16,320,0.4902,40.0131,339.98,52.7
16,64,0.0000,40.9891,342.28,52.7
16,64,0.0000,38.0613,342.28,52.7
16,64,0.0000,38.0613,342.28,52.7
16,64,0.0000,37.0853,342.28,52.7
16,64,0.0000,37.0853,342.28,52.7
16,64,0.0000,40.0131,342.28,52.7
16,64,0.0000,40.9891,342.28,52.7
16,64,0.0000,40.0131,342.28,52.7
16,64,0.0000,39.0372,342.28,52.7
16,64,0.0000,38.0613,342.28,52.7
16,128,0.0000,37.0853,344.57,53.2
16,128,0.0000,40.0131,344.57,53.2
16,128,0.0000,40.0131,344.57,53.2
16,128,0.0000,40.0131,344.57,53.2
16,128,0.0000,40.9891,344.57,53.2
16,128,0.0000,40.0131,344.57,53.2
16,128,0.0000,40.9891,344.57,53.2
16,128,0.0000,39.0372,344.57,53.2
16,128,0.0000,39.0372,344.57,53.2
16,128,0.0000,40.0131,344.57,53.2
16,512,0.0000,43.9169,346.87,51.6
16,512,0.0000,45.8687,346.87,51.6
16,512,0.0000,43.9169,346.87,51.6
16,512,0.0000,45.8687,346.87,51.6
16,512,0.0000,42.9409,346.87,51.6
16,512,0.0000,45.8687,346.87,51.6
16,512,0.0000,40.9891,346.87,51.6
16,512,0.0000,41.9650,346.87,51.6
16,512,0.0000,49.7724,346.87,51.6
16,512,0.0000,42.9409,346.87,51.6
16,384,0.0000,40.9891,349.16,53.2
16,384,0.0000,44.8928,349.16,53.2
16,384,0.0000,42.9409,349.16,53.2
16,384,0.0000,41.9650,349.16,53.2
16,384,0.4902,44.8928,349.16,53.2
16,384,0.0000,41.9650,349.16,53.2
16,384,0.0000,42.9409,349.16,53.2
16,384,0.0000,40.9891,349.16,53.2
16,384,0.0000,42.9409,349.16,53.2
16,384,0.0000,42.9409,349.16,53.2
16,0,0.0000,36.1094,351.56,53.2
16,0,0.0000,36.1094,351.56,53.2
16,0,0.0000,37.0853,351.56,53.2
16,0,0.0000,37.0853,351.56,53.2
16,0,0.0000,38.0613,351.56,53.2
16,0,0.0000,36.1094,351.56,53.2
16,0,0.0000,36.1094,351.56,53.2
16,0,0.0000,40.0131,351.56,53.2
16,0,0.0000,40.0131,351.56,53.2
16,0,0.0000,34.1576,351.56,53.2
17,64,0.0000,35.1335,353.76,53.2
17,64,0.0000,37.0853,353.76,53.2
17,64,0.0000,40.9891,353.76,53.2
17,64,0.0000,40.9891,353.76,53.2
17,64,0.0000,40.0131,353.76,53.2
17,64,0.0000,37.0853,353.76,53.2
17,64,0.0000,39.0372,353.76,53.2
17,64,0.0000,39.0372,353.76,53.2
17,64,0.0000,35.1335,353.76,53.2
17,64,0.0000,37.0853,353.76,53.2
17,192,0.0000,47.8206,356.05,52.7
17,192,0.0000,40.9891,356.05,52.7
17,192,0.0000,38.0613,356.05,52.7
17,192,0.0000,39.0372,356.05,52.7
17,192,0.0000,40.0131,356.05,52.7
17,192,0.0000,40.9891,356.05,52.7
17,192,0.0000,40.9891,356.05,52.7
17,192,0.0000,40.0131,356.05,52.7
17,192,0.0000,40.0131,356.05,52.7
17,192,0.0000,42.9409,356.05,52.7
17,512,0.0000,50.7484,358.35,52.7
17,512,0.0000,41.9650,358.35,52.7
17,512,0.0000,42.9409,358.35,52.7
17,512,0.0000,44.8928,358.35,52.7
17,512,0.0000,43.9169,358.35,52.7
17,512,0.0000,45.8687,358.35,52.7
17,512,0.0000,43.9169,358.35,52.7
17,512,0.0000,45.8687,358.35,52.7
17,512,0.0000,44.8928,358.35,52.7
17,512,0.0000,42.9409,358.35,52.7
17,384,0.0000,41.9650,360.64,54.3
17,384,0.0000,44.8928,360.64,54.3
17,384,0.0000,40.9891,360.64,54.3
17,384,0.9804,41.9650,360.64,54.3
17,384,0.0000,40.9891,360.64,54.3
17,384,0.0000,43.9169,360.64,54.3
17,384,0.0000,42.9409,360.64,54.3
17,384,0.0000,40.0131,360.64,54.3
17,384,0.0000,41.9650,360.64,54.3
17,384,0.0000,42.9409,360.64,54.3
17,0,0.0000,35.1335,362.94,52.7
17,0,0.0000,37.0853,362.94,52.7
17,0,0.0000,36.1094,362.94,52.7
17,0,0.0000,37.0853,362.94,52.7
17,0,0.0000,40.0131,362.94,52.7
17,0,0.0000,35.1335,362.94,52.7
17,0,0.0000,37.0853,362.94,52.7
17,0,0.0000,36.1094,362.94,52.7
17,0,0.0000,35.1335,362.94,52.7
17,0,0.0000,39.0372,362.94,52.7
17,256,0.0000,41.9650,365.24,52.1
17,256,0.0000,37.0853,365.24,52.1
17,256,0.0000,40.9891,365.24,52.1
17,256,0.0000,41.9650,365.24,52.1
17,256,0.0000,38.0613,365.24,52.1
17,256,0.4902,40.0131,365.24,52.1
17,256,0.4902,42.9409,365.24,52.1
17,256,1.4706,43.9169,365.24,52.1
17,256,0.0000,40.9891,365.24,52.1
17,256,0.0000,40.9891,365.24,52.1
17,448,0.0000,43.9169,367.53,51.6
17,448,0.0000,43.9169,367.53,51.6
17,448,0.0000,41.9650,367.53,51.6
17,448,0.0000,41.9650,367.53,51.6
17,448,0.0000,43.9169,367.53,51.6
17,448,0.0000,41.9650,367.53,51.6
17,448,0.0000,44.8928,367.53,51.6
17,448,0.0000,43.9169,367.53,51.6
17,448,0.0000,44.8928,367.53,51.6
17,448,0.0000,41.9650,367.53,51.6
17,128,0.0000,39.0372,369.83,53.2
17,128,0.0000,39.0372,369.83,53.2
17,128,0.0000,38.0613,369.83,53.2
17,128,0.0000,38.0613,369.83,53.2
17,128,0.0000,39.0372,369.83,53.2
17,128,0.0000,40.0131,369.83,53.2
17,128,0.0000,38.0613,369.83,53.2
17,128,0.0000,39.0372,369.83,53.2
17,128,0.0000,39.0372,369.83,53.2
17,128,0.0000,39.0372,369.83,53.2
17,320,0.9804,42.9409,372.23,51.6
17,320,0.9804,41.9650,372.23,51.6
17,320,0.0000,41.9650,372.23,51.6
17,320,0.0000,40.9891,372.23,51.6
17,320,0.0000,40.9891,372.23,51.6
17,320,0.0000,42.9409,372.23,51.6
17,320,0.0000,43.9169,372.23,51.6
17,320,0.0000,41.9650,372.23,51.6
17,320,0.0000,41.9650,372.23,51.6
17,320,0.0000,41.9650,372.23,51.6
18,448,0.0000,41.9650,374.42,52.1
18,448,0.0000,42.9409,374.42,52.1
18,448,0.0000,43.9169,374.42,52.1
18,448,0.0000,43.9169,374.42,52.1
18,448,0.0000,43.9169,374.42,52.1
18,448,0.0000,44.8928,374.42,52.1
18,448,0.0000,43.9169,374.42,52.1
18,448,0.0000,43.9169,374.42,52.1
18,448,0.0000,42.9409,374.42,52.1
18,448,0.0000,41.9650,374.42,52.1
18,192,0.0000,44.8928,376.72,53.2
18,192,0.0000,39.0372,376.72,53.2
18,192,0.0000,43.9169,376.72,53.2
18,192,0.0000,39.0372,376.72,53.2
18,192,0.0000,40.9891,376.72,53.2
18,192,0.0000,39.0372,376.72,53.2
18,192,0.9804,39.0372,376.72,53.2
18,192,0.0000,42.9409,376.72,53.2
18,192,0.0000,45.8687,376.72,53.2
18,192,0.0000,41.9650,376.72,53.2
18,384,0.0000,42.9409,379.01,53.2
18,384,0.0000,44.8928,379.01,53.2
18,384,0.0000,41.9650,379.01,53.2
18,384,0.0000,43.9169,379.01,53.2
18,384,0.0000,41.9650,379.01,53.2
18,384,0.0000,44.8928,379.01,53.2
18,384,0.0000,41.9650,379.01,53.2
18,384,0.0000,43.9169,379.01,53.2
18,384,0.0000,38.0613,379.01,53.2
18,384,0.0000,42.9409,379.01,53.2
18,128,0.0000,40.0131,381.31,51.6
18,128,0.0000,39.0372,381.31,51.6
18,128,0.0000,40.9891,381.31,51.6
18,128,0.0000,38.0613,381.31,51.6
18,128,0.0000,38.0613,381.31,51.6
18,128,0.0000,39.0372,381.31,51.6
18,128,0.0000,38.0613,381.31,51.6
18,128,0.0000,38.0613,381.31,51.6
18,128,0.0000,38.0613,381.31,51.6
18,128,0.0000,38.0613,381.31,51.6
18,320,0.0000,44.8928,383.60,52.1
18,320,0.0000,43.9169,383.60,52.1
18,320,0.0000,43.9169,383.60,52.1
18,320,0.4902,38.0613,383.60,52.1
18,320,0.0000,40.0131,383.60,52.1
18,320,0.0000,42.9409,383.60,52.1
18,320,0.0000,41.9650,383.60,52.1
18,320,0.0000,40.9891,383.60,52.1
18,320,0.0000,41.9650,383.60,52.1
18,320,0.0000,43.9169,383.60,52.1
18,0,0.0000,40.9891,385.90,53.2
18,0,0.0000,36.1094,385.90,53.2
18,0,0.0000,38.0613,385.90,53.2
18,0,0.0000,37.0853,385.90,53.2
18,0,0.0000,37.0853,385.90,53.2
18,0,0.0000,37.0853,385.90,53.2
18,0,0.0000,36.1094,385.90,53.2
18,0,0.0000,39.0372,385.90,53.2
18,0,0.0000,39.0372,385.90,53.2
18,0,0.0000,37.0853,385.90,53.2
18,64,0.0000,38.0613,388.22,52.7
18,64,0.0000,56.6039,388.22,52.7
18,64,0.0000,36.1094,388.22,52.7
18,64,0.0000,39.0372,388.22,52.7
18,64,0.0000,40.0131,388.22,52.7
18,64,0.0000,39.0372,388.22,52.7
18,64,0.0000,36.1094,388.22,52.7
18,64,0.0000,38.0613,388.22,52.7
18,64,0.0000,39.0372,388.22,52.7
18,64,0.0000,40.0131,388.22,52.7
18,64,0.0000,40.0131,388.22,52.7
18,512,0.0000,42.9409,390.52,52.7
18,512,0.0000,41.9650,390.52,52.7
18,512,0.0000,49.7724,390.52,52.7
18,512,0.0000,43.9169,390.52,52.7
18,512,0.0000,43.9169,390.52,52.7
18,512,0.0000,44.8928,390.52,52.7
18,512,0.0000,42.9409,390.52,52.7
18,512,0.0000,43.9169,390.52,52.7
18,512,0.0000,44.8928,390.52,52.7
18,512,0.0000,44.8928,390.52,52.7
18,256,0.0000,40.0131,392.91,52.1
18,256,0.0000,41.9650,392.91,52.1
18,256,0.0000,40.0131,392.91,52.1
18,256,0.0000,40.0131,392.91,52.1
18,256,0.9804,40.9891,392.91,52.1
18,256,0.0000,38.0613,392.91,52.1
18,256,0.0000,40.9891,392.91,52.1
18,256,0.0000,40.9891,392.91,52.1
18,256,1.4706,39.0372,392.91,52.1
18,256,0.0000,38.0613,392.91,52.1
19,192,0.0000,40.9891,395.11,52.7
19,192,0.4902,39.0372,395.11,52.7
19,192,0.0000,40.0131,395.11,52.7
19,192,0.0000,40.0131,395.11,52.7
19,192,0.0000,40.9891,395.11,52.7
19,192,0.0000,38.0613,395.11,52.7
19,192,0.0000,38.0613,395.11,52.7
19,192,0.0000,40.0131,395.11,52.7
19,192,0.0000,41.9650,395.11,52.7
19,192,0.0000,40.9891,395.11,52.7
19,384,0.0000,43.9169,397.40,53.2
19,384,0.0000,43.9169,397.40,53.2
19,384,0.0000,43.9169,397.40,53.2
19,384,0.0000,43.9169,397.40,53.2
19,384,0.0000,38.0613,397.40,53.2
19,384,0.0000,53.6761,397.40,53.2
19,384,0.0000,40.9891,397.40,53.2
19,384,0.4902,42.9409,397.40,53.2
19,384,0.0000,42.9409,397.40,53.2
19,384,0.0000,40.9891,397.40,53.2
19,512,0.0000,43.9169,399.70,53.2
19,512,0.0000,41.9650,399.70,53.2
19,512,0.0000,42.9409,399.70,53.2
19,512,0.0000,40.9891,399.70,53.2
19,512,0.0000,43.9169,399.70,53.2
19,512,0.0000,44.8928,399.70,53.2
19,512,0.0000,45.8687,399.70,53.2
19,512,0.0000,41.9650,399.70,53.2
19,512,0.0000,42.9409,399.70,53.2
19,512,0.0000,43.9169,399.70,53.2
19,448,0.0000,44.8928,402.00,52.7
19,448,0.0000,42.9409,402.00,52.7
19,448,0.0000,50.7484,402.00,52.7
19,448,0.0000,43.9169,402.00,52.7
19,448,0.0000,44.8928,402.00,52.7
19,448,0.0000,42.9409,402.00,52.7
19,448,0.0000,43.9169,402.00,52.7
19,448,0.0000,44.8928,402.00,52.7
19,448,0.0000,42.9409,402.00,52.7
19,448,0.0000,42.9409,402.00,52.7
19,320,0.0000,40.9891,404.29,52.7
19,320,0.4902,41.9650,404.29,52.7
19,320,0.4902,42.9409,404.29,52.7
19,320,0.4902,43.9169,404.29,52.7
19,320,0.4902,41.9650,404.29,52.7
19,320,0.4902,42.9409,404.29,52.7
19,320,0.4902,40.0131,404.29,52.7
19,320,0.0000,47.8206,404.29,52.7
19,320,0.0000,40.0131,404.29,52.7
19,320,0.0000,41.9650,404.29,52.7
19,0,0.0000,39.0372,406.59,52.1
19,0,0.0000,37.0853,406.59,52.1
19,0,0.0000,36.1094,406.59,52.1
19,0,0.0000,38.0613,406.59,52.1
19,0,0.0000,40.0131,406.59,52.1
19,0,0.0000,38.0613,406.59,52.1
19,0,0.0000,36.1094,406.59,52.1
19,0,0.0000,39.0372,406.59,52.1
19,0,0.0000,35.1335,406.59,52.1
19,0,0.0000,37.0853,406.59,52.1
19,64,0.0000,38.0613,408.88,52.7
19,64,0.0000,37.0853,408.88,52.7
19,64,0.0000,37.0853,408.88,52.7
19,64,0.0000,40.9891,408.88,52.7
19,64,0.0000,37.0853,408.88,52.7
19,64,0.0000,38.0613,408.88,52.7
19,64,0.0000,36.1094,408.88,52.7
19,64,0.0000,39.0372,408.88,52.7
19,64,0.0000,40.9891,408.88,52.7
19,64,0.0000,38.0613,408.88,52.7
19,256,0.0000,37.0853,411.18,52.1
19,256,0.0000,41.9650,411.18,52.1
19,256,0.0000,40.9891,411.18,52.1
19,256,0.0000,41.9650,411.18,52.1
19,256,0.0000,41.9650,411.18,52.1
19,256,0.0000,42.9409,411.18,52.1
19,256,0.0000,40.0131,411.18,52.1
19,256,0.0000,40.9891,411.18,52.1
19,256,0.0000,39.0372,411.18,52.1
19,256,0.4902,40.0131,411.18,52.1
19,128,0.0000,41.9650,413.58,52.7
19,128,0.0000,38.0613,413.58,52.7
19,128,0.0000,38.0613,413.58,52.7
19,128,0.0000,37.0853,413.58,52.7
19,128,0.0000,39.0372,413.58,52.7
19,128,0.0000,38.0613,413.58,52.7
19,128,0.0000,40.9891,413.58,52.7
19,128,0.0000,36.1094,413.58,52.7
19,128,0.0000,37.0853,413.58,52.7
19,128,0.0000,39.0372,413.58,52.7
20,128,0.0000,38.0613,415.78,53.2
20,128,0.0000,35.1335,415.78,53.2
20,128,0.0000,39.0372,415.78,53.2
20,128,0.0000,39.0372,415.78,53.2
20,128,0.0000,40.0131,415.78,53.2
20,128,0.0000,39.0372,415.78,53.2
20,128,0.0000,40.0131,415.78,53.2
20,128,0.0000,40.0131,415.78,53.2
20,128,0.0000,40.0131,415.78,53.2
20,128,0.0000,40.0131,415.78,53.2
20,0,0.0000,36.1094,418.07,51.6
20,0,0.0000,37.0853,418.07,51.6
20,0,0.0000,38.0613,418.07,51.6
20,0,0.0000,36.1094,418.07,51.6
20,0,0.0000,38.0613,418.07,51.6
20,0,0.0000,36.1094,418.07,51.6
20,0,0.0000,38.0613,418.07,51.6
20,0,0.0000,36.1094,418.07,51.6
20,0,0.0000,36.1094,418.07,51.6
20,0,0.0000,36.1094,418.07,51.6
20,320,0.0000,46.8446,420.37,53.2
20,320,0.0000,39.0372,420.37,53.2
20,320,0.0000,43.9169,420.37,53.2
20,320,0.0000,42.9409,420.37,53.2
20,320,0.0000,43.9169,420.37,53.2
20,320,0.0000,40.0131,420.37,53.2
20,320,0.0000,40.9891,420.37,53.2
20,320,0.0000,40.0131,420.37,53.2
20,320,0.0000,42.9409,420.37,53.2
20,320,0.0000,47.8206,420.37,53.2
20,64,0.0000,38.0613,422.66,53.2
20,64,0.0000,39.0372,422.66,53.2
20,64,0.0000,38.0613,422.66,53.2
20,64,0.0000,36.1094,422.66,53.2
20,64,0.0000,36.1094,422.66,53.2
20,64,0.0000,40.0131,422.66,53.2
20,64,0.0000,40.9891,422.66,53.2
20,64,0.0000,36.1094,422.66,53.2
20,64,0.0000,40.0131,422.66,53.2
20,64,0.0000,40.0131,422.66,53.2
20,192,0.0000,40.0131,424.96,52.1
20,192,0.0000,41.9650,424.96,52.1
20,192,0.0000,41.9650,424.96,52.1
20,192,0.0000,40.0131,424.96,52.1
20,192,0.0000,40.9891,424.96,52.1
20,192,0.0000,43.9169,424.96,52.1
20,192,0.0000,40.9891,424.96,52.1
20,192,0.0000,40.9891,424.96,52.1
20,192,0.4902,41.9650,424.96,52.1
20,192,0.0000,40.9891,424.96,52.1
20,384,0.0000,42.9409,427.26,53.2
20,384,0.0000,43.9169,427.26,53.2
20,384,0.0000,41.9650,427.26,53.2
20,384,0.0000,44.8928,427.26,53.2
20,384,0.0000,41.9650,427.26,53.2
20,384,0.0000,42.9409,427.26,53.2
20,384,0.0000,41.9650,427.26,53.2
20,384,0.0000,41.9650,427.26,53.2
20,384,0.0000,43.9169,427.26,53.2
20,384,0.0000,41.9650,427.26,53.2
20,448,0.0000,43.9169,429.55,53.2
20,448,0.0000,43.9169,429.55,53.2
20,448,0.0000,44.8928,429.55,53.2
20,448,0.0000,42.9409,429.55,53.2
20,448,0.0000,44.8928,429.55,53.2
20,448,1.4706,42.9409,429.55,53.2
20,448,0.0000,42.9409,429.55,53.2
20,448,0.0000,43.9169,429.55,53.2
20,448,0.0000,43.9169,429.55,53.2
20,448,0.0000,41.9650,429.55,53.2
20,512,0.0000,42.9409,431.85,54.3
20,512,0.0000,42.9409,431.85,54.3
20,512,0.0000,42.9409,431.85,54.3
20,512,0.0000,44.8928,431.85,54.3
20,512,0.0000,41.9650,431.85,54.3
20,512,0.0000,42.9409,431.85,54.3
20,512,0.0000,42.9409,431.85,54.3
20,512,0.0000,45.8687,431.85,54.3
20,512,0.0000,42.9409,431.85,54.3
20,512,0.0000,42.9409,431.85,54.3
20,256,0.0000,41.9650,434.24,53.2
20,256,0.0000,42.9409,434.24,53.2
20,256,0.0000,42.9409,434.24,53.2
20,256,0.0000,40.9891,434.24,53.2
20,256,0.4902,40.9891,434.24,53.2
20,256,0.4902,40.9891,434.24,53.2
20,256,0.0000,40.9891,434.24,53.2
20,256,0.9804,40.9891,434.24,53.2
20,256,0.0000,40.9891,434.24,53.2
20,256,0.0000,40.0131,434.24,53.2
21,64,0.0000,40.0131,436.44,53.2
21,64,0.0000,40.9891,436.44,53.2
21,64,0.0000,38.0613,436.44,53.2
21,64,0.0000,38.0613,436.44,53.2
21,64,0.0000,38.0613,436.44,53.2
21,64,0.0000,39.0372,436.44,53.2
21,64,0.0000,38.0613,436.44,53.2
21,64,0.0000,38.0613,436.44,53.2
21,64,0.0000,37.0853,436.44,53.2
21,64,0.0000,35.1335,436.44,53.2
21,448,0.0000,43.9169,438.74,53.2
21,448,0.0000,40.9891,438.74,53.2
21,448,0.0000,43.9169,438.74,53.2
21,448,0.0000,41.9650,438.74,53.2
21,448,0.0000,42.9409,438.74,53.2
21,448,0.0000,42.9409,438.74,53.2
21,448,0.0000,42.9409,438.74,53.2
21,448,0.0000,44.8928,438.74,53.2
21,448,0.0000,43.9169,438.74,53.2
21,448,0.0000,49.7724,438.74,53.2
21,0,0.0000,39.0372,441.03,53.2
21,0,0.0000,38.0613,441.03,53.2
21,0,0.0000,38.0613,441.03,53.2
21,0,0.0000,38.0613,441.03,53.2
21,0,0.0000,35.1335,441.03,53.2
21,0,0.0000,35.1335,441.03,53.2
21,0,0.0000,38.0613,441.03,53.2
21,0,0.0000,40.0131,441.03,53.2
21,0,0.0000,37.0853,441.03,53.2
21,0,0.0000,36.1094,441.03,53.2
21,512,0.0000,43.9169,443.32,53.2
21,512,0.0000,43.9169,443.32,53.2
21,512,0.0000,41.9650,443.32,53.2
21,512,0.0000,44.8928,443.32,53.2
21,512,0.0000,42.9409,443.32,53.2
21,512,0.0000,43.9169,443.32,53.2
21,512,0.0000,50.7484,443.32,53.2
21,512,0.0000,40.9891,443.32,53.2
21,512,0.0000,43.9169,443.32,53.2
21,512,0.0000,45.8687,443.32,53.2
21,192,0.0000,38.0613,445.62,53.2
21,192,0.0000,41.9650,445.62,53.2
21,192,0.0000,39.0372,445.62,53.2
21,192,0.0000,39.0372,445.62,53.2
21,192,0.0000,41.9650,445.62,53.2
21,192,0.0000,44.8928,445.62,53.2
21,192,0.9804,38.0613,445.62,53.2
21,192,0.0000,41.9650,445.62,53.2
21,192,0.0000,42.9409,445.62,53.2
21,192,0.0000,42.9409,445.62,53.2
21,128,0.0000,39.0372,447.91,53.2
21,128,0.0000,39.0372,447.91,53.2
21,128,0.0000,38.0613,447.91,53.2
21,128,0.0000,41.9650,447.91,53.2
21,128,0.0000,39.0372,447.91,53.2
21,128,0.0000,40.9891,447.91,53.2
21,128,0.0000,38.0613,447.91,53.2
21,128,0.0000,40.0131,447.91,53.2
21,128,0.0000,40.0131,447.91,53.2
21,128,0.0000,40.9891,447.91,53.2
21,256,0.4902,41.9650,450.21,53.2
21,256,0.9804,42.9409,450.21,53.2
21,256,0.0000,40.9891,450.21,53.2
21,256,0.0000,43.9169,450.21,53.2
21,256,0.4902,40.0131,450.21,53.2
21,256,0.9804,40.9891,450.21,53.2
21,256,0.0000,41.9650,450.21,53.2
21,256,0.0000,39.0372,450.21,53.2
21,256,0.0000,42.9409,450.21,53.2
21,256,0.9804,38.0613,450.21,53.2
21,320,0.0000,47.8206,452.50,52.7
21,320,0.0000,42.9409,452.50,52.7
21,320,0.4902,40.9891,452.50,52.7
21,320,0.4902,40.9891,452.50,52.7
21,320,0.0000,40.9891,452.50,52.7
21,320,0.0000,40.9891,452.50,52.7
21,320,0.0000,42.9409,452.50,52.7
21,320,0.0000,40.9891,452.50,52.7
21,320,0.0000,41.9650,452.50,52.7
21,320,0.0000,43.9169,452.50,52.7
21,384,0.0000,43.9169,454.90,52.7
21,384,0.0000,42.9409,454.90,52.7
21,384,0.0000,47.8206,454.90,52.7
21,384,0.0000,43.9169,454.90,52.7
21,384,0.0000,41.9650,454.90,52.7
21,384,0.0000,42.9409,454.90,52.7
21,384,0.0000,41.9650,454.90,52.7
21,384,0.0000,42.9409,454.90,52.7
21,384,0.0000,48.7965,454.90,52.7
21,384,0.0000,40.9891,454.90,52.7
22,320,0.0000,43.9169,457.10,53.2
22,320,0.4902,40.0131,457.10,53.2
22,320,0.0000,41.9650,457.10,53.2
22,320,0.4902,43.9169,457.10,53.2
22,320,0.0000,41.9650,457.10,53.2
22,320,0.4902,37.0853,457.10,53.2
22,320,0.0000,40.9891,457.10,53.2
22,320,0.0000,40.9891,457.10,53.2
22,320,0.0000,41.9650,457.10,53.2
22,320,1.4706,47.8206,457.10,53.2
22,448,0.0000,51.7243,459.40,51.6
22,448,0.0000,40.9891,459.40,51.6
22,448,0.0000,43.9169,459.40,51.6
22,448,0.0000,44.8928,459.40,51.6
22,448,0.0000,43.9169,459.40,51.6
22,448,0.0000,41.9650,459.40,51.6
22,448,0.0000,43.9169,459.40,51.6
22,448,0.0000,41.9650,459.40,51.6
22,448,0.0000,44.8928,459.40,51.6
22,448,0.0000,42.9409,459.40,51.6
22,512,0.0000,43.9169,461.69,52.1
22,512,0.0000,43.9169,461.69,52.1
22,512,0.0000,42.9409,461.69,52.1
22,512,0.0000,43.9169,461.69,52.1
22,512,0.0000,43.9169,461.69,52.1
22,512,0.0000,42.9409,461.69,52.1
22,512,0.0000,44.8928,461.69,52.1
22,512,0.0000,41.9650,461.69,52.1
22,512,0.0000,44.8928,461.69,52.1
22,512,0.0000,43.9169,461.69,52.1
22,0,0.0000,38.0613,463.99,53.2
22,0,0.0000,37.0853,463.99,53.2
22,0,0.0000,38.0613,463.99,53.2
22,0,0.0000,37.0853,463.99,53.2
22,0,0.0000,36.1094,463.99,53.2
22,0,0.0000,38.0613,463.99,53.2
22,0,0.0000,38.0613,463.99,53.2
22,0,0.0000,36.1094,463.99,53.2
22,0,0.0000,35.1335,463.99,53.2
22,0,0.0000,39.0372,463.99,53.2
22,128,0.0000,35.1335,466.28,51.6
22,128,0.0000,40.0131,466.28,51.6
22,128,0.0000,40.9891,466.28,51.6
22,128,0.0000,40.0131,466.28,51.6
22,128,0.0000,40.9891,466.28,51.6
22,128,0.0000,43.9169,466.28,51.6
22,128,0.0000,40.0131,466.28,51.6
22,128,0.0000,43.9169,466.28,51.6
22,128,0.0000,40.9891,466.28,51.6
22,128,0.0000,38.0613,466.28,51.6
22,64,0.0000,40.9891,468.58,52.1
22,64,0.0000,38.0613,468.58,52.1
22,64,0.0000,39.0372,468.58,52.1
22,64,0.0000,38.0613,468.58,52.1
22,64,0.0000,37.0853,468.58,52.1
22,64,0.0000,38.0613,468.58,52.1
22,64,0.0000,37.0853,468.58,52.1
22,64,0.0000,37.0853,468.58,52.1
22,64,0.0000,39.0372,468.58,52.1
22,64,0.0000,36.1094,468.58,52.1
22,256,0.0000,40.9891,470.88,52.7
22,256,0.0000,43.9169,470.88,52.7
22,256,0.0000,40.9891,470.88,52.7
22,256,0.0000,41.9650,470.88,52.7
22,256,0.0000,40.9891,470.88,52.7
22,256,0.0000,42.9409,470.88,52.7
22,256,0.9804,40.9891,470.88,52.7
22,256,0.0000,40.0131,470.88,52.7
22,256,0.0000,38.0613,470.88,52.7
22,256,0.0000,40.9891,470.88,52.7
22,192,0.0000,46.8446,473.17,53.2
22,192,0.0000,39.0372,473.17,53.2
22,192,0.0000,38.0613,473.17,53.2
22,192,0.0000,41.9650,473.17,53.2
22,192,0.0000,40.0131,473.17,53.2
22,192,0.0000,40.0131,473.17,53.2
22,192,0.0000,40.0131,473.17,53.2
22,192,0.0000,39.0372,473.17,53.2
22,192,0.0000,40.0131,473.17,53.2
22,192,0.0000,40.0131,473.17,53.2
22,384,0.0000,48.7965,475.57,52.1
22,384,0.0000,43.9169,475.57,52.1
22,384,0.0000,40.0131,475.57,52.1
22,384,0.0000,43.9169,475.57,52.1
22,384,0.0000,43.9169,475.57,52.1
22,384,0.0000,43.9169,475.57,52.1
22,384,0.0000,40.9891,475.57,52.1
22,384,0.0000,43.9169,475.57,52.1
22,384,0.0000,41.9650,475.57,52.1
22,384,0.0000,43.9169,475.57,52.1
23,320,0.0000,40.0131,477.79,52.1
23,320,0.0000,40.9891,477.79,52.1
23,320,0.0000,44.8928,477.79,52.1
23,320,0.4902,39.0372,477.79,52.1
23,320,0.4902,44.8928,477.79,52.1
23,320,0.0000,40.9891,477.79,52.1
23,320,4.4118,135.6543,477.79,52.1
23,320,0.0000,43.9169,477.79,52.1
23,320,0.0000,46.8446,477.79,52.1
23,320,0.0000,39.0372,477.79,52.1
23,320,0.0000,41.9650,477.79,52.1
23,128,0.0000,40.0131,480.09,53.2
23,128,0.0000,36.1094,480.09,53.2
23,128,0.0000,40.0131,480.09,53.2
23,128,0.0000,38.0613,480.09,53.2
23,128,0.0000,39.0372,480.09,53.2
23,128,0.0000,37.0853,480.09,53.2
23,128,0.0000,40.0131,480.09,53.2
23,128,0.0000,43.9169,480.09,53.2
23,128,0.0000,40.0131,480.09,53.2
23,128,0.0000,38.0613,480.09,53.2
23,512,0.0000,43.9169,482.38,52.1
23,512,0.0000,41.9650,482.38,52.1
23,512,0.0000,43.9169,482.38,52.1
23,512,0.0000,42.9409,482.38,52.1
23,512,0.0000,42.9409,482.38,52.1
23,512,0.0000,43.9169,482.38,52.1
23,512,0.0000,51.7243,482.38,52.1
23,512,0.0000,43.9169,482.38,52.1
23,512,0.0000,43.9169,482.38,52.1
23,512,0.0000,44.8928,482.38,52.1
23,448,0.0000,43.9169,484.68,53.2
23,448,0.0000,42.9409,484.68,53.2
23,448,0.0000,41.9650,484.68,53.2
23,448,0.0000,43.9169,484.68,53.2
23,448,0.0000,44.8928,484.68,53.2
23,448,0.0000,41.9650,484.68,53.2
23,448,0.0000,43.9169,484.68,53.2
23,448,0.0000,43.9169,484.68,53.2
23,448,0.0000,43.9169,484.68,53.2
23,448,0.0000,45.8687,484.68,53.2
23,64,0.0000,39.0372,486.98,52.7
23,64,0.0000,40.0131,486.98,52.7
23,64,0.0000,37.0853,486.98,52.7
23,64,0.0000,40.0131,486.98,52.7
23,64,0.0000,38.0613,486.98,52.7
23,64,0.0000,38.0613,486.98,52.7
23,64,0.0000,37.0853,486.98,52.7
23,64,0.0000,40.0131,486.98,52.7
23,64,0.0000,37.0853,486.98,52.7
23,64,0.0000,37.0853,486.98,52.7
23,384,0.0000,43.9169,489.30,52.1
23,384,0.0000,44.8928,489.30,52.1
23,384,0.0000,42.9409,489.30,52.1
23,384,0.0000,43.9169,489.30,52.1
23,384,0.0000,41.9650,489.30,52.1
23,384,0.0000,42.9409,489.30,52.1
23,384,0.0000,43.9169,489.30,52.1
23,384,0.0000,42.9409,489.30,52.1
23,384,0.0000,51.7243,489.30,52.1
23,384,0.0000,42.9409,489.30,52.1
23,384,1.4706,45.8687,489.30,52.1
23,192,0.0000,39.0372,491.71,51.6
23,192,0.0000,42.9409,491.71,51.6
23,192,0.0000,38.0613,491.71,51.6
23,192,0.0000,40.9891,491.71,51.6
23,192,0.0000,39.0372,491.71,51.6
23,192,0.0000,39.0372,491.71,51.6
23,192,0.0000,37.0853,491.71,51.6
23,192,0.0000,38.0613,491.71,51.6
23,192,0.0000,41.9650,491.71,51.6
23,192,0.0000,39.0372,491.71,51.6
23,192,0.0000,40.9891,491.71,51.6
23,256,0.4902,44.8928,494.01,52.7
23,256,0.4902,41.9650,494.01,52.7
23,256,0.0000,40.9891,494.01,52.7
23,256,0.4902,41.9650,494.01,52.7
23,256,0.0000,40.0131,494.01,52.7
23,256,0.0000,42.9409,494.01,52.7
23,256,0.0000,39.0372,494.01,52.7
23,256,0.0000,41.9650,494.01,52.7
23,256,0.0000,38.0613,494.01,52.7
23,256,0.9804,40.0131,494.01,52.7
23,0,0.0000,36.1094,496.21,53.2
23,0,0.0000,36.1094,496.21,53.2
23,0,0.0000,36.1094,496.21,53.2
23,0,0.0000,37.0853,496.21,53.2
23,0,0.0000,36.1094,496.21,53.2
23,0,0.0000,35.1335,496.21,53.2
23,0,0.0000,40.9891,496.21,53.2
23,0,0.0000,39.0372,496.21,53.2
23,0,0.0000,39.0372,496.21,53.2
23,0,0.0000,37.0853,496.21,53.2
24,128,0.0000,40.0131,498.50,52.1
24,128,0.0000,40.0131,498.50,52.1
24,128,0.0000,40.0131,498.50,52.1
24,128,0.0000,37.0853,498.50,52.1
24,128,0.0000,37.0853,498.50,52.1
24,128,0.0000,40.0131,498.50,52.1
24,128,0.0000,40.0131,498.50,52.1
24,128,0.0000,37.0853,498.50,52.1
24,128,0.0000,40.9891,498.50,52.1
24,128,0.0000,38.0613,498.50,52.1
24,320,0.0000,44.8928,500.80,53.8
24,320,0.0000,40.9891,500.80,53.8
24,320,0.0000,43.9169,500.80,53.8
24,320,0.4902,41.9650,500.80,53.8
24,320,0.9804,40.9891,500.80,53.8
24,320,0.0000,40.0131,500.80,53.8
24,320,0.0000,42.9409,500.80,53.8
24,320,0.0000,40.9891,500.80,53.8
24,320,0.0000,40.9891,500.80,53.8
24,320,0.0000,42.9409,500.80,53.8
24,448,0.0000,51.7243,503.10,52.1
24,448,0.0000,43.9169,503.10,52.1
24,448,0.0000,42.9409,503.10,52.1
24,448,0.0000,45.8687,503.10,52.1
24,448,0.0000,40.9891,503.10,52.1
24,448,0.0000,45.8687,503.10,52.1
24,448,0.0000,43.9169,503.10,52.1
24,448,0.0000,42.9409,503.10,52.1
24,448,0.0000,40.9891,503.10,52.1
24,448,0.0000,41.9650,503.10,52.1
24,0,0.0000,38.0613,505.39,53.8
24,0,0.0000,37.0853,505.39,53.8
24,0,0.0000,36.1094,505.39,53.8
24,0,0.0000,36.1094,505.39,53.8
24,0,0.0000,40.0131,505.39,53.8
24,0,0.0000,41.9650,505.39,53.8
24,0,0.0000,37.0853,505.39,53.8
24,0,0.0000,36.1094,505.39,53.8
24,0,0.0000,38.0613,505.39,53.8
24,0,0.0000,37.0853,505.39,53.8
24,64,0.0000,37.0853,507.69,53.8
24,64,0.0000,38.0613,507.69,53.8
24,64,0.0000,37.0853,507.69,53.8
24,64,0.0000,40.0131,507.69,53.8
24,64,0.0000,40.0131,507.69,53.8
24,64,0.0000,38.0613,507.69,53.8
24,64,0.0000,38.0613,507.69,53.8
24,64,0.0000,37.0853,507.69,53.8
24,64,0.0000,37.0853,507.69,53.8
24,64,0.0000,39.0372,507.69,53.8
24,512,0.0000,43.9169,509.98,52.7
24,512,0.0000,43.9169,509.98,52.7
24,512,0.0000,41.9650,509.98,52.7
24,512,0.0000,42.9409,509.98,52.7
24,512,0.0000,42.9409,509.98,52.7
24,512,0.0000,44.8928,509.98,52.7
24,512,0.0000,44.8928,509.98,52.7
24,512,0.0000,42.9409,509.98,52.7
24,512,0.0000,45.8687,509.98,52.7
24,512,0.0000,44.8928,509.98,52.7
24,192,0.0000,40.0131,512.28,53.2
24,192,0.0000,40.9891,512.28,53.2
24,192,0.0000,40.0131,512.28,53.2
24,192,0.0000,40.0131,512.28,53.2
24,192,0.0000,37.0853,512.28,53.2
24,192,0.0000,38.0613,512.28,53.2
24,192,0.0000,41.9650,512.28,53.2
24,192,0.0000,37.0853,512.28,53.2
24,192,0.0000,39.0372,512.28,53.2
24,192,0.0000,40.0131,512.28,53.2
24,384,0.0000,47.8206,514.68,53.8
24,384,0.0000,44.8928,514.68,53.8
24,384,0.0000,42.9409,514.68,53.8
24,384,0.0000,42.9409,514.68,53.8
24,384,0.0000,46.8446,514.68,53.8
24,384,0.0000,42.9409,514.68,53.8
24,384,0.0000,39.0372,514.68,53.8
24,384,0.0000,41.9650,514.68,53.8
24,384,0.4902,41.9650,514.68,53.8
24,384,0.0000,42.9409,514.68,53.8
24,256,0.4902,40.9891,516.87,53.2
24,256,1.9608,40.0131,516.87,53.2
24,256,0.0000,39.0372,516.87,53.2
24,256,0.0000,42.9409,516.87,53.2
24,256,0.4902,40.9891,516.87,53.2
24,256,0.0000,40.9891,516.87,53.2
24,256,0.4902,42.9409,516.87,53.2
24,256,0.0000,41.9650,516.87,53.2
24,256,0.0000,40.0131,516.87,53.2
24,256,0.9804,44.8928,516.87,53.2
25,128,0.0000,39.0372,519.17,53.2
25,128,0.0000,40.0131,519.17,53.2
25,128,0.0000,37.0853,519.17,53.2
25,128,0.0000,38.0613,519.17,53.2
25,128,0.0000,37.0853,519.17,53.2
25,128,0.0000,40.0131,519.17,53.2
25,128,0.0000,39.0372,519.17,53.2
25,128,0.0000,39.0372,519.17,53.2
25,128,0.0000,40.9891,519.17,53.2
25,128,0.0000,38.0613,519.17,53.2
25,64,0.0000,38.0613,521.46,53.2
25,64,0.0000,40.0131,521.46,53.2
25,64,0.0000,36.1094,521.46,53.2
25,64,0.0000,38.0613,521.46,53.2
25,64,0.0000,37.0853,521.46,53.2
25,64,0.0000,39.0372,521.46,53.2
25,64,0.0000,39.0372,521.46,53.2
25,64,0.0000,37.0853,521.46,53.2
25,64,0.0000,43.9169,521.46,53.2
25,64,0.0000,40.0131,521.46,53.2
25,256,0.0000,47.8206,523.75,53.2
25,256,0.0000,41.9650,523.75,53.2
25,256,0.0000,39.0372,523.75,53.2
25,256,0.0000,38.0613,523.75,53.2
25,256,0.0000,40.9891,523.75,53.2
25,256,0.0000,47.8206,523.75,53.2
25,256,1.9608,39.0372,523.75,53.2
25,256,0.0000,40.0131,523.75,53.2
25,256,0.0000,40.9891,523.75,53.2
25,256,0.0000,40.9891,523.75,53.2
25,448,0.0000,43.9169,526.05,53.2
25,448,0.0000,41.9650,526.05,53.2
25,448,0.0000,43.9169,526.05,53.2
25,448,0.0000,42.9409,526.05,53.2
25,448,0.0000,43.9169,526.05,53.2
25,448,0.0000,44.8928,526.05,53.2
25,448,0.0000,43.9169,526.05,53.2
25,448,0.0000,44.8928,526.05,53.2
25,448,0.0000,44.8928,526.05,53.2
25,448,0.0000,42.9409,526.05,53.2
25,320,0.0000,49.7724,528.34,53.8
25,320,0.4902,42.9409,528.34,53.8
25,320,0.0000,41.9650,528.34,53.8
25,320,0.0000,43.9169,528.34,53.8
25,320,0.0000,42.9409,528.34,53.8
25,320,0.0000,42.9409,528.34,53.8
25,320,0.0000,41.9650,528.34,53.8
25,320,0.0000,41.9650,528.34,53.8
25,320,0.0000,40.9891,528.34,53.8
25,320,0.0000,42.9409,528.34,53.8
25,0,0.0000,38.0613,530.64,52.7
25,0,0.0000,37.0853,530.64,52.7
25,0,0.0000,36.1094,530.64,52.7
25,0,0.0000,39.0372,530.64,52.7
25,0,0.0000,38.0613,530.64,52.7
25,0,0.0000,39.0372,530.64,52.7
25,0,0.0000,37.0853,530.64,52.7
25,0,0.0000,37.0853,530.64,52.7
25,0,0.0000,37.0853,530.64,52.7
25,0,0.0000,39.0372,530.64,52.7
25,192,0.0000,40.9891,532.94,53.2
25,192,0.0000,40.9891,532.94,53.2
25,192,1.4706,44.8928,532.94,53.2
25,192,0.0000,40.0131,532.94,53.2
25,192,0.0000,39.0372,532.94,53.2
25,192,0.0000,40.9891,532.94,53.2
25,192,0.4902,40.9891,532.94,53.2
25,192,0.0000,40.9891,532.94,53.2
25,192,0.0000,38.0613,532.94,53.2
25,192,0.4902,40.9891,532.94,53.2
25,512,0.0000,41.9650,535.33,53.8
25,512,0.0000,45.8687,535.33,53.8
25,512,0.0000,46.8446,535.33,53.8
25,512,0.0000,44.8928,535.33,53.8
25,512,0.0000,44.8928,535.33,53.8
25,512,0.0000,43.9169,535.33,53.8
25,512,0.0000,43.9169,535.33,53.8
25,512,0.0000,42.9409,535.33,53.8
25,512,0.0000,42.9409,535.33,53.8
25,512,0.0000,43.9169,535.33,53.8
25,384,0.0000,41.9650,537.53,54.3
25,384,0.0000,38.0613,537.53,54.3
25,384,0.0000,42.9409,537.53,54.3
25,384,0.0000,41.9650,537.53,54.3
25,384,0.0000,41.9650,537.53,54.3
25,384,0.0000,42.9409,537.53,54.3
25,384,0.0000,43.9169,537.53,54.3
25,384,0.0000,42.9409,537.53,54.3
25,384,0.0000,42.9409,537.53,54.3
25,384,0.4902,40.0131,537.53,54.3
26,0,0.0000,40.0131,539.83,52.1
26,0,0.0000,38.0613,539.83,52.1
26,0,0.0000,35.1335,539.83,52.1
26,0,0.0000,38.0613,539.83,52.1
26,0,0.0000,38.0613,539.83,52.1
26,0,0.0000,34.1576,539.83,52.1
26,0,0.0000,38.0613,539.83,52.1
26,0,0.0000,39.0372,539.83,52.1
26,0,0.0000,40.0131,539.83,52.1
26,0,0.0000,38.0613,539.83,52.1
26,64,0.0000,40.0131,542.12,53.2
26,64,0.0000,38.0613,542.12,53.2
26,64,0.0000,40.9891,542.12,53.2
26,64,0.0000,40.9891,542.12,53.2
26,64,0.0000,40.0131,542.12,53.2
26,64,0.0000,36.1094,542.12,53.2
26,64,0.0000,39.0372,542.12,53.2
26,64,0.0000,40.0131,542.12,53.2
26,64,0.0000,40.0131,542.12,53.2
26,64,0.0000,37.0853,542.12,53.2
26,192,0.0000,43.9169,544.42,53.2
26,192,0.0000,40.9891,544.42,53.2
26,192,0.0000,40.0131,544.42,53.2
26,192,0.0000,41.9650,544.42,53.2
26,192,0.0000,37.0853,544.42,53.2
26,192,0.0000,39.0372,544.42,53.2
26,192,0.0000,38.0613,544.42,53.2
26,192,0.0000,41.9650,544.42,53.2
26,192,0.0000,40.9891,544.42,53.2
26,192,0.0000,40.0131,544.42,53.2
26,256,0.0000,43.9169,546.72,53.2
26,256,0.0000,39.0372,546.72,53.2
26,256,0.0000,37.0853,546.72,53.2
26,256,0.9804,38.0613,546.72,53.2
26,256,0.9804,41.9650,546.72,53.2
26,256,0.0000,41.9650,546.72,53.2
26,256,0.4902,40.0131,546.72,53.2
26,256,1.4706,38.0613,546.72,53.2
26,256,0.0000,41.9650,546.72,53.2
26,256,0.0000,40.9891,546.72,53.2
26,320,0.0000,40.9891,549.01,53.8
26,320,0.0000,43.9169,549.01,53.8
26,320,0.0000,41.9650,549.01,53.8
26,320,0.0000,42.9409,549.01,53.8
26,320,0.4902,40.9891,549.01,53.8
26,320,0.9804,41.9650,549.01,53.8
26,320,0.0000,41.9650,549.01,53.8
26,320,0.4902,41.9650,549.01,53.8
26,320,0.0000,43.9169,549.01,53.8
26,320,0.0000,43.9169,549.01,53.8
26,448,0.0000,51.7243,551.31,52.7
26,448,0.0000,44.8928,551.31,52.7
26,448,0.0000,43.9169,551.31,52.7
26,448,0.0000,41.9650,551.31,52.7
26,448,0.0000,41.9650,551.31,52.7
26,448,0.0000,41.9650,551.31,52.7
26,448,0.0000,42.9409,551.31,52.7
26,448,0.0000,43.9169,551.31,52.7
26,448,0.0000,42.9409,551.31,52.7
26,448,0.0000,44.8928,551.31,52.7
26,128,0.0000,41.9650,553.60,52.1
26,128,0.0000,39.0372,553.60,52.1
26,128,0.0000,40.0131,553.60,52.1
26,128,0.0000,39.0372,553.60,52.1
26,128,0.0000,38.0613,553.60,52.1
26,128,0.0000,40.9891,553.60,52.1
26,128,0.0000,38.0613,553.60,52.1
26,128,0.0000,41.9650,553.60,52.1
26,128,0.0000,37.0853,553.60,52.1
26,128,0.0000,40.0131,553.60,52.1
26,384,0.0000,41.9650,556.00,52.1
26,384,0.0000,42.9409,556.00,52.1
26,384,0.0000,43.9169,556.00,52.1
26,384,0.0000,42.9409,556.00,52.1
26,384,0.0000,41.9650,556.00,52.1
26,384,0.0000,42.9409,556.00,52.1
26,384,0.4902,42.9409,556.00,52.1
26,384,0.0000,41.9650,556.00,52.1
26,384,0.0000,42.9409,556.00,52.1
26,384,0.0000,40.0131,556.00,52.1
26,512,0.0000,51.7243,558.20,53.2
26,512,0.0000,44.8928,558.20,53.2
26,512,0.0000,44.8928,558.20,53.2
26,512,0.0000,44.8928,558.20,53.2
26,512,0.0000,45.8687,558.20,53.2
26,512,0.0000,43.9169,558.20,53.2
26,512,0.0000,45.8687,558.20,53.2
26,512,0.0000,45.8687,558.20,53.2
26,512,0.0000,43.9169,558.20,53.2
26,512,0.0000,47.8206,558.20,53.2
27,64,0.0000,41.9650,560.50,53.2
27,64,0.0000,38.0613,560.50,53.2
27,64,0.0000,40.0131,560.50,53.2
27,64,0.0000,39.0372,560.50,53.2
27,64,0.0000,40.0131,560.50,53.2
27,64,0.0000,39.0372,560.50,53.2
27,64,0.0000,40.0131,560.50,53.2
27,64,0.0000,40.9891,560.50,53.2
27,64,0.0000,39.0372,560.50,53.2
27,64,0.0000,40.9891,560.50,53.2
27,256,0.0000,42.9409,562.79,53.8
27,256,0.0000,42.9409,562.79,53.8
27,256,0.0000,42.9409,562.79,53.8
27,256,0.0000,39.0372,562.79,53.8
27,256,0.0000,43.9169,562.79,53.8
27,256,0.0000,40.0131,562.79,53.8
27,256,0.0000,42.9409,562.79,53.8
27,256,0.9804,46.8446,562.79,53.8
27,256,0.0000,41.9650,562.79,53.8
27,256,1.4706,40.9891,562.79,53.8
27,128,0.0000,38.0613,565.09,52.1
27,128,0.0000,38.0613,565.09,52.1
27,128,0.0000,39.0372,565.09,52.1
27,128,0.0000,40.9891,565.09,52.1
27,128,0.0000,39.0372,565.09,52.1
27,128,0.0000,39.0372,565.09,52.1
27,128,0.0000,38.0613,565.09,52.1
27,128,0.0000,36.1094,565.09,52.1
27,128,0.0000,40.0131,565.09,52.1
27,128,0.0000,40.9891,565.09,52.1
27,192,0.0000,38.0613,567.38,53.2
27,192,0.0000,38.0613,567.38,53.2
27,192,0.0000,39.0372,567.38,53.2
27,192,0.0000,40.0131,567.38,53.2
27,192,0.0000,40.9891,567.38,53.2
27,192,0.0000,40.9891,567.38,53.2
27,192,0.0000,38.0613,567.38,53.2
27,192,0.0000,45.8687,567.38,53.2
27,192,0.0000,39.0372,567.38,53.2
27,192,0.0000,40.9891,567.38,53.2
27,448,0.0000,50.7484,569.80,52.1
27,448,0.0000,41.9650,569.80,52.1
27,448,0.0000,51.7243,569.80,52.1
27,448,2.9412,70.2670,569.80,52.1
27,448,0.0000,49.7724,569.80,52.1
27,448,0.0000,42.9409,569.80,52.1
27,448,0.0000,44.8928,569.80,52.1
27,448,0.0000,40.9891,569.80,52.1
27,448,0.0000,43.9169,569.80,52.1
27,448,0.0000,41.9650,569.80,52.1
27,448,0.0000,43.9169,569.80,52.1
27,0,0.0000,36.1094,572.10,53.2
27,0,0.0000,37.0853,572.10,53.2
27,0,0.0000,37.0853,572.10,53.2
27,0,0.0000,37.0853,572.10,53.2
27,0,0.0000,38.0613,572.10,53.2
27,0,0.0000,40.0131,572.10,53.2
27,0,0.0000,36.1094,572.10,53.2
27,0,0.0000,35.1335,572.10,53.2
27,0,0.0000,37.0853,572.10,53.2
27,0,0.0000,39.0372,572.10,53.2
27,384,0.0000,48.7965,574.50,53.8
27,384,0.0000,40.9891,574.50,53.8
27,384,0.4902,41.9650,574.50,53.8
27,384,0.0000,39.0372,574.50,53.8
27,384,0.0000,43.9169,574.50,53.8
27,384,0.0000,42.9409,574.50,53.8
27,384,0.0000,42.9409,574.50,53.8
27,384,0.0000,43.9169,574.50,53.8
27,384,0.0000,41.9650,574.50,53.8
27,384,0.0000,43.9169,574.50,53.8
27,320,0.0000,41.9650,576.69,53.2
27,320,0.0000,41.9650,576.69,53.2
27,320,0.0000,42.9409,576.69,53.2
27,320,0.0000,42.9409,576.69,53.2
27,320,0.0000,45.8687,576.69,53.2
27,320,0.0000,41.9650,576.69,53.2
27,320,0.0000,42.9409,576.69,53.2
27,320,0.0000,40.9891,576.69,53.2
27,320,0.0000,43.9169,576.69,53.2
27,320,0.4902,47.8206,576.69,53.2
27,512,0.0000,50.7484,579.09,53.8
27,512,0.0000,43.9169,579.09,53.8
27,512,0.0000,42.9409,579.09,53.8
27,512,0.0000,42.9409,579.09,53.8
27,512,0.0000,42.9409,579.09,53.8
27,512,0.0000,42.9409,579.09,53.8
27,512,0.0000,43.9169,579.09,53.8
27,512,0.0000,75.1466,579.09,53.8
27,512,0.0000,46.8446,579.09,53.8
27,512,0.0000,52.7002,579.09,53.8
28,64,0.0000,40.0131,581.39,53.2
28,64,0.0000,38.0613,581.39,53.2
28,64,0.0000,38.0613,581.39,53.2
28,64,0.0000,39.0372,581.39,53.2
28,64,0.0000,38.0613,581.39,53.2
28,64,0.0000,37.0853,581.39,53.2
28,64,0.0000,43.9169,581.39,53.2
28,64,0.0000,40.0131,581.39,53.2
28,64,0.0000,39.0372,581.39,53.2
28,64,0.0000,39.0372,581.39,53.2
28,256,0.4902,40.0131,583.68,53.2
28,256,0.0000,42.9409,583.68,53.2
28,256,0.0000,41.9650,583.68,53.2
28,256,0.0000,40.9891,583.68,53.2
28,256,0.4902,41.9650,583.68,53.2
28,256,0.0000,39.0372,583.68,53.2
28,256,0.0000,40.9891,583.68,53.2
28,256,0.0000,40.9891,583.68,53.2
28,256,0.0000,40.9891,583.68,53.2
28,256,0.0000,40.9891,583.68,53.2
28,192,0.0000,40.9891,585.98,52.1
28,192,0.0000,40.0131,585.98,52.1
28,192,0.0000,40.9891,585.98,52.1
28,192,0.0000,40.0131,585.98,52.1
28,192,0.0000,40.9891,585.98,52.1
28,192,0.0000,40.0131,585.98,52.1
28,192,0.0000,39.0372,585.98,52.1
28,192,0.0000,39.0372,585.98,52.1
28,192,0.0000,41.9650,585.98,52.1
28,192,0.0000,40.9891,585.98,52.1
28,0,0.0000,38.0613,588.28,53.2
28,0,0.0000,37.0853,588.28,53.2
28,0,0.0000,38.0613,588.28,53.2
28,0,0.0000,36.1094,588.28,53.2
28,0,0.0000,36.1094,588.28,53.2
28,0,0.0000,35.1335,588.28,53.2
28,0,0.0000,37.0853,588.28,53.2
28,0,0.0000,37.0853,588.28,53.2
28,0,0.0000,36.1094,588.28,53.2
28,0,0.0000,37.0853,588.28,53.2
28,448,0.0000,43.9169,590.57,53.8
28,448,0.0000,41.9650,590.57,53.8
28,448,0.0000,42.9409,590.57,53.8
28,448,0.0000,45.8687,590.57,53.8
28,448,0.0000,44.8928,590.57,53.8
28,448,0.0000,43.9169,590.57,53.8
28,448,0.0000,41.9650,590.57,53.8
28,448,0.0000,43.9169,590.57,53.8
28,448,0.0000,44.8928,590.57,53.8
28,448,0.0000,41.9650,590.57,53.8
28,384,0.0000,48.7965,592.97,53.2
28,384,0.0000,41.9650,592.97,53.2
28,384,0.0000,44.8928,592.97,53.2
28,384,0.0000,41.9650,592.97,53.2
28,384,0.0000,42.9409,592.97,53.2
28,384,0.0000,40.9891,592.97,53.2
28,384,0.0000,41.9650,592.97,53.2
28,384,0.0000,42.9409,592.97,53.2
28,384,0.0000,42.9409,592.97,53.2
28,384,0.0000,40.0131,592.97,53.2
28,320,0.0000,42.9409,595.16,53.2
28,320,0.0000,41.9650,595.16,53.2
28,320,0.0000,41.9650,595.16,53.2
28,320,0.0000,40.9891,595.16,53.2
28,320,0.0000,43.9169,595.16,53.2
28,320,0.0000,41.9650,595.16,53.2
28,320,0.0000,40.9891,595.16,53.2
28,320,0.0000,40.9891,595.16,53.2
28,320,0.0000,40.9891,595.16,53.2
28,320,0.0000,40.9891,595.16,53.2
28,512,0.0000,43.9169,597.46,53.2
28,512,0.0000,49.7724,597.46,53.2
28,512,0.0000,43.9169,597.46,53.2
28,512,0.0000,43.9169,597.46,53.2
28,512,0.0000,43.9169,597.46,53.2
28,512,0.0000,43.9169,597.46,53.2
28,512,0.0000,42.9409,597.46,53.2
28,512,0.0000,41.9650,597.46,53.2
28,512,0.0000,42.9409,597.46,53.2
28,512,0.0000,52.7002,597.46,53.2
28,128,0.0000,38.0613,599.75,53.2
28,128,0.0000,39.0372,599.75,53.2
28,128,0.0000,37.0853,599.75,53.2
28,128,0.0000,41.9650,599.75,53.2
28,128,0.0000,40.9891,599.75,53.2
28,128,0.0000,37.0853,599.75,53.2
28,128,0.0000,38.0613,599.75,53.2
28,128,0.0000,45.8687,599.75,53.2
28,128,0.0000,39.0372,599.75,53.2
28,128,0.0000,39.0372,599.75,53.2
29,512,0.0000,43.9169,602.04,52.7
29,512,0.0000,46.8446,602.04,52.7
29,512,0.0000,43.9169,602.04,52.7
29,512,0.0000,44.8928,602.04,52.7
29,512,0.0000,42.9409,602.04,52.7
29,512,0.0000,44.8928,602.04,52.7
29,512,0.0000,43.9169,602.04,52.7
29,512,0.0000,41.9650,602.04,52.7
29,512,0.0000,44.8928,602.04,52.7
29,512,0.0000,45.8687,602.04,52.7
29,64,0.0000,40.0131,604.34,52.1
29,64,0.0000,40.9891,604.34,52.1
29,64,0.0000,40.9891,604.34,52.1
29,64,0.0000,37.0853,604.34,52.1
29,64,0.0000,39.0372,604.34,52.1
29,64,0.0000,41.9650,604.34,52.1
29,64,0.0000,43.9169,604.34,52.1
29,64,0.0000,40.9891,604.34,52.1
29,64,0.0000,43.9169,604.34,52.1
29,64,0.0000,38.0613,604.34,52.1
29,448,0.0000,44.8928,606.63,52.1
29,448,0.0000,43.9169,606.63,52.1
29,448,0.0000,43.9169,606.63,52.1
29,448,0.0000,43.9169,606.63,52.1
29,448,0.0000,42.9409,606.63,52.1
29,448,0.0000,44.8928,606.63,52.1
29,448,0.0000,43.9169,606.63,52.1
29,448,0.0000,44.8928,606.63,52.1
29,448,0.0000,44.8928,606.63,52.1
29,448,0.0000,41.9650,606.63,52.1
29,0,0.0000,39.0372,608.93,53.8
29,0,0.0000,36.1094,608.93,53.8
29,0,0.0000,36.1094,608.93,53.8
29,0,0.0000,36.1094,608.93,53.8
29,0,0.0000,39.0372,608.93,53.8
29,0,0.0000,36.1094,608.93,53.8
29,0,0.0000,37.0853,608.93,53.8
29,0,0.0000,38.0613,608.93,53.8
29,0,0.0000,37.0853,608.93,53.8
29,0,0.0000,35.1335,608.93,53.8
29,320,0.0000,42.9409,611.22,53.8
29,320,0.0000,40.9891,611.22,53.8
29,320,0.0000,43.9169,611.22,53.8
29,320,0.0000,41.9650,611.22,53.8
29,320,0.0000,41.9650,611.22,53.8
29,320,0.4902,41.9650,611.22,53.8
29,320,0.0000,41.9650,611.22,53.8
29,320,0.0000,40.9891,611.22,53.8
29,320,0.0000,43.9169,611.22,53.8
29,320,0.0000,41.9650,611.22,53.8
29,128,0.0000,37.0853,613.62,53.8
29,128,0.0000,39.0372,613.62,53.8
29,128,0.0000,39.0372,613.62,53.8
29,128,0.0000,41.9650,613.62,53.8
29,128,0.0000,40.0131,613.62,53.8
29,128,0.0000,36.1094,613.62,53.8
29,128,0.0000,38.0613,613.62,53.8
29,128,0.0000,40.9891,613.62,53.8
29,128,0.0000,39.0372,613.62,53.8
29,128,0.0000,40.0131,613.62,53.8
29,384,0.9804,49.7724,615.82,53.8
29,384,0.0000,43.9169,615.82,53.8
29,384,0.0000,43.9169,615.82,53.8
29,384,0.0000,40.9891,615.82,53.8
29,384,0.0000,42.9409,615.82,53.8
29,384,0.0000,41.9650,615.82,53.8
29,384,0.0000,42.9409,615.82,53.8
29,384,0.0000,40.9891,615.82,53.8
29,384,0.0000,42.9409,615.82,53.8
29,384,0.0000,42.9409,615.82,53.8
29,192,0.0000,40.9891,618.11,52.1
29,192,0.0000,40.9891,618.11,52.1
29,192,0.0000,38.0613,618.11,52.1
29,192,0.0000,42.9409,618.11,52.1
29,192,0.0000,41.9650,618.11,52.1
29,192,0.0000,39.0372,618.11,52.1
29,192,0.0000,39.0372,618.11,52.1
29,192,0.0000,40.9891,618.11,52.1
29,192,0.0000,38.0613,618.11,52.1
29,192,0.0000,39.0372,618.11,52.1
29,256,0.9804,45.8687,620.41,52.7
29,256,0.0000,40.9891,620.41,52.7
29,256,0.0000,42.9409,620.41,52.7
29,256,0.0000,40.0131,620.41,52.7
29,256,0.0000,39.0372,620.41,52.7
29,256,0.0000,40.9891,620.41,52.7
29,256,0.4902,43.9169,620.41,52.7
29,256,0.9804,41.9650,620.41,52.7
29,256,1.4706,41.9650,620.41,52.7
29,256,0.0000,40.9891,620.41,52.7
30,320,0.4902,43.9169,622.71,53.2
30,320,0.4902,41.9650,622.71,53.2
30,320,0.0000,41.9650,622.71,53.2
30,320,0.0000,42.9409,622.71,53.2
30,320,0.4902,40.9891,622.71,53.2
30,320,0.0000,38.0613,622.71,53.2
30,320,0.0000,47.8206,622.71,53.2
30,320,0.0000,41.9650,622.71,53.2
30,320,0.0000,48.7965,622.71,53.2
30,320,0.0000,42.9409,622.71,53.2
30,0,0.0000,37.0853,625.00,52.1
30,0,0.0000,40.9891,625.00,52.1
30,0,0.0000,39.0372,625.00,52.1
30,0,0.0000,39.0372,625.00,52.1
30,0,0.0000,35.1335,625.00,52.1
30,0,0.0000,36.1094,625.00,52.1
30,0,0.0000,37.0853,625.00,52.1
30,0,0.0000,36.1094,625.00,52.1
30,0,0.0000,38.0613,625.00,52.1
30,0,0.0000,36.1094,625.00,52.1
30,128,0.0000,39.0372,627.30,53.8
30,128,0.0000,40.0131,627.30,53.8
30,128,0.0000,40.0131,627.30,53.8
30,128,0.0000,38.0613,627.30,53.8
30,128,0.0000,41.9650,627.30,53.8
30,128,0.0000,38.0613,627.30,53.8
30,128,0.0000,37.0853,627.30,53.8
30,128,0.0000,40.9891,627.30,53.8
30,128,0.0000,38.0613,627.30,53.8
30,128,0.0000,40.0131,627.30,53.8
30,512,0.0000,43.9169,629.60,53.8
30,512,0.0000,44.8928,629.60,53.8
30,512,0.0000,43.9169,629.60,53.8
30,512,0.0000,42.9409,629.60,53.8
30,512,0.0000,42.9409,629.60,53.8
30,512,0.0000,43.9169,629.60,53.8
30,512,0.0000,42.9409,629.60,53.8
30,512,0.0000,41.9650,629.60,53.8
30,512,0.0000,44.8928,629.60,53.8
30,512,0.0000,43.9169,629.60,53.8
30,192,0.0000,40.0131,631.89,53.8
30,192,0.0000,41.9650,631.89,53.8
30,192,0.0000,47.8206,631.89,53.8
30,192,0.0000,40.0131,631.89,53.8
30,192,0.0000,40.9891,631.89,53.8
30,192,0.0000,39.0372,631.89,53.8
30,192,0.0000,40.9891,631.89,53.8
30,192,0.0000,40.0131,631.89,53.8
30,192,0.0000,40.9891,631.89,53.8
30,192,0.0000,41.9650,631.89,53.8
30,448,0.0000,44.8928,634.29,52.7
30,448,0.0000,44.8928,634.29,52.7
30,448,0.0000,42.9409,634.29,52.7
30,448,0.0000,42.9409,634.29,52.7
30,448,0.0000,42.9409,634.29,52.7
30,448,0.0000,40.9891,634.29,52.7
30,448,0.0000,44.8928,634.29,52.7
30,448,0.0000,44.8928,634.29,52.7
30,448,0.0000,41.9650,634.29,52.7
30,448,0.0000,43.9169,634.29,52.7
30,256,0.0000,40.0131,636.48,53.2
30,256,0.0000,40.0131,636.48,53.2
30,256,0.0000,40.9891,636.48,53.2
30,256,0.0000,41.9650,636.48,53.2
30,256,0.0000,40.0131,636.48,53.2
30,256,0.9804,41.9650,636.48,53.2
30,256,0.0000,42.9409,636.48,53.2
30,256,0.0000,39.0372,636.48,53.2
30,256,0.4902,41.9650,636.48,53.2
30,256,0.0000,46.8446,636.48,53.2
30,64,0.0000,37.0853,638.78,54.3
30,64,0.0000,38.0613,638.78,54.3
30,64,0.0000,36.1094,638.78,54.3
30,64,0.0000,38.0613,638.78,54.3
30,64,0.0000,37.0853,638.78,54.3
30,64,0.0000,38.0613,638.78,54.3
30,64,0.0000,39.0372,638.78,54.3
30,64,0.0000,38.0613,638.78,54.3
30,64,0.0000,43.9169,638.78,54.3
30,64,0.0000,40.0131,638.78,54.3
30,384,0.0000,42.9409,641.08,52.1
30,384,0.0000,43.9169,641.08,52.1
30,384,0.0000,40.0131,641.08,52.1
30,384,0.0000,41.9650,641.08,52.1
30,384,0.0000,42.9409,641.08,52.1
30,384,0.0000,44.8928,641.08,52.1
30,384,0.0000,41.9650,641.08,52.1
30,384,0.0000,48.7965,641.08,52.1
30,384,0.0000,42.9409,641.08,52.1
30,384,0.0000,41.9650,641.08,52.1
31,384,0.0000,48.7965,643.37,53.2
31,384,0.0000,41.9650,643.37,53.2
31,384,0.0000,43.9169,643.37,53.2
31,384,0.0000,41.9650,643.37,53.2
31,384,0.0000,40.9891,643.37,53.2
31,384,0.0000,50.7484,643.37,53.2
31,384,0.0000,47.8206,643.37,53.2
31,384,0.0000,42.9409,643.37,53.2
31,384,0.0000,43.9169,643.37,53.2
31,384,0.0000,40.9891,643.37,53.2
31,448,0.0000,52.7002,645.67,53.2
31,448,0.0000,42.9409,645.67,53.2
31,448,0.0000,42.9409,645.67,53.2
31,448,0.0000,42.9409,645.67,53.2
31,448,0.0000,45.8687,645.67,53.2
31,448,0.0000,45.8687,645.67,53.2
31,448,0.0000,43.9169,645.67,53.2
31,448,0.0000,43.9169,645.67,53.2
31,448,0.0000,43.9169,645.67,53.2
31,448,0.0000,43.9169,645.67,53.2
31,192,0.0000,44.8928,647.96,51.6
31,192,0.0000,40.9891,647.96,51.6
31,192,0.0000,38.0613,647.96,51.6
31,192,0.4902,40.0131,647.96,51.6
31,192,0.0000,39.0372,647.96,51.6
31,192,0.0000,42.9409,647.96,51.6
31,192,0.0000,39.0372,647.96,51.6
31,192,0.0000,40.0131,647.96,51.6
31,192,0.0000,37.0853,647.96,51.6
31,192,0.0000,38.0613,647.96,51.6
31,512,0.0000,43.9169,650.26,52.7
31,512,0.0000,42.9409,650.26,52.7
31,512,0.0000,43.9169,650.26,52.7
31,512,0.0000,43.9169,650.26,52.7
31,512,0.0000,42.9409,650.26,52.7
31,512,0.0000,43.9169,650.26,52.7
31,512,0.0000,44.8928,650.26,52.7
31,512,0.0000,42.9409,650.26,52.7
31,512,0.0000,45.8687,650.26,52.7
31,512,0.0000,41.9650,650.26,52.7
31,128,0.0000,41.9650,652.56,53.8
31,128,0.0000,39.0372,652.56,53.8
31,128,0.0000,42.9409,652.56,53.8
31,128,0.0000,40.9891,652.56,53.8
31,128,0.0000,40.9891,652.56,53.8
31,128,0.0000,40.0131,652.56,53.8
31,128,0.0000,40.0131,652.56,53.8
31,128,0.4902,40.0131,652.56,53.8
31,128,0.0000,37.0853,652.56,53.8
31,128,0.0000,39.0372,652.56,53.8
31,320,0.0000,46.8446,654.95,52.7
31,320,0.0000,40.9891,654.95,52.7
31,320,0.0000,44.8928,654.95,52.7
31,320,0.0000,40.0131,654.95,52.7
31,320,0.0000,43.9169,654.95,52.7
31,320,0.0000,41.9650,654.95,52.7
31,320,0.0000,40.0131,654.95,52.7
31,320,0.0000,43.9169,654.95,52.7
31,320,0.0000,40.9891,654.95,52.7
31,320,0.0000,41.9650,654.95,52.7
31,256,0.0000,40.9891,657.15,53.8
31,256,0.0000,42.9409,657.15,53.8
31,256,0.0000,41.9650,657.15,53.8
31,256,0.0000,38.0613,657.15,53.8
31,256,0.9804,42.9409,657.15,53.8
31,256,0.0000,42.9409,657.15,53.8
31,256,0.0000,39.0372,657.15,53.8
31,256,0.0000,40.9891,657.15,53.8
31,256,0.4902,39.0372,657.15,53.8
31,256,0.0000,40.9891,657.15,53.8
31,64,0.0000,40.9891,659.45,53.8
31,64,0.0000,38.0613,659.45,53.8
31,64,0.0000,37.0853,659.45,53.8
31,64,0.0000,38.0613,659.45,53.8
31,64,0.0000,37.0853,659.45,53.8
31,64,0.0000,39.0372,659.45,53.8
31,64,0.0000,39.0372,659.45,53.8
31,64,0.0000,42.9409,659.45,53.8
31,64,0.0000,39.0372,659.45,53.8
31,64,0.0000,40.9891,659.45,53.8
31,0,0.0000,40.9891,661.74,53.2
31,0,0.0000,39.0372,661.74,53.2
31,0,0.0000,38.0613,661.74,53.2
31,0,0.0000,36.1094,661.74,53.2
31,0,0.0000,37.0853,661.74,53.2
31,0,0.0000,40.9891,661.74,53.2
31,0,0.0000,38.0613,661.74,53.2
31,0,0.0000,37.0853,661.74,53.2
31,0,0.0000,37.0853,661.74,53.2
31,0,0.0000,38.0613,661.74,53.2
32,64,0.0000,41.9650,664.04,52.1
32,64,0.0000,39.0372,664.04,52.1
32,64,0.0000,39.0372,664.04,52.1
32,64,0.0000,40.0131,664.04,52.1
32,64,0.0000,37.0853,664.04,52.1
32,64,0.0000,39.0372,664.04,52.1
32,64,0.0000,40.9891,664.04,52.1
32,64,0.0000,39.0372,664.04,52.1
32,64,0.0000,37.0853,664.04,52.1
32,64,0.0000,37.0853,664.04,52.1
32,256,0.0000,41.9650,666.33,53.8
32,256,0.0000,40.9891,666.33,53.8
32,256,0.0000,39.0372,666.33,53.8
32,256,0.0000,40.0131,666.33,53.8
32,256,0.4902,41.9650,666.33,53.8
32,256,0.4902,45.8687,666.33,53.8
32,256,0.0000,40.9891,666.33,53.8
32,256,0.0000,40.9891,666.33,53.8
32,256,0.0000,37.0853,666.33,53.8
32,256,0.0000,40.0131,666.33,53.8
32,320,0.0000,42.9409,668.63,52.1
32,320,0.0000,43.9169,668.63,52.1
32,320,0.0000,39.0372,668.63,52.1
32,320,0.0000,40.9891,668.63,52.1
32,320,0.0000,42.9409,668.63,52.1
32,320,0.0000,40.9891,668.63,52.1
32,320,0.0000,41.9650,668.63,52.1
32,320,0.0000,42.9409,668.63,52.1
32,320,0.0000,42.9409,668.63,52.1
32,320,0.0000,44.8928,668.63,52.1
32,192,0.0000,44.8928,671.05,53.8
32,192,0.0000,41.9650,671.05,53.8
32,192,0.0000,40.0131,671.05,53.8
32,192,0.0000,38.0613,671.05,53.8
32,192,0.0000,45.8687,671.05,53.8
32,192,0.0000,40.9891,671.05,53.8
32,192,0.0000,37.0853,671.05,53.8
32,192,0.0000,40.0131,671.05,53.8
32,192,0.0000,38.0613,671.05,53.8
32,192,1.4706,39.0372,671.05,53.8
32,192,0.0000,40.0131,671.05,53.8
32,448,0.0000,43.9169,673.34,54.3
32,448,0.0000,45.8687,673.34,54.3
32,448,0.0000,40.9891,673.34,54.3
32,448,0.0000,41.9650,673.34,54.3
32,448,0.0000,42.9409,673.34,54.3
32,448,0.0000,43.9169,673.34,54.3
32,448,0.0000,45.8687,673.34,54.3
32,448,0.0000,43.9169,673.34,54.3
32,448,0.0000,45.8687,673.34,54.3
32,448,0.0000,44.8928,673.34,54.3
32,384,0.0000,43.9169,675.64,53.8
32,384,0.0000,41.9650,675.64,53.8
32,384,0.0000,43.9169,675.64,53.8
32,384,0.0000,42.9409,675.64,53.8
32,384,0.0000,42.9409,675.64,53.8
32,384,0.0000,43.9169,675.64,53.8
32,384,0.0000,43.9169,675.64,53.8
32,384,0.0000,40.9891,675.64,53.8
32,384,0.0000,40.9891,675.64,53.8
32,384,0.0000,40.9891,675.64,53.8
32,0,0.0000,37.0853,677.94,53.2
32,0,0.0000,38.0613,677.94,53.2
32,0,0.0000,35.1335,677.94,53.2
32,0,0.0000,36.1094,677.94,53.2
32,0,0.0000,39.0372,677.94,53.2
32,0,0.0000,38.0613,677.94,53.2
32,0,0.0000,36.1094,677.94,53.2
32,0,0.0000,38.0613,677.94,53.2
32,0,0.0000,37.0853,677.94,53.2
32,0,0.0000,37.0853,677.94,53.2
32,128,0.0000,40.0131,680.23,53.2
32,128,0.0000,38.0613,680.23,53.2
32,128,0.0000,37.0853,680.23,53.2
32,128,0.0000,40.0131,680.23,53.2
32,128,0.0000,40.0131,680.23,53.2
32,128,0.0000,46.8446,680.23,53.2
32,128,0.0000,44.8928,680.23,53.2
32,128,0.0000,40.9891,680.23,53.2
32,128,0.0000,38.0613,680.23,53.2
32,128,0.0000,39.0372,680.23,53.2
32,512,0.0000,41.9650,682.53,53.2
32,512,0.0000,44.8928,682.53,53.2
32,512,0.0000,44.8928,682.53,53.2
32,512,0.0000,41.9650,682.53,53.2
32,512,0.0000,44.8928,682.53,53.2
32,512,0.0000,42.9409,682.53,53.2
32,512,0.0000,43.9169,682.53,53.2
32,512,0.0000,43.9169,682.53,53.2
32,512,0.0000,41.9650,682.53,53.2
32,512,0.0000,44.8928,682.53,53.2
33,448,0.0000,43.9169,684.82,53.2
33,448,0.0000,42.9409,684.82,53.2
33,448,0.0000,43.9169,684.82,53.2
33,448,0.0000,44.8928,684.82,53.2
33,448,0.0000,44.8928,684.82,53.2
33,448,0.0000,43.9169,684.82,53.2
33,448,0.0000,40.9891,684.82,53.2
33,448,0.0000,43.9169,684.82,53.2
33,448,0.0000,42.9409,684.82,53.2
33,448,0.0000,43.9169,684.82,53.2
33,256,0.0000,40.0131,687.12,53.2
33,256,0.0000,40.9891,687.12,53.2
33,256,0.0000,38.0613,687.12,53.2
33,256,0.0000,40.9891,687.12,53.2
33,256,0.0000,46.8446,687.12,53.2
33,256,0.0000,40.0131,687.12,53.2
33,256,0.0000,40.9891,687.12,53.2
33,256,0.0000,40.0131,687.12,53.2
33,256,0.0000,40.9891,687.12,53.2
33,256,0.0000,43.9169,687.12,53.2
33,128,0.0000,39.0372,689.42,52.1
33,128,0.0000,38.0613,689.42,52.1
33,128,0.0000,40.0131,689.42,52.1
33,128,0.0000,39.0372,689.42,52.1
33,128,0.0000,38.0613,689.42,52.1
33,128,0.0000,36.1094,689.42,52.1
33,128,0.0000,38.0613,689.42,52.1
33,128,0.0000,41.9650,689.42,52.1
33,128,0.0000,39.0372,689.42,52.1
33,128,0.0000,40.9891,689.42,52.1
33,64,0.0000,44.8928,691.71,53.2
33,64,0.0000,40.0131,691.71,53.2
33,64,0.0000,39.0372,691.71,53.2
33,64,0.0000,39.0372,691.71,53.2
33,64,0.0000,38.0613,691.71,53.2
33,64,0.0000,38.0613,691.71,53.2
33,64,0.0000,38.0613,691.71,53.2
33,64,0.0000,38.0613,691.71,53.2
33,64,0.0000,41.9650,691.71,53.2
33,64,0.0000,39.0372,691.71,53.2
33,192,0.0000,40.0131,694.11,52.1
33,192,0.0000,41.9650,694.11,52.1
33,192,0.0000,39.0372,694.11,52.1
33,192,0.0000,40.0131,694.11,52.1
33,192,0.0000,40.0131,694.11,52.1
33,192,0.0000,38.0613,694.11,52.1
33,192,0.0000,43.9169,694.11,52.1
33,192,0.0000,40.9891,694.11,52.1
33,192,0.0000,39.0372,694.11,52.1
33,192,0.0000,40.9891,694.11,52.1
33,512,0.0000,43.9169,696.30,53.8
33,512,0.0000,43.9169,696.30,53.8
33,512,0.0000,43.9169,696.30,53.8
33,512,0.0000,44.8928,696.30,53.8
33,512,0.0000,45.8687,696.30,53.8
33,512,0.0000,42.9409,696.30,53.8
33,512,0.0000,44.8928,696.30,53.8
33,512,0.0000,44.8928,696.30,53.8
33,512,0.0000,42.9409,696.30,53.8
33,512,0.0000,52.7002,696.30,53.8
33,320,0.4902,43.9169,698.59,53.2
33,320,0.0000,41.9650,698.59,53.2
33,320,0.4902,42.9409,698.59,53.2
33,320,0.4902,40.0131,698.59,53.2
33,320,0.0000,43.9169,698.59,53.2
33,320,0.0000,41.9650,698.59,53.2
33,320,0.0000,40.9891,698.59,53.2
33,320,0.0000,40.9891,698.59,53.2
33,320,0.0000,42.9409,698.59,53.2
33,320,0.0000,39.0372,698.59,53.2
33,0,0.0000,40.0131,700.88,52.1
33,0,0.0000,35.1335,700.88,52.1
33,0,0.0000,38.0613,700.88,52.1
33,0,0.0000,36.1094,700.88,52.1
33,0,0.0000,35.1335,700.88,52.1
33,0,0.0000,38.0613,700.88,52.1
33,0,0.0000,38.0613,700.88,52.1
33,0,0.0000,39.0372,700.88,52.1
33,0,0.0000,39.0372,700.88,52.1
33,0,0.0000,38.0613,700.88,52.1
33,384,0.0000,40.9891,703.18,53.2
33,384,0.0000,43.9169,703.18,53.2
33,384,0.0000,42.9409,703.18,53.2
33,384,0.0000,42.9409,703.18,53.2
33,384,0.0000,43.9169,703.18,53.2
33,384,0.0000,44.8928,703.18,53.2
33,384,0.0000,42.9409,703.18,53.2
33,384,0.0000,41.9650,703.18,53.2
33,384,0.0000,43.9169,703.18,53.2
33,384,0.0000,44.8928,703.18,53.2
34,256,0.0000,40.0131,705.47,53.2
34,256,0.0000,38.0613,705.47,53.2
34,256,0.0000,39.0372,705.47,53.2
34,256,0.0000,40.9891,705.47,53.2
34,256,0.0000,39.0372,705.47,53.2
34,256,1.4706,42.9409,705.47,53.2
34,256,1.4706,38.0613,705.47,53.2
34,256,0.0000,41.9650,705.47,53.2
34,256,0.0000,39.0372,705.47,53.2
34,256,0.0000,41.9650,705.47,53.2
34,384,0.0000,42.9409,707.77,53.8
34,384,0.0000,43.9169,707.77,53.8
34,384,0.0000,41.9650,707.77,53.8
34,384,0.0000,42.9409,707.77,53.8
34,384,0.0000,43.9169,707.77,53.8
34,384,0.0000,40.9891,707.77,53.8
34,384,0.0000,43.9169,707.77,53.8
34,384,0.0000,41.9650,707.77,53.8
34,384,0.0000,43.9169,707.77,53.8
34,384,0.0000,38.0613,707.77,53.8
34,512,0.0000,42.9409,710.06,53.2
34,512,0.0000,44.8928,710.06,53.2
34,512,0.0000,44.8928,710.06,53.2
34,512,0.0000,41.9650,710.06,53.2
34,512,0.0000,39.0372,710.06,53.2
34,512,0.0000,43.9169,710.06,53.2
34,512,0.0000,43.9169,710.06,53.2
34,512,0.0000,43.9169,710.06,53.2
34,512,0.0000,43.9169,710.06,53.2
34,512,0.0000,42.9409,710.06,53.2
34,192,0.0000,43.9169,712.36,53.8
34,192,1.9608,44.8928,712.36,53.8
34,192,0.0000,38.0613,712.36,53.8
34,192,0.0000,40.0131,712.36,53.8
34,192,0.0000,40.9891,712.36,53.8
34,192,0.0000,40.0131,712.36,53.8
34,192,0.0000,41.9650,712.36,53.8
34,192,0.0000,40.0131,712.36,53.8
34,192,0.0000,39.0372,712.36,53.8
34,192,1.4706,38.0613,712.36,53.8
34,320,0.0000,43.9169,714.76,53.8
34,320,0.0000,42.9409,714.76,53.8
34,320,0.0000,43.9169,714.76,53.8
34,320,0.0000,40.9891,714.76,53.8
34,320,0.0000,43.9169,714.76,53.8
34,320,0.0000,41.9650,714.76,53.8
34,320,0.0000,42.9409,714.76,53.8
34,320,0.0000,41.9650,714.76,53.8
34,320,0.4902,41.9650,714.76,53.8
34,320,1.4706,42.9409,714.76,53.8
34,448,0.0000,41.9650,716.95,52.7
34,448,0.0000,43.9169,716.95,52.7
34,448,0.0000,43.9169,716.95,52.7
34,448,0.0000,43.9169,716.95,52.7
34,448,0.0000,44.8928,716.95,52.7
34,448,0.0000,43.9169,716.95,52.7
34,448,0.0000,42.9409,716.95,52.7
34,448,0.0000,43.9169,716.95,52.7
34,448,0.0000,41.9650,716.95,52.7
34,448,0.0000,42.9409,716.95,52.7
34,0,0.0000,37.0853,719.25,52.7
34,0,0.0000,36.1094,719.25,52.7
34,0,0.0000,36.1094,719.25,52.7
34,0,0.0000,37.0853,719.25,52.7
34,0,0.0000,36.1094,719.25,52.7
34,0,0.0000,39.0372,719.25,52.7
34,0,0.0000,36.1094,719.25,52.7
34,0,0.0000,39.0372,719.25,52.7
34,0,0.0000,39.0372,719.25,52.7
34,0,0.0000,36.1094,719.25,52.7
34,128,0.0000,43.9169,721.54,52.7
34,128,0.0000,40.0131,721.54,52.7
34,128,0.0000,37.0853,721.54,52.7
34,128,0.0000,39.0372,721.54,52.7
34,128,0.0000,40.0131,721.54,52.7
34,128,0.0000,38.0613,721.54,52.7
34,128,0.0000,40.0131,721.54,52.7
34,128,0.0000,43.9169,721.54,52.7
34,128,0.0000,39.0372,721.54,52.7
34,128,0.0000,37.0853,721.54,52.7
34,64,0.0000,38.0613,723.84,52.7
34,64,0.0000,39.0372,723.84,52.7
34,64,0.0000,38.0613,723.84,52.7
34,64,0.0000,40.0131,723.84,52.7
34,64,0.0000,38.0613,723.84,52.7
34,64,0.0000,37.0853,723.84,52.7
34,64,0.0000,38.0613,723.84,52.7
34,64,0.0000,38.0613,723.84,52.7
34,64,0.0000,40.0131,723.84,52.7
34,64,0.0000,39.0372,723.84,52.7
35,384,0.0000,41.9650,726.14,53.2
35,384,0.0000,40.9891,726.14,53.2
35,384,0.0000,41.9650,726.14,53.2
35,384,0.0000,41.9650,726.14,53.2
35,384,0.0000,43.9169,726.14,53.2
35,384,0.0000,41.9650,726.14,53.2
35,384,0.4902,42.9409,726.14,53.2
35,384,0.0000,42.9409,726.14,53.2
35,384,0.0000,40.0131,726.14,53.2
35,384,0.0000,45.8687,726.14,53.2
35,256,0.0000,45.8687,728.44,53.2
35,256,0.0000,40.0131,728.44,53.2
35,256,0.4902,40.0131,728.44,53.2
35,256,0.0000,42.9409,728.44,53.2
35,256,0.0000,40.9891,728.44,53.2
35,256,0.0000,38.0613,728.44,53.2
35,256,0.0000,40.0131,728.44,53.2
35,256,0.0000,40.9891,728.44,53.2
35,256,0.9804,40.9891,728.44,53.2
35,256,0.0000,40.9891,728.44,53.2
35,0,0.0000,40.0131,730.73,52.1
35,0,0.0000,39.0372,730.73,52.1
35,0,0.0000,35.1335,730.73,52.1
35,0,0.0000,39.0372,730.73,52.1
35,0,0.0000,39.0372,730.73,52.1
35,0,0.0000,36.1094,730.73,52.1
35,0,0.0000,37.0853,730.73,52.1
35,0,0.0000,39.0372,730.73,52.1
35,0,0.0000,36.1094,730.73,52.1
35,0,0.0000,38.0613,730.73,52.1
35,448,0.0000,50.7484,733.03,53.8
35,448,0.0000,43.9169,733.03,53.8
35,448,0.0000,45.8687,733.03,53.8
35,448,0.0000,43.9169,733.03,53.8
35,448,0.0000,43.9169,733.03,53.8
35,448,0.0000,46.8446,733.03,53.8
35,448,0.0000,40.0131,733.03,53.8
35,448,0.0000,43.9169,733.03,53.8
35,448,0.0000,43.9169,733.03,53.8
35,448,0.0000,40.9891,733.03,53.8
35,64,0.0000,40.0131,735.42,53.2
35,64,0.0000,39.0372,735.42,53.2
35,64,0.0000,38.0613,735.42,53.2
35,64,0.0000,36.1094,735.42,53.2
35,64,0.0000,39.0372,735.42,53.2
35,64,0.0000,38.0613,735.42,53.2
35,64,0.0000,36.1094,735.42,53.2
35,64,0.0000,37.0853,735.42,53.2
35,64,0.0000,39.0372,735.42,53.2
35,64,0.0000,38.0613,735.42,53.2
35,512,0.0000,44.8928,737.62,53.2
35,512,0.0000,44.8928,737.62,53.2
35,512,0.0000,42.9409,737.62,53.2
35,512,0.0000,44.8928,737.62,53.2
35,512,0.0000,43.9169,737.62,53.2
35,512,0.0000,42.9409,737.62,53.2
35,512,0.0000,45.8687,737.62,53.2
35,512,0.0000,45.8687,737.62,53.2
35,512,0.0000,41.9650,737.62,53.2
35,512,0.0000,46.8446,737.62,53.2
35,128,0.0000,38.0613,739.92,53.8
35,128,0.0000,39.0372,739.92,53.8
35,128,0.0000,38.0613,739.92,53.8
35,128,0.0000,37.0853,739.92,53.8
35,128,0.0000,39.0372,739.92,53.8
35,128,0.0000,40.9891,739.92,53.8
35,128,0.0000,39.0372,739.92,53.8
35,128,0.0000,38.0613,739.92,53.8
35,128,0.0000,45.8687,739.92,53.8
35,128,0.0000,40.9891,739.92,53.8
35,192,0.4902,39.0372,742.21,52.1
35,192,0.0000,40.9891,742.21,52.1
35,192,0.0000,37.0853,742.21,52.1
35,192,0.0000,40.9891,742.21,52.1
35,192,0.0000,40.9891,742.21,52.1
35,192,0.0000,40.0131,742.21,52.1
35,192,0.0000,38.0613,742.21,52.1
35,192,0.0000,40.9891,742.21,52.1
35,192,0.0000,42.9409,742.21,52.1
35,192,0.0000,42.9409,742.21,52.1
35,320,0.0000,47.8206,744.51,52.7
35,320,0.0000,41.9650,744.51,52.7
35,320,0.0000,42.9409,744.51,52.7
35,320,0.4902,43.9169,744.51,52.7
35,320,0.9804,40.9891,744.51,52.7
35,320,0.0000,41.9650,744.51,52.7
35,320,0.0000,43.9169,744.51,52.7
35,320,0.0000,43.9169,744.51,52.7
35,320,0.0000,40.9891,744.51,52.7
35,320,0.4902,38.0613,744.51,52.7
36,256,0.0000,44.8928,746.81,53.2
36,256,0.0000,40.9891,746.81,53.2
36,256,0.0000,40.9891,746.81,53.2
36,256,0.9804,40.9891,746.81,53.2
36,256,0.0000,40.9891,746.81,53.2
36,256,0.0000,43.9169,746.81,53.2
36,256,0.0000,41.9650,746.81,53.2
36,256,0.0000,41.9650,746.81,53.2
36,256,0.0000,40.0131,746.81,53.2
36,256,0.0000,43.9169,746.81,53.2
36,448,0.0000,44.8928,749.10,54.3
36,448,0.0000,43.9169,749.10,54.3
36,448,0.0000,43.9169,749.10,54.3
36,448,0.0000,45.8687,749.10,54.3
36,448,0.0000,41.9650,749.10,54.3
36,448,0.0000,44.8928,749.10,54.3
36,448,0.0000,42.9409,749.10,54.3
36,448,0.0000,42.9409,749.10,54.3
36,448,0.0000,43.9169,749.10,54.3
36,448,0.0000,43.9169,749.10,54.3
36,128,0.0000,43.9169,751.55,54.3
36,128,0.0000,39.0372,751.55,54.3
36,128,0.0000,40.0131,751.55,54.3
36,128,0.0000,37.0853,751.55,54.3
36,128,0.0000,42.9409,751.55,54.3
36,128,0.0000,37.0853,751.55,54.3
36,128,2.9412,100.5208,751.55,54.3
36,128,0.0000,43.9169,751.55,54.3
36,128,0.0000,40.0131,751.55,54.3
36,128,0.0000,42.9409,751.55,54.3
36,128,0.0000,38.0613,751.55,54.3
36,128,0.0000,37.0853,751.55,54.3
36,0,0.0000,36.1094,753.84,54.3
36,0,0.0000,36.1094,753.84,54.3
36,0,0.0000,38.0613,753.84,54.3
36,0,0.0000,38.0613,753.84,54.3
36,0,0.0000,36.1094,753.84,54.3
36,0,0.0000,35.1335,753.84,54.3
36,0,0.0000,37.0853,753.84,54.3
36,0,0.0000,36.1094,753.84,54.3
36,0,0.0000,38.0613,753.84,54.3
36,0,0.0000,40.9891,753.84,54.3
36,64,0.0000,38.0613,756.14,52.7
36,64,0.0000,38.0613,756.14,52.7
36,64,0.0000,37.0853,756.14,52.7
36,64,0.0000,37.0853,756.14,52.7
36,64,0.0000,38.0613,756.14,52.7
36,64,0.0000,39.0372,756.14,52.7
36,64,0.0000,40.0131,756.14,52.7
36,64,0.0000,39.0372,756.14,52.7
36,64,0.0000,37.0853,756.14,52.7
36,64,0.0000,39.0372,756.14,52.7
36,320,0.0000,39.0372,758.44,52.7
36,320,0.0000,41.9650,758.44,52.7
36,320,0.0000,40.0131,758.44,52.7
36,320,0.9804,37.0853,758.44,52.7
36,320,0.0000,41.9650,758.44,52.7
36,320,0.0000,41.9650,758.44,52.7
36,320,0.4902,39.0372,758.44,52.7
36,320,0.0000,41.9650,758.44,52.7
36,320,0.4902,45.8687,758.44,52.7
36,320,0.4902,40.0131,758.44,52.7
36,192,0.0000,40.9891,760.73,52.7
36,192,0.0000,37.0853,760.73,52.7
36,192,0.0000,41.9650,760.73,52.7
36,192,0.0000,41.9650,760.73,52.7
36,192,0.0000,38.0613,760.73,52.7
36,192,0.0000,38.0613,760.73,52.7
36,192,0.0000,39.0372,760.73,52.7
36,192,0.4902,41.9650,760.73,52.7
36,192,0.0000,41.9650,760.73,52.7
36,192,0.0000,41.9650,760.73,52.7
36,512,0.0000,51.7243,763.15,53.8
36,512,0.0000,48.7965,763.15,53.8
36,512,0.0000,43.9169,763.15,53.8
36,512,0.0000,44.8928,763.15,53.8
36,512,0.0000,45.8687,763.15,53.8
36,512,0.0000,42.9409,763.15,53.8
36,512,0.0000,42.9409,763.15,53.8
36,512,0.0000,44.8928,763.15,53.8
36,512,0.0000,43.9169,763.15,53.8
36,512,0.0000,42.9409,763.15,53.8
36,512,0.0000,45.8687,763.15,53.8
36,384,0.0000,43.9169,765.45,54.3
36,384,0.0000,43.9169,765.45,54.3
36,384,0.0000,41.9650,765.45,54.3
36,384,0.0000,45.8687,765.45,54.3
36,384,0.0000,42.9409,765.45,54.3
36,384,0.0000,41.9650,765.45,54.3
36,384,0.0000,42.9409,765.45,54.3
36,384,0.0000,41.9650,765.45,54.3
36,384,0.0000,43.9169,765.45,54.3
36,384,0.0000,43.9169,765.45,54.3
37,192,0.0000,39.0372,767.75,53.2
37,192,0.0000,39.0372,767.75,53.2
37,192,0.0000,40.9891,767.75,53.2
37,192,0.0000,40.9891,767.75,53.2
37,192,0.0000,40.9891,767.75,53.2
37,192,0.0000,43.9169,767.75,53.2
37,192,0.0000,42.9409,767.75,53.2
37,192,0.0000,40.0131,767.75,53.2
37,192,0.0000,40.0131,767.75,53.2
37,192,0.0000,38.0613,767.75,53.2
37,448,0.0000,41.9650,770.04,53.2
37,448,0.0000,42.9409,770.04,53.2
37,448,0.0000,44.8928,770.04,53.2
37,448,0.0000,43.9169,770.04,53.2
37,448,0.0000,41.9650,770.04,53.2
37,448,0.0000,43.9169,770.04,53.2
37,448,0.0000,43.9169,770.04,53.2
37,448,0.0000,40.0131,770.04,53.2
37,448,0.0000,43.9169,770.04,53.2
37,448,0.0000,43.9169,770.04,53.2
37,0,0.0000,36.1094,772.44,54.3
37,0,0.0000,36.1094,772.44,54.3
37,0,0.0000,37.0853,772.44,54.3
37,0,0.0000,36.1094,772.44,54.3
37,0,0.0000,39.0372,772.44,54.3
37,0,0.0000,37.0853,772.44,54.3
37,0,0.0000,38.0613,772.44,54.3
37,0,0.0000,36.1094,772.44,54.3
37,0,0.0000,37.0853,772.44,54.3
37,0,0.0000,35.1335,772.44,54.3
37,320,0.0000,49.7724,774.64,53.2
37,320,0.0000,42.9409,774.64,53.2
37,320,0.9804,41.9650,774.64,53.2
37,320,0.0000,40.0131,774.64,53.2
37,320,0.0000,42.9409,774.64,53.2
37,320,0.0000,41.9650,774.64,53.2
37,320,0.0000,36.1094,774.64,53.2
37,320,0.0000,42.9409,774.64,53.2
37,320,0.4902,41.9650,774.64,53.2
37,320,0.0000,42.9409,774.64,53.2
37,256,0.0000,42.9409,776.93,53.8
37,256,0.0000,41.9650,776.93,53.8
37,256,0.0000,40.0131,776.93,53.8
37,256,0.0000,39.0372,776.93,53.8
37,256,0.0000,40.9891,776.93,53.8
37,256,0.0000,37.0853,776.93,53.8
37,256,0.0000,40.9891,776.93,53.8
37,256,0.0000,39.0372,776.93,53.8
37,256,0.0000,41.9650,776.93,53.8
37,256,0.0000,40.0131,776.93,53.8
37,64,0.0000,38.0613,779.22,53.8
37,64,0.0000,37.0853,779.22,53.8
37,64,0.0000,40.0131,779.22,53.8
37,64,0.0000,38.0613,779.22,53.8
37,64,0.0000,38.0613,779.22,53.8
37,64,0.0000,37.0853,779.22,53.8
37,64,0.0000,39.0372,779.22,53.8
37,64,0.0000,38.0613,779.22,53.8
37,64,0.0000,39.0372,779.22,53.8
37,64,0.0000,38.0613,779.22,53.8
37,128,0.0000,40.0131,781.51,52.1
37,128,0.0000,37.0853,781.51,52.1
37,128,0.0000,38.0613,781.51,52.1
37,128,0.0000,40.0131,781.51,52.1
37,128,0.0000,39.0372,781.51,52.1
37,128,0.0000,39.0372,781.51,52.1
37,128,0.0000,40.9891,781.51,52.1
37,128,0.0000,39.0372,781.51,52.1
37,128,0.0000,41.9650,781.51,52.1
37,128,0.0000,40.0131,781.51,52.1
37,512,0.0000,43.9169,783.80,53.8
37,512,0.0000,43.9169,783.80,53.8
37,512,0.0000,45.8687,783.80,53.8
37,512,0.0000,43.9169,783.80,53.8
37,512,0.0000,41.9650,783.80,53.8
37,512,0.0000,49.7724,783.80,53.8
37,512,0.0000,45.8687,783.80,53.8
37,512,0.0000,45.8687,783.80,53.8
37,512,0.0000,44.8928,783.80,53.8
37,512,0.0000,43.9169,783.80,53.8
37,384,0.0000,49.7724,786.10,53.8
37,384,0.0000,43.9169,786.10,53.8
37,384,0.0000,42.9409,786.10,53.8
37,384,0.0000,42.9409,786.10,53.8
37,384,0.0000,42.9409,786.10,53.8
37,384,0.0000,42.9409,786.10,53.8
37,384,0.0000,41.9650,786.10,53.8
37,384,0.0000,42.9409,786.10,53.8
37,384,0.0000,42.9409,786.10,53.8
37,384,0.0000,43.9169,786.10,53.8
38,192,0.0000,39.0372,788.40,53.2
38,192,0.0000,40.9891,788.40,53.2
38,192,0.0000,40.9891,788.40,53.2
38,192,0.0000,41.9650,788.40,53.2
38,192,0.0000,41.9650,788.40,53.2
38,192,0.0000,41.9650,788.40,53.2
38,192,0.0000,39.0372,788.40,53.2
38,192,0.0000,39.0372,788.40,53.2
38,192,0.0000,41.9650,788.40,53.2
38,192,0.0000,39.0372,788.40,53.2
38,320,0.0000,44.8928,790.69,53.2
38,320,0.0000,41.9650,790.69,53.2
38,320,1.4706,40.9891,790.69,53.2
38,320,0.0000,40.9891,790.69,53.2
38,320,0.0000,39.0372,790.69,53.2
38,320,0.0000,41.9650,790.69,53.2
38,320,0.0000,42.9409,790.69,53.2
38,320,0.0000,42.9409,790.69,53.2
38,320,0.0000,40.0131,790.69,53.2
38,320,0.0000,41.9650,790.69,53.2
38,64,0.0000,36.1094,793.09,53.8
38,64,0.0000,38.0613,793.09,53.8
38,64,0.0000,38.0613,793.09,53.8
38,64,0.0000,37.0853,793.09,53.8
38,64,0.0000,38.0613,793.09,53.8
38,64,0.0000,36.1094,793.09,53.8
38,64,0.0000,37.0853,793.09,53.8
38,64,0.0000,37.0853,793.09,53.8
38,64,0.0000,38.0613,793.09,53.8
38,64,0.0000,39.0372,793.09,53.8
38,512,0.0000,44.8928,795.28,52.1
38,512,0.0000,41.9650,795.28,52.1
38,512,0.0000,42.9409,795.28,52.1
38,512,0.0000,43.9169,795.28,52.1
38,512,0.0000,42.9409,795.28,52.1
38,512,0.0000,45.8687,795.28,52.1
38,512,0.0000,44.8928,795.28,52.1
38,512,0.0000,44.8928,795.28,52.1
38,512,0.0000,42.9409,795.28,52.1
38,512,0.0000,52.7002,795.28,52.1
38,384,0.0000,46.8446,797.58,53.2
38,384,0.0000,40.0131,797.58,53.2
38,384,0.0000,44.8928,797.58,53.2
38,384,0.0000,40.9891,797.58,53.2
38,384,0.0000,43.9169,797.58,53.2
38,384,0.0000,40.0131,797.58,53.2
38,384,0.0000,43.9169,797.58,53.2
38,384,0.0000,40.0131,797.58,53.2
38,384,0.0000,43.9169,797.58,53.2
38,384,0.0000,42.9409,797.58,53.2
38,448,0.0000,44.8928,799.88,53.8
38,448,0.0000,42.9409,799.88,53.8
38,448,0.0000,42.9409,799.88,53.8
38,448,0.0000,45.8687,799.88,53.8
38,448,0.0000,42.9409,799.88,53.8
38,448,0.0000,41.9650,799.88,53.8
38,448,0.0000,43.9169,799.88,53.8
38,448,0.0000,48.7965,799.88,53.8
38,448,0.0000,44.8928,799.88,53.8
38,448,0.0000,43.9169,799.88,53.8
38,128,0.0000,45.8687,802.17,53.2
38,128,0.0000,39.0372,802.17,53.2
38,128,0.0000,38.0613,802.17,53.2
38,128,0.0000,38.0613,802.17,53.2
38,128,0.0000,37.0853,802.17,53.2
38,128,0.0000,37.0853,802.17,53.2
38,128,0.0000,37.0853,802.17,53.2
38,128,0.0000,38.0613,802.17,53.2
38,128,0.0000,37.0853,802.17,53.2
38,128,0.0000,40.9891,802.17,53.2
38,256,0.0000,41.9650,804.47,54.3
38,256,0.0000,40.0131,804.47,54.3
38,256,0.0000,42.9409,804.47,54.3
38,256,0.0000,42.9409,804.47,54.3
38,256,0.0000,41.9650,804.47,54.3
38,256,0.4902,47.8206,804.47,54.3
38,256,0.4902,40.9891,804.47,54.3
38,256,0.0000,40.0131,804.47,54.3
38,256,0.4902,41.9650,804.47,54.3
38,256,0.0000,39.0372,804.47,54.3
38,0,0.0000,36.1094,806.76,53.8
38,0,0.0000,37.0853,806.76,53.8
38,0,0.0000,38.0613,806.76,53.8
38,0,0.0000,38.0613,806.76,53.8
38,0,0.0000,40.0131,806.76,53.8
38,0,0.0000,37.0853,806.76,53.8
38,0,0.0000,37.0853,806.76,53.8
38,0,0.0000,35.1335,806.76,53.8
38,0,0.0000,39.0372,806.76,53.8
38,0,0.0000,37.0853,806.76,53.8
39,384,0.0000,41.9650,809.06,53.8
39,384,0.0000,41.9650,809.06,53.8
39,384,0.0000,40.0131,809.06,53.8
39,384,0.9804,44.8928,809.06,53.8
39,384,0.0000,40.9891,809.06,53.8
39,384,0.0000,41.9650,809.06,53.8
39,384,0.0000,41.9650,809.06,53.8
39,384,0.0000,43.9169,809.06,53.8
39,384,0.4902,40.9891,809.06,53.8
39,384,0.0000,44.8928,809.06,53.8
39,320,0.0000,43.9169,811.36,54.3
39,320,0.0000,40.9891,811.36,54.3
39,320,0.9804,49.7724,811.36,54.3
39,320,0.0000,40.0131,811.36,54.3
39,320,1.4706,40.0131,811.36,54.3
39,320,0.0000,40.0131,811.36,54.3
39,320,0.0000,42.9409,811.36,54.3
39,320,0.0000,41.9650,811.36,54.3
39,320,0.0000,42.9409,811.36,54.3
39,320,0.0000,40.0131,811.36,54.3
39,256,0.0000,46.8446,813.75,53.8
39,256,0.0000,41.9650,813.75,53.8
39,256,0.0000,41.9650,813.75,53.8
39,256,0.0000,39.0372,813.75,53.8
39,256,0.0000,41.9650,813.75,53.8
39,256,0.0000,41.9650,813.75,53.8
39,256,1.9608,45.8687,813.75,53.8
39,256,0.0000,38.0613,813.75,53.8
39,256,0.0000,40.9891,813.75,53.8
39,256,0.0000,40.9891,813.75,53.8
39,512,0.0000,43.9169,815.95,53.8
39,512,0.0000,44.8928,815.95,53.8
39,512,0.0000,42.9409,815.95,53.8
39,512,0.0000,43.9169,815.95,53.8
39,512,0.0000,43.9169,815.95,53.8
39,512,0.0000,47.8206,815.95,53.8
39,512,0.0000,43.9169,815.95,53.8
39,512,0.0000,45.8687,815.95,53.8
39,512,0.0000,40.9891,815.95,53.8
39,512,0.0000,43.9169,815.95,53.8
39,192,0.0000,40.9891,818.24,53.2
39,192,0.0000,39.0372,818.24,53.2
39,192,0.0000,37.0853,818.24,53.2
39,192,0.0000,40.0131,818.24,53.2
39,192,0.0000,40.0131,818.24,53.2
39,192,0.0000,39.0372,818.24,53.2
39,192,0.0000,39.0372,818.24,53.2
39,192,0.0000,40.9891,818.24,53.2
39,192,0.9804,41.9650,818.24,53.2
39,192,0.0000,39.0372,818.24,53.2
39,0,0.0000,38.0613,820.54,53.2
39,0,0.0000,39.0372,820.54,53.2
39,0,0.0000,36.1094,820.54,53.2
39,0,0.0000,36.1094,820.54,53.2
39,0,0.0000,38.0613,820.54,53.2
39,0,0.0000,37.0853,820.54,53.2
39,0,0.0000,37.0853,820.54,53.2
39,0,0.0000,37.0853,820.54,53.2
39,0,0.0000,38.0613,820.54,53.2
39,0,0.0000,38.0613,820.54,53.2
39,64,0.0000,40.9891,822.84,53.8
39,64,0.0000,38.0613,822.84,53.8
39,64,0.0000,37.0853,822.84,53.8
39,64,0.0000,40.0131,822.84,53.8
39,64,0.0000,38.0613,822.84,53.8
39,64,0.0000,38.0613,822.84,53.8
39,64,0.0000,38.0613,822.84,53.8
39,64,0.0000,39.0372,822.84,53.8
39,64,0.0000,39.0372,822.84,53.8
39,64,0.0000,40.0131,822.84,53.8
39,448,0.0000,43.9169,825.13,53.8
39,448,0.0000,45.8687,825.13,53.8
39,448,0.0000,44.8928,825.13,53.8
39,448,0.0000,42.9409,825.13,53.8
39,448,0.0000,41.9650,825.13,53.8
39,448,0.0000,44.8928,825.13,53.8
39,448,0.0000,41.9650,825.13,53.8
39,448,0.0000,43.9169,825.13,53.8
39,448,0.0000,42.9409,825.13,53.8
39,448,0.0000,42.9409,825.13,53.8
39,128,0.0000,39.0372,827.55,52.7
39,128,0.0000,38.0613,827.55,52.7
39,128,0.0000,40.9891,827.55,52.7
39,128,0.0000,37.0853,827.55,52.7
39,128,1.9608,68.3151,827.55,52.7
39,128,0.0000,42.9409,827.55,52.7
39,128,0.0000,37.0853,827.55,52.7
39,128,0.0000,40.0131,827.55,52.7
39,128,0.0000,40.0131,827.55,52.7
39,128,0.0000,39.0372,827.55,52.7
39,128,0.0000,39.0372,827.55,52.7
40,384,0.0000,39.0372,829.85,52.7
40,384,0.0000,40.0131,829.85,52.7
40,384,0.0000,50.7484,829.85,52.7
40,384,0.0000,40.9891,829.85,52.7
40,384,0.0000,40.0131,829.85,52.7
40,384,0.0000,42.9409,829.85,52.7
40,384,0.0000,42.9409,829.85,52.7
40,384,0.0000,41.9650,829.85,52.7
40,384,0.0000,40.9891,829.85,52.7
40,384,0.0000,42.9409,829.85,52.7
40,64,0.0000,39.0372,832.24,52.7
40,64,0.0000,39.0372,832.24,52.7
40,64,0.0000,37.0853,832.24,52.7
40,64,0.0000,39.0372,832.24,52.7
40,64,0.0000,39.0372,832.24,52.7
40,64,0.0000,38.0613,832.24,52.7
40,64,0.0000,39.0372,832.24,52.7
40,64,0.0000,38.0613,832.24,52.7
40,64,0.0000,41.9650,832.24,52.7
40,64,0.0000,41.9650,832.24,52.7
40,448,0.0000,50.7484,834.44,53.2
40,448,0.0000,44.8928,834.44,53.2
40,448,0.0000,41.9650,834.44,53.2
40,448,0.0000,43.9169,834.44,53.2
40,448,0.0000,43.9169,834.44,53.2
40,448,0.0000,41.9650,834.44,53.2
40,448,0.0000,44.8928,834.44,53.2
40,448,0.0000,41.9650,834.44,53.2
40,448,0.0000,42.9409,834.44,53.2
40,448,0.0000,41.9650,834.44,53.2
40,192,0.0000,38.0613,836.74,53.2
40,192,0.0000,40.0131,836.74,53.2
40,192,0.0000,40.9891,836.74,53.2
40,192,0.4902,40.9891,836.74,53.2
40,192,0.0000,41.9650,836.74,53.2
40,192,0.0000,39.0372,836.74,53.2
40,192,0.0000,38.0613,836.74,53.2
40,192,0.0000,38.0613,836.74,53.2
40,192,0.0000,40.9891,836.74,53.2
40,192,0.0000,40.9891,836.74,53.2
40,0,0.0000,36.1094,839.03,53.2
40,0,0.0000,35.1335,839.03,53.2
40,0,0.0000,39.0372,839.03,53.2
40,0,0.0000,37.0853,839.03,53.2
40,0,0.0000,38.0613,839.03,53.2
40,0,0.0000,37.0853,839.03,53.2
40,0,0.0000,38.0613,839.03,53.2
40,0,0.0000,38.0613,839.03,53.2
40,0,0.0000,39.0372,839.03,53.2
40,0,0.0000,37.0853,839.03,53.2
40,256,0.9804,42.9409,841.33,54.3
40,256,0.0000,41.9650,841.33,54.3
40,256,0.0000,39.0372,841.33,54.3
40,256,0.0000,40.9891,841.33,54.3
40,256,0.0000,39.0372,841.33,54.3
40,256,0.0000,40.9891,841.33,54.3
40,256,0.9804,45.8687,841.33,54.3
40,256,0.0000,40.9891,841.33,54.3
40,256,0.0000,40.0131,841.33,54.3
40,256,0.0000,40.0131,841.33,54.3
40,320,0.0000,0.9759,843.62,53.2
40,320,0.4902,43.9169,843.62,53.2
40,320,0.0000,41.9650,843.62,53.2
40,320,0.0000,42.9409,843.62,53.2
40,320,0.0000,39.0372,843.62,53.2
40,320,0.0000,42.9409,843.62,53.2
40,320,0.0000,42.9409,843.62,53.2
40,320,0.0000,42.9409,843.62,53.2
40,320,0.0000,44.8928,843.62,53.2
40,320,0.0000,41.9650,843.62,53.2
40,128,0.0000,40.9891,845.92,53.8
40,128,0.0000,38.0613,845.92,53.8
40,128,0.0000,40.9891,845.92,53.8
40,128,0.0000,39.0372,845.92,53.8
40,128,0.0000,39.0372,845.92,53.8
40,128,0.0000,39.0372,845.92,53.8
40,128,0.0000,40.0131,845.92,53.8
40,128,0.0000,40.0131,845.92,53.8
40,128,0.0000,37.0853,845.92,53.8
40,128,0.0000,38.0613,845.92,53.8
40,512,0.0000,51.7243,848.22,53.8
40,512,0.0000,43.9169,848.22,53.8
40,512,0.0000,43.9169,848.22,53.8
40,512,0.0000,44.8928,848.22,53.8
40,512,0.0000,44.8928,848.22,53.8
40,512,0.0000,44.8928,848.22,53.8
40,512,0.0000,40.9891,848.22,53.8
40,512,0.0000,42.9409,848.22,53.8
40,512,0.0000,44.8928,848.22,53.8
40,512,0.0000,44.8928,848.22,53.8
41,0,0.0000,37.0853,850.51,52.7
41,0,0.0000,38.0613,850.51,52.7
41,0,0.0000,39.0372,850.51,52.7
41,0,0.0000,39.0372,850.51,52.7
41,0,0.0000,37.0853,850.51,52.7
41,0,0.0000,37.0853,850.51,52.7
41,0,0.0000,39.0372,850.51,52.7
41,0,0.0000,41.9650,850.51,52.7
41,0,0.0000,35.1335,850.51,52.7
41,0,0.0000,36.1094,850.51,52.7
41,512,0.0000,50.7484,852.81,53.8
41,512,0.0000,44.8928,852.81,53.8
41,512,0.0000,41.9650,852.81,53.8
41,512,0.0000,43.9169,852.81,53.8
41,512,0.0000,42.9409,852.81,53.8
41,512,0.0000,43.9169,852.81,53.8
41,512,0.0000,51.7243,852.81,53.8
41,512,0.0000,43.9169,852.81,53.8
41,512,0.0000,42.9409,852.81,53.8
41,512,0.0000,43.9169,852.81,53.8
41,64,0.0000,40.0131,855.00,54.3
41,64,0.0000,40.0131,855.00,54.3
41,64,0.0000,37.0853,855.00,54.3
41,64,0.0000,40.9891,855.00,54.3
41,64,0.0000,42.9409,855.00,54.3
41,64,0.0000,43.9169,855.00,54.3
41,64,0.0000,39.0372,855.00,54.3
41,64,0.0000,37.0853,855.00,54.3
41,64,0.0000,44.8928,855.00,54.3
41,64,0.0000,38.0613,855.00,54.3
41,320,0.4902,48.7965,857.30,53.2
41,320,0.0000,41.9650,857.30,53.2
41,320,0.9804,41.9650,857.30,53.2
41,320,0.0000,41.9650,857.30,53.2
41,320,0.0000,41.9650,857.30,53.2
41,320,0.4902,42.9409,857.30,53.2
41,320,0.4902,42.9409,857.30,53.2
41,320,0.0000,40.9891,857.30,53.2
41,320,0.4902,39.0372,857.30,53.2
41,320,0.0000,42.9409,857.30,53.2
41,192,0.0000,40.9891,859.60,54.3
41,192,0.0000,37.0853,859.60,54.3
41,192,0.0000,42.9409,859.60,54.3
41,192,0.0000,40.0131,859.60,54.3
41,192,0.0000,39.0372,859.60,54.3
41,192,0.0000,39.0372,859.60,54.3
41,192,0.0000,41.9650,859.60,54.3
41,192,0.0000,41.9650,859.60,54.3
41,192,0.0000,40.0131,859.60,54.3
41,192,0.0000,39.0372,859.60,54.3
41,384,0.0000,48.7965,861.89,54.3
41,384,0.0000,43.9169,861.89,54.3
41,384,0.0000,42.9409,861.89,54.3
41,384,0.0000,43.9169,861.89,54.3
41,384,0.0000,40.9891,861.89,54.3
41,384,0.0000,43.9169,861.89,54.3
41,384,0.0000,44.8928,861.89,54.3
41,384,0.0000,42.9409,861.89,54.3
41,384,0.0000,43.9169,861.89,54.3
41,384,0.0000,41.9650,861.89,54.3
41,448,0.0000,50.7484,864.19,53.8
41,448,0.0000,44.8928,864.19,53.8
41,448,0.0000,45.8687,864.19,53.8
41,448,0.0000,41.9650,864.19,53.8
41,448,0.0000,43.9169,864.19,53.8
41,448,0.0000,43.9169,864.19,53.8
41,448,0.0000,42.9409,864.19,53.8
41,448,0.0000,42.9409,864.19,53.8
41,448,0.0000,41.9650,864.19,53.8
41,448,0.0000,43.9169,864.19,53.8
41,256,0.0000,42.9409,866.48,52.7
41,256,0.4902,43.9169,866.48,52.7
41,256,0.0000,41.9650,866.48,52.7
41,256,0.4902,39.0372,866.48,52.7
41,256,0.9804,43.9169,866.48,52.7
41,256,0.0000,39.0372,866.48,52.7
41,256,0.0000,40.9891,866.48,52.7
41,256,0.0000,39.0372,866.48,52.7
41,256,0.4902,43.9169,866.48,52.7
41,256,0.9804,40.9891,866.48,52.7
41,128,0.0000,40.0131,868.78,53.8
41,128,0.0000,40.0131,868.78,53.8
41,128,0.0000,38.0613,868.78,53.8
41,128,0.0000,40.0131,868.78,53.8
41,128,0.0000,40.0131,868.78,53.8
41,128,0.0000,40.0131,868.78,53.8
41,128,0.0000,38.0613,868.78,53.8
41,128,0.0000,40.9891,868.78,53.8
41,128,0.0000,40.0131,868.78,53.8
41,128,0.0000,40.0131,868.78,53.8
42,192,0.0000,39.0372,871.08,53.8
42,192,0.0000,41.9650,871.08,53.8
42,192,0.0000,46.8446,871.08,53.8
42,192,0.0000,40.9891,871.08,53.8
42,192,0.0000,40.9891,871.08,53.8
42,192,0.0000,40.0131,871.08,53.8
42,192,0.0000,40.0131,871.08,53.8
42,192,0.0000,40.9891,871.08,53.8
42,192,0.0000,46.8446,871.08,53.8
42,192,0.0000,40.9891,871.08,53.8
42,128,0.0000,40.9891,873.47,53.8
42,128,0.0000,40.0131,873.47,53.8
42,128,0.0000,40.9891,873.47,53.8
42,128,0.0000,40.9891,873.47,53.8
42,128,0.0000,38.0613,873.47,53.8
42,128,0.0000,38.0613,873.47,53.8
42,128,0.0000,39.0372,873.47,53.8
42,128,0.0000,39.0372,873.47,53.8
42,128,0.0000,37.0853,873.47,53.8
42,128,0.0000,40.9891,873.47,53.8
42,512,0.0000,42.9409,875.66,52.1
42,512,0.0000,44.8928,875.66,52.1
42,512,0.0000,44.8928,875.66,52.1
42,512,0.0000,45.8687,875.66,52.1
42,512,0.0000,44.8928,875.66,52.1
42,512,0.0000,43.9169,875.66,52.1
42,512,0.0000,40.9891,875.66,52.1
42,512,0.0000,40.0131,875.66,52.1
42,512,0.0000,52.7002,875.66,52.1
42,512,0.0000,48.7965,875.66,52.1
42,64,0.0000,42.9409,877.96,53.2
42,64,0.0000,40.9891,877.96,53.2
42,64,0.0000,40.0131,877.96,53.2
42,64,0.0000,38.0613,877.96,53.2
42,64,0.0000,37.0853,877.96,53.2
42,64,0.0000,37.0853,877.96,53.2
42,64,0.0000,40.9891,877.96,53.2
42,64,0.0000,35.1335,877.96,53.2
42,64,0.0000,41.9650,877.96,53.2
42,64,0.0000,38.0613,877.96,53.2
42,384,0.0000,41.9650,880.25,52.1
42,384,0.0000,40.9891,880.25,52.1
42,384,0.0000,40.9891,880.25,52.1
42,384,0.0000,42.9409,880.25,52.1
42,384,0.0000,43.9169,880.25,52.1
42,384,0.0000,42.9409,880.25,52.1
42,384,0.0000,45.8687,880.25,52.1
42,384,0.0000,45.8687,880.25,52.1
42,384,0.0000,40.9891,880.25,52.1
42,384,0.0000,42.9409,880.25,52.1
42,256,0.0000,40.9891,882.54,52.7
42,256,0.0000,40.9891,882.54,52.7
42,256,0.0000,41.9650,882.54,52.7
42,256,0.0000,39.0372,882.54,52.7
42,256,0.0000,41.9650,882.54,52.7
42,256,0.4902,41.9650,882.54,52.7
42,256,0.9804,45.8687,882.54,52.7
42,256,0.0000,41.9650,882.54,52.7
42,256,0.0000,40.9891,882.54,52.7
42,256,0.0000,41.9650,882.54,52.7
42,320,0.0000,40.9891,884.84,52.7
42,320,0.0000,40.9891,884.84,52.7
42,320,0.0000,42.9409,884.84,52.7
42,320,0.0000,40.9891,884.84,52.7
42,320,0.0000,40.0131,884.84,52.7
42,320,1.4706,46.8446,884.84,52.7
42,320,0.0000,42.9409,884.84,52.7
42,320,0.0000,43.9169,884.84,52.7
42,320,0.0000,41.9650,884.84,52.7
42,320,0.0000,40.9891,884.84,52.7
42,0,0.0000,37.0853,887.13,53.2
42,0,0.0000,34.1576,887.13,53.2
42,0,0.0000,39.0372,887.13,53.2
42,0,0.0000,36.1094,887.13,53.2
42,0,0.0000,41.9650,887.13,53.2
42,0,0.0000,37.0853,887.13,53.2
42,0,0.0000,40.0131,887.13,53.2
42,0,0.0000,39.0372,887.13,53.2
42,0,0.0000,38.0613,887.13,53.2
42,0,0.0000,36.1094,887.13,53.2
42,448,0.0000,43.9169,889.43,52.7
42,448,0.0000,43.9169,889.43,52.7
42,448,0.0000,44.8928,889.43,52.7
42,448,0.0000,40.9891,889.43,52.7
42,448,0.0000,45.8687,889.43,52.7
42,448,0.0000,41.9650,889.43,52.7
42,448,0.0000,41.9650,889.43,52.7
42,448,0.0000,42.9409,889.43,52.7
42,448,0.0000,42.9409,889.43,52.7
42,448,0.0000,42.9409,889.43,52.7
43,512,0.0000,43.9169,891.73,53.8
43,512,0.0000,40.9891,891.73,53.8
43,512,0.0000,45.8687,891.73,53.8
43,512,0.0000,43.9169,891.73,53.8
43,512,0.0000,42.9409,891.73,53.8
43,512,0.0000,43.9169,891.73,53.8
43,512,0.0000,41.9650,891.73,53.8
43,512,0.0000,43.9169,891.73,53.8
43,512,0.0000,44.8928,891.73,53.8
43,512,0.0000,41.9650,891.73,53.8
43,384,0.0000,43.9169,894.12,54.3
43,384,0.0000,43.9169,894.12,54.3
43,384,0.0000,43.9169,894.12,54.3
43,384,0.0000,40.9891,894.12,54.3
43,384,0.0000,39.0372,894.12,54.3
43,384,0.0000,40.9891,894.12,54.3
43,384,0.0000,50.7484,894.12,54.3
43,384,0.0000,41.9650,894.12,54.3
43,384,0.0000,43.9169,894.12,54.3
43,384,0.0000,42.9409,894.12,54.3
43,320,0.0000,40.0131,896.32,51.6
43,320,0.0000,42.9409,896.32,51.6
43,320,0.0000,41.9650,896.32,51.6
43,320,0.0000,43.9169,896.32,51.6
43,320,0.4902,43.9169,896.32,51.6
43,320,0.4902,41.9650,896.32,51.6
43,320,0.0000,41.9650,896.32,51.6
43,320,0.0000,40.0131,896.32,51.6
43,320,0.0000,40.0131,896.32,51.6
43,320,0.4902,47.8206,896.32,51.6
43,192,0.0000,46.8446,898.62,53.8
43,192,0.0000,38.0613,898.62,53.8
43,192,0.0000,39.0372,898.62,53.8
43,192,0.0000,40.9891,898.62,53.8
43,192,0.0000,40.9891,898.62,53.8
43,192,0.0000,39.0372,898.62,53.8
43,192,0.0000,40.0131,898.62,53.8
43,192,0.0000,39.0372,898.62,53.8
43,192,0.0000,43.9169,898.62,53.8
43,192,0.0000,40.9891,898.62,53.8
43,0,0.0000,38.0613,900.91,52.1
43,0,0.0000,40.0131,900.91,52.1
43,0,0.0000,34.1576,900.91,52.1
43,0,0.0000,40.0131,900.91,52.1
43,0,0.0000,37.0853,900.91,52.1
43,0,0.0000,39.0372,900.91,52.1
43,0,0.0000,37.0853,900.91,52.1
43,0,0.0000,37.0853,900.91,52.1
43,0,0.0000,37.0853,900.91,52.1
43,0,0.0000,38.0613,900.91,52.1
43,128,0.0000,40.9891,903.21,53.2
43,128,0.0000,40.9891,903.21,53.2
43,128,0.0000,40.9891,903.21,53.2
43,128,0.0000,40.0131,903.21,53.2
43,128,0.0000,38.0613,903.21,53.2
43,128,0.0000,33.1816,903.21,53.2
43,128,0.0000,43.9169,903.21,53.2
43,128,0.0000,37.0853,903.21,53.2
43,128,0.0000,40.0131,903.21,53.2
43,128,0.0000,37.0853,903.21,53.2
43,64,0.0000,39.0372,905.50,52.7
43,64,0.0000,39.0372,905.50,52.7
43,64,0.0000,40.9891,905.50,52.7
43,64,0.0000,38.0613,905.50,52.7
43,64,0.0000,38.0613,905.50,52.7
43,64,0.0000,38.0613,905.50,52.7
43,64,0.0000,39.0372,905.50,52.7
43,64,0.0000,40.0131,905.50,52.7
43,64,0.0000,39.0372,905.50,52.7
43,64,0.0000,37.0853,905.50,52.7
43,256,0.9804,44.8928,907.80,52.7
43,256,0.0000,41.9650,907.80,52.7
43,256,0.0000,40.0131,907.80,52.7
43,256,0.0000,40.9891,907.80,52.7
43,256,0.9804,45.8687,907.80,52.7
43,256,0.4902,43.9169,907.80,52.7
43,256,0.9804,39.0372,907.80,52.7
43,256,0.0000,40.9891,907.80,52.7
43,256,0.0000,40.9891,907.80,52.7
43,256,0.4902,40.0131,907.80,52.7
43,448,0.0000,41.9650,910.10,53.8
43,448,0.0000,43.9169,910.10,53.8
43,448,0.0000,43.9169,910.10,53.8
43,448,0.0000,52.7002,910.10,53.8
43,448,0.4902,41.9650,910.10,53.8
43,448,0.0000,43.9169,910.10,53.8
43,448,0.0000,40.9891,910.10,53.8
43,448,0.0000,41.9650,910.10,53.8
43,448,0.0000,43.9169,910.10,53.8
43,448,0.0000,43.9169,910.10,53.8
44,384,0.0000,41.9650,912.39,52.7
44,384,0.0000,42.9409,912.39,52.7
44,384,1.4706,49.7724,912.39,52.7
44,384,0.0000,42.9409,912.39,52.7
44,384,0.0000,43.9169,912.39,52.7
44,384,0.0000,43.9169,912.39,52.7
44,384,0.0000,42.9409,912.39,52.7
44,384,0.0000,41.9650,912.39,52.7
44,384,0.0000,42.9409,912.39,52.7
44,384,0.0000,42.9409,912.39,52.7
44,448,0.0000,43.9169,914.79,53.2
44,448,0.0000,44.8928,914.79,53.2
44,448,0.0000,44.8928,914.79,53.2
44,448,0.0000,43.9169,914.79,53.2
44,448,0.0000,41.9650,914.79,53.2
44,448,0.0000,40.0131,914.79,53.2
44,448,0.0000,41.9650,914.79,53.2
44,448,0.0000,42.9409,914.79,53.2
44,448,0.0000,42.9409,914.79,53.2
44,448,0.0000,43.9169,914.79,53.2
44,192,0.0000,40.0131,916.98,53.8
44,192,0.0000,41.9650,916.98,53.8
44,192,0.0000,41.9650,916.98,53.8
44,192,0.0000,40.0131,916.98,53.8
44,192,0.0000,40.0131,916.98,53.8
44,192,0.0000,40.0131,916.98,53.8
44,192,0.0000,41.9650,916.98,53.8
44,192,0.0000,39.0372,916.98,53.8
44,192,0.0000,40.9891,916.98,53.8
44,192,0.0000,40.0131,916.98,53.8
44,256,0.0000,41.9650,919.28,53.2
44,256,0.4902,40.0131,919.28,53.2
44,256,0.0000,43.9169,919.28,53.2
44,256,0.0000,38.0613,919.28,53.2
44,256,0.0000,43.9169,919.28,53.2
44,256,0.9804,41.9650,919.28,53.2
44,256,0.0000,39.0372,919.28,53.2
44,256,0.0000,40.0131,919.28,53.2
44,256,0.0000,40.9891,919.28,53.2
44,256,0.0000,40.0131,919.28,53.2
44,320,0.4902,42.9409,921.58,52.7
44,320,0.0000,40.9891,921.58,52.7
44,320,0.0000,43.9169,921.58,52.7
44,320,0.4902,42.9409,921.58,52.7
44,320,0.0000,41.9650,921.58,52.7
44,320,0.0000,39.0372,921.58,52.7
44,320,0.0000,42.9409,921.58,52.7
44,320,0.0000,43.9169,921.58,52.7
44,320,0.0000,42.9409,921.58,52.7
44,320,0.0000,42.9409,921.58,52.7
44,512,0.0000,43.9169,923.87,53.8
44,512,0.0000,40.9891,923.87,53.8
44,512,0.0000,43.9169,923.87,53.8
44,512,0.0000,45.8687,923.87,53.8
44,512,0.0000,43.9169,923.87,53.8
44,512,0.0000,42.9409,923.87,53.8
44,512,0.0000,44.8928,923.87,53.8
44,512,0.0000,41.9650,923.87,53.8
44,512,0.0000,42.9409,923.87,53.8
44,512,0.0000,44.8928,923.87,53.8
44,64,0.0000,42.9409,926.17,52.7
44,64,0.0000,39.0372,926.17,52.7
44,64,0.0000,36.1094,926.17,52.7
44,64,0.0000,38.0613,926.17,52.7
44,64,0.0000,40.0131,926.17,52.7
44,64,0.0000,38.0613,926.17,52.7
44,64,0.0000,37.0853,926.17,52.7
44,64,0.0000,40.0131,926.17,52.7
44,64,0.0000,36.1094,926.17,52.7
44,64,0.0000,38.0613,926.17,52.7
44,128,0.0000,39.0372,928.46,53.2
44,128,0.0000,40.9891,928.46,53.2
44,128,0.0000,40.0131,928.46,53.2
44,128,0.0000,39.0372,928.46,53.2
44,128,0.0000,39.0372,928.46,53.2
44,128,0.0000,40.0131,928.46,53.2
44,128,0.0000,39.0372,928.46,53.2
44,128,0.0000,39.0372,928.46,53.2
44,128,0.0000,40.9891,928.46,53.2
44,128,0.0000,40.9891,928.46,53.2
44,0,0.0000,38.0613,930.76,53.2
44,0,0.0000,36.1094,930.76,53.2
44,0,0.0000,40.0131,930.76,53.2
44,0,0.0000,38.0613,930.76,53.2
44,0,0.0000,36.1094,930.76,53.2
44,0,0.0000,38.0613,930.76,53.2
44,0,0.0000,37.0853,930.76,53.2
44,0,0.0000,38.0613,930.76,53.2
44,0,0.0000,38.0613,930.76,53.2
44,0,0.0000,37.0853,930.76,53.2
45,128,0.0000,43.9169,933.18,54.3
45,128,0.0000,38.0613,933.18,54.3
45,128,0.0000,38.0613,933.18,54.3
45,128,0.0000,36.1094,933.18,54.3
45,128,4.4118,93.6893,933.18,54.3
45,128,0.0000,37.0853,933.18,54.3
45,128,0.0000,38.0613,933.18,54.3
45,128,17.6472,93.6893,933.18,54.3
45,128,0.0000,41.9650,933.18,54.3
45,128,0.0000,40.0131,933.18,54.3
45,128,0.0000,38.0613,933.18,54.3
45,320,0.0000,42.9409,935.48,52.7
45,320,0.0000,40.9891,935.48,52.7
45,320,0.0000,40.9891,935.48,52.7
45,320,0.0000,40.0131,935.48,52.7
45,320,0.0000,43.9169,935.48,52.7
45,320,0.0000,42.9409,935.48,52.7
45,320,0.0000,41.9650,935.48,52.7
45,320,0.4902,42.9409,935.48,52.7
45,320,0.0000,42.9409,935.48,52.7
45,320,0.0000,40.9891,935.48,52.7
45,384,0.0000,41.9650,937.78,53.8
45,384,0.0000,41.9650,937.78,53.8
45,384,0.0000,44.8928,937.78,53.8
45,384,0.0000,41.9650,937.78,53.8
45,384,0.0000,43.9169,937.78,53.8
45,384,0.0000,46.8446,937.78,53.8
45,384,0.0000,43.9169,937.78,53.8
45,384,0.0000,42.9409,937.78,53.8
45,384,0.0000,40.9891,937.78,53.8
45,384,0.0000,43.9169,937.78,53.8
45,192,0.0000,40.9891,940.07,53.8
45,192,0.0000,38.0613,940.07,53.8
45,192,0.0000,41.9650,940.07,53.8
45,192,0.0000,39.0372,940.07,53.8
45,192,0.0000,40.9891,940.07,53.8
45,192,0.0000,40.0131,940.07,53.8
45,192,0.0000,41.9650,940.07,53.8
45,192,0.0000,45.8687,940.07,53.8
45,192,0.0000,39.0372,940.07,53.8
45,192,0.0000,39.0372,940.07,53.8
45,0,0.0000,37.0853,942.37,53.8
45,0,0.0000,35.1335,942.37,53.8
45,0,0.0000,36.1094,942.37,53.8
45,0,0.0000,34.1576,942.37,53.8
45,0,0.0000,37.0853,942.37,53.8
45,0,0.0000,36.1094,942.37,53.8
45,0,0.0000,40.9891,942.37,53.8
45,0,0.0000,37.0853,942.37,53.8
45,0,0.0000,36.1094,942.37,53.8
45,0,0.0000,38.0613,942.37,53.8
45,448,0.0000,42.9409,944.66,54.3
45,448,0.0000,43.9169,944.66,54.3
45,448,0.0000,40.0131,944.66,54.3
45,448,0.0000,42.9409,944.66,54.3
45,448,0.0000,42.9409,944.66,54.3
45,448,0.0000,48.7965,944.66,54.3
45,448,0.0000,42.9409,944.66,54.3
45,448,0.0000,42.9409,944.66,54.3
45,448,0.0000,42.9409,944.66,54.3
45,448,0.0000,42.9409,944.66,54.3
45,512,0.0000,42.9409,946.96,54.3
45,512,0.0000,44.8928,946.96,54.3
45,512,0.0000,43.9169,946.96,54.3
45,512,0.0000,43.9169,946.96,54.3
45,512,0.0000,43.9169,946.96,54.3
45,512,0.0000,44.8928,946.96,54.3
45,512,0.0000,42.9409,946.96,54.3
45,512,0.0000,43.9169,946.96,54.3
45,512,0.0000,44.8928,946.96,54.3
45,512,0.0000,46.8446,946.96,54.3
45,256,0.0000,39.0372,949.26,53.8
45,256,0.0000,41.9650,949.26,53.8
45,256,0.0000,40.0131,949.26,53.8
45,256,0.0000,41.9650,949.26,53.8
45,256,0.0000,41.9650,949.26,53.8
45,256,0.0000,38.0613,949.26,53.8
45,256,0.9804,40.9891,949.26,53.8
45,256,0.0000,40.9891,949.26,53.8
45,256,0.0000,41.9650,949.26,53.8
45,256,0.0000,41.9650,949.26,53.8
45,64,0.0000,39.0372,951.55,53.8
45,64,0.0000,39.0372,951.55,53.8
45,64,0.0000,43.9169,951.55,53.8
45,64,0.0000,38.0613,951.55,53.8
45,64,0.0000,39.0372,951.55,53.8
45,64,0.0000,37.0853,951.55,53.8
45,64,0.0000,39.0372,951.55,53.8
45,64,0.0000,40.0131,951.55,53.8
45,64,0.0000,39.0372,951.55,53.8
45,64,0.0000,38.0613,951.55,53.8
46,192,0.0000,40.9891,953.95,52.7
46,192,0.0000,41.9650,953.95,52.7
46,192,0.0000,43.9169,953.95,52.7
46,192,1.4706,42.9409,953.95,52.7
46,192,0.0000,39.0372,953.95,52.7
46,192,0.0000,40.9891,953.95,52.7
46,192,0.0000,40.0131,953.95,52.7
46,192,0.0000,42.9409,953.95,52.7
46,192,0.0000,38.0613,953.95,52.7
46,192,0.0000,40.0131,953.95,52.7
46,128,0.0000,37.0853,956.14,54.3
46,128,0.0000,37.0853,956.14,54.3
46,128,0.0000,38.0613,956.14,54.3
46,128,0.0000,36.1094,956.14,54.3
46,128,0.0000,40.0131,956.14,54.3
46,128,0.0000,36.1094,956.14,54.3
46,128,0.0000,37.0853,956.14,54.3
46,128,0.0000,40.9891,956.14,54.3
46,128,0.0000,40.9891,956.14,54.3
46,128,0.0000,42.9409,956.14,54.3
46,256,0.0000,40.9891,958.44,53.8
46,256,0.4902,40.9891,958.44,53.8
46,256,0.0000,42.9409,958.44,53.8
46,256,0.4902,41.9650,958.44,53.8
46,256,0.0000,40.0131,958.44,53.8
46,256,0.9804,40.0131,958.44,53.8
46,256,0.0000,41.9650,958.44,53.8
46,256,0.4902,40.0131,958.44,53.8
46,256,0.0000,41.9650,958.44,53.8
46,256,0.0000,42.9409,958.44,53.8
46,0,0.0000,39.0372,960.74,52.7
46,0,0.0000,37.0853,960.74,52.7
46,0,0.0000,37.0853,960.74,52.7
46,0,0.0000,38.0613,960.74,52.7
46,0,0.0000,37.0853,960.74,52.7
46,0,0.0000,39.0372,960.74,52.7
46,0,0.0000,38.0613,960.74,52.7
46,0,0.0000,39.0372,960.74,52.7
46,0,0.0000,36.1094,960.74,52.7
46,0,0.0000,38.0613,960.74,52.7
46,384,0.0000,41.9650,963.03,53.8
46,384,0.0000,42.9409,963.03,53.8
46,384,0.0000,41.9650,963.03,53.8
46,384,0.0000,42.9409,963.03,53.8
46,384,0.0000,43.9169,963.03,53.8
46,384,0.0000,43.9169,963.03,53.8
46,384,0.0000,41.9650,963.03,53.8
46,384,0.0000,41.9650,963.03,53.8
46,384,0.0000,44.8928,963.03,53.8
46,384,0.0000,42.9409,963.03,53.8
46,448,0.0000,44.8928,965.33,53.2
46,448,0.0000,42.9409,965.33,53.2
46,448,0.0000,41.9650,965.33,53.2
46,448,0.0000,42.9409,965.33,53.2
46,448,0.0000,45.8687,965.33,53.2
46,448,0.0000,44.8928,965.33,53.2
46,448,0.0000,42.9409,965.33,53.2
46,448,0.0000,43.9169,965.33,53.2
46,448,0.0000,43.9169,965.33,53.2
46,448,0.0000,41.9650,965.33,53.2
46,512,0.0000,43.9169,967.62,53.8
46,512,0.0000,45.8687,967.62,53.8
46,512,0.0000,44.8928,967.62,53.8
46,512,0.0000,41.9650,967.62,53.8
46,512,0.0000,45.8687,967.62,53.8
46,512,0.0000,42.9409,967.62,53.8
46,512,0.0000,41.9650,967.62,53.8
46,512,0.0000,46.8446,967.62,53.8
46,512,0.0000,50.7484,967.62,53.8
46,512,0.0000,43.9169,967.62,53.8
46,64,0.0000,40.0131,969.92,53.8
46,64,0.0000,38.0613,969.92,53.8
46,64,0.0000,38.0613,969.92,53.8
46,64,0.0000,41.9650,969.92,53.8
46,64,0.0000,38.0613,969.92,53.8
46,64,0.0000,40.0131,969.92,53.8
46,64,0.0000,36.1094,969.92,53.8
46,64,0.0000,38.0613,969.92,53.8
46,64,0.0000,39.0372,969.92,53.8
46,64,0.0000,38.0613,969.92,53.8
46,320,0.0000,40.0131,972.22,53.8
46,320,0.0000,42.9409,972.22,53.8
46,320,0.0000,40.9891,972.22,53.8
46,320,0.4902,41.9650,972.22,53.8
46,320,0.0000,42.9409,972.22,53.8
46,320,0.0000,40.9891,972.22,53.8
46,320,0.0000,43.9169,972.22,53.8
46,320,0.0000,40.9891,972.22,53.8
46,320,0.0000,46.8446,972.22,53.8
46,320,0.0000,41.9650,972.22,53.8
47,256,0.9804,41.9650,974.62,52.7
47,256,0.0000,41.9650,974.62,52.7
47,256,0.0000,40.0131,974.62,52.7
47,256,1.4706,41.9650,974.62,52.7
47,256,0.4902,41.9650,974.62,52.7
47,256,0.0000,41.9650,974.62,52.7
47,256,0.0000,40.9891,974.62,52.7
47,256,0.0000,39.0372,974.62,52.7
47,256,0.0000,41.9650,974.62,52.7
47,256,0.9804,40.9891,974.62,52.7
47,384,0.0000,42.9409,976.81,53.2
47,384,0.0000,42.9409,976.81,53.2
47,384,0.0000,43.9169,976.81,53.2
47,384,0.0000,42.9409,976.81,53.2
47,384,0.0000,41.9650,976.81,53.2
47,384,0.0000,43.9169,976.81,53.2
47,384,0.0000,40.9891,976.81,53.2
47,384,0.0000,42.9409,976.81,53.2
47,384,0.0000,41.9650,976.81,53.2
47,384,0.0000,42.9409,976.81,53.2
47,64,0.0000,37.0853,979.11,53.8
47,64,0.0000,38.0613,979.11,53.8
47,64,0.0000,38.0613,979.11,53.8
47,64,0.0000,37.0853,979.11,53.8
47,64,0.0000,40.0131,979.11,53.8
47,64,0.0000,39.0372,979.11,53.8
47,64,0.0000,38.0613,979.11,53.8
47,64,0.0000,40.0131,979.11,53.8
47,64,0.0000,38.0613,979.11,53.8
47,64,0.0000,37.0853,979.11,53.8
47,192,0.0000,39.0372,981.40,52.7
47,192,0.0000,38.0613,981.40,52.7
47,192,0.0000,41.9650,981.40,52.7
47,192,0.0000,41.9650,981.40,52.7
47,192,0.0000,39.0372,981.40,52.7
47,192,0.0000,40.0131,981.40,52.7
47,192,0.0000,40.0131,981.40,52.7
47,192,0.0000,38.0613,981.40,52.7
47,192,0.0000,41.9650,981.40,52.7
47,192,0.0000,40.0131,981.40,52.7
47,128,0.0000,39.0372,983.70,53.8
47,128,0.0000,38.0613,983.70,53.8
47,128,0.0000,37.0853,983.70,53.8
47,128,0.0000,40.9891,983.70,53.8
47,128,0.0000,40.9891,983.70,53.8
47,128,0.0000,40.0131,983.70,53.8
47,128,0.0000,44.8928,983.70,53.8
47,128,0.0000,40.0131,983.70,53.8
47,128,0.0000,39.0372,983.70,53.8
47,128,0.0000,40.0131,983.70,53.8
47,0,0.0000,39.0372,985.99,54.3
47,0,0.0000,38.0613,985.99,54.3
47,0,0.0000,36.1094,985.99,54.3
47,0,0.0000,36.1094,985.99,54.3
47,0,0.0000,38.0613,985.99,54.3
47,0,0.0000,42.9409,985.99,54.3
47,0,0.0000,38.0613,985.99,54.3
47,0,0.0000,40.9891,985.99,54.3
47,0,0.0000,35.1335,985.99,54.3
47,0,0.0000,37.0853,985.99,54.3
47,320,0.9804,41.9650,988.28,52.7
47,320,0.0000,43.9169,988.28,52.7
47,320,0.0000,40.0131,988.28,52.7
47,320,0.0000,43.9169,988.28,52.7
47,320,0.0000,41.9650,988.28,52.7
47,320,0.0000,43.9169,988.28,52.7
47,320,0.0000,42.9409,988.28,52.7
47,320,0.0000,41.9650,988.28,52.7
47,320,0.4902,41.9650,988.28,52.7
47,320,0.9804,42.9409,988.28,52.7
47,448,0.0000,42.9409,990.58,52.7
47,448,0.0000,40.9891,990.58,52.7
47,448,0.0000,42.9409,990.58,52.7
47,448,0.0000,42.9409,990.58,52.7
47,448,0.0000,41.9650,990.58,52.7
47,448,0.0000,45.8687,990.58,52.7
47,448,0.0000,42.9409,990.58,52.7
47,448,0.0000,42.9409,990.58,52.7
47,448,0.0000,43.9169,990.58,52.7
47,448,0.0000,42.9409,990.58,52.7
47,512,0.0000,41.9650,992.88,53.8
47,512,0.0000,43.9169,992.88,53.8
47,512,0.0000,44.8928,992.88,53.8
47,512,0.0000,42.9409,992.88,53.8
47,512,0.0000,52.7002,992.88,53.8
47,512,0.0000,40.9891,992.88,53.8
47,512,0.0000,42.9409,992.88,53.8
47,512,0.0000,43.9169,992.88,53.8
47,512,0.0000,42.9409,992.88,53.8
47,512,0.0000,42.9409,992.88,53.8
48,512,0.0000,45.8687,995.27,52.7
48,512,0.0000,45.8687,995.27,52.7
48,512,0.0000,44.8928,995.27,52.7
48,512,0.0000,43.9169,995.27,52.7
48,512,0.0000,44.8928,995.27,52.7
48,512,0.0000,41.9650,995.27,52.7
48,512,0.0000,41.9650,995.27,52.7
48,512,0.0000,43.9169,995.27,52.7
48,512,0.0000,43.9169,995.27,52.7
48,512,0.0000,42.9409,995.27,52.7
48,128,0.0000,41.9650,997.47,54.3
48,128,0.0000,38.0613,997.47,54.3
48,128,0.0000,38.0613,997.47,54.3
48,128,0.0000,40.9891,997.47,54.3
48,128,0.0000,41.9650,997.47,54.3
48,128,0.0000,37.0853,997.47,54.3
48,128,0.0000,39.0372,997.47,54.3
48,128,0.0000,38.0613,997.47,54.3
48,128,0.0000,37.0853,997.47,54.3
48,128,0.0000,40.0131,997.47,54.3
48,192,0.0000,40.9891,999.76,52.7
48,192,0.0000,41.9650,999.76,52.7
48,192,0.0000,37.0853,999.76,52.7
48,192,0.0000,40.9891,999.76,52.7
48,192,0.0000,38.0613,999.76,52.7
48,192,0.0000,39.0372,999.76,52.7
48,192,0.0000,38.0613,999.76,52.7
48,192,0.0000,40.9891,999.76,52.7
48,192,0.0000,41.9650,999.76,52.7
48,192,0.0000,39.0372,999.76,52.7
48,0,0.0000,35.1335,1002.06,52.7
48,0,0.0000,35.1335,1002.06,52.7
48,0,0.0000,36.1094,1002.06,52.7
48,0,0.0000,37.0853,1002.06,52.7
48,0,0.0000,38.0613,1002.06,52.7
48,0,0.0000,37.0853,1002.06,52.7
48,0,0.0000,40.9891,1002.06,52.7
48,0,0.0000,39.0372,1002.06,52.7
48,0,0.0000,37.0853,1002.06,52.7
48,0,0.0000,35.1335,1002.06,52.7
48,448,0.0000,40.0131,1004.36,54.3
48,448,0.0000,40.9891,1004.36,54.3
48,448,0.0000,44.8928,1004.36,54.3
48,448,0.0000,40.9891,1004.36,54.3
48,448,0.0000,43.9169,1004.36,54.3
48,448,0.0000,43.9169,1004.36,54.3
48,448,0.0000,51.7243,1004.36,54.3
48,448,0.0000,42.9409,1004.36,54.3
48,448,0.0000,44.8928,1004.36,54.3
48,448,0.0000,44.8928,1004.36,54.3
48,320,0.0000,40.0131,1006.65,53.8
48,320,0.0000,43.9169,1006.65,53.8
48,320,0.0000,41.9650,1006.65,53.8
48,320,0.0000,43.9169,1006.65,53.8
48,320,0.0000,42.9409,1006.65,53.8
48,320,1.4706,40.9891,1006.65,53.8
48,320,0.0000,41.9650,1006.65,53.8
48,320,0.0000,42.9409,1006.65,53.8
48,320,0.0000,42.9409,1006.65,53.8
48,320,0.0000,40.9891,1006.65,53.8
48,64,0.0000,40.9891,1008.95,54.3
48,64,0.0000,38.0613,1008.95,54.3
48,64,0.0000,39.0372,1008.95,54.3
48,64,0.0000,37.0853,1008.95,54.3
48,64,0.0000,37.0853,1008.95,54.3
48,64,0.0000,37.0853,1008.95,54.3
48,64,0.0000,38.0613,1008.95,54.3
48,64,0.0000,37.0853,1008.95,54.3
48,64,0.0000,38.0613,1008.95,54.3
48,64,0.0000,38.0613,1008.95,54.3
48,256,1.4706,41.9650,1011.24,53.8
48,256,0.4902,38.0613,1011.24,53.8
48,256,0.0000,42.9409,1011.24,53.8
48,256,0.0000,40.9891,1011.24,53.8
48,256,0.0000,39.0372,1011.24,53.8
48,256,0.0000,40.0131,1011.24,53.8
48,256,0.0000,40.9891,1011.24,53.8
48,256,0.0000,40.9891,1011.24,53.8
48,256,0.0000,42.9409,1011.24,53.8
48,256,0.0000,40.9891,1011.24,53.8
48,384,0.0000,49.7724,1013.54,53.2
48,384,0.0000,47.8206,1013.54,53.2
48,384,0.0000,40.9891,1013.54,53.2
48,384,0.0000,41.9650,1013.54,53.2
48,384,0.0000,42.9409,1013.54,53.2
48,384,0.0000,42.9409,1013.54,53.2
48,384,0.0000,42.9409,1013.54,53.2
48,384,0.0000,43.9169,1013.54,53.2
48,384,0.0000,40.0131,1013.54,53.2
48,384,0.0000,43.9169,1013.54,53.2
49,256,0.0000,40.9891,1015.94,53.8
49,256,0.0000,40.9891,1015.94,53.8
49,256,0.4902,39.0372,1015.94,53.8
49,256,0.0000,40.9891,1015.94,53.8
49,256,0.0000,40.9891,1015.94,53.8
49,256,0.0000,40.9891,1015.94,53.8
49,256,0.0000,41.9650,1015.94,53.8
49,256,0.0000,41.9650,1015.94,53.8
49,256,0.0000,40.9891,1015.94,53.8
49,256,0.0000,40.0131,1015.94,53.8
49,64,0.0000,38.0613,1018.13,53.2
49,64,0.0000,40.9891,1018.13,53.2
49,64,0.0000,42.9409,1018.13,53.2
49,64,0.0000,39.0372,1018.13,53.2
49,64,0.0000,39.0372,1018.13,53.2
49,64,0.0000,38.0613,1018.13,53.2
49,64,0.0000,38.0613,1018.13,53.2
49,64,0.0000,37.0853,1018.13,53.2
49,64,0.0000,38.0613,1018.13,53.2
49,64,0.0000,40.9891,1018.13,53.2
49,320,1.4706,42.9409,1020.43,54.3
49,320,0.0000,41.9650,1020.43,54.3
49,320,0.0000,41.9650,1020.43,54.3
49,320,1.4706,40.9891,1020.43,54.3
49,320,0.0000,50.7484,1020.43,54.3
49,320,0.0000,43.9169,1020.43,54.3
49,320,0.0000,42.9409,1020.43,54.3
49,320,0.0000,41.9650,1020.43,54.3
49,320,0.0000,37.0853,1020.43,54.3
49,320,0.0000,41.9650,1020.43,54.3
49,0,0.0000,36.1094,1022.72,54.3
49,0,0.0000,39.0372,1022.72,54.3
49,0,0.0000,39.0372,1022.72,54.3
49,0,0.0000,36.1094,1022.72,54.3
49,0,0.0000,36.1094,1022.72,54.3
49,0,0.0000,35.1335,1022.72,54.3
49,0,0.0000,37.0853,1022.72,54.3
49,0,0.0000,38.0613,1022.72,54.3
49,0,0.0000,38.0613,1022.72,54.3
49,0,0.0000,39.0372,1022.72,54.3
49,384,0.0000,47.8206,1025.02,52.1
49,384,0.0000,42.9409,1025.02,52.1
49,384,0.0000,49.7724,1025.02,52.1
49,384,9.8040,117.1116,1025.02,52.1
49,384,0.0000,43.9169,1025.02,52.1
49,384,0.0000,40.9891,1025.02,52.1
49,384,0.0000,43.9169,1025.02,52.1
49,384,0.0000,41.9650,1025.02,52.1
49,384,0.0000,42.9409,1025.02,52.1
49,384,0.0000,42.9409,1025.02,52.1
49,448,0.0000,47.8206,1027.32,53.8
49,448,0.0000,41.9650,1027.32,53.8
49,448,0.0000,42.9409,1027.32,53.8
49,448,0.0000,41.9650,1027.32,53.8
49,448,0.0000,43.9169,1027.32,53.8
49,448,0.0000,43.9169,1027.32,53.8
49,448,0.0000,41.9650,1027.32,53.8
49,448,0.0000,43.9169,1027.32,53.8
49,448,0.0000,44.8928,1027.32,53.8
49,448,0.0000,42.9409,1027.32,53.8
49,192,0.4902,46.8446,1029.61,52.7
49,192,0.0000,41.9650,1029.61,52.7
49,192,0.0000,40.9891,1029.61,52.7
49,192,0.0000,43.9169,1029.61,52.7
49,192,0.0000,40.0131,1029.61,52.7
49,192,0.0000,41.9650,1029.61,52.7
49,192,0.0000,39.0372,1029.61,52.7
49,192,0.0000,42.9409,1029.61,52.7
49,192,0.0000,41.9650,1029.61,52.7
49,192,0.0000,42.9409,1029.61,52.7
49,512,0.0000,43.9169,1031.91,52.7
49,512,0.0000,44.8928,1031.91,52.7
49,512,0.0000,44.8928,1031.91,52.7
49,512,0.0000,49.7724,1031.91,52.7
49,512,0.0000,42.9409,1031.91,52.7
49,512,0.0000,43.9169,1031.91,52.7
49,512,0.0000,48.7965,1031.91,52.7
49,512,0.0000,43.9169,1031.91,52.7
49,512,0.0000,40.9891,1031.91,52.7
49,512,0.0000,40.9891,1031.91,52.7
49,128,0.0000,40.9891,1034.23,53.8
49,128,0.0000,38.0613,1034.23,53.8
49,128,0.0000,39.0372,1034.23,53.8
49,128,0.0000,38.0613,1034.23,53.8
49,128,0.0000,40.0131,1034.23,53.8
49,128,0.0000,40.9891,1034.23,53.8
49,128,0.0000,39.0372,1034.23,53.8
49,128,0.0000,38.0613,1034.23,53.8
49,128,0.0000,87.8337,1034.23,53.8
49,128,0.4902,85.8819,1034.23,53.8
49,128,0.0000,40.9891,1034.23,53.8
50,320,0.0000,40.9891,1036.63,53.8
50,320,0.0000,43.9169,1036.63,53.8
50,320,0.4902,41.9650,1036.63,53.8
50,320,0.0000,39.0372,1036.63,53.8
50,320,0.0000,40.0131,1036.63,53.8
50,320,1.4706,47.8206,1036.63,53.8
50,320,0.0000,40.9891,1036.63,53.8
50,320,0.9804,49.7724,1036.63,53.8
50,320,0.0000,43.9169,1036.63,53.8
50,320,0.0000,42.9409,1036.63,53.8
50,192,0.0000,40.9891,1038.82,54.3
50,192,0.0000,40.0131,1038.82,54.3
50,192,0.0000,39.0372,1038.82,54.3
50,192,0.0000,39.0372,1038.82,54.3
50,192,0.0000,40.9891,1038.82,54.3
50,192,0.0000,40.9891,1038.82,54.3
50,192,0.0000,43.9169,1038.82,54.3
50,192,0.0000,39.0372,1038.82,54.3
50,192,0.0000,39.0372,1038.82,54.3
50,192,0.0000,40.9891,1038.82,54.3
50,128,0.0000,37.0853,1041.12,53.8
50,128,0.0000,39.0372,1041.12,53.8
50,128,0.0000,39.0372,1041.12,53.8
50,128,0.0000,38.0613,1041.12,53.8
50,128,0.0000,40.9891,1041.12,53.8
50,128,0.0000,36.1094,1041.12,53.8
50,128,0.0000,39.0372,1041.12,53.8
50,128,0.0000,40.9891,1041.12,53.8
50,128,0.0000,38.0613,1041.12,53.8
50,128,0.0000,37.0853,1041.12,53.8
50,256,0.0000,40.9891,1043.42,54.3
50,256,0.4902,40.9891,1043.42,54.3
50,256,0.0000,41.9650,1043.42,54.3
50,256,0.0000,40.9891,1043.42,54.3
50,256,0.0000,37.0853,1043.42,54.3
50,256,0.4902,41.9650,1043.42,54.3
50,256,0.0000,42.9409,1043.42,54.3
50,256,1.9608,46.8446,1043.42,54.3
50,256,0.0000,39.0372,1043.42,54.3
50,256,0.0000,45.8687,1043.42,54.3
50,512,0.0000,44.8928,1045.71,53.2
50,512,0.0000,43.9169,1045.71,53.2
50,512,0.0000,42.9409,1045.71,53.2
50,512,0.0000,42.9409,1045.71,53.2
50,512,0.0000,42.9409,1045.71,53.2
50,512,0.0000,43.9169,1045.71,53.2
50,512,0.0000,43.9169,1045.71,53.2
50,512,0.0000,42.9409,1045.71,53.2
50,512,0.0000,44.8928,1045.71,53.2
50,512,0.0000,42.9409,1045.71,53.2
50,0,0.0000,38.0613,1048.01,54.3
50,0,0.0000,38.0613,1048.01,54.3
50,0,0.0000,37.0853,1048.01,54.3
50,0,0.0000,36.1094,1048.01,54.3
50,0,0.0000,36.1094,1048.01,54.3
50,0,0.0000,36.1094,1048.01,54.3
50,0,0.0000,40.0131,1048.01,54.3
50,0,0.0000,38.0613,1048.01,54.3
50,0,0.0000,39.0372,1048.01,54.3
50,0,0.0000,35.1335,1048.01,54.3
50,448,0.0000,43.9169,1050.30,52.7
50,448,0.0000,42.9409,1050.30,52.7
50,448,0.0000,42.9409,1050.30,52.7
50,448,0.0000,43.9169,1050.30,52.7
50,448,0.0000,45.8687,1050.30,52.7
50,448,0.0000,42.9409,1050.30,52.7
50,448,0.0000,43.9169,1050.30,52.7
50,448,0.0000,42.9409,1050.30,52.7
50,448,0.0000,43.9169,1050.30,52.7
50,448,0.0000,43.9169,1050.30,52.7
50,64,0.0000,37.0853,1052.60,53.8
50,64,0.0000,40.9891,1052.60,53.8
50,64,0.0000,38.0613,1052.60,53.8
50,64,0.0000,38.0613,1052.60,53.8
50,64,0.0000,40.0131,1052.60,53.8
50,64,0.0000,38.0613,1052.60,53.8
50,64,0.0000,37.0853,1052.60,53.8
50,64,0.0000,38.0613,1052.60,53.8
50,64,0.0000,38.0613,1052.60,53.8
50,64,0.0000,39.0372,1052.60,53.8
50,384,0.0000,49.7724,1054.90,52.7
50,384,0.0000,41.9650,1054.90,52.7
50,384,0.0000,42.9409,1054.90,52.7
50,384,0.0000,41.9650,1054.90,52.7
50,384,0.0000,41.9650,1054.90,52.7
50,384,0.0000,43.9169,1054.90,52.7
50,384,0.0000,49.7724,1054.90,52.7
50,384,0.0000,41.9650,1054.90,52.7
50,384,0.0000,40.9891,1054.90,52.7
50,384,0.0000,43.9169,1054.90,52.7
51,64,0.0000,40.0131,1057.29,53.8
51,64,0.0000,40.0131,1057.29,53.8
51,64,0.0000,40.9891,1057.29,53.8
51,64,0.0000,40.0131,1057.29,53.8
51,64,0.0000,39.0372,1057.29,53.8
51,64,0.0000,38.0613,1057.29,53.8
51,64,0.0000,38.0613,1057.29,53.8
51,64,0.0000,37.0853,1057.29,53.8
51,64,0.0000,38.0613,1057.29,53.8
51,64,0.0000,39.0372,1057.29,53.8
51,384,0.4902,51.7243,1059.49,53.8
51,384,0.0000,43.9169,1059.49,53.8
51,384,0.0000,41.9650,1059.49,53.8
51,384,0.0000,44.8928,1059.49,53.8
51,384,0.0000,42.9409,1059.49,53.8
51,384,0.0000,41.9650,1059.49,53.8
51,384,0.0000,41.9650,1059.49,53.8
51,384,0.0000,42.9409,1059.49,53.8
51,384,0.0000,42.9409,1059.49,53.8
51,384,0.0000,39.0372,1059.49,53.8
51,320,0.0000,40.0131,1061.78,54.3
51,320,0.4902,42.9409,1061.78,54.3
51,320,0.0000,41.9650,1061.78,54.3
51,320,0.0000,41.9650,1061.78,54.3
51,320,0.0000,42.9409,1061.78,54.3
51,320,1.4706,40.9891,1061.78,54.3
51,320,0.0000,42.9409,1061.78,54.3
51,320,0.0000,42.9409,1061.78,54.3
51,320,0.0000,41.9650,1061.78,54.3
51,320,0.0000,43.9169,1061.78,54.3
51,512,0.0000,49.7724,1064.08,54.3
51,512,0.0000,43.9169,1064.08,54.3
51,512,0.0000,43.9169,1064.08,54.3
51,512,0.0000,42.9409,1064.08,54.3
51,512,0.0000,42.9409,1064.08,54.3
51,512,0.0000,42.9409,1064.08,54.3
51,512,0.0000,42.9409,1064.08,54.3
51,512,0.0000,49.7724,1064.08,54.3
51,512,0.0000,43.9169,1064.08,54.3
51,512,0.0000,43.9169,1064.08,54.3
51,256,0.0000,46.8446,1066.38,53.8
51,256,0.0000,39.0372,1066.38,53.8
51,256,0.0000,40.9891,1066.38,53.8
51,256,0.0000,42.9409,1066.38,53.8
51,256,0.0000,38.0613,1066.38,53.8
51,256,0.4902,40.0131,1066.38,53.8
51,256,0.0000,40.0131,1066.38,53.8
51,256,0.0000,40.0131,1066.38,53.8
51,256,0.0000,39.0372,1066.38,53.8
51,256,0.4902,40.0131,1066.38,53.8
51,192,0.0000,40.0131,1068.67,53.8
51,192,0.0000,40.9891,1068.67,53.8
51,192,0.0000,37.0853,1068.67,53.8
51,192,0.0000,40.0131,1068.67,53.8
51,192,0.0000,39.0372,1068.67,53.8
51,192,0.0000,39.0372,1068.67,53.8
51,192,0.0000,40.0131,1068.67,53.8
51,192,0.0000,41.9650,1068.67,53.8
51,192,0.0000,40.0131,1068.67,53.8
51,192,0.0000,40.9891,1068.67,53.8
51,128,0.0000,44.8928,1070.97,53.8
51,128,0.0000,38.0613,1070.97,53.8
51,128,0.0000,38.0613,1070.97,53.8
51,128,0.0000,39.0372,1070.97,53.8
51,128,0.0000,39.0372,1070.97,53.8
51,128,0.0000,39.0372,1070.97,53.8
51,128,0.0000,39.0372,1070.97,53.8
51,128,0.0000,38.0613,1070.97,53.8
51,128,0.0000,41.9650,1070.97,53.8
51,128,0.0000,38.0613,1070.97,53.8
51,0,0.0000,38.0613,1073.26,53.8
51,0,0.0000,37.0853,1073.26,53.8
51,0,0.0000,39.0372,1073.26,53.8
51,0,0.0000,40.0131,1073.26,53.8
51,0,0.0000,44.8928,1073.26,53.8
51,0,0.0000,35.1335,1073.26,53.8
51,0,0.0000,37.0853,1073.26,53.8
51,0,0.0000,36.1094,1073.26,53.8
51,0,0.0000,37.0853,1073.26,53.8
51,0,0.0000,37.0853,1073.26,53.8
51,448,0.0000,44.8928,1075.56,53.8
51,448,0.0000,42.9409,1075.56,53.8
51,448,0.0000,43.9169,1075.56,53.8
51,448,0.0000,42.9409,1075.56,53.8
51,448,0.0000,43.9169,1075.56,53.8
51,448,0.0000,43.9169,1075.56,53.8
51,448,0.0000,42.9409,1075.56,53.8
51,448,0.0000,42.9409,1075.56,53.8
51,448,0.0000,43.9169,1075.56,53.8
51,448,0.0000,42.9409,1075.56,53.8
52,192,0.0000,37.0853,1077.96,53.8
52,192,0.0000,39.0372,1077.96,53.8
52,192,0.0000,40.9891,1077.96,53.8
52,192,1.4706,41.9650,1077.96,53.8
52,192,0.0000,38.0613,1077.96,53.8
52,192,0.0000,41.9650,1077.96,53.8
52,192,0.0000,40.9891,1077.96,53.8
52,192,0.0000,43.9169,1077.96,53.8
52,192,0.4902,40.0131,1077.96,53.8
52,192,0.0000,42.9409,1077.96,53.8
52,320,0.0000,42.9409,1080.15,53.8
52,320,0.0000,42.9409,1080.15,53.8
52,320,0.9804,42.9409,1080.15,53.8
52,320,0.9804,41.9650,1080.15,53.8
52,320,0.0000,41.9650,1080.15,53.8
52,320,0.0000,40.0131,1080.15,53.8
52,320,0.0000,43.9169,1080.15,53.8
52,320,0.0000,42.9409,1080.15,53.8
52,320,0.0000,40.9891,1080.15,53.8
52,320,0.0000,43.9169,1080.15,53.8
52,0,0.0000,40.0131,1082.44,53.2
52,0,0.0000,37.0853,1082.44,53.2
52,0,0.0000,34.1576,1082.44,53.2
52,0,0.0000,36.1094,1082.44,53.2
52,0,0.0000,39.0372,1082.44,53.2
52,0,0.0000,47.8206,1082.44,53.2
52,0,0.0000,40.0131,1082.44,53.2
52,0,0.0000,36.1094,1082.44,53.2
52,0,0.0000,38.0613,1082.44,53.2
52,0,0.0000,36.1094,1082.44,53.2
52,128,0.0000,40.9891,1084.74,54.3
52,128,0.0000,40.0131,1084.74,54.3
52,128,0.0000,39.0372,1084.74,54.3
52,128,0.0000,39.0372,1084.74,54.3
52,128,0.0000,40.9891,1084.74,54.3
52,128,0.0000,40.0131,1084.74,54.3
52,128,0.0000,37.0853,1084.74,54.3
52,128,0.0000,40.9891,1084.74,54.3
52,128,0.0000,38.0613,1084.74,54.3
52,128,0.0000,39.0372,1084.74,54.3
52,448,0.0000,42.9409,1087.03,53.8
52,448,0.0000,44.8928,1087.03,53.8
52,448,0.0000,43.9169,1087.03,53.8
52,448,0.0000,42.9409,1087.03,53.8
52,448,0.0000,42.9409,1087.03,53.8
52,448,0.0000,40.9891,1087.03,53.8
52,448,0.0000,40.0131,1087.03,53.8
52,448,0.0000,42.9409,1087.03,53.8
52,448,0.0000,43.9169,1087.03,53.8
52,448,0.0000,43.9169,1087.03,53.8
52,384,0.0000,41.9650,1089.33,53.2
52,384,0.0000,44.8928,1089.33,53.2
52,384,0.0000,41.9650,1089.33,53.2
52,384,0.4902,43.9169,1089.33,53.2
52,384,0.0000,41.9650,1089.33,53.2
52,384,0.0000,42.9409,1089.33,53.2
52,384,0.0000,44.8928,1089.33,53.2
52,384,0.0000,40.9891,1089.33,53.2
52,384,0.0000,41.9650,1089.33,53.2
52,384,0.0000,42.9409,1089.33,53.2
52,64,0.0000,35.1335,1091.62,53.2
52,64,0.0000,38.0613,1091.62,53.2
52,64,0.0000,37.0853,1091.62,53.2
52,64,0.0000,37.0853,1091.62,53.2
52,64,0.0000,39.0372,1091.62,53.2
52,64,0.0000,39.0372,1091.62,53.2
52,64,0.0000,38.0613,1091.62,53.2
52,64,0.0000,39.0372,1091.62,53.2
52,64,0.0000,39.0372,1091.62,53.2
52,64,0.0000,40.0131,1091.62,53.2
52,512,0.0000,43.9169,1093.92,53.2
52,512,0.0000,46.8446,1093.92,53.2
52,512,0.0000,43.9169,1093.92,53.2
52,512,0.0000,42.9409,1093.92,53.2
52,512,0.0000,40.9891,1093.92,53.2
52,512,0.0000,44.8928,1093.92,53.2
52,512,0.0000,43.9169,1093.92,53.2
52,512,0.0000,43.9169,1093.92,53.2
52,512,0.0000,42.9409,1093.92,53.2
52,512,0.0000,42.9409,1093.92,53.2
52,256,0.9804,46.8446,1096.22,53.8
52,256,0.0000,40.0131,1096.22,53.8
52,256,0.0000,40.0131,1096.22,53.8
52,256,0.0000,38.0613,1096.22,53.8
52,256,0.0000,40.9891,1096.22,53.8
52,256,0.0000,40.9891,1096.22,53.8
52,256,0.0000,39.0372,1096.22,53.8
52,256,0.0000,40.0131,1096.22,53.8
52,256,0.4902,40.9891,1096.22,53.8
52,256,0.0000,41.9650,1096.22,53.8
53,192,0.0000,39.0372,1098.61,53.8
53,192,0.0000,39.0372,1098.61,53.8
53,192,0.0000,39.0372,1098.61,53.8
53,192,0.0000,38.0613,1098.61,53.8
53,192,0.0000,40.9891,1098.61,53.8
53,192,0.0000,40.9891,1098.61,53.8
53,192,0.4902,40.0131,1098.61,53.8
53,192,0.0000,40.0131,1098.61,53.8
53,192,0.0000,40.0131,1098.61,53.8
53,192,0.0000,40.0131,1098.61,53.8
53,64,0.0000,40.9891,1100.81,53.2
53,64,0.0000,38.0613,1100.81,53.2
53,64,0.0000,37.0853,1100.81,53.2
53,64,0.0000,39.0372,1100.81,53.2
53,64,0.0000,44.8928,1100.81,53.2
53,64,0.0000,39.0372,1100.81,53.2
53,64,0.0000,39.0372,1100.81,53.2
53,64,0.0000,40.0131,1100.81,53.2
53,64,0.0000,38.0613,1100.81,53.2
53,64,0.0000,40.0131,1100.81,53.2
53,0,0.0000,37.0853,1103.10,52.1
53,0,0.0000,37.0853,1103.10,52.1
53,0,0.0000,38.0613,1103.10,52.1
53,0,0.0000,37.0853,1103.10,52.1
53,0,0.0000,37.0853,1103.10,52.1
53,0,0.0000,39.0372,1103.10,52.1
53,0,0.0000,38.0613,1103.10,52.1
53,0,0.0000,38.0613,1103.10,52.1
53,0,0.0000,37.0853,1103.10,52.1
53,0,0.0000,37.0853,1103.10,52.1
53,128,0.0000,45.8687,1105.40,53.8
53,128,0.0000,40.0131,1105.40,53.8
53,128,0.0000,38.0613,1105.40,53.8
53,128,0.0000,38.0613,1105.40,53.8
53,128,0.0000,40.0131,1105.40,53.8
53,128,0.0000,40.0131,1105.40,53.8
53,128,0.0000,39.0372,1105.40,53.8
53,128,0.0000,40.0131,1105.40,53.8
53,128,0.0000,39.0372,1105.40,53.8
53,128,0.0000,39.0372,1105.40,53.8
53,448,0.0000,52.7002,1107.70,52.7
53,448,0.0000,42.9409,1107.70,52.7
53,448,0.0000,40.0131,1107.70,52.7
53,448,0.0000,42.9409,1107.70,52.7
53,448,0.0000,43.9169,1107.70,52.7
53,448,0.0000,42.9409,1107.70,52.7
53,448,0.0000,44.8928,1107.70,52.7
53,448,0.0000,42.9409,1107.70,52.7
53,448,0.0000,50.7484,1107.70,52.7
53,448,0.0000,42.9409,1107.70,52.7
53,384,0.0000,41.9650,1109.99,52.7
53,384,0.0000,40.9891,1109.99,52.7
53,384,0.0000,41.9650,1109.99,52.7
53,384,0.0000,39.0372,1109.99,52.7
53,384,0.0000,41.9650,1109.99,52.7
53,384,0.0000,42.9409,1109.99,52.7
53,384,0.0000,42.9409,1109.99,52.7
53,384,0.0000,43.9169,1109.99,52.7
53,384,0.0000,44.8928,1109.99,52.7
53,384,0.0000,40.9891,1109.99,52.7
53,512,0.0000,40.0131,1112.29,52.7
53,512,0.0000,43.9169,1112.29,52.7
53,512,0.0000,41.9650,1112.29,52.7
53,512,0.0000,43.9169,1112.29,52.7
53,512,0.0000,44.8928,1112.29,52.7
53,512,0.0000,41.9650,1112.29,52.7
53,512,0.0000,44.8928,1112.29,52.7
53,512,0.0000,44.8928,1112.29,52.7
53,512,0.0000,52.7002,1112.29,52.7
53,512,0.0000,42.9409,1112.29,52.7
53,320,0.0000,43.9169,1114.58,53.2
53,320,0.9804,43.9169,1114.58,53.2
53,320,0.0000,39.0372,1114.58,53.2
53,320,0.0000,47.8206,1114.58,53.2
53,320,0.0000,39.0372,1114.58,53.2
53,320,0.9804,44.8928,1114.58,53.2
53,320,0.0000,42.9409,1114.58,53.2
53,320,0.0000,42.9409,1114.58,53.2
53,320,3.4314,100.5208,1114.58,53.2
53,320,0.4902,89.7856,1114.58,53.2
53,256,0.9804,47.8206,1116.78,53.8
53,256,0.0000,40.0131,1116.78,53.8
53,256,0.0000,46.8446,1116.78,53.8
53,256,0.9804,40.9891,1116.78,53.8
53,256,0.0000,40.0131,1116.78,53.8
53,256,0.4902,40.9891,1116.78,53.8
53,256,0.0000,41.9650,1116.78,53.8
53,256,0.0000,40.9891,1116.78,53.8
53,256,0.0000,39.0372,1116.78,53.8
53,256,0.0000,41.9650,1116.78,53.8
54,0,0.0000,40.0131,1119.08,52.7
54,0,0.0000,35.1335,1119.08,52.7
54,0,0.0000,36.1094,1119.08,52.7
54,0,0.0000,37.0853,1119.08,52.7
54,0,0.0000,37.0853,1119.08,52.7
54,0,0.0000,37.0853,1119.08,52.7
54,0,0.0000,37.0853,1119.08,52.7
54,0,0.0000,37.0853,1119.08,52.7
54,0,0.0000,40.0131,1119.08,52.7
54,0,0.0000,35.1335,1119.08,52.7
54,512,0.0000,43.9169,1121.27,53.8
54,512,0.0000,42.9409,1121.27,53.8
54,512,0.0000,45.8687,1121.27,53.8
54,512,0.0000,43.9169,1121.27,53.8
54,512,0.0000,44.8928,1121.27,53.8
54,512,0.0000,41.9650,1121.27,53.8
54,512,0.0000,42.9409,1121.27,53.8
54,512,0.0000,43.9169,1121.27,53.8
54,512,0.0000,42.9409,1121.27,53.8
54,512,0.0000,42.9409,1121.27,53.8
54,192,0.0000,38.0613,1123.57,52.7
54,192,0.0000,39.0372,1123.57,52.7
54,192,0.0000,40.0131,1123.57,52.7
54,192,0.0000,40.9891,1123.57,52.7
54,192,0.0000,40.9891,1123.57,52.7
54,192,0.9804,42.9409,1123.57,52.7
54,192,0.0000,40.0131,1123.57,52.7
54,192,0.0000,39.0372,1123.57,52.7
54,192,0.0000,47.8206,1123.57,52.7
54,192,0.0000,39.0372,1123.57,52.7
54,64,0.0000,38.0613,1125.86,54.3
54,64,0.0000,39.0372,1125.86,54.3
54,64,0.0000,37.0853,1125.86,54.3
54,64,0.0000,36.1094,1125.86,54.3
54,64,0.0000,143.4617,1125.86,54.3
54,64,0.0000,39.0372,1125.86,54.3
54,64,0.0000,37.0853,1125.86,54.3
54,64,0.0000,38.0613,1125.86,54.3
54,64,0.0000,40.0131,1125.86,54.3
54,64,0.0000,36.1094,1125.86,54.3
54,448,0.0000,43.9169,1128.16,54.3
54,448,0.0000,43.9169,1128.16,54.3
54,448,0.0000,42.9409,1128.16,54.3
54,448,0.0000,42.9409,1128.16,54.3
54,448,0.0000,43.9169,1128.16,54.3
54,448,0.0000,43.9169,1128.16,54.3
54,448,0.0000,43.9169,1128.16,54.3
54,448,0.0000,42.9409,1128.16,54.3
54,448,0.0000,44.8928,1128.16,54.3
54,448,0.0000,43.9169,1128.16,54.3
54,384,0.0000,42.9409,1130.46,53.8
54,384,0.0000,43.9169,1130.46,53.8
54,384,0.0000,42.9409,1130.46,53.8
54,384,0.0000,42.9409,1130.46,53.8
54,384,0.0000,40.9891,1130.46,53.8
54,384,0.0000,42.9409,1130.46,53.8
54,384,0.0000,41.9650,1130.46,53.8
54,384,0.0000,46.8446,1130.46,53.8
54,384,0.0000,43.9169,1130.46,53.8
54,384,0.0000,43.9169,1130.46,53.8
54,128,0.0000,40.0131,1132.75,54.3
54,128,0.0000,37.0853,1132.75,54.3
54,128,0.0000,39.0372,1132.75,54.3
54,128,0.0000,38.0613,1132.75,54.3
54,128,0.4902,43.9169,1132.75,54.3
54,128,0.0000,38.0613,1132.75,54.3
54,128,0.0000,38.0613,1132.75,54.3
54,128,0.0000,36.1094,1132.75,54.3
54,128,0.0000,37.0853,1132.75,54.3
54,128,0.0000,36.1094,1132.75,54.3
54,320,0.0000,40.9891,1135.05,53.8
54,320,0.0000,42.9409,1135.05,53.8
54,320,0.0000,47.8206,1135.05,53.8
54,320,0.9804,41.9650,1135.05,53.8
54,320,0.0000,42.9409,1135.05,53.8
54,320,0.0000,40.9891,1135.05,53.8
54,320,0.0000,41.9650,1135.05,53.8
54,320,0.0000,41.9650,1135.05,53.8
54,320,0.0000,44.8928,1135.05,53.8
54,320,0.4902,42.9409,1135.05,53.8
54,256,0.9804,39.0372,1137.34,53.8
54,256,0.0000,40.0131,1137.34,53.8
54,256,0.0000,41.9650,1137.34,53.8
54,256,0.0000,40.9891,1137.34,53.8
54,256,0.0000,40.9891,1137.34,53.8
54,256,0.4902,39.0372,1137.34,53.8
54,256,0.0000,42.9409,1137.34,53.8
54,256,0.0000,42.9409,1137.34,53.8
54,256,0.0000,39.0372,1137.34,53.8
54,256,0.0000,40.0131,1137.34,53.8
55,64,0.0000,39.0372,1139.74,53.8
55,64,0.0000,38.0613,1139.74,53.8
55,64,0.0000,39.0372,1139.74,53.8
55,64,0.0000,40.9891,1139.74,53.8
55,64,0.0000,38.0613,1139.74,53.8
55,64,0.0000,40.0131,1139.74,53.8
55,64,0.0000,37.0853,1139.74,53.8
55,64,0.0000,39.0372,1139.74,53.8
55,64,0.0000,38.0613,1139.74,53.8
55,64,0.0000,40.9891,1139.74,53.8
55,192,0.0000,41.9650,1141.94,53.2
55,192,0.9804,39.0372,1141.94,53.2
55,192,0.0000,41.9650,1141.94,53.2
55,192,0.0000,39.0372,1141.94,53.2
55,192,0.0000,39.0372,1141.94,53.2
55,192,0.0000,40.9891,1141.94,53.2
55,192,0.0000,41.9650,1141.94,53.2
55,192,0.4902,40.9891,1141.94,53.2
55,192,0.0000,39.0372,1141.94,53.2
55,192,0.0000,44.8928,1141.94,53.2
55,384,0.0000,42.9409,1144.23,53.8
55,384,0.0000,40.9891,1144.23,53.8
55,384,0.0000,42.9409,1144.23,53.8
55,384,0.0000,41.9650,1144.23,53.8
55,384,0.0000,39.0372,1144.23,53.8
55,384,0.0000,40.9891,1144.23,53.8
55,384,0.9804,40.9891,1144.23,53.8
55,384,0.0000,40.9891,1144.23,53.8
55,384,0.4902,46.8446,1144.23,53.8
55,384,0.0000,39.0372,1144.23,53.8
55,512,0.0000,42.9409,1146.53,54.3
55,512,0.0000,42.9409,1146.53,54.3
55,512,0.0000,43.9169,1146.53,54.3
55,512,0.0000,45.8687,1146.53,54.3
55,512,0.0000,41.9650,1146.53,54.3
55,512,0.0000,41.9650,1146.53,54.3
55,512,0.0000,46.8446,1146.53,54.3
55,512,0.0000,44.8928,1146.53,54.3
55,512,0.0000,41.9650,1146.53,54.3
55,512,0.0000,45.8687,1146.53,54.3
55,0,0.0000,35.1335,1148.95,53.2
55,0,0.0000,35.1335,1148.95,53.2
55,0,0.0000,37.0853,1148.95,53.2
55,0,0.0000,39.0372,1148.95,53.2
55,0,0.0000,38.0613,1148.95,53.2
55,0,0.0000,40.0131,1148.95,53.2
55,0,0.0000,36.1094,1148.95,53.2
55,0,0.0000,38.0613,1148.95,53.2
55,0,0.0000,37.0853,1148.95,53.2
55,0,0.0000,35.1335,1148.95,53.2
55,0,0.0000,37.0853,1148.95,53.2
55,320,0.4902,48.7965,1151.24,54.3
55,320,0.0000,40.0131,1151.24,54.3
55,320,0.0000,40.9891,1151.24,54.3
55,320,0.0000,40.9891,1151.24,54.3
55,320,0.9804,41.9650,1151.24,54.3
55,320,0.0000,40.9891,1151.24,54.3
55,320,0.4902,44.8928,1151.24,54.3
55,320,0.0000,40.9891,1151.24,54.3
55,320,0.4902,41.9650,1151.24,54.3
55,320,0.4902,43.9169,1151.24,54.3
55,448,0.0000,50.7484,1153.54,53.8
55,448,0.0000,50.7484,1153.54,53.8
55,448,0.0000,43.9169,1153.54,53.8
55,448,0.0000,41.9650,1153.54,53.8
55,448,0.0000,44.8928,1153.54,53.8
55,448,0.0000,41.9650,1153.54,53.8
55,448,0.0000,42.9409,1153.54,53.8
55,448,0.0000,44.8928,1153.54,53.8
55,448,0.0000,44.8928,1153.54,53.8
55,448,0.0000,43.9169,1153.54,53.8
55,128,0.0000,43.9169,1155.84,54.9
55,128,0.0000,38.0613,1155.84,54.9
55,128,0.0000,38.0613,1155.84,54.9
55,128,0.0000,36.1094,1155.84,54.9
55,128,0.0000,40.0131,1155.84,54.9
55,128,0.0000,40.0131,1155.84,54.9
55,128,0.0000,40.0131,1155.84,54.9
55,128,0.0000,37.0853,1155.84,54.9
55,128,0.0000,39.0372,1155.84,54.9
55,128,0.0000,40.0131,1155.84,54.9
55,256,0.0000,44.8928,1158.23,53.8
55,256,0.9804,39.0372,1158.23,53.8
55,256,0.0000,38.0613,1158.23,53.8
55,256,0.0000,41.9650,1158.23,53.8
55,256,0.0000,40.9891,1158.23,53.8
55,256,0.0000,39.0372,1158.23,53.8
55,256,0.0000,38.0613,1158.23,53.8
55,256,0.0000,41.9650,1158.23,53.8
55,256,0.0000,37.0853,1158.23,53.8
55,256,0.0000,41.9650,1158.23,53.8
56,0,0.0000,40.0131,1160.43,52.7
56,0,0.0000,36.1094,1160.43,52.7
56,0,0.0000,44.8928,1160.43,52.7
56,0,0.0000,36.1094,1160.43,52.7
56,0,0.0000,40.0131,1160.43,52.7
56,0,0.0000,37.0853,1160.43,52.7
56,0,0.0000,35.1335,1160.43,52.7
56,0,0.0000,37.0853,1160.43,52.7
56,0,0.0000,35.1335,1160.43,52.7
56,0,0.0000,38.0613,1160.43,52.7
56,128,0.0000,43.9169,1162.72,53.2
56,128,0.0000,39.0372,1162.72,53.2
56,128,0.0000,39.0372,1162.72,53.2
56,128,0.0000,40.9891,1162.72,53.2
56,128,0.0000,39.0372,1162.72,53.2
56,128,0.0000,37.0853,1162.72,53.2
56,128,0.0000,37.0853,1162.72,53.2
56,128,0.0000,37.0853,1162.72,53.2
56,128,0.0000,43.9169,1162.72,53.2
56,128,0.0000,37.0853,1162.72,53.2
56,256,0.0000,43.9169,1165.01,54.3
56,256,0.0000,40.0131,1165.01,54.3
56,256,0.0000,39.0372,1165.01,54.3
56,256,0.0000,40.9891,1165.01,54.3
56,256,0.0000,40.0131,1165.01,54.3
56,256,0.0000,39.0372,1165.01,54.3
56,256,0.4902,40.9891,1165.01,54.3
56,256,0.0000,42.9409,1165.01,54.3
56,256,0.0000,41.9650,1165.01,54.3
56,256,0.4902,40.0131,1165.01,54.3
56,64,0.0000,41.9650,1167.30,53.2
56,64,0.0000,38.0613,1167.30,53.2
56,64,0.0000,40.0131,1167.30,53.2
56,64,0.0000,39.0372,1167.30,53.2
56,64,0.0000,40.9891,1167.30,53.2
56,64,0.0000,39.0372,1167.30,53.2
56,64,0.0000,39.0372,1167.30,53.2
56,64,0.0000,37.0853,1167.30,53.2
56,64,0.0000,40.0131,1167.30,53.2
56,64,0.0000,38.0613,1167.30,53.2
56,512,0.0000,44.8928,1169.60,53.2
56,512,0.0000,43.9169,1169.60,53.2
56,512,0.0000,44.8928,1169.60,53.2
56,512,0.0000,43.9169,1169.60,53.2
56,512,0.0000,41.9650,1169.60,53.2
56,512,0.0000,44.8928,1169.60,53.2
56,512,0.0000,43.9169,1169.60,53.2
56,512,0.0000,43.9169,1169.60,53.2
56,512,0.0000,45.8687,1169.60,53.2
56,512,0.0000,42.9409,1169.60,53.2
56,192,0.0000,38.0613,1171.89,53.8
56,192,0.0000,39.0372,1171.89,53.8
56,192,0.0000,40.9891,1171.89,53.8
56,192,0.4902,40.0131,1171.89,53.8
56,192,0.9804,40.9891,1171.89,53.8
56,192,0.0000,40.0131,1171.89,53.8
56,192,0.0000,40.9891,1171.89,53.8
56,192,0.0000,39.0372,1171.89,53.8
56,192,0.0000,40.9891,1171.89,53.8
56,192,0.0000,41.9650,1171.89,53.8
56,384,0.0000,41.9650,1174.19,54.3
56,384,0.0000,48.7965,1174.19,54.3
56,384,0.0000,43.9169,1174.19,54.3
56,384,0.0000,42.9409,1174.19,54.3
56,384,0.0000,42.9409,1174.19,54.3
56,384,0.0000,43.9169,1174.19,54.3
56,384,0.0000,43.9169,1174.19,54.3
56,384,0.0000,41.9650,1174.19,54.3
56,384,0.0000,42.9409,1174.19,54.3
56,384,0.0000,43.9169,1174.19,54.3
56,448,0.0000,49.7724,1176.48,53.2
56,448,0.0000,44.8928,1176.48,53.2
56,448,0.0000,42.9409,1176.48,53.2
56,448,0.0000,43.9169,1176.48,53.2
56,448,0.0000,42.9409,1176.48,53.2
56,448,0.0000,43.9169,1176.48,53.2
56,448,0.0000,44.8928,1176.48,53.2
56,448,0.0000,39.0372,1176.48,53.2
56,448,0.0000,43.9169,1176.48,53.2
56,448,0.0000,42.9409,1176.48,53.2
56,320,0.0000,42.9409,1178.88,54.9
56,320,0.0000,41.9650,1178.88,54.9
56,320,1.4706,41.9650,1178.88,54.9
56,320,0.0000,42.9409,1178.88,54.9
56,320,0.0000,41.9650,1178.88,54.9
56,320,0.4902,41.9650,1178.88,54.9
56,320,1.4706,42.9409,1178.88,54.9
56,320,0.0000,42.9409,1178.88,54.9
56,320,0.0000,43.9169,1178.88,54.9
56,320,0.0000,44.8928,1178.88,54.9
57,448,0.0000,43.9169,1181.08,54.3
57,448,0.0000,42.9409,1181.08,54.3
57,448,0.0000,44.8928,1181.08,54.3
57,448,0.0000,42.9409,1181.08,54.3
57,448,0.0000,44.8928,1181.08,54.3
57,448,0.0000,42.9409,1181.08,54.3
57,448,0.0000,42.9409,1181.08,54.3
57,448,0.0000,41.9650,1181.08,54.3
57,448,0.0000,44.8928,1181.08,54.3
57,448,0.0000,44.8928,1181.08,54.3
57,64,0.0000,37.0853,1183.37,52.7
57,64,0.0000,38.0613,1183.37,52.7
57,64,0.0000,38.0613,1183.37,52.7
57,64,0.0000,39.0372,1183.37,52.7
57,64,0.0000,39.0372,1183.37,52.7
57,64,0.0000,35.1335,1183.37,52.7
57,64,0.0000,38.0613,1183.37,52.7
57,64,0.0000,40.9891,1183.37,52.7
57,64,0.0000,39.0372,1183.37,52.7
57,64,0.0000,39.0372,1183.37,52.7
57,256,0.0000,39.0372,1185.67,53.8
57,256,0.0000,39.0372,1185.67,53.8
57,256,0.0000,41.9650,1185.67,53.8
57,256,0.0000,40.9891,1185.67,53.8
57,256,0.0000,40.9891,1185.67,53.8
57,256,0.0000,39.0372,1185.67,53.8
57,256,0.0000,40.9891,1185.67,53.8
57,256,0.4902,38.0613,1185.67,53.8
57,256,0.0000,42.9409,1185.67,53.8
57,256,0.0000,39.0372,1185.67,53.8
57,128,0.0000,38.0613,1187.96,53.2
57,128,0.0000,40.9891,1187.96,53.2
57,128,0.0000,37.0853,1187.96,53.2
57,128,0.0000,39.0372,1187.96,53.2
57,128,0.0000,40.9891,1187.96,53.2
57,128,0.0000,40.0131,1187.96,53.2
57,128,0.0000,40.0131,1187.96,53.2
57,128,0.0000,39.0372,1187.96,53.2
57,128,0.0000,37.0853,1187.96,53.2
57,128,0.0000,40.9891,1187.96,53.2
57,320,0.4902,47.8206,1190.26,53.2
57,320,0.0000,41.9650,1190.26,53.2
57,320,0.9804,50.7484,1190.26,53.2
57,320,0.9804,43.9169,1190.26,53.2
57,320,0.0000,42.9409,1190.26,53.2
57,320,0.0000,43.9169,1190.26,53.2
57,320,0.0000,41.9650,1190.26,53.2
57,320,0.0000,42.9409,1190.26,53.2
57,320,0.0000,44.8928,1190.26,53.2
57,320,0.0000,43.9169,1190.26,53.2
57,192,0.0000,40.9891,1192.56,53.8
57,192,0.0000,43.9169,1192.56,53.8
57,192,0.0000,40.0131,1192.56,53.8
57,192,0.0000,38.0613,1192.56,53.8
57,192,0.0000,40.9891,1192.56,53.8
57,192,0.0000,40.0131,1192.56,53.8
57,192,0.0000,40.9891,1192.56,53.8
57,192,0.0000,40.9891,1192.56,53.8
57,192,0.0000,40.9891,1192.56,53.8
57,192,0.0000,40.0131,1192.56,53.8
57,384,0.0000,48.7965,1194.85,53.8
57,384,0.0000,42.9409,1194.85,53.8
57,384,0.0000,41.9650,1194.85,53.8
57,384,0.0000,44.8928,1194.85,53.8
57,384,0.0000,39.0372,1194.85,53.8
57,384,0.0000,42.9409,1194.85,53.8
57,384,0.0000,43.9169,1194.85,53.8
57,384,0.0000,42.9409,1194.85,53.8
57,384,0.0000,42.9409,1194.85,53.8
57,384,0.0000,48.7965,1194.85,53.8
57,0,0.0000,38.0613,1197.15,53.2
57,0,0.0000,38.0613,1197.15,53.2
57,0,0.0000,40.0131,1197.15,53.2
57,0,0.0000,35.1335,1197.15,53.2
57,0,0.0000,36.1094,1197.15,53.2
57,0,0.0000,38.0613,1197.15,53.2
57,0,0.0000,38.0613,1197.15,53.2
57,0,0.0000,37.0853,1197.15,53.2
57,0,0.0000,37.0853,1197.15,53.2
57,0,0.0000,38.0613,1197.15,53.2
57,512,0.0000,42.9409,1199.54,53.8
57,512,0.0000,41.9650,1199.54,53.8
57,512,0.0000,41.9650,1199.54,53.8
57,512,0.0000,42.9409,1199.54,53.8
57,512,0.0000,45.8687,1199.54,53.8
57,512,0.0000,44.8928,1199.54,53.8
57,512,0.0000,42.9409,1199.54,53.8
57,512,0.0000,43.9169,1199.54,53.8
57,512,0.0000,44.8928,1199.54,53.8
57,512,0.0000,44.8928,1199.54,53.8
58,0,0.0000,35.1335,1201.74,54.3
58,0,0.0000,36.1094,1201.74,54.3
58,0,0.0000,36.1094,1201.74,54.3
58,0,0.0000,37.0853,1201.74,54.3
58,0,0.0000,36.1094,1201.74,54.3
58,0,0.0000,36.1094,1201.74,54.3
58,0,0.0000,37.0853,1201.74,54.3
58,0,0.0000,38.0613,1201.74,54.3
58,0,0.0000,38.0613,1201.74,54.3
58,0,0.0000,39.0372,1201.74,54.3
58,448,0.0000,43.9169,1204.04,53.2
58,448,0.0000,43.9169,1204.04,53.2
58,448,0.0000,42.9409,1204.04,53.2
58,448,0.0000,43.9169,1204.04,53.2
58,448,0.0000,43.9169,1204.04,53.2
58,448,0.0000,42.9409,1204.04,53.2
58,448,0.0000,43.9169,1204.04,53.2
58,448,0.0000,41.9650,1204.04,53.2
58,448,0.0000,44.8928,1204.04,53.2
58,448,0.0000,40.9891,1204.04,53.2
58,64,0.0000,43.9169,1206.36,53.8
58,64,0.0000,39.0372,1206.36,53.8
58,64,0.0000,37.0853,1206.36,53.8
58,64,0.0000,37.0853,1206.36,53.8
58,64,0.0000,39.0372,1206.36,53.8
58,64,2.9412,125.8950,1206.36,53.8
58,64,0.0000,44.8928,1206.36,53.8
58,64,0.0000,40.0131,1206.36,53.8
58,64,0.0000,40.9891,1206.36,53.8
58,64,0.0000,37.0853,1206.36,53.8
58,64,0.0000,37.0853,1206.36,53.8
58,384,0.0000,40.9891,1208.66,53.8
58,384,0.0000,42.9409,1208.66,53.8
58,384,0.0000,40.9891,1208.66,53.8
58,384,0.0000,39.0372,1208.66,53.8
58,384,0.0000,42.9409,1208.66,53.8
58,384,0.0000,40.0131,1208.66,53.8
58,384,0.0000,40.9891,1208.66,53.8
58,384,0.0000,47.8206,1208.66,53.8
58,384,0.0000,42.9409,1208.66,53.8
58,384,0.0000,43.9169,1208.66,53.8
58,192,0.0000,39.0372,1210.95,52.1
58,192,0.0000,40.9891,1210.95,52.1
58,192,0.0000,39.0372,1210.95,52.1
58,192,0.0000,39.0372,1210.95,52.1
58,192,0.0000,40.9891,1210.95,52.1
58,192,0.0000,38.0613,1210.95,52.1
58,192,0.0000,40.9891,1210.95,52.1
58,192,0.0000,40.0131,1210.95,52.1
58,192,0.0000,41.9650,1210.95,52.1
58,192,0.0000,40.0131,1210.95,52.1
58,512,0.0000,42.9409,1213.25,53.8
58,512,0.0000,45.8687,1213.25,53.8
58,512,0.0000,41.9650,1213.25,53.8
58,512,0.0000,41.9650,1213.25,53.8
58,512,0.0000,44.8928,1213.25,53.8
58,512,0.0000,43.9169,1213.25,53.8
58,512,0.0000,42.9409,1213.25,53.8
58,512,0.0000,42.9409,1213.25,53.8
58,512,0.0000,45.8687,1213.25,53.8
58,512,0.0000,43.9169,1213.25,53.8
58,320,0.0000,40.0131,1215.54,54.3
58,320,0.0000,42.9409,1215.54,54.3
58,320,0.0000,40.0131,1215.54,54.3
58,320,0.4902,49.7724,1215.54,54.3
58,320,0.0000,42.9409,1215.54,54.3
58,320,0.0000,41.9650,1215.54,54.3
58,320,0.0000,42.9409,1215.54,54.3
58,320,1.9608,40.9891,1215.54,54.3
58,320,0.0000,47.8206,1215.54,54.3
58,320,0.0000,40.9891,1215.54,54.3
58,128,0.0000,42.9409,1217.84,54.3
58,128,0.0000,39.0372,1217.84,54.3
58,128,0.0000,38.0613,1217.84,54.3
58,128,0.0000,37.0853,1217.84,54.3
58,128,0.0000,39.0372,1217.84,54.3
58,128,0.0000,39.0372,1217.84,54.3
58,128,0.0000,40.0131,1217.84,54.3
58,128,0.0000,40.0131,1217.84,54.3
58,128,0.0000,38.0613,1217.84,54.3
58,128,0.0000,40.0131,1217.84,54.3
58,256,0.4902,40.0131,1220.24,54.3
58,256,0.0000,40.0131,1220.24,54.3
58,256,0.0000,43.9169,1220.24,54.3
58,256,0.0000,39.0372,1220.24,54.3
58,256,0.0000,39.0372,1220.24,54.3
58,256,0.0000,41.9650,1220.24,54.3
58,256,0.0000,40.0131,1220.24,54.3
58,256,0.0000,40.9891,1220.24,54.3
58,256,0.0000,40.0131,1220.24,54.3
58,256,0.0000,39.0372,1220.24,54.3
59,64,0.0000,40.0131,1222.44,52.7
59,64,0.0000,39.0372,1222.44,52.7
59,64,0.0000,38.0613,1222.44,52.7
59,64,0.0000,37.0853,1222.44,52.7
59,64,0.0000,36.1094,1222.44,52.7
59,64,0.0000,40.0131,1222.44,52.7
59,64,0.0000,38.0613,1222.44,52.7
59,64,0.0000,38.0613,1222.44,52.7
59,64,0.0000,37.0853,1222.44,52.7
59,64,0.0000,40.0131,1222.44,52.7
59,512,0.0000,42.9409,1224.73,54.3
59,512,0.0000,42.9409,1224.73,54.3
59,512,0.0000,43.9169,1224.73,54.3
59,512,0.0000,43.9169,1224.73,54.3
59,512,0.0000,40.0131,1224.73,54.3
59,512,0.0000,42.9409,1224.73,54.3
59,512,0.0000,44.8928,1224.73,54.3
59,512,0.0000,43.9169,1224.73,54.3
59,512,0.0000,43.9169,1224.73,54.3
59,512,0.0000,44.8928,1224.73,54.3
59,320,0.0000,41.9650,1227.03,54.3
59,320,0.0000,40.9891,1227.03,54.3
59,320,0.0000,44.8928,1227.03,54.3
59,320,0.4902,39.0372,1227.03,54.3
59,320,0.0000,40.9891,1227.03,54.3
59,320,0.0000,41.9650,1227.03,54.3
59,320,0.0000,42.9409,1227.03,54.3
59,320,0.0000,43.9169,1227.03,54.3
59,320,0.0000,42.9409,1227.03,54.3
59,320,0.0000,40.9891,1227.03,54.3
59,128,0.0000,42.9409,1229.32,53.8
59,128,0.0000,38.0613,1229.32,53.8
59,128,0.0000,37.0853,1229.32,53.8
59,128,0.0000,40.9891,1229.32,53.8
59,128,0.0000,38.0613,1229.32,53.8
59,128,0.0000,40.0131,1229.32,53.8
59,128,0.0000,39.0372,1229.32,53.8
59,128,0.0000,40.0131,1229.32,53.8
59,128,0.0000,40.0131,1229.32,53.8
59,128,0.0000,40.0131,1229.32,53.8
59,0,0.0000,38.0613,1231.62,53.8
59,0,0.0000,37.0853,1231.62,53.8
59,0,0.0000,39.0372,1231.62,53.8
59,0,0.0000,35.1335,1231.62,53.8
59,0,0.0000,36.1094,1231.62,53.8
59,0,0.0000,41.9650,1231.62,53.8
59,0,0.0000,36.1094,1231.62,53.8
59,0,0.0000,37.0853,1231.62,53.8
59,0,0.0000,37.0853,1231.62,53.8
59,0,0.0000,35.1335,1231.62,53.8
59,384,0.0000,40.0131,1233.92,53.8
59,384,0.0000,43.9169,1233.92,53.8
59,384,0.0000,41.9650,1233.92,53.8
59,384,0.0000,43.9169,1233.92,53.8
59,384,0.0000,42.9409,1233.92,53.8
59,384,0.0000,40.9891,1233.92,53.8
59,384,0.0000,40.9891,1233.92,53.8
59,384,0.0000,40.9891,1233.92,53.8
59,384,0.0000,41.9650,1233.92,53.8
59,384,0.0000,43.9169,1233.92,53.8
59,192,0.0000,39.0372,1236.21,52.7
59,192,0.0000,39.0372,1236.21,52.7
59,192,0.0000,40.0131,1236.21,52.7
59,192,0.0000,39.0372,1236.21,52.7
59,192,0.0000,40.9891,1236.21,52.7
59,192,0.0000,40.0131,1236.21,52.7
59,192,0.0000,40.9891,1236.21,52.7
59,192,0.0000,40.0131,1236.21,52.7
59,192,0.0000,44.8928,1236.21,52.7
59,192,0.0000,40.9891,1236.21,52.7
59,448,0.0000,44.8928,1238.51,54.3
59,448,0.0000,41.9650,1238.51,54.3
59,448,0.0000,42.9409,1238.51,54.3
59,448,0.0000,42.9409,1238.51,54.3
59,448,0.0000,41.9650,1238.51,54.3
59,448,0.0000,43.9169,1238.51,54.3
59,448,0.0000,44.8928,1238.51,54.3
59,448,0.0000,42.9409,1238.51,54.3
59,448,0.0000,44.8928,1238.51,54.3
59,448,0.0000,43.9169,1238.51,54.3
59,256,0.0000,43.9169,1240.90,54.3
59,256,0.0000,37.0853,1240.90,54.3
59,256,0.0000,40.9891,1240.90,54.3
59,256,0.0000,42.9409,1240.90,54.3
59,256,0.0000,41.9650,1240.90,54.3
59,256,0.0000,41.9650,1240.90,54.3
59,256,0.0000,40.0131,1240.90,54.3
59,256,0.0000,42.9409,1240.90,54.3
59,256,0.0000,38.0613,1240.90,54.3
59,256,0.0000,40.9891,1240.90,54.3
