pair_id,phys_a,phys_b,bank_a,bank_b,label,timing_ns,ddr_s0,ddr_s1,ddr_s2,ddr_s3,ddr_s4,ddr_s5,ddr_s6,ddr_s7,ddr_s8,ddr_s9,ddr_s10,ddr_s11,ddr_s12,ddr_s13,ddr_s14,ddr_s15,ddr_s16,ddr_s17,ddr_s18,ddr_s19,ddr_s20,ddr_s21,ddr_s22,ddr_s23,ddr_s24,ddr_s25,ddr_s26,ddr_s27,ddr_s28,ddr_s29,ddr_s30,ddr_s31,ddr_s32,ddr_s33,ddr_s34,ddr_s35,ddr_s36,ddr_s37,ddr_s38,ddr_s39,ddr_s40,ddr_s41,ddr_s42,ddr_s43,ddr_s44,ddr_s45,ddr_s46,ddr_s47,ddr_s48,ddr_s49,tot_s0,tot_s1,tot_s2,tot_s3,tot_s4,tot_s5,tot_s6,tot_s7,tot_s8,tot_s9,tot_s10,tot_s11,tot_s12,tot_s13,tot_s14,tot_s15,tot_s16,tot_s17,tot_s18,tot_s19,tot_s20,tot_s21,tot_s22,tot_s23,tot_s24,tot_s25,tot_s26,tot_s27,tot_s28,tot_s29,tot_s30,tot_s31,tot_s32,tot_s33,tot_s34,tot_s35,tot_s36,tot_s37,tot_s38,tot_s39,tot_s40,tot_s41,tot_s42,tot_s43,tot_s44,tot_s45,tot_s46,tot_s47,tot_s48,tot_s49,n_samples,ddr_baseline,ddr_burst,ddr_delta,ddr_integral,ddr_max_minus,ddr_rise,ddr_fall,ddr_symmetry,tot_baseline,tot_burst,tot_delta,tot_integral,tot_max_minus,tot_rise,tot_fall,tot_symmetry
0,0x64f0000,0x2a7967000,0,14,0,129.94,-0.0178894141,-0.0212411793,0.0736663515,0.0739637369,0.0752707937,0.0714720712,0.0758241653,0.0716179044,0.0729556071,0.0741124295,0.0770942181,0.0802575550,0.0716908708,0.0791386981,0.0760514418,0.0782906916,0.0766577541,0.0718002706,0.0771324375,0.0791776319,0.0791776319,0.0751205687,0.0767499306,0.0805328063,0.0784451032,0.0740380325,0.0737406471,0.0760894075,0.0780204450,0.0703213046,0.0740008847,0.0804542244,0.0731765518,0.0774385057,0.0774767251,0.0736663515,0.0735175574,0.0772089807,0.0762029940,0.0751205687,0.0772472000,0.0767881499,0.0770942181,0.0762409597,0.0760894075,0.0774767251,0.0782134331,0.0758620275,0.0759377518,0.0737777949,0.02284665,0.00381116,0.14133118,-0.02853774,-0.01445189,-0.04076523,-0.00213230,-0.02055325,-0.02493621,-0.03539845,-0.00865829,-0.02399805,-0.02428193,-0.01988830,-0.02631460,-0.02757420,-0.02531009,-0.04442602,-0.02426257,-0.01519456,-0.03107809,-0.02709880,-0.03342444,-0.02100667,-0.03601058,-0.02462665,-0.03265217,-0.02560733,-0.02404974,-0.03564049,-0.02967894,-0.02538101,-0.03327428,-0.02608589,-0.02361974,-0.02389823,-0.03334963,-0.02257699,-0.03136129,-0.02203708,-0.02696098,-0.03435694,-0.02353802,-0.02094467,-0.02917301,-0.02803585,-0.02665572,-0.02031658,-0.01211981,-0.02041327,50,0.0307138301,0.1152919398,0.0845781097,11.0947457101,0.0403645849,0.0615353978,-0.0724545515,1.5178903985,2.25923745,2.28525345,0.02601600,3.46385931,0.55854592,-0.04108888,-0.05724308,1.03538600
1,0x3da5f3000,0x39ecaf000,12,12,1,185.51,0.0003029611,0.0013947272,0.0757155348,0.0844838677,0.0792448946,0.0834714083,0.0780984989,0.0722660923,0.0746677256,0.0727219248,0.0788219831,0.0769216552,0.0779054404,0.0761873697,0.0753208220,0.0785942752,0.0814090974,0.0792448946,0.0768579884,0.0831657324,0.0745432535,0.0808203677,0.0802283217,0.0801954602,0.0779375875,0.0758727845,0.0800967858,0.0802283217,0.0783558516,0.0759986014,0.0794075938,0.0745121780,0.0792448946,0.0811431663,0.0792448946,0.0794075938,0.0745121780,0.0790171867,0.0748543488,0.0751964348,0.0780662639,0.0759042172,0.0737421484,0.0777766762,0.0781627932,0.0809768912,0.0791472928,0.0804585318,0.0815753725,0.0829280524,0.05503695,0.05189987,-0.02173510,-0.01467909,-0.01446961,-0.00481817,-0.01341340,-0.02406974,-0.01341120,-0.03065502,-0.02693793,-0.00855078,-0.04455513,-0.02011723,-0.02678498,-0.01676708,-0.02124138,-0.01944483,-0.02631723,-0.00622743,-0.02800765,-0.01638584,-0.02031767,-0.01301291,-0.01057254,-0.02385307,-0.01082701,-0.01178161,-0.02127500,-0.04291946,-0.01147753,-0.02174438,-0.01839175,-0.02445020,-0.01636485,-0.00685872,-0.02672889,-0.01623388,-0.00634184,-0.01615253,-0.01588544,-0.01115177,-0.02068282,-0.02334006,-0.03382444,-0.00978192,-0.01798048,-0.03062233,-0.02306220,0.00301913,50,0.0228265518,0.0996751961,0.0768486442,13.7676832406,0.0644712508,0.0751389536,-0.0640178214,1.0537874885,2.30441927,2.27269070,-0.03172856,-5.65189012,0.79959988,-0.09349775,0.01953565,1.05112669
2,0x1e3def000,0x1e30dd000,13,13,1,185.27,0.0016703320,-0.0049752770,0.0696768618,0.0693937094,0.0664337641,0.0686891446,0.0660995423,0.0693937094,0.0707897564,0.0687202201,0.0688757678,0.0643014342,0.0739352432,0.0696139963,0.0687513806,0.0719998198,0.0704715096,0.0761630240,0.0699285815,0.0663730418,0.0661602646,0.0704715096,0.0720963491,0.0665552918,0.0695196122,0.0730175392,0.0684714458,0.0752149607,0.0686269934,0.0751153046,0.0761630240,0.0753480171,0.0686580690,0.0680067066,0.0717746142,0.0685647574,0.0716780850,0.0717746142,0.0738365689,0.0686269934,0.0693937094,0.0718067614,0.0748160640,0.0728549287,0.0717746142,0.0660387369,0.0718389085,0.0717102321,0.0739022919,0.0718711435,0.04907097,0.03083187,-0.02370316,-0.03205125,-0.04426634,-0.02627949,-0.03385769,-0.01761446,-0.01448991,-0.03095498,-0.02570830,-0.02997522,-0.02595927,-0.02487669,-0.03110810,-0.01582906,-0.02645520,-0.01920142,-0.01154436,-0.03381118,-0.02221314,-0.04053587,-0.03626856,-0.02710249,-0.01567492,-0.02809838,-0.02877683,-0.02217029,-0.02454078,-0.01450334,-0.04228228,-0.00594700,-0.01208610,0.00072860,-0.02025978,-0.00536281,-0.01449369,0.00346877,-0.01787517,-0.00940477,-0.03993666,-0.01279723,-0.01876713,-0.01175514,-0.02684079,0.00324527,-0.03818138,0.01918857,-0.02673953,-0.03247347,50,0.0258962056,0.0975199820,0.0716237763,12.8123368258,0.0538012632,0.0606828152,-0.0443575703,1.3344368731,2.31316144,2.26437525,-0.04878619,-8.72922968,0.77480118,-0.06169645,0.00155776,1.03886438
3,0x206219000,0x6387000,8,9,0,129.71,-0.0254882076,0.0495082424,0.0078607479,0.0042954908,0.0068211864,0.0815437270,-0.0019418736,-0.0060407321,0.0010620461,-0.0008232685,-0.0008619505,-0.0032491768,-0.0062616768,0.0014946758,-0.0031733490,-0.0065562028,-0.0040266074,-0.0019418736,-0.0060775227,-0.0046240293,-0.0064826215,-0.0064826215,-0.0061879951,-0.0066666751,-0.0019800930,-0.0061143133,-0.0009391036,0.0642357971,0.0023779296,-0.0065194121,-0.0088187237,-0.0025670367,0.1254126719,0.0165503687,0.0108901296,0.0068211864,0.0116558123,-0.0010936206,0.0036982140,-0.0029081067,-0.0039514949,-0.0071957114,-0.0018271111,-0.0017505679,-0.0031733490,-0.0039891024,-0.0021713987,-0.0062616768,-0.0051817537,-0.0029081067,-0.07408966,0.14615044,-0.36547686,0.11737354,0.10567069,-0.92827179,-1.01903283,-1.04122871,-1.03632005,-1.05606552,-1.02990859,-1.05416204,-1.06077021,-1.03852094,-1.04524862,-0.95130465,-1.04890546,-1.06421028,-1.06400113,-1.04994656,-1.03792110,-1.06618892,-1.02504734,-1.05131570,-1.01848626,-1.06980012,-1.04551847,-0.96581183,-1.03415203,-1.05210180,-1.04664221,-1.04698949,-0.76825216,-0.29103983,-0.38002712,0.02760613,0.10493622,-0.14162056,-1.05566771,-1.05513776,-1.06439121,-1.06250095,-1.05204408,-1.03275023,-1.05686325,-1.06241058,-1.06315272,-1.06211777,-1.06010505,-1.05006565,50,0.0333597397,0.1175318219,0.0841720822,11.0853555733,0.0730591451,0.0723825274,-0.0697405077,1.2923728392,2.34303547,2.34895906,0.00592359,0.79324379,0.80133370,-0.12576219,0.03414047,1.03586502
4,0x20b710000,0x3dcebc000,1,5,0,127.08,-0.0012598676,-0.0067597230,0.0805408615,0.0795345970,0.0873594820,0.0830325272,0.0783122727,0.0807960946,0.0851202322,0.0829209824,0.0800039823,0.0786340368,0.0843395841,0.0800039823,0.0827722897,0.0849308178,0.0793900950,0.1345216767,0.0965514701,0.2647656251,0.0934016079,0.0868961419,0.0896802859,0.0831812199,0.0896015967,0.0834011391,0.0772344615,0.0841143491,0.0829581302,0.0816930809,0.0849686800,0.0815457174,0.0820243975,0.0804678952,0.0810148942,0.0806138279,0.0848929557,0.0841518541,0.0754603509,0.0889868020,0.0815457174,0.0815457174,0.0789200819,0.0806866948,0.0826978926,0.0818403439,0.0806866948,0.0796790005,0.0807960946,0.0827722897,-0.45513853,-0.47297755,-0.51049612,-0.48912971,-0.50000986,-0.49745661,-0.49691893,-0.48302287,-0.49358163,-0.48248235,-0.49427729,-0.49625275,-0.49629810,-0.49288999,-0.35821508,-0.48876636,-0.50854136,0.49866046,0.50060025,0.56166300,0.65441869,0.69406168,-0.48349312,-0.48959322,-0.48328781,-0.48993254,-0.51600317,-0.49430431,-0.50811107,-0.50145602,-0.49629926,-0.50885755,-0.49732049,-0.50394181,-0.50258331,-0.50941379,-0.51373076,-0.50982151,-0.50120153,-0.49974707,-0.51024533,-0.51454478,-0.50775670,-0.49869711,-0.51370699,-0.49766901,-0.51230819,-0.50173200,-0.50454823,-0.49210383,50,0.0330393035,0.1174481904,0.0844088868,10.9715452332,0.1241170854,0.0641985605,-0.0826515469,1.4804710415,2.51615659,2.45854064,-0.05761595,-7.43092108,1.07185857,0.00719196,-0.09761874,1.04378925
5,0x1e278f000,0x35342c000,13,3,0,129.85,-0.0184282409,0.0770783445,0.0719377605,0.0722581311,0.0775777375,0.1585745176,0.0766222298,0.0778287135,0.0993238030,0.1145662040,0.0645433179,0.0644307004,0.0649186754,0.0645808229,0.0659256311,0.0627897881,0.0643180829,0.0760416997,0.1497376315,0.0666635161,0.0667017354,0.0623847898,0.0682056024,0.0628634698,0.0633152044,0.0658119411,0.0732175718,0.0831084252,0.0786576606,0.0667781742,0.0825851412,0.0737023631,0.0813324401,0.0724983818,0.0789107816,0.0666635161,0.0761661152,0.1157023188,0.0815515443,0.0678967793,0.0745009587,0.0818111006,0.0755412342,0.0660014589,0.0654708710,0.0720579951,0.0666251923,0.0664722104,0.0615972032,0.0722181258,0.60233152,0.34478310,-0.40549995,0.51667388,0.49540210,0.28166777,0.50850080,0.51389505,0.55537453,0.33433106,-0.29621527,-0.33397193,-0.29686575,-0.42956730,-0.43541991,-0.40800432,-0.43849042,0.55380805,0.60987887,-0.44339181,-0.42749279,-0.45140614,-0.42446799,-0.33958121,-0.43863803,-0.42109890,0.50649277,0.52852448,0.55279082,0.52486932,0.59805086,0.53616566,0.52099211,0.52962428,0.54063848,0.52206707,0.56239549,0.58957555,0.53896613,0.54071236,0.54022613,0.52975466,0.51678410,-0.42272723,-0.42077668,-0.42974085,-0.43750718,-0.42962735,-0.43444829,-0.43373308,50,0.0439537239,0.1175741910,0.0736204671,9.6899659520,0.0725777282,0.0599153198,-0.0508897120,1.5599395445,2.45768908,2.32664100,-0.13104807,-17.25394173,0.68438039,-0.03914101,0.02864858,1.04571681
6,0x33b169000,0x33a383000,10,10,1,185.29,-0.0162392966,-0.0118790932,0.0596329564,0.0625557399,0.0636692731,0.0614103279,0.0563812884,0.0603307288,0.0626872757,0.0549327331,0.0628846244,0.0602664345,0.0607489929,0.0603951109,0.0581401088,0.0560123322,0.0613778236,0.0601698174,0.0614754254,0.0571541785,0.0574651888,0.0637690199,0.0604916401,0.0627201372,0.0621939041,0.0616055315,0.0614428322,0.0571541785,0.0616380358,0.0634032511,0.0625557399,0.0601698174,0.0549023719,0.0625227886,0.0558585725,0.0615730272,0.0594102531,0.0550238996,0.0604594051,0.0648171883,0.0631476961,0.0644474865,0.0615730272,0.0605880815,0.0550847049,0.0638022387,0.0602985816,0.0569363948,0.0569363948,0.0624899271,-0.40372349,-0.40125421,-0.46348974,-0.47906417,-0.47444719,-0.46215959,-0.46438606,-0.45433773,-0.47000488,-0.45061736,-0.45849748,-0.47053487,-0.46528388,-0.46430300,-0.45357419,-0.45425968,-0.47048269,-0.45946325,-0.48309201,-0.45249623,-0.47421895,-0.45459627,-0.47266404,-0.46508422,-0.47237942,-0.45884973,-0.47255330,-0.47562081,-0.47021392,-0.47959799,-0.47781258,-0.45796622,-0.48670265,-0.47257017,-0.47322163,-0.46500188,-0.47001035,-0.48190003,-0.47619526,-0.47641604,-0.44849240,-0.44332617,-0.47808540,-0.45206896,-0.47261862,-0.44574131,-0.45971165,-0.46483927,-0.47888932,-0.46603509,50,0.0279391251,0.0979700889,0.0700309637,12.5189100682,0.0541159064,0.0548149456,-0.0525587103,1.4384423014,2.39198818,2.27751218,-0.11447600,-20.48032990,0.70837510,-0.08846432,0.04586356,1.01369972
7,0x15d1ef000,0x223562000,11,1,0,129.77,0.0008842458,-0.0013082200,0.0905045040,0.0894235084,0.0927424339,0.0923255360,0.0902442665,0.0913604779,0.0893130360,0.0935946198,0.0957927961,0.0895707713,0.0934033141,0.0956759948,0.0969906994,0.0915856104,0.0921862029,0.0949444324,0.0917733404,0.0961435191,0.0879049688,0.0895707713,0.0890553007,0.0945970327,0.0913228704,0.0906160489,0.0927045717,0.0949444324,0.0926287439,0.0883060350,0.0940536699,0.0922876739,0.0885248346,0.0947514443,0.0897181348,0.0923255360,0.0999510390,0.0879778356,0.0901698694,0.0925150539,0.0939005836,0.0886342344,0.0932886560,0.0949444324,0.0922119495,0.0882330686,0.0926287439,0.0916232179,0.0940536699,0.0946741858,0.02309941,0.01642870,-0.02936092,-0.05527619,-0.01695462,-0.02849200,-0.03042722,-0.03418562,-0.03943864,-0.03771868,-0.02477397,-0.03424170,-0.02881981,-0.02542499,-0.00416669,-0.02315526,-0.01158336,-0.02916386,-0.01680353,-0.03429910,-0.02148987,-0.03240422,-0.03762624,-0.03313633,-0.01909860,-0.03952017,-0.02375473,-0.02943977,-0.02485766,-0.03698960,-0.02422859,-0.03496046,-0.04344687,-0.01825440,-0.05385647,-0.03618922,-0.03583387,-0.04315388,-0.03338782,-0.01208386,-0.02119079,-0.03378418,-0.02236027,-0.03410080,-0.01891307,-0.02671513,-0.02109219,-0.04980975,-0.01667952,-0.04249386,50,0.0282625177,0.1151080394,0.0868455218,11.3809267732,0.0289026037,0.0587549772,-0.0840379544,1.6329287499,2.30925695,2.26033304,-0.04892392,-6.41623061,0.46586696,-0.15781679,-0.12210932,1.07570479
8,0x277573000,0x11b0d5000,8,11,0,129.80,-0.0038346334,-0.0038285612,0.0912137235,0.0923694744,0.0884113983,0.0931440447,0.0946851629,0.0936413141,0.0891274483,0.0915515760,0.0914764635,0.0890537665,0.0959622235,0.0922179222,0.0946465864,0.0925968544,0.0893115019,0.0903567794,0.0949554096,0.0921800600,0.0966921390,0.0912137235,0.0909884885,0.0912513309,0.0902824838,0.0920662666,0.0946851629,0.0893115019,0.0949168330,0.0946465864,0.0945307514,0.0900222463,0.0934118935,0.0876091663,0.0901336897,0.0932205878,0.0914014535,0.0909884885,0.0964561787,0.0936413141,0.0923694744,0.0952607776,0.0903196316,0.0919905422,0.0958062757,0.0935648754,0.0924831644,0.0934118935,0.0925210266,0.0908383660,0.03778795,0.03466361,-0.00786245,-0.01457280,-0.00686656,0.00353031,-0.00504205,0.00926635,-0.01423219,-0.00902272,-0.01399537,-0.00645387,0.01840443,-0.00519278,0.02006539,0.00856012,0.00313088,-0.01077000,0.00070329,-0.01590891,0.01704256,-0.01945988,0.00864045,-0.00654778,0.01593287,-0.01430072,0.01144736,0.00092258,0.02047344,-0.00304063,-0.01099619,-0.00419589,-0.01630063,-0.01439844,-0.00293192,0.00257100,0.01138901,-0.01281299,-0.00613299,0.00245638,-0.01514709,0.00771569,-0.00772004,-0.00894595,0.01145880,-0.01878683,0.01210985,-0.01470603,-0.00745515,-0.00512339,50,0.0257914534,0.1160319005,0.0902404471,11.8494854721,0.0488027920,0.0790715300,-0.0703625029,1.4133556917,2.29804006,2.30616973,0.00812966,1.08996879,0.50705583,0.01531373,0.01691970,1.02797793
9,0x223a22000,0x207296000,1,1,1,185.43,-0.0000198387,-0.0021661664,0.0732971283,0.0800077837,0.0785270519,0.0767300467,0.0701809191,0.0802094225,0.0757773360,0.0767300467,0.0764046482,0.0745672726,0.0776140850,0.0760346887,0.0786933270,0.0778442952,0.0723733491,0.0758738652,0.0754877483,0.0752946898,0.1878353317,0.0895225482,0.0885887712,0.0854165049,0.0957663498,0.0786267988,0.0722800375,0.0769577546,0.0785602707,0.0738319146,0.0724045096,0.0763721439,0.0798061448,0.0726532839,0.0800077837,0.0758738652,0.0777127594,0.0788928208,0.0723111980,0.0921322607,0.0741536559,0.0787265457,0.0724977363,0.0779100183,0.0776469466,0.0785602707,0.0734543780,0.0885887712,0.0702720856,0.0754234540,0.05396535,0.02619971,-0.00615883,-0.00385391,-0.01101254,-0.02492828,-0.02705998,-0.01031578,-0.00509181,-0.02475398,-0.02382596,-0.02321492,-0.01824483,-0.00864414,-0.01952010,-0.00664069,-0.01651367,-0.00395482,-0.01971151,0.00072044,0.89208438,0.98171710,1.15105215,1.11322547,0.64302767,-0.01731773,-0.01370652,0.00423372,-0.00192347,-0.02646294,-0.02819913,-0.02198427,-0.02169103,0.72176976,0.13410866,-0.02033751,0.03520227,-0.01175729,-0.01253379,0.95241459,0.17912870,-0.01303986,-0.01213035,-0.01880718,-0.00656136,0.00708301,-0.00265997,0.91462722,0.72725019,-0.01725917,50,0.0261675383,0.1003069108,0.0741393725,13.2657721298,0.0799629153,0.0632616058,-0.0478318804,1.5240792356,2.30568024,2.33891121,0.03323097,6.01820291,0.84078276,-0.06651092,0.02253950,1.04408783
10,0x274772000,0xdba8f000,1,15,0,129.86,-0.0019418453,0.0013827335,0.0965940727,0.0921183828,0.0976000593,0.0919361162,0.0959498982,0.0989134403,0.0898490704,0.1003733824,0.0986817703,0.0932731045,0.0907846343,0.1030088359,0.1112337656,0.1787309323,0.1072528093,0.1040905469,0.1440077689,0.0929785786,0.0929785786,0.0962152439,0.0976382787,0.0953615248,0.0929416874,0.0939457838,0.0919725496,0.0939457838,0.0962909683,0.0987976053,0.0920089830,0.0948735498,0.0940574302,0.0977148218,0.0960635883,0.0923371824,0.0965183483,0.0933098951,0.0931626322,0.0948735498,0.0968214527,0.0940201809,0.0983342651,0.0918631498,0.0987589234,0.0927207427,0.1462243123,0.1070455256,0.1089508221,0.1048869975,0.04016748,0.03769651,0.02850553,0.00115235,0.01284939,0.01123093,0.01248840,0.01664643,-0.00106761,0.01087393,0.00101990,-0.00418567,0.00570985,0.02425711,0.03943473,1.04014743,1.19278692,1.19178893,0.93546365,0.02245727,-0.00145054,0.00396760,0.01551884,0.01190218,-0.00047873,0.01108832,0.05608529,0.00644426,0.01584253,0.01885663,0.00702256,0.00564378,0.00778894,-0.00509726,0.00583546,-0.00964733,0.02317342,-0.00427846,0.00262225,0.01960666,0.00436275,0.00813206,0.02853066,-0.00133197,-0.00693351,-0.01226789,0.93753518,0.98186563,0.94379356,1.08235269,50,0.0278707558,0.1194857039,0.0916149480,12.0488881267,0.1189938128,0.0705504861,-0.0657563481,1.5996904903,2.30718828,2.41027177,0.10308350,13.60773250,1.11438012,0.01955843,-0.02033255,1.02559340
11,0x357d49000,0x1e3355000,10,13,0,129.82,-0.0188219565,-0.0154995122,0.0808392935,0.0765831630,0.0754635445,0.0851294576,0.0839688076,0.0765094812,0.0802273659,0.0841260787,0.0821148124,0.0828484137,0.0814970606,0.0807246354,0.0802273659,0.0817673072,0.0856453165,0.0824587569,0.0785994328,0.0817287307,0.0852881585,0.0795674538,0.0830822290,0.0825756646,0.0806480922,0.0824976907,0.0750259453,0.0818445657,0.0840080985,0.0801890421,0.0766568447,0.0813812256,0.0760308012,0.0797568681,0.0845586011,0.0792642459,0.0782240753,0.0787495553,0.0829263876,0.0787120503,0.0818831423,0.0744168150,0.0781864678,0.0826536385,0.0794916259,0.0818831423,0.0792642459,0.0781864678,0.0819604008,0.0820762358,0.03515569,0.02621120,0.00321978,0.00231901,-0.00759866,0.00391818,0.01450001,0.00623994,0.02017331,0.00509068,0.00407134,0.00522111,-0.00667665,-0.00755773,0.00254538,0.01470937,0.00505091,-0.00111409,0.00982691,-0.00405093,0.00646170,0.01455076,0.01251678,0.00193438,0.00034254,0.00624698,-0.01545032,0.00468713,0.00380419,0.00919274,-0.00040662,0.00569535,0.00203099,-0.00214665,-0.00055943,0.01111725,-0.00820241,0.01619655,0.00788861,-0.00754701,0.00152512,-0.00378362,0.00290807,0.01197056,-0.00686280,0.00892865,0.00786314,-0.00867738,0.00507528,-0.00380069,50,0.0269405158,0.1183150760,0.0913745602,12.0085389257,0.0766971422,0.0732914316,-0.0886978530,1.5069676843,2.34534276,2.34210382,-0.00323894,-0.44088190,0.70439488,-0.05725472,-0.02986175,1.02457201
12,0x3c830f000,0x3f5ee9000,12,12,1,185.48,-0.0042648622,0.0053993344,0.0734427170,0.0798587911,0.0780857098,0.0767472404,0.0787466877,0.0745230425,0.0800232783,0.0756977412,0.0807388965,0.0758235581,0.0787466877,0.0833692387,0.0816033090,0.0799246040,0.0799246040,0.0856729462,0.0783430625,0.1361009357,0.0821188088,0.0788442895,0.0800232783,0.0790068999,0.0812043214,0.0750828273,0.0807721152,0.0735349560,0.0811711027,0.0768109071,0.0746163542,0.0789743956,0.0799903270,0.0808054247,0.0816365277,0.0807721152,0.0788442895,0.0735349560,0.0799246040,0.0809051716,0.0787791920,0.0779247985,0.0832674394,0.0779247985,0.0779247985,0.0831994805,0.0779569456,0.0799246040,0.0800890013,0.0820852330,0.01956904,0.04468840,0.00998528,-0.00075774,0.02007568,0.00017986,0.02941348,0.00003013,0.01297844,-0.00825447,0.01712716,-0.00763703,0.00520798,0.00696393,0.00410881,0.00656336,0.01731862,-0.00109050,0.00351538,0.05502711,0.00946417,-0.01080631,-0.00889097,-0.00411310,0.00602735,-0.00635222,-0.00242463,-0.01406052,-0.00522663,-0.01187083,-0.00816270,-0.00158357,0.00596005,-0.00555293,0.00192657,-0.01455083,-0.00526596,0.01011989,-0.01248312,-0.01455066,-0.00918869,0.00445653,0.02266793,0.00402528,0.00972690,0.00015563,0.02122959,-0.00489184,-0.00217275,-0.00070520,50,0.0306697794,0.0996007491,0.0689309697,12.2939924125,0.0494510642,0.0409337897,-0.0710146640,1.9961783775,2.37256040,2.27633349,-0.09622691,-17.19552625,0.50861998,-0.04632822,-0.01051907,1.06915287
13,0x3d7128000,0x3f5186000,5,5,1,185.44,0.0017999253,-0.0013688101,0.0771359633,0.0765364202,0.0777794330,0.0780367857,0.0783102159,0.0787331274,0.0795525143,0.0765682101,0.0718129873,0.0741545297,0.0795853758,0.0818461079,0.0756116654,0.0742789168,0.0729211597,0.0772002575,0.0785705169,0.0822493856,0.0772324047,0.0779081093,0.0810311010,0.0806986416,0.0793880272,0.0763137169,0.0796183271,0.0817452885,0.0804658384,0.0764728403,0.0728904414,0.0743722284,0.0821149903,0.0818461079,0.0785380126,0.0720561256,0.0743411529,0.0795853758,0.0730134827,0.0797170014,0.0785054195,0.0783428091,0.0754857626,0.0761864702,0.0774254632,0.0718737926,0.0957847097,0.0795196528,0.0764091736,0.0766318769,0.03323408,0.03791570,-0.02867430,-0.02079491,-0.02174455,-0.02822842,-0.03163761,-0.01138177,-0.01132157,-0.01463756,-0.00177881,-0.02554511,0.00746325,-0.01589002,-0.02326299,-0.02753228,-0.00687863,-0.01978719,-0.00631157,-0.00458158,0.00160524,-0.02118179,0.00819692,-0.01100739,-0.01348212,-0.01684516,0.00589498,-0.00941011,0.00339306,-0.01679182,-0.00447909,-0.03851220,-0.02053604,-0.00109603,-0.02208461,-0.02553562,-0.02106048,-0.01639123,-0.02204103,-0.03009016,-0.00315904,-0.02201091,-0.01558063,0.00049635,-0.02229297,-0.03527005,-0.02170918,-0.01957316,-0.01271011,-0.03293799,50,0.0263817783,0.0985262755,0.0721444972,12.8954280974,0.0703353038,0.0572004768,-0.0635244910,1.3618107791,2.31598860,2.27943458,-0.03655402,-6.48426165,0.71488370,-0.04865920,-0.01463820,1.04224974
14,0x274ff0000,0x20643e000,1,1,1,185.43,-0.0034473937,0.0018211996,0.0733342459,0.0731455635,0.0796274394,0.0764190002,0.0777956949,0.0742576568,0.0722207117,0.0702084696,0.0774996719,0.0773023232,0.0720652490,0.0797282588,0.0734915814,0.0756279162,0.0764190002,0.0775654847,0.0790125498,0.0731769962,0.0784473780,0.0787465279,0.0720963245,0.0698438036,0.0721274001,0.0772365104,0.0775654847,0.0732084290,0.0699046089,0.0795601958,0.0734601487,0.0721585606,0.0719719374,0.0767118056,0.0774009976,0.0720963245,0.0742258669,0.0772365104,0.0731140448,0.0797954106,0.0753383285,0.0797954106,0.0742258669,0.0775654847,0.0793921329,0.0722517873,0.0767118056,0.0767443099,0.0772365104,0.0774996719,0.03672206,0.02736994,-0.02341119,-0.02907605,-0.02490800,-0.02008540,-0.01989884,-0.04241751,-0.02876991,-0.02212396,-0.03399550,-0.02996034,-0.02706758,-0.02735440,-0.02215427,-0.03356221,-0.01376912,-0.02220358,-0.02651900,-0.02530858,-0.03366484,-0.02367830,-0.02794202,-0.01974520,-0.03512004,-0.01357399,-0.02437298,-0.02310062,-0.02748484,-0.01284870,-0.03269907,-0.01756182,-0.03228899,-0.01261387,-0.00901844,-0.02228452,-0.01387359,-0.02825276,-0.01270731,-0.01874467,-0.02750090,-0.01022548,-0.01926786,-0.00469217,-0.01021555,-0.02826999,-0.03829634,-0.02786374,-0.01936932,-0.03284597,50,0.0272650980,0.0988947675,0.0716296694,12.7802515427,0.0651572585,0.0502635499,-0.0519240977,1.5909096311,2.29451238,2.29241982,-0.00209256,-0.31331579,0.66957035,-0.05056053,-0.01303700,1.04106074
15,0x87a45000,0x31f01e000,15,3,0,129.76,-0.0010746004,-0.0010338436,0.1178901336,0.1014193740,0.1117513615,0.1048254617,0.1058643089,0.0930857295,0.0964110903,0.0901329690,0.0946715104,0.0949803335,0.0919282941,0.0939004104,0.0895438166,0.0959824998,0.0896910796,0.0905862348,0.0962941827,0.0920784166,0.0950575920,0.0917405641,0.0921535291,0.0915153292,0.0915529366,0.0970617086,0.0903259972,0.0959824998,0.0942064786,0.2302183428,0.1145547548,0.0886830060,0.0938621910,0.0930857295,0.1249761550,0.1933277122,0.1557511264,0.1110479306,0.1091928932,0.0952505802,0.0975335219,0.0908464723,0.0970224176,0.0924415551,0.0952505802,0.0894333443,0.0906977796,0.0916280491,0.0958655922,0.0917405641,-0.44519850,-0.46154213,0.42786842,0.11955089,0.64159206,0.63298216,0.62668506,0.15165027,-0.46144581,-0.11210108,-0.46022960,-0.49473934,-0.48583922,-0.47898839,-0.48357418,-0.46954632,-0.49082641,-0.48276353,-0.47653450,-0.49660493,-0.47319230,-0.46614579,-0.47800778,-0.11020999,-0.48488329,-0.46720340,-0.48153398,-0.47615061,-0.46749555,-0.32881724,-0.44381944,-0.46106282,-0.48005647,-0.48841900,0.35772949,0.61551713,0.46106289,0.71756310,0.69751293,-0.44861421,-0.47253922,-0.47480520,-0.48676101,-0.47330678,-0.45884964,-0.47883501,-0.47784105,-0.48669041,-0.46295165,-0.48300979,50,0.0264270874,0.1198959910,0.0934689036,12.3025791462,0.1231162019,0.0834142083,-0.0884950510,1.3321761436,2.35551706,2.39444062,0.03892357,5.11128070,1.08286013,-0.00705156,-0.00006612,1.03073596
16,0x2a4e8b000,0x2ecfcd000,14,14,1,185.28,-0.0081074324,-0.0113830400,0.0665411800,0.0602680542,0.0613830302,0.0611030954,0.0637742155,0.0709353198,0.0588194989,0.1156930043,0.0643140238,0.0900464124,0.0675892576,0.1222029917,0.0611653314,0.1857826062,0.0761653472,0.0611030954,0.0598990980,0.0612274826,0.0613830302,0.0654597930,0.0707293908,0.0759486927,0.0642496417,0.0642174946,0.0632970189,0.0607920850,0.0675228202,0.0653621912,0.0674230733,0.0597761406,0.0633605988,0.0652645894,0.0597453383,0.0626874778,0.0598068590,0.0633605988,0.0666397646,0.0674562920,0.0587891377,0.0645713766,0.0589410266,0.0621526915,0.0632651421,0.0576498058,0.0616007290,0.0651343945,0.0666397646,0.0665740415,-0.02977910,0.09019985,0.10223971,-0.03142514,-0.02208349,-0.03872653,-0.03272459,-0.02069744,0.84656806,0.03130813,-0.02919601,0.23517636,-0.03745856,0.04293505,-0.02958563,0.24987975,0.01751696,-0.03468115,-0.02999200,-0.02446519,-0.03299344,-0.04436697,0.90058159,0.78423984,-0.02198123,0.59741181,-0.03507407,-0.03625893,-0.01631290,-0.02592905,-0.01846406,-0.02177554,-0.02348209,-0.00005189,-0.03358703,-0.02062772,-0.03598953,-0.02931019,-0.02782206,-0.00405846,-0.03950548,-0.01511227,-0.04876817,-0.01608078,-0.04391788,-0.01699028,-0.03662638,-0.02106089,-0.02757548,-0.01755248,50,0.0297369055,0.1013856528,0.0716487473,12.8334666389,0.1168795292,0.0585634884,-0.0649541253,1.6262005048,2.37475783,2.38351090,0.00875308,1.58031659,1.04370226,-0.06415908,0.02655093,1.08588881
17,0x7d5f3000,0x81b1000,9,9,1,185.47,0.0002312866,-0.0029481567,0.0788257031,0.0716806990,0.0724522433,0.0778466560,0.0779123790,0.0758175629,0.0778466560,0.0824367157,0.0723588467,0.0763966504,0.0768002756,0.0737513291,0.0727320932,0.0801388208,0.0801388208,0.0769628860,0.0780110534,0.0803067921,0.0724833188,0.0783399379,0.0777478919,0.0742231640,0.0790251969,0.0726077060,0.0770604878,0.0788922313,0.0768652842,0.0783070764,0.0809473925,0.0813210273,0.0790585063,0.0769628860,0.0728876408,0.0724210828,0.0705375180,0.0738141946,0.0776493073,0.0761392977,0.0774833992,0.0702032132,0.0812530684,0.0735939935,0.0779781918,0.0794241844,0.0728876408,0.0748962849,0.0799371820,0.0811172434,0.04970697,0.03628257,-0.00442857,-0.02423889,-0.01892070,-0.02757037,-0.01562102,-0.00219344,-0.01870240,0.00730747,-0.02128939,-0.01443457,-0.01348801,-0.01344017,-0.02781088,-0.01379165,-0.02249601,-0.01742472,-0.02350758,0.00517017,-0.03124087,-0.01499171,-0.02632297,-0.02999718,-0.00570552,-0.02254658,-0.01019789,-0.00587255,-0.02258722,-0.02064879,0.00245545,0.00341685,-0.01378790,0.00448481,-0.01736887,0.00498076,-0.03109517,-0.02681151,-0.01896468,-0.02035133,-0.01361839,-0.01403660,-0.00229263,-0.04309805,-0.00848137,-0.00997436,-0.01747822,-0.00464138,-0.01389195,-0.00406100,50,0.0245411888,0.0996265981,0.0750854093,13.4416789015,0.0545343133,0.0649277459,-0.0577910241,1.2384533098,2.27879371,2.28941780,0.01062410,1.94157215,0.66636559,-0.05555451,-0.01518518,1.04222860
18,0x3dd527000,0x39f075000,12,12,1,185.33,-0.0137793660,-0.0104065207,0.0651775890,0.0650789147,0.0674397518,0.0616809938,0.0608549133,0.0651775890,0.0630162456,0.0598364777,0.0580079144,0.0657366837,0.0586628405,0.0586628405,0.0598364777,0.0576128872,0.0587550795,0.0575825260,0.0619355739,0.0630806277,0.0619355739,0.0585398831,0.0640318198,0.0650789147,0.0661252951,0.0624764373,0.0629840985,0.0657366837,0.0634345097,0.0664577544,0.0688611050,0.0633058333,0.0664244450,0.0660587669,0.0643897226,0.0630483927,0.0630162456,0.0630806277,0.0680460620,0.0637391033,0.0575825260,0.0652434018,0.0639668112,0.0586935589,0.0578863867,0.0620946105,0.0627266579,0.0622219440,0.0597431661,0.0630483927,0.03477782,0.06170255,-0.00234466,-0.00621843,-0.00915227,-0.00829045,-0.03201517,-0.00309285,-0.02491437,-0.00865167,-0.03049281,-0.00481791,-0.01697598,-0.02219515,-0.01621682,-0.02422584,-0.02948433,-0.03454947,-0.00794113,-0.01175349,-0.01423145,-0.02228346,-0.01750001,-0.02218640,-0.00997337,-0.02573566,-0.01385084,-0.00797905,0.00181630,-0.00923047,-0.01759124,-0.01659033,-0.01408727,-0.01563292,-0.01719311,-0.00250824,-0.01666874,-0.02092660,-0.01766807,-0.01492897,-0.04082386,-0.01557099,0.02967594,-0.03001594,-0.01290763,-0.00817810,-0.01871895,-0.00471875,-0.01760335,-0.02005570,50,0.0296866043,0.0980610135,0.0683744092,12.2246895888,0.0441569104,0.0407201003,-0.0536353055,1.6104175359,2.29396617,2.26008177,-0.03388440,-6.03715296,0.66642589,-0.04607842,0.00562141,1.02348361
19,0x91f0a000,0x8fada000,6,6,1,185.42,-0.0002729386,-0.0012510029,0.0712808964,0.0711579390,0.0810974210,0.0785638735,0.0785971830,0.0765341558,0.0722086187,0.0755492102,0.0753883867,0.0739258882,0.0744349616,0.0778457530,0.0767292706,0.0752918574,0.0765341558,0.0729753347,0.0773195199,0.0778457530,0.0806219869,0.0770220759,0.0721153071,0.0774510557,0.0790626079,0.0813690711,0.0720530711,0.0753562395,0.0777141274,0.0797446493,0.0775168685,0.0721774582,0.0722086187,0.0786969299,0.0775825915,0.0818381376,0.0777799402,0.0817694633,0.0775168685,0.0724573931,0.0808936371,0.0778457530,0.0698938617,0.0721463827,0.0787633673,0.0782314142,0.0778786145,0.0796774975,0.0710349815,0.0772865686,0.03830449,0.04990342,-0.03360734,-0.03666714,-0.00275744,-0.03480463,0.00842977,-0.03188495,-0.01090771,-0.03645554,-0.00189698,-0.03689250,-0.02145709,-0.04066020,-0.00440756,-0.01829915,-0.00292107,-0.02984509,-0.02543835,-0.02348344,-0.01566793,-0.02579455,-0.01664318,-0.02259785,-0.02462955,-0.02802682,-0.02151802,-0.02913894,-0.03027160,-0.01594729,-0.02356716,-0.03286220,-0.04810825,-0.03543834,-0.02543412,-0.02915307,-0.03012851,-0.02720565,-0.03774621,-0.03207381,-0.02658345,-0.03010501,-0.03768314,-0.03890192,-0.01303002,-0.03909247,-0.03216436,-0.04118918,-0.02615667,-0.03187618,50,0.0267191082,0.0994687877,0.0727496795,12.9900510212,0.0575389685,0.0450254778,-0.0641599231,1.6101936040,2.28325681,2.28096501,-0.00229181,-0.33682503,0.58441851,-0.06343110,0.00324647,1.04074062
20,0x160897000,0x16be71000,11,11,1,185.39,0.0015767385,-0.0158684387,0.0617339704,0.0564986739,0.0555406025,0.0628447329,0.0617014660,0.0585005477,0.0555710466,0.0576405202,0.0610422761,0.0595783479,0.0654042577,0.0613318638,0.0579515305,0.0629105457,0.0630749431,0.0598647180,0.0577959829,0.0610422761,0.0573605853,0.0558141020,0.1277522614,0.0948037233,0.0608170705,0.0642885804,0.0548199494,0.0617339704,0.0632064789,0.0555710466,0.0642885804,0.0608492176,0.0632722917,0.0629434072,0.0579203701,0.0630091303,0.1365034674,0.0576093597,0.0618641653,0.0642221429,0.0644548554,0.0621243775,0.0564064349,0.0543995656,0.0567138704,0.0611709525,0.0588780843,0.0631407559,0.0577338318,0.0597374713,0.06446423,0.05734324,-0.00681301,-0.01681451,-0.02176195,-0.00255711,-0.01317607,-0.00453024,-0.01055996,-0.01286561,-0.00410147,-0.01136892,-0.00016714,0.00618238,-0.00695147,-0.00397995,-0.00859853,-0.00421025,-0.02397854,-0.01959529,-0.00949167,-0.03331714,0.72851613,0.07438112,-0.01072688,0.02954867,-0.02394230,-0.00379441,0.00110124,0.13216982,-0.02057902,0.08318734,-0.00090048,-0.01971065,-0.01079137,-0.00300338,0.11720577,-0.01673913,0.00172034,-0.01917791,-0.00558620,-0.02702489,-0.02034546,-0.03098410,0.00550187,-0.01274491,0.00051711,0.00161000,-0.01620861,-0.01781277,50,0.0326618309,0.1013695789,0.0687077479,12.2961242787,0.1152441170,0.0581983354,-0.0528694028,1.5093122348,2.45033005,2.38977835,-0.06055170,-10.82328699,0.96571603,-0.11781052,-0.11396637,1.05977847
21,0x9e32c000,0x350a55000,6,10,0,129.90,-0.0102221062,-0.0189303940,0.0795476204,0.0742840660,0.0774592020,0.0751803031,0.0762623713,0.0780018494,0.0768089506,0.0773062201,0.0748425531,0.0762623713,0.0748425531,0.0775739645,0.0793528452,0.0767707312,0.0785037661,0.0709241041,0.0768853893,0.0721891764,0.0717151438,0.0769237131,0.0729055836,0.0751052931,0.0741725212,0.0749550681,0.0714599108,0.0806300458,0.0783493545,0.0752929206,0.0761486813,0.0736519446,0.0941303912,0.0739494314,0.1611533339,0.0815141222,0.0726478482,0.0748800581,0.0759214047,0.0732002100,0.0781176844,0.0758076112,0.0771149144,0.0772680007,0.0758076112,0.0790410560,0.0827550020,0.0797035682,0.0815141222,0.0813554213,0.02875019,0.01062693,0.13440555,-0.03364749,-0.00463759,-0.03866553,-0.01559918,-0.03412891,-0.03824687,-0.02246158,-0.04014360,-0.02723928,0.04513385,-0.03327700,-0.02750456,-0.03364888,-0.02131150,-0.04237662,0.79813902,-0.02425981,0.06986578,0.08796979,-0.01397642,-0.04715185,-0.02327761,-0.02949831,-0.01229775,0.88082220,-0.00664048,-0.02473338,-0.02590995,-0.03594945,0.78620366,-0.04212973,0.95942683,-0.00161600,-0.01750056,-0.01518567,-0.01877655,-0.02454356,-0.04475606,-0.04190894,-0.03190474,-0.02575904,-0.02318870,-0.02312687,-0.01786614,-0.01021767,-0.02083092,-0.03080926,50,0.0349099671,0.1198198765,0.0849099094,11.1618587839,0.1111784775,0.0727100682,-0.0609497670,1.3715625743,2.38304966,2.40191227,0.01886261,2.47239240,0.99569277,0.01382994,-0.11099393,1.00775426
22,0x2a61d5000,0x27ea3e000,14,1,0,127.09,0.0018242376,0.0007875345,0.0940034084,0.0924147840,0.0961697342,0.0934564094,0.0937481754,0.0957608040,0.0928119183,0.0927035910,0.0923425330,0.0957608040,0.0936752090,0.1067162135,0.1067977642,0.0886569393,0.0934564094,0.0959838937,0.0958350996,0.0942222080,0.1138915698,0.0991897422,0.0956864069,0.0990749796,0.0950129118,0.1013518442,0.1031964339,0.1087946198,0.0945342317,0.0960581893,0.0925952638,0.0982602987,0.0936752090,0.0960953371,0.0924508603,0.0927758421,0.0925952638,0.0948656488,0.0938940086,0.1011570690,0.0938575752,0.0969902459,0.0922342057,0.0971778734,0.0938940086,0.0940763748,0.0960953371,0.0967650109,0.0966898984,0.0958350996,0.03610630,0.05624201,0.00326039,0.00769910,-0.00675779,0.01394663,-0.00472408,0.01545956,0.08437580,0.07647586,0.05650009,-0.01272846,0.00993142,0.94617793,0.67623928,-0.00017374,-0.00358681,0.00662218,0.00803905,0.62133255,0.02190469,0.96959886,0.01453677,0.01134940,0.00660693,0.95058272,0.95908320,0.87282732,-0.00251701,0.00619954,0.90327463,0.00791984,0.00294342,0.00254167,-0.00382910,-0.00187901,0.00672625,-0.00828651,0.00273566,0.00961129,0.00311084,0.00114453,0.33385834,0.01625194,-0.00142460,0.00058462,0.01094409,0.01342774,0.01440320,0.00112988,50,0.0285749800,0.1127267730,0.0841517930,10.8983885224,0.0446888627,0.0520526173,-0.0719777394,1.7439508638,2.34004513,2.31411428,-0.02593084,-3.35761210,0.56063961,-0.09383001,-0.04082181,1.04847360
23,0x908bf000,0x33b681000,15,10,0,129.76,-0.0212750233,-0.0148303173,0.0803603125,0.0788963474,0.0779323627,0.0795467031,0.0790494337,0.0778185693,0.0793171781,0.0795083794,0.0758488446,0.0771537561,0.0780839149,0.0815585784,0.0802444775,0.0761462299,0.0789346712,0.0758116968,0.0808961726,0.0792406349,0.0738720346,0.0817534600,0.0737261018,0.0792024156,0.0799741255,0.0804760422,0.0848460800,0.0776792361,0.0821691904,0.0773789911,0.0761834792,0.0788963474,0.0780080871,0.0778943971,0.0758859924,0.0794319406,0.0803988891,0.0783491571,0.0768159036,0.0759975372,0.0822478796,0.0779323627,0.0785007093,0.0781217771,0.0778565349,0.0756629026,0.0778565349,0.0799741255,0.0831129245,0.0794319406,-0.01015714,0.04855160,0.01843631,0.02583077,0.07551597,0.00701608,0.00812212,0.01177113,-0.00784707,0.02340762,-0.00674353,0.00823527,0.00898832,0.00000280,0.00763378,0.00767015,0.00704884,0.00721674,0.00275540,0.00007495,-0.00293961,0.00517835,0.00943228,-0.00326620,0.00000693,-0.00048309,0.00292805,-0.00410546,0.00722434,-0.00538537,0.00349598,0.01710269,0.00413239,-0.01751366,-0.00387059,0.00351774,0.00420314,-0.00203794,0.00198580,-0.01489461,0.01422042,0.00731324,0.00121165,0.00045110,-0.00114777,0.00263118,-0.00314076,0.00630613,0.02138606,0.00453478,50,0.0292655819,0.1157610640,0.0864954822,11.3433262581,0.0284429643,0.0637578058,-0.0793096884,1.7804230067,2.27805591,2.26828975,-0.00976616,-1.27817537,0.64878712,-0.06292360,-0.03355473,1.04776405
24,0x210836000,0x3d7e9b000,1,12,0,127.08,-0.0022625132,0.0021903080,0.0896828701,0.0916573446,0.0952810526,0.0898670242,0.0940835066,0.0949721240,0.0904292311,0.0918074671,0.0887476633,0.0941217259,0.0919950946,0.0921453196,0.0873403326,0.0937392190,0.0888935961,0.0883465971,0.0889300295,0.0950108060,0.0896828701,0.0932291756,0.0903549355,0.0909869555,0.0915071196,0.0872680815,0.0905036282,0.0897565518,0.0916198396,0.0924455646,0.0950493825,0.0888206297,0.0904292311,0.0855711078,0.0930775200,0.0886018301,0.0972107702,0.0902805384,0.0892041900,0.0876291396,0.0896460794,0.0932291756,0.0928502434,0.0828845856,0.0875930633,0.0895356071,0.0926986912,0.0909125584,0.0939687440,0.0898301330,0.02755454,0.04673974,-0.00465388,0.01149013,0.00802013,-0.00186747,-0.00569313,-0.00303518,-0.03089212,0.02090292,-0.01072233,0.00188153,-0.01233656,0.00897285,-0.01333070,-0.00594814,-0.02117226,-0.00635657,-0.01593120,-0.00921377,-0.01803513,-0.02093179,-0.00702933,-0.01742208,-0.00623911,-0.03715797,-0.00628598,-0.00161571,-0.01156423,0.01129410,-0.01381775,-0.00069637,-0.01281162,0.85755545,-0.01752767,-0.02316480,-0.00794386,-0.00762773,-0.01473457,-0.01292352,-0.01879987,-0.00849164,-0.01484477,-0.02159864,-0.02407136,-0.01148326,-0.01122540,-0.01418722,-0.02641651,-0.00757304,50,0.0261402226,0.1134772775,0.0873370548,11.3244896657,0.0382471061,0.0716052497,-0.0757348299,1.5038826082,2.32836203,2.31272290,-0.01563913,-2.03203936,0.52411956,-0.08414617,-0.02577985,1.03695278
25,0x162d71000,0x15df51000,11,11,1,185.42,0.0111334617,-0.0050841215,0.0723946401,0.0750496226,0.0737688325,0.0704927946,0.0680508131,0.0685796072,0.0738345556,0.0865223651,0.0779570433,0.0668500334,0.0960739052,0.0750829320,0.0839263042,0.0722645340,0.0899513033,0.0736372069,0.0848379360,0.0865595129,0.0922692468,0.0693489113,0.0759316066,0.0757635437,0.0714451471,0.0750496226,0.0692859599,0.0712842358,0.0737030197,0.0746839445,0.0724922419,0.0727524541,0.0733741352,0.0780943918,0.0725572506,0.0705564613,0.0725247462,0.0734398582,0.0765374669,0.0736701582,0.0680819736,0.0682063607,0.0714772942,0.0725247462,0.0716382056,0.0726223480,0.0671882712,0.0722970383,0.0735386224,0.0759316066,0.04862041,0.03847657,-0.01544478,-0.02243195,-0.02748462,-0.03221020,-0.02568629,-0.01676934,-0.01893008,0.53538444,0.65618820,0.07756016,0.89331028,0.94630857,0.96022966,0.91988096,0.95174026,1.18870929,1.13099441,0.90966075,0.95767068,-0.01843794,-0.00566870,-0.01550885,-0.02973183,-0.01862421,-0.01656213,-0.02315319,-0.00626778,-0.01504329,-0.01716381,-0.02482405,-0.02120464,-0.01439070,-0.03128556,-0.01577855,-0.02551157,-0.02806140,-0.01423982,-0.01720693,-0.03205314,-0.02248211,-0.01779769,-0.01768139,-0.01952452,-0.03451773,-0.02062852,-0.02226054,-0.02550463,-0.03573974,50,0.0254678857,0.0992629400,0.0737950543,13.2087636127,0.0720506283,0.0529497801,-0.0482512827,1.4384284233,2.27277858,2.26877893,-0.00399965,-0.66311272,0.66873397,-0.02022338,0.01214172,1.04196182
26,0x6232000,0x8b345000,0,15,0,127.06,0.0045469125,0.0057598647,0.0932556333,0.0949343416,0.0922468665,0.0961609228,0.0920302120,0.0933285997,0.0966488978,0.0954176689,0.0952318285,0.0919218847,0.0955292138,0.0992398456,0.0932556333,0.0987755291,0.1212708991,0.1080997947,0.1092201936,0.1052277974,0.1052681599,0.0921746155,0.0931462335,0.0938579932,0.0943366733,0.0967991228,0.0954920660,0.0922468665,0.0953805211,0.0978071510,0.0960125411,0.0867008906,0.0921385393,0.0909148828,0.0964612703,0.0924635211,0.0899418230,0.0875383888,0.0920302120,0.0928910005,0.0932556333,0.0881972587,0.0931098001,0.0929274339,0.0899771848,0.0979208410,0.0975040466,0.0953805211,0.0944103550,0.1721707968,0.05222796,0.05400379,-0.01573257,-0.00228338,-0.01107026,-0.01190743,-0.00465818,-0.01016173,-0.00124406,0.00101190,-0.01952324,-0.00982735,0.04465339,-0.01948689,-0.01611182,-0.00109509,0.06120524,0.80128445,0.64198416,1.16847808,1.17658888,0.89195025,0.00601780,-0.02386737,-0.01490940,0.00312201,-0.00808579,-0.00972141,-0.02238696,-0.00244793,-0.00308216,-0.02315591,-0.01054532,-0.00927393,-0.02564516,0.00348711,0.00304615,-0.02192214,-0.01365705,-0.00687287,-0.02080172,-0.01948575,-0.01639112,-0.01873843,-0.01482365,0.00988713,-0.00341216,0.00539550,-0.01784812,0.95785957,50,0.0282169952,0.1145226789,0.0863056837,11.1860623440,0.0975564275,0.0698381745,-0.0632208170,1.3505877517,2.38142631,2.40560736,0.02418104,3.09224715,0.91233002,0.00131078,-0.00340873,1.03539016
27,0x719e000,0x91944000,0,6,0,127.03,-0.0179087020,-0.0190569442,0.0716450583,0.0663514810,0.1586586758,0.1155087213,0.1238633759,0.0793237943,0.0766552386,0.0708228705,0.0719052959,0.0683691463,0.0709702340,0.0693393346,0.0731004496,0.0717194554,0.0642241764,0.0745024314,0.0728377096,0.0718681481,0.0671822814,0.0692299348,0.0738808431,0.0742597753,0.0710070246,0.0683330701,0.0762737901,0.0682608190,0.0698863336,0.0713848208,0.0695217008,0.0706020263,0.0724998571,0.0720540900,0.0621292574,0.0703810816,0.0716079105,0.0847289940,0.0801647594,0.0836891875,0.0802847754,0.0813243360,0.0719052959,0.0740702575,0.0697404008,0.0727626996,0.0705651352,0.0742219131,0.0681524918,0.0713476730,0.02116879,0.03944815,-0.00338923,-0.02139849,0.19618031,0.97410103,1.01738111,1.16748410,1.16018409,0.97241151,-0.00880557,-0.01217809,-0.02076144,0.00205150,-0.02101933,-0.01422223,-0.01388116,-0.00582978,-0.01171310,-0.00307039,-0.01570983,-0.02313278,0.00054457,-0.00327780,-0.01538663,-0.02389478,-0.03174678,-0.01014171,-0.02266145,-0.00901844,-0.01884772,-0.01721049,-0.01862900,-0.02080488,0.00231631,-0.02346433,-0.00133039,0.93221077,0.98863940,1.13796833,1.11670983,1.18571487,0.79971470,-0.00559298,0.01000262,-0.01669572,0.00830266,-0.01211502,-0.02365776,-0.02248086,50,0.0309090483,0.1175387556,0.0866297073,11.2603406028,0.1223291321,0.0653962018,-0.0633579100,1.6231139335,2.34375365,2.40694638,0.06319272,8.23623806,1.07171566,-0.08281208,-0.02770448,1.08457339
28,0x2a7221000,0x2fedb7000,14,14,1,185.50,0.0065739435,-0.0014851673,0.0743119781,0.0709102221,0.0686584156,0.0766735296,0.0734525800,0.0763117836,0.0738937140,0.0706924385,0.0777245574,0.0744406544,0.0706924385,0.0689318321,0.0709102221,0.0699221356,0.0710346093,0.0755567787,0.0739258611,0.0774918449,0.0744728894,0.0765090424,0.0771592948,0.0685064438,0.0743119781,0.0705992118,0.0763117836,0.0752314691,0.0688711098,0.0750036724,0.0720849208,0.0685368049,0.0753940795,0.0773920981,0.0752639734,0.0744728894,0.0784724126,0.0730708401,0.0774918449,0.0689014709,0.0696454185,0.0741511546,0.0766406681,0.0763117836,0.0698913333,0.0720219694,0.0687495821,0.0706924385,0.0685064438,0.0773920981,-0.13843401,0.68613251,-0.25499684,-0.22858939,-0.25245926,-0.23833218,-0.24308606,-0.21470322,-0.25067196,-0.25253918,-0.25747745,-0.23711139,-0.24569326,-0.23758313,-0.25028132,-0.23585176,-0.25406047,-0.23612138,-0.25071573,-0.24702377,0.62117353,-0.23089735,-0.23602556,-0.24398233,-0.25167200,-0.24614997,-0.25014393,-0.23713315,-0.26675046,-0.22783184,-0.26569490,-0.23894388,-0.25782521,-0.22760923,-0.25712148,-0.24589772,-0.24399064,-0.24877033,-0.24311466,-0.23943615,-0.24378240,-0.24188697,-0.25107843,-0.24095884,-0.25127467,-0.25863360,-0.24625113,-0.25439091,-0.25802771,-0.24084275,50,0.0275291787,0.0992152844,0.0716861057,12.8191552435,0.0641584726,0.0646764503,-0.0558393627,1.3876013091,2.32456856,2.30173919,-0.02282937,-4.00846403,0.59876488,-0.02747249,0.00220754,1.06960543
29,0x1c95c9000,0x356207000,13,10,0,129.76,-0.0089923724,-0.0143957308,0.0829440924,0.0735033087,0.0764182513,0.1324072177,0.1257137104,0.0839054317,0.0872285400,0.0873929599,0.1356460262,0.0957888579,0.0811548575,0.0868585111,0.0763056338,0.0783890413,0.1991859592,0.0846221195,0.1361035422,0.0942287507,0.0807423446,0.1117468999,0.1490316531,0.0878534211,0.1786871156,0.0832218459,0.0912974833,0.0793137331,0.0827852832,0.0905137906,0.0836250664,0.0835450557,0.0850664380,0.0817447584,0.0814693997,0.0834649357,0.0828250397,0.0883095357,0.0797384967,0.1298290981,0.0809761600,0.0807813848,0.0796612382,0.0868997003,0.0739247321,0.0824678816,0.0965587350,0.0904715270,0.0870230433,0.0905137906,0.83260735,-0.10924546,-0.14629177,-0.03386072,0.21043621,0.95480007,-0.07171719,0.82037982,0.79853379,0.79272528,0.87065732,0.87932911,0.87983058,0.76750551,0.83444840,0.81387927,0.93941357,0.83298687,0.87841027,0.78295609,0.76841508,0.76984960,1.26462824,0.78877371,0.97544176,0.77982924,0.80599444,0.83896224,0.85626221,0.82599093,0.76209155,0.80478142,0.86012430,0.83940974,0.81254118,0.84585464,0.81895805,0.83518670,0.83919203,0.81740888,0.82975307,0.82766756,0.82838305,0.81775135,0.84038095,0.82770280,0.86151184,0.81053977,0.82708066,0.82313841,50,0.0303098812,0.1167101948,0.0864003136,11.3477282563,0.0516810023,0.0660839983,-0.0635405996,1.5863771375,2.29715914,2.31393060,0.01677146,2.21287205,0.49507731,-0.08180094,-0.01557474,1.05521368
30,0x7eab6000,0x6570e000,0,0,1,185.25,-0.0016267367,0.0027860479,0.0816721972,0.0771210882,0.0751795997,0.0825526598,0.0823510209,0.0783293637,0.0792802864,0.0815060129,0.0808861187,0.0815392316,0.0782972165,0.0793778882,0.0816721972,0.0794103925,0.0814727034,0.0834967910,0.0762931339,0.0816721972,0.0728026916,0.0790525785,0.0729242193,0.0815060129,0.0792152778,0.0804585599,0.0816057598,0.0791175872,0.0750862881,0.0805900958,0.0815724503,0.0775029149,0.0815392316,0.0750552125,0.0769938415,0.0743742043,0.0740052482,0.0728634969,0.0760100673,0.0773120015,0.0736978126,0.0780397760,0.0749308254,0.0771847549,0.0739130091,0.0794429857,0.0761673170,0.0750862881,0.0791175872,0.0795079943,0.04065544,0.05161894,0.02274123,-0.00178514,-0.00084974,0.01072845,0.01842482,0.01158436,0.01670597,0.02462885,0.01173282,-0.00216051,0.02720779,0.02242195,0.01072230,0.01661035,0.01314552,0.04098439,-0.00458282,0.02527962,0.00976224,0.02742798,-0.00769691,0.00802950,0.00371004,0.00743649,0.00182211,0.01109290,-0.00323268,0.00261472,-0.00787620,0.00655851,0.03339860,0.00850907,0.00078972,-0.00070388,-0.00302407,-0.00148987,0.00657823,0.01135282,0.00808234,0.00640015,0.00280838,0.00101867,0.01114498,0.00344728,0.02063534,-0.00748272,0.02594872,0.00953219,50,0.0242551810,0.0990460997,0.0747909187,13.3139679910,0.0638217984,0.0686625053,-0.0630333771,1.2477852143,2.31478496,2.28675817,-0.02802678,-4.96917315,0.67168791,-0.05596617,0.00130695,1.05884387
31,0xa0cc000,0x325fc000,0,0,1,185.45,-0.0213330859,-0.0202524142,0.0532643472,0.0564108935,0.0578487526,0.0585379446,0.0565396577,0.0552036905,0.0532021960,0.0531088844,0.0586037574,0.0532955076,0.0553946039,0.0566039520,0.0555536405,0.0521833072,0.0598502562,0.0597838188,0.0531399600,0.0598834749,0.0595843251,0.0586694805,0.0497209636,0.0577185577,0.0542825105,0.0609323577,0.0519065901,0.0512846113,0.0598502562,0.0578487526,0.0576860534,0.0554263938,0.0597172906,0.0513454167,0.0532955076,0.0552355673,0.0506465288,0.0491776380,0.0583734575,0.0556809740,0.0519681107,0.0576860534,0.0521218705,0.0572956462,0.0577185577,0.0503816253,0.0594845782,0.0521525888,0.0584392703,0.0545970957,-0.40157529,-0.38634886,-0.42890346,-0.45555537,-0.45020192,-0.44492815,-0.43823510,-0.44107706,-0.45750154,-0.45353153,-0.44567816,-0.44948341,-0.43838217,-0.43858580,-0.43822552,-0.45992288,-0.44272345,-0.44955017,-0.45226176,-0.44281608,-0.44296331,-0.43921676,-0.44019944,-0.45824050,-0.45103010,-0.44429091,-0.45366648,-0.44892513,-0.45627672,-0.45627468,-0.42845539,-0.43996546,-0.44895495,-0.42026028,-0.45378420,-0.43360713,-0.44617818,-0.44541195,-0.44199867,-0.44068814,-0.44689753,-0.44862719,-0.45609255,-0.41989065,-0.44314589,-0.45760581,-0.45397752,-0.44450689,-0.43978238,-0.44824764,50,0.0279162863,0.0979189458,0.0700026595,12.4716197181,0.0618153675,0.0506233917,-0.0552427803,1.5235910514,2.25259074,2.27408727,0.02149652,3.90769709,0.72014983,-0.05126502,0.02696964,1.01950077
32,0x2f21a2000,0x2a797c000,7,7,1,185.43,-0.0011407329,-0.0011149976,0.0779109107,0.0712946314,0.0767320107,0.0763458938,0.0808894959,0.0783013179,0.0779109107,0.1882527628,0.0754915002,0.0802088843,0.0776832029,0.0799096437,0.0995600498,0.0873670908,0.1014422532,0.0941478122,0.1112055897,0.0809567395,0.0788289720,0.0755551670,0.0873670908,0.1100818596,0.0873313718,0.0873670908,0.0807214330,0.0980451020,0.0796436218,0.2252297564,0.0822068121,0.0776832029,0.0788618335,0.0752370070,0.0806878571,0.0834605634,0.0787302977,0.0787961105,0.0793880667,0.0716592974,0.0795771843,0.0792565308,0.0843017311,0.0778133978,0.0785987618,0.0772145691,0.0983990425,0.1076667470,0.0747579301,0.0789933694,0.02855990,0.03308026,-0.01065027,-0.00745665,-0.00745783,-0.00596052,-0.00194877,0.00770246,0.00451750,0.15672508,0.00277392,0.02328921,0.00112413,-0.01273200,0.70804034,0.98534346,0.75392752,1.18919919,1.19811055,0.02040645,0.00853807,0.01311580,0.00020281,0.78691295,0.94039863,0.96456932,0.94764687,0.81942593,0.95927110,1.16504645,0.85187695,0.97066853,0.01827013,-0.00568748,0.01871965,0.00943104,0.00392505,-0.00280111,-0.00615639,0.00487795,-0.00264829,0.00931314,0.87014697,0.00061913,-0.00567171,-0.00628347,0.97988339,1.14859753,0.64419275,0.01096121,50,0.0380568314,0.1042273964,0.0661705650,11.8545248910,0.1403469358,0.0503615943,-0.0400987520,1.9438683454,2.59032687,2.42240161,-0.16792526,-30.04303310,1.14702170,-0.10819778,0.02847370,1.07008475
33,0x1e3f54000,0x19e684000,4,4,1,185.44,-0.0064592776,0.0087570131,0.0792204863,0.0766738393,0.0832228670,0.0755935248,0.0840661788,0.0788666043,0.0822415850,0.0810937605,0.0832228670,0.0818093788,0.0800123735,0.0852133907,0.0807319247,0.0830213199,0.0818759069,0.0778177226,0.0810937605,0.0827860134,0.0807647862,0.0823081132,0.0785770166,0.0778177226,0.0820754007,0.0813239707,0.0757489875,0.0810608092,0.0821751476,0.0820754007,0.0809950862,0.0820088725,0.0831557152,0.0822748037,0.0810937605,0.0842699628,0.0800773821,0.0810608092,0.0819756538,0.0831892911,0.0767682234,0.0830884717,0.0742672005,0.0824078600,0.0767052720,0.0844057878,0.0767367048,0.0764535523,0.0757179120,0.0776586860,0.00832137,0.07031223,-0.01891286,-0.00613121,-0.01710123,-0.01127461,-0.02719150,-0.02736440,-0.01439961,-0.02090422,-0.01605274,-0.00161305,-0.01091915,0.02807629,-0.01658968,0.02378600,-0.03224483,-0.01364853,-0.00502990,-0.01917540,-0.01883188,-0.00809667,-0.00874106,-0.01146184,-0.00408876,-0.00756328,-0.03231834,-0.01343281,-0.00892271,-0.00957475,-0.01589156,-0.02610001,-0.01331371,-0.02170370,-0.03826414,-0.01396733,-0.01815336,-0.01554523,-0.01474749,-0.02035270,-0.02465214,-0.01354127,-0.01856891,-0.01853098,-0.00120878,-0.01950030,-0.01012715,-0.02992724,-0.01014730,-0.01312012,50,0.0312199649,0.1019597637,0.0707397988,12.6458782828,0.0705620797,0.0387715561,-0.0650441816,1.7816040438,2.34912575,2.32925928,-0.01986646,-3.48422872,0.87983519,-0.11264929,0.03345186,1.04993275
34,0x896e6000,0x8fbe6000,6,6,1,185.44,-0.0124890994,-0.0168203587,0.0619453657,0.0655151937,0.0578671631,0.0577456354,0.0598780594,0.0662666237,0.0578671631,0.0660671299,0.0631865037,0.0673469382,0.0642361008,0.0651204963,0.0665657735,0.0695418685,0.0651863092,0.0598158233,0.0652520322,0.0606762939,0.0641059947,0.0623907723,0.0628647688,0.0609908792,0.0617544523,0.0684272527,0.0658344174,0.0577152742,0.0621044023,0.0617544523,0.0608964950,0.0618499090,0.0650876348,0.0632508858,0.0595981245,0.0663663705,0.0660338204,0.0609279278,0.0673469382,0.0588580980,0.0650547733,0.0678173676,0.0595669641,0.0640734015,0.0673469382,0.0609279278,0.0629934452,0.0652849835,0.0652520322,0.0669100846,0.04883641,0.03262942,0.00179107,0.00684951,0.00333173,-0.01780095,-0.00425738,-0.00145791,-0.00362686,-0.00842126,-0.00447165,-0.00366619,-0.00151309,-0.00968267,-0.00571385,0.00318471,0.01586727,-0.00662014,0.01175515,0.00941853,0.01144278,0.00556654,-0.00413492,-0.00537465,-0.01715953,0.00548298,-0.00077364,-0.01875694,0.00281115,-0.01040242,0.00345890,-0.00082059,0.00454243,-0.00397166,-0.00622918,0.00843021,0.01582216,0.02074891,0.00042636,0.03394985,0.01068656,0.01958111,0.00295287,0.01979167,0.00470960,0.00527817,-0.00582911,0.03292314,-0.01418230,0.02001552,50,0.0265524490,0.0985324089,0.0719799599,12.8653311781,0.0777279017,0.0460827456,-0.0722033706,1.5087149211,2.27347490,2.25802885,-0.01544605,-2.76066840,0.79891170,-0.05101871,-0.01433031,1.05097186
35,0x9e8f4000,0x2fe578000,6,7,0,129.92,-0.0162324236,-0.0097827189,0.0797668313,0.0819635788,0.0841617489,0.0798036219,0.0861665807,0.0799877760,0.0823389363,0.0820761963,0.0865951713,0.0831193298,0.0808092495,0.0799877760,0.0834603998,0.0828919498,0.0850876186,0.0848945251,0.0903607896,0.0916016690,0.0817383438,0.0800982484,0.0862055145,0.0816633338,0.0907243830,0.0855122768,0.0863224222,0.0811437826,0.0802455113,0.0850876186,0.0785048549,0.0799140943,0.0840469864,0.0863613559,0.0817008388,0.0790154205,0.0856281118,0.0896433874,0.0828919498,0.0831571920,0.0808835450,0.0812925767,0.0823014313,0.0864002897,0.0840087670,0.0800613572,0.0852806067,0.0818885688,0.0857378838,0.0848502196,-0.45977519,-0.46866976,-0.49349609,-0.48612467,-0.49606520,-0.49684065,-0.49392342,-0.49836356,-0.48722559,-0.51099972,-0.47978886,-0.49740321,-0.48300839,-0.49557162,-0.49940469,-0.49597036,-0.47907809,-0.48917417,-0.49480269,-0.49579972,-0.50431287,-0.48815009,-0.48742621,-0.49485354,-0.46987158,-0.49122465,-0.49742895,-0.48570325,-0.51901693,-0.49677954,-0.49340230,-0.49617469,-0.46365207,-0.48642509,-0.48016455,-0.49402525,-0.48270826,-0.49182493,-0.47553635,-0.49099468,-0.48372077,-0.47205085,-0.49067255,-0.47353238,-0.48661785,-0.49759411,-0.47080355,-0.50017803,-0.48069397,-0.50665442,50,0.0262909815,0.1166322007,0.0903412193,11.8648595562,0.0565986205,0.0747921572,-0.0871500384,1.4936315775,2.30466568,2.29465652,-0.01000916,-1.34979324,0.56412027,-0.03495523,-0.02923123,1.01081324
36,0x19ea54000,0x19e8e4000,4,4,1,185.10,-0.0094306761,0.0023473176,0.0695305626,0.0716626072,0.0699395320,0.0760567360,0.0704536164,0.0702627030,0.0685106972,0.0683240740,0.0736287470,0.0727443515,0.0680130636,0.0704536164,0.0682307624,0.0737602829,0.0739904931,0.0718556657,0.0715982251,0.0756198824,0.0682618380,0.0698137151,0.0723539443,0.1063656216,0.1067885504,0.0727768558,0.0758215212,0.0887431571,0.0749742774,0.0783590128,0.0694676971,0.0759560083,0.1648183646,0.0844977048,0.0791307909,0.0800363326,0.0704217396,0.0661323584,0.1644409997,0.0716626072,0.0739576316,0.0823727949,0.1146070796,0.0863979727,0.0732670010,0.0736945599,0.0736945599,0.0704536164,0.0727443515,0.0728093601,0.01825258,0.02294380,-0.00304620,0.00430726,-0.01474205,0.00913795,-0.01418817,-0.02638987,-0.00846165,-0.01971579,-0.00136279,0.00631914,-0.00825514,-0.00225948,-0.01232764,0.00070298,-0.01166153,-0.00198352,0.29112805,0.03001902,-0.00713241,0.09766805,-0.00556684,0.86184745,1.24697863,0.78895378,0.97417469,0.74544368,0.96571972,0.93709474,0.97724114,0.05872285,0.68137702,0.96816225,0.95284175,0.02447767,-0.00744286,-0.00102297,0.21333580,0.64425057,0.01738211,0.94724789,0.96823455,1.06795504,0.96281936,0.01007482,0.77593170,-0.00464721,0.02134822,-0.00674657,50,0.0275272308,0.0979464899,0.0704192591,12.6004092402,0.0477020524,0.0556649416,-0.0535062465,1.3747148570,2.24721474,2.26912034,0.02190560,3.95014244,0.56307247,-0.05938683,0.00074130,1.05703065
37,0x15c7c9000,0x3d6918000,11,5,0,129.94,0.0062261018,0.0096343607,0.0827186468,0.0913929007,0.0892733063,0.1008476246,0.0902333241,0.0947561247,0.0868017772,0.1036230329,0.0962132271,0.0958785544,0.0940926132,0.0904734654,0.1012837542,0.1019689799,0.0816021797,0.0911101425,0.0911101425,0.0949219742,0.0921872063,0.0906737107,0.0910697800,0.1705361991,0.0923910273,0.0925131863,0.0965377201,0.0861492613,0.0851830281,0.0845935822,0.0883507616,0.0851065894,0.0846093199,0.0852977907,0.0839872700,0.0874252492,0.0820111099,0.0852977907,0.0859176966,0.0890352009,0.0813418406,0.0806336999,0.0851448088,0.0857246031,0.0807441723,0.0795537325,0.0834946477,0.0841767878,0.0863423548,0.0856802976,0.61138333,0.54582596,-0.06150356,0.53963303,0.44517135,0.45575608,0.44807684,0.46749947,0.49099349,0.67666228,0.43825687,0.47192937,0.46059311,0.46297488,0.39467509,0.49190180,0.45231863,0.48140784,0.32906578,-0.06865225,0.53289037,0.45011334,0.40427757,0.35730684,0.47422682,0.43698360,0.40073473,0.40054747,-0.49514182,-0.49660337,-0.48813471,-0.48626518,-0.50936986,-0.51851683,-0.51376908,-0.51740192,-0.50944792,-0.49732949,-0.51297631,-0.50535858,-0.53530767,-0.53683439,-0.51286101,-0.52287834,-0.50989270,-0.51088997,-0.51743959,-0.51131317,-0.50872293,-0.51422249,50,0.0295467611,0.1195684080,0.0900216469,11.8317886627,0.1092469784,0.0749104535,-0.0821991125,1.3951383084,2.41227624,2.43773834,0.02546211,3.32570699,1.01548870,-0.01657510,-0.06258418,1.06852935
38,0x14f231000,0x16aeed000,11,11,1,185.51,-0.0026396564,0.0124604322,0.0786005727,0.0761074843,0.0783345507,0.0772535219,0.0730238016,0.0715996142,0.0772535219,0.0761724930,0.0720972478,0.0803607834,0.0772864732,0.0787335382,0.0773521962,0.0750593170,0.0740423120,0.0738196087,0.0810400014,0.0761074843,0.0715996142,0.0729294174,0.0721283234,0.0772864732,0.0707366302,0.0729294174,0.0787335382,0.0760423869,0.0773193347,0.0804966085,0.0752201405,0.0791131213,0.0752201405,0.0771877988,0.0749306406,0.0768259630,0.0793820037,0.0780020914,0.0794492472,0.0763025991,0.0718795490,0.0763025991,0.0773850577,0.0750271698,0.0775166833,0.0772206603,0.0795163990,0.0783013320,0.0771877988,0.0718173130,0.04874991,0.04967064,-0.02448153,-0.02728691,-0.01429225,-0.02842624,-0.00153756,-0.02334623,0.01495091,-0.01784554,-0.01660900,-0.01381529,-0.01565259,-0.02958888,-0.01227875,-0.03410155,-0.02082149,-0.03274375,-0.01690481,-0.02398245,-0.01116040,-0.03159304,-0.00868201,-0.02435635,-0.01962075,-0.03831667,-0.01605135,-0.02722463,-0.01888480,-0.02143954,-0.00264190,-0.02385068,-0.01983557,-0.03051543,-0.02044575,-0.02772430,-0.03639311,-0.01832225,-0.03259455,-0.03431319,-0.03818166,-0.03794972,-0.02782068,-0.03394565,-0.03850479,-0.03753551,-0.01869552,-0.02968241,-0.01350662,-0.03334095,50,0.0349390131,0.1032318882,0.0682928752,12.2154237402,0.1106307538,0.0521999052,-0.0454559447,1.8762255440,2.41176634,2.35785168,-0.05391467,-9.60082150,1.03925553,-0.14651632,-0.00432110,1.08894411
39,0x2754e8000,0x1c85f4000,1,4,0,129.84,0.0105931292,-0.0014422708,0.0916170733,0.0913110051,0.0882985040,0.0919230371,0.0925439102,0.0906493061,0.0891540182,0.0937408516,0.0923122401,0.0837613300,0.0883356518,0.0948218473,0.0907251339,0.0952150787,0.0919230371,0.0902704773,0.0892291307,0.0913110051,0.0927370037,0.0894918707,0.0894918707,0.0852370019,0.0915405302,0.0906114439,0.0860642164,0.0897171057,0.0902325117,0.0915405302,0.0929299918,0.0893792532,0.0915787495,0.0950185167,0.0916170733,0.0879638694,0.0968638240,0.0879638694,0.0904977539,0.0947432654,0.0905357195,0.0907251339,0.0884100489,0.0927370037,0.0946645761,0.0891165132,0.0904598917,0.0928141568,0.0861371828,0.0903840639,-0.02929858,-0.02567128,-0.08356925,-0.07165566,-0.09252167,-0.08175043,-0.08327464,-0.07971213,-0.09025435,-0.06928713,-0.08558731,-0.09149947,-0.09549086,-0.07614561,-0.09334506,-0.09050377,-0.08140934,-0.09358567,-0.07281508,-0.08814136,-0.08862454,-0.09610331,-0.07835665,-0.08370973,-0.09255733,-0.10077087,-0.09793905,-0.10428351,-0.09964375,-0.08901094,-0.09106924,-0.09293193,-0.08053311,-0.08279209,-0.09445662,-0.08626270,0.78302436,-0.08619650,-0.08465707,-0.06902084,-0.08745479,-0.08849245,-0.08270358,-0.10342944,-0.08993634,-0.08455801,-0.08559765,-0.08063130,-0.09033855,-0.08904447,50,0.0286830432,0.1157398775,0.0870568344,11.4316485030,0.0397071506,0.0628861040,-0.0793015572,1.7761000330,2.28283223,2.29999137,0.01715914,2.28088838,0.50555094,-0.05652966,-0.00786941,1.04315945
40,0x39f826000,0x3f5a0a000,5,5,1,185.51,-0.0078782162,0.0039873604,0.0788701160,0.0763770277,0.0765396381,0.0740254853,0.0800884006,0.0702597237,0.0745663486,0.0789033347,0.0777862267,0.0798195183,0.0754575367,0.0718379971,0.0721179319,0.0742163987,0.0719935447,0.0718691575,0.0783713816,0.0697431689,0.0763770277,0.0797187906,0.0764095320,0.0699863072,0.0699863072,0.0774902037,0.0760191248,0.0753932424,0.0796179711,0.0718069215,0.0777862267,0.0794163323,0.0763119302,0.0738982386,0.0752001839,0.0785708754,0.0802227960,0.0774902037,0.0764746294,0.0774573422,0.0818471918,0.0752001839,0.0763770277,0.0709754552,0.0724911783,0.0750392726,0.0796179711,0.0777862267,0.0722112435,0.0728843755,-0.39941274,-0.39834203,-0.43420033,-0.44589505,-0.43349963,-0.43643393,-0.44581596,-0.43522143,-0.44656541,-0.43650641,-0.43080030,-0.44885486,-0.46734880,-0.44150949,-0.43239285,-0.44564925,-0.45628702,-0.43196437,-0.43623064,-0.44624272,-0.43573589,-0.42915638,-0.44784846,-0.44895646,-0.45262117,-0.43564792,-0.44442474,-0.45876898,-0.43426060,-0.45065430,-0.45094056,-0.45920344,-0.42927013,-0.44569562,-0.44584270,-0.44264134,-0.43133376,-0.42888280,-0.44824434,-0.44299747,-0.42618733,-0.44307895,-0.44141781,-0.46167106,-0.45232091,-0.44804077,-0.44852824,-0.44087313,-0.45457630,-0.44162502,50,0.0291373590,0.0990460319,0.0699086729,12.4954792206,0.0569895760,0.0639729675,-0.0617654901,1.2059122895,2.33659146,2.28074591,-0.05584555,-10.01191229,0.66709921,-0.04139281,0.02646831,1.01484261
41,0x223a71000,0x160654000,8,2,0,129.79,-0.0192165191,0.0682774857,0.0668568497,0.0661558588,0.0682010470,0.0682392663,0.0671600576,0.0682774857,0.0667052975,0.0684304676,0.0675389898,0.0572734423,0.0672357819,0.0672357819,0.0658556138,0.0664185988,0.0663435888,0.0687747552,0.0673874376,0.0633171003,0.0701292150,0.0680861800,0.0649643816,0.0641432654,0.0693184751,0.0673494720,0.0629159345,0.0705925697,0.0670084019,0.0696658748,0.0663435888,0.0673874376,0.0650758250,0.0658556138,0.0671600576,0.0696658748,0.0676905420,0.0672737476,0.1880350896,0.0687365358,0.0868523601,0.0663435888,0.1161037349,0.0676526798,0.0744723445,0.0817432522,0.0707484111,0.0746743776,0.0734752914,0.0739957980,0.02025008,0.10435706,-0.02267558,-0.03051148,-0.03178451,-0.01301704,-0.00846414,-0.02532236,-0.01135035,-0.02553066,-0.02372165,-0.03919856,-0.02129266,-0.04469862,-0.02743420,-0.02066581,-0.03356842,-0.02832095,-0.01764497,-0.02967034,-0.03479338,-0.02602400,-0.03286205,-0.04762082,-0.03998711,-0.04638076,-0.00454304,-0.03831121,0.00353798,-0.04224828,-0.01056161,-0.03312764,-0.03400275,-0.03270220,-0.03185831,-0.03278259,-0.00715230,-0.03727105,0.09251436,-0.02111017,0.01230165,-0.02043609,0.20239259,0.72265446,0.93490401,0.49414924,0.92885695,0.93664593,0.95697156,0.92773781,50,0.0245599754,0.1149341158,0.0903741404,11.8716814859,0.0435553610,0.0798460670,-0.0797043247,1.3723895118,2.26556576,2.25908823,-0.00647753,-0.86459360,0.47837945,-0.04184964,-0.04687203,1.04033005
42,0xdb5fe000,0xdb7f4000,6,6,1,185.48,-0.0007056706,0.0024330335,0.0778548460,0.0748691232,0.0745581128,0.0801427207,0.0803072078,0.0952571307,0.2143943740,0.0854020429,0.0910481119,0.0897147205,0.0790306172,0.0729501927,0.0829739873,0.0771266266,0.0746203488,0.0751179824,0.1447556861,0.0834494770,0.0801427207,0.0857488016,0.0888152328,0.0771584165,0.0740340820,0.0758243352,0.1134029983,0.0814550323,0.0803729308,0.0890297422,0.0748069721,0.0736651258,0.0733884087,0.0770948366,0.1527032245,0.0704559752,0.0749002837,0.0736651258,0.0802085335,0.0822347671,0.1159036160,0.1680849513,0.0845298025,0.0835173431,0.2006202031,0.0804716052,0.0792908294,0.0799782335,0.0729501927,0.0795836348,0.04387467,0.04713557,-0.01824547,0.02595658,-0.02815440,-0.02732484,-0.00695754,0.84751085,1.14319926,1.06303644,1.07166645,1.13054110,0.62521390,0.00147732,0.18657928,-0.02091965,-0.00184050,0.03531791,0.04983167,0.97363238,0.94943028,0.95270136,0.94303108,0.98874193,-0.00732259,0.00549641,0.14269769,0.94214392,0.00081784,0.93600366,-0.00812729,0.00005254,-0.02020361,-0.02546438,0.67532787,-0.00851364,0.00598378,-0.00211014,-0.01128230,0.94449430,0.61823482,1.06725793,1.17062412,1.14100048,0.78762687,0.01101174,0.00975257,0.01195518,0.01360752,-0.00821368,50,0.0281304352,0.0980810833,0.0699506481,12.5208747362,0.0652685017,0.0450988917,-0.0459645898,1.6660607572,2.40314631,2.32743219,-0.07571412,-13.53173871,0.62588493,-0.08461588,0.03116255,1.06546388
43,0x8e906000,0x112d1000,6,9,0,127.04,0.0013410120,-0.0040408955,0.0865282127,0.0879449248,0.0865653605,0.0842609659,0.0864165663,0.0878323073,0.0793921062,0.0845527319,0.0844797655,0.0866025083,0.0836525510,0.0824986432,0.0846985651,0.1286047515,0.1038332538,0.1811268602,0.0999724227,0.0981904134,0.0835803986,0.0841151327,0.0824986432,0.0879824299,0.0844068987,0.0855229423,0.0856334147,0.0863794185,0.0864165663,0.0842974989,0.0850442623,0.0892165108,0.0889133030,0.0816292633,0.0925071237,0.0842609659,0.0853387882,0.0844797655,0.0878323073,0.0844797655,0.0835803986,0.0864909634,0.0856702053,0.0834720713,0.0888375786,0.0835803986,0.0885343708,0.0823913885,0.1899581004,0.0962382087,0.04207457,0.04820215,-0.01024721,0.01199412,-0.00750844,0.02273873,-0.00634979,0.02888428,-0.01268133,0.01664762,-0.00727571,0.00699730,-0.02907391,-0.00762620,-0.01715737,0.17549391,0.91435546,0.81707375,1.22451379,1.21267416,0.05095630,-0.02893943,-0.01654028,-0.00933155,-0.01744095,-0.01822871,-0.02703030,-0.00626465,-0.00789817,-0.01984528,-0.02002901,-0.02134766,-0.01103396,-0.01276546,-0.00971013,-0.02057495,-0.01977937,-0.01123697,-0.01007568,0.00073487,-0.01588508,-0.01859044,-0.01752500,-0.01693933,0.00114211,-0.01710347,-0.01249262,-0.01136856,0.11268683,0.98843120,50,0.0293442644,0.1168661607,0.0875218963,11.3849116311,0.1160496966,0.0813481662,-0.0642497417,1.2294211279,2.32135501,2.39955297,0.07819796,10.24043474,1.09855606,0.02511622,0.00987833,1.08249198
44,0x356bd1000,0x31e1fd000,10,10,1,185.28,-0.0072790708,0.0025073981,0.0803172196,0.0780900634,0.0781544455,0.0759916825,0.0751279943,0.0824799937,0.0805474298,0.0771366384,0.0778648578,0.0770730585,0.0783796511,0.0802842683,0.0772957618,0.0778648578,0.0753767686,0.0792358326,0.0810660566,0.1461723908,0.0824463261,0.0817642847,0.0780579163,0.0802514068,0.0729905657,0.0748169839,0.0789755316,0.0782187398,0.0823119308,0.0747547478,0.0813986067,0.0769139351,0.0791382308,0.0813320785,0.0783796511,0.0729602045,0.0753767686,0.0760859808,0.0783796511,0.0751279943,0.0769457250,0.0834934219,0.0757085301,0.0790731333,0.0727475103,0.0740440938,0.0780579163,0.0749102955,0.0780900634,0.0784117983,0.05063012,0.03587926,-0.00078721,-0.02626428,-0.00765758,-0.02818134,-0.01107111,-0.02776969,-0.00748532,-0.03395409,-0.01582516,-0.02524764,-0.02420043,-0.02061562,-0.00901340,-0.03473124,-0.02008445,-0.03091536,-0.02683449,0.03085522,-0.02527662,-0.02315187,-0.04155614,-0.03186806,-0.03083878,-0.03659272,-0.02915082,-0.02474453,-0.01675424,-0.02944309,-0.01279815,-0.03369130,-0.02964749,-0.01657124,-0.02537862,-0.03109383,-0.02597556,-0.03400976,-0.03690303,-0.03721427,-0.03304625,-0.03780572,-0.03427871,-0.03026459,-0.01872376,-0.04496183,-0.03077380,-0.03379762,-0.02539863,-0.01119518,50,0.0326349696,0.1006928924,0.0680579228,12.1899442271,0.0903438114,0.0564107504,-0.0597566882,1.4833368134,2.42047096,2.35755725,-0.06291371,-11.23497172,0.86901389,-0.06255908,0.07122297,1.04355707
45,0x2376d3000,0x3dd1f1000,8,12,0,127.08,0.0009694908,-0.0032287883,0.0908347062,0.0843088651,0.0828931240,0.0903584954,0.0981512834,0.0939566080,0.0929570518,0.0954891827,0.1356605858,0.0842713601,0.0925934583,0.1003098115,0.0937120673,0.0960757340,0.0907949497,0.0914356695,0.0888278400,0.0868151439,0.0897139541,0.0834137006,0.0830419182,0.0860883494,0.0884381832,0.0961587154,0.0872043469,0.0840837325,0.0876291105,0.0877449455,0.0929570518,0.0861265688,0.0921163068,0.0973230506,0.0820731818,0.0881654341,0.0827444314,0.1013458002,0.0942010375,0.0962831309,0.0921964267,0.0883602093,0.0830419182,0.0858206050,0.0917159255,0.0915156802,0.0929570518,0.0927147664,0.1361435567,0.0872430288,0.53980594,0.51805107,0.45871289,0.43877967,0.40752006,0.44027222,0.44074749,0.37261594,0.44789980,0.40971714,0.64112974,0.48602948,0.51045245,0.47130322,0.50562894,0.46497857,0.47774367,0.49554160,0.47251874,0.45935180,0.48113077,0.47353512,0.45857716,0.46599125,0.48915787,0.28632415,0.46160543,0.49239541,0.48160711,0.43661678,0.46606418,0.47439309,0.28016552,0.45099342,0.47717316,0.47308367,0.44451106,0.48410969,0.34140071,0.48422500,0.46963199,0.48882494,0.38330901,0.44736219,0.66278108,0.46500154,0.47609789,0.35495210,0.48427199,0.45165589,50,0.0261154350,0.1139344064,0.0878189714,11.3944768207,0.0473958539,0.0751211540,-0.0641157136,1.2741848713,2.37221249,2.31668043,-0.05553206,-7.23151029,0.56596982,-0.05005099,-0.05994219,1.07253676
46,0x2840d9000,0x2f244f000,14,14,1,185.49,-0.0108281698,-0.0107831228,0.0637736000,0.0659999520,0.0619275673,0.0604704315,0.0638057471,0.0618016645,0.0681284339,0.0619275673,0.0637413650,0.0660329033,0.0659342290,0.0649840206,0.0595445810,0.0627568654,0.0656382060,0.0657039290,0.0657697418,0.0602838083,0.0671142904,0.0603148839,0.0637413650,0.0667817403,0.0639988056,0.0638701292,0.0606259792,0.0638701292,0.0594523420,0.0618016645,0.0608436779,0.0657039290,0.0649515163,0.0659670905,0.0603148839,0.0648539145,0.0587062494,0.0653093303,0.0659342290,0.0647888170,0.0660986263,0.0653093303,0.0650490292,0.0637736000,0.0659670905,0.0669480153,0.0658684162,0.0581896945,0.0823301366,0.0650490292,0.00138852,-0.00782598,0.11951761,-0.05500924,-0.04802499,-0.05397975,-0.02672468,-0.04771149,-0.02415586,-0.04462217,-0.02129978,-0.05012827,-0.03254496,-0.03735506,-0.03496545,-0.04581580,-0.03760190,-0.04844892,-0.04033196,-0.05074484,-0.02179613,-0.04160532,-0.02978533,-0.04710992,-0.05375026,-0.05633789,-0.04548496,-0.04436990,-0.04899997,-0.05290606,-0.04540525,-0.05593893,-0.04281252,-0.03734897,-0.03578495,-0.02676443,-0.04538844,-0.04596603,-0.04269086,-0.06461669,-0.04374304,-0.04591500,-0.03373865,-0.05885934,-0.03913720,-0.05271602,-0.02460455,0.77619533,0.00807145,0.30494052,50,0.0288409427,0.0992454831,0.0704045404,12.5863632590,0.0731704527,0.0520584262,-0.0606474560,1.5986880971,2.40239074,2.26973490,-0.13265584,-23.72412411,0.77609273,-0.05521841,0.00290391,1.02903582
47,0x3c9a54000,0x33bf4a000,5,3,0,127.10,-0.0246556141,0.0166294064,0.0754296711,0.0711991732,0.0758661254,0.1037677374,0.0682270376,0.1532166131,0.0693446789,0.0681155942,0.0657754806,0.0726240993,0.0685616722,0.0693070714,0.0787413405,0.1531510686,0.0672575868,0.0724696877,0.0934293215,0.0704249601,0.0693446789,0.0690818364,0.0766265040,0.0671471144,0.0770669999,0.1504967993,0.0855063610,0.1186610649,0.0847668316,0.0820155050,0.0800244809,0.0770669999,0.0729716044,0.0767066240,0.0788636108,0.0733151917,0.1709019536,0.0840861603,0.0735490070,0.2751554950,0.0876663179,0.0909061980,0.0702734079,0.0658848804,0.0713904789,0.0673312686,0.0821411071,0.0836416735,0.0782294359,0.0754693192,-0.08999579,0.53296500,0.64153287,0.62485258,0.57716080,0.32668290,-0.22238380,-0.04422532,0.39334631,0.46213781,-0.32218347,0.31257603,-0.32775218,-0.32574733,0.59807562,0.67708818,-0.31965737,-0.21562619,0.55487288,0.63940095,0.67052854,0.65778802,0.67662727,0.29474488,0.63055335,0.66643516,0.66834964,0.36839670,0.65485664,0.63935819,0.64712001,0.63930747,0.56690967,0.64321987,0.45619902,0.66469679,0.41174676,0.79783080,0.85056081,0.71754728,0.66115928,0.64006426,0.61353510,0.68702589,0.65458444,0.64902252,0.65567507,0.84608628,0.73511883,0.71541063,50,0.0295098745,0.1138360931,0.0843262186,10.9299464147,0.0477914600,0.0661286043,-0.0721506144,1.4298650673,2.46461203,2.31327332,-0.15133871,-19.58951519,0.61327664,-0.10589168,0.07569810,1.07525524
48,0x9e0ea000,0x160658000,6,2,0,127.10,-0.0151148045,-0.0128326283,0.0668056731,0.1120548439,0.0845382763,0.0823336691,0.1416930998,0.1093950790,0.0829048828,0.0853008001,0.0958386618,0.0967405822,0.0897450188,0.0818271047,0.0785936600,0.0779663518,0.0806720631,0.1038446087,0.0894547537,0.0831408432,0.0861383276,0.1723632265,0.0974880675,0.0841414701,0.0799392869,0.0854610400,0.0870531156,0.0979942180,0.2021719999,0.0759125770,0.0855410507,0.0818271047,0.0766610830,0.0777411168,0.1085807456,0.0962749105,0.0906169439,0.0813283914,0.0849805388,0.0755811599,0.0867443167,0.0876644673,0.0907842231,0.0905751526,0.0783284177,0.0767726279,0.0770701148,0.0777787243,0.0885818693,0.0973122098,-0.00372353,0.08074590,0.17457841,0.12967687,0.86571331,-0.02850515,0.02529891,0.93564694,0.98335606,0.94912560,0.65080136,0.94401282,0.94558063,0.97506053,0.95777225,0.86091830,0.97486082,0.84402369,0.94899057,0.86934467,0.95826887,0.94423638,0.70267927,0.94135321,0.92525216,0.96252029,0.88774751,1.41324693,1.09586104,0.99304231,0.94547617,1.00510245,0.95394049,1.00648349,1.10007557,0.94523785,1.01057956,0.91946872,0.92169778,0.94860914,0.97286116,0.96829943,1.04984533,0.97792270,0.93429996,0.92516479,0.93833905,0.96735747,0.46184987,0.97550546,50,0.0268521527,0.1125254854,0.0856733326,11.0916366625,0.0469481699,0.0674743302,-0.0807064855,1.4412896712,2.26361420,2.26659341,0.00297921,0.37710685,0.58770880,0.00789523,0.00182181,1.00485043
49,0x11fd12000,0x15a7dc000,2,2,1,185.34,0.0132242972,0.0004378732,0.0662548302,0.0629752548,0.0606709377,0.0533821752,0.0535484503,0.0544978525,0.0447557250,0.0507625566,0.0480031119,0.0464852557,0.0443911419,0.0544978525,0.0482548316,0.0500715767,0.0502324002,0.0525302840,0.0510553619,0.0555124450,0.0522343507,0.0532159909,0.0501358709,0.0522343507,0.0552747279,0.0522013994,0.0538143814,0.0522343507,0.0441176424,0.0607066567,0.0542963054,0.0488947329,0.0465785674,0.0995722479,0.0663299427,0.0770240421,0.0548671600,0.0555124450,0.0553766199,0.0522343507,0.0554105530,0.0532824283,0.0533489565,0.0511529637,0.0475941426,0.0481604475,0.0486719427,0.0540946666,0.0565599100,0.0486401528,-0.02179305,0.69262406,0.36589266,0.84788917,0.86509521,0.61704831,-0.30216062,-0.30390619,-0.30145195,-0.31567098,-0.31417262,-0.30755058,-0.30799955,-0.30963797,-0.30611764,-0.32552182,-0.31641522,-0.30757207,-0.32976521,-0.29421005,-0.32464902,-0.32074552,-0.28098796,-0.30980690,-0.28444919,-0.31929594,-0.30615848,-0.30686928,-0.30518915,0.53770339,-0.28794059,-0.30443368,-0.29874649,0.50265653,0.67877316,0.63029378,0.91673292,0.84682764,-0.27161095,-0.30917186,-0.30163983,-0.29215389,-0.30554747,-0.30173615,-0.31474106,-0.30638266,-0.30215952,-0.31622845,-0.29426460,-0.32502994,50,0.0365684467,0.1044520716,0.0678836249,12.1483515398,0.1285222757,0.0460314606,-0.0537305251,1.7458985552,2.52872442,2.43119756,-0.09752686,-17.44666633,1.13445526,-0.15752354,-0.05992075,1.11448026
50,0x33bcf7000,0x9bda000,10,0,0,129.74,0.0183181534,-0.0153710595,0.0832199995,0.0841890930,0.0905648180,0.0776560397,0.0868083626,0.0851946180,0.0910351773,0.0821361435,0.0872015940,0.0807546896,0.0820235260,0.0816481685,0.0838065860,0.0820235260,0.0788114536,0.0848472182,0.0818357960,0.0852718765,0.0872802833,0.0792686956,0.0848472182,0.0814979435,0.0822111535,0.0787020538,0.0894831070,0.0820235260,0.0893629817,0.0831063095,0.0817231785,0.0809033822,0.0821736485,0.0836152803,0.0830683438,0.0851946180,0.0818357960,0.0841890930,0.0890426111,0.0853877115,0.0816106635,0.0859261804,0.0785926540,0.0797473757,0.0818734035,0.0882028279,0.0843420749,0.0835005178,0.0838448054,0.0916465290,0.04778604,0.00224186,-0.02004793,-0.00882275,-0.02025543,0.00888484,-0.01103126,0.00353601,0.00716818,0.00807003,-0.01763677,0.01283775,-0.01873424,0.01916202,-0.00540904,-0.00793626,-0.02138092,-0.00589821,-0.01097716,0.00323369,0.00172890,-0.02867537,0.01219674,-0.00894167,-0.00368133,-0.02133530,-0.00964211,-0.00516416,0.00114385,-0.01387092,-0.02039806,-0.00823446,0.00066291,-0.01692564,-0.02599013,-0.00713042,-0.01568500,-0.00790619,-0.00196395,0.00833820,-0.02106344,-0.01046005,-0.02165363,-0.01658581,-0.01937082,-0.01307131,-0.00537196,-0.01905129,-0.00080854,0.01023057,50,0.0310526220,0.1175846583,0.0865320364,11.3600412720,0.0907512157,0.0841614580,-0.0745488688,1.5147790032,2.47247950,2.33253767,-0.13994183,-18.42530984,0.84139898,-0.13007199,0.06934265,1.10323621
51,0x16070e000,0x15c58a000,2,2,1,185.31,-0.0106961180,-0.0150617066,0.0678746966,0.0680048915,0.0613167457,0.0642166440,0.0713434368,0.0709737350,0.0661326909,0.0723557924,0.0716794710,0.0642166440,0.0647671768,0.0620459947,0.0649873778,0.0703628692,0.0628545966,0.0659099875,0.0693472052,0.0660373210,0.0637190104,0.0702631223,0.0627623576,0.0692814822,0.0628545966,0.0626394002,0.0691828078,0.0648929937,0.0683302012,0.0684278030,0.0693800667,0.0712761933,0.0636568592,0.0652390116,0.0692485309,0.0617117728,0.0705955817,0.0660054442,0.0703628692,0.0639056336,0.0637190104,0.0692814822,0.0670221788,0.0703628692,0.0624856404,0.0711753739,0.0647357440,0.0693800667,0.0704293066,0.0640610963,0.03425767,0.03442103,0.02033563,-0.01895122,0.01640491,-0.01940076,0.00775086,-0.01444837,-0.00035908,-0.00107731,-0.01261045,-0.03135679,0.00197939,-0.01282642,-0.02457353,-0.01895394,-0.01449234,-0.01829461,-0.01330487,-0.03281642,-0.01781565,-0.02029169,-0.02475274,-0.01085953,-0.01174356,-0.00687825,-0.03385785,-0.01125989,-0.02022120,-0.00035065,-0.01866022,-0.00875863,-0.00952599,-0.01752112,-0.00730682,-0.01663809,-0.00414694,-0.01650867,-0.01109532,-0.01605405,-0.00414789,-0.01354363,-0.01705846,0.00364508,-0.02791648,-0.01580348,-0.00219663,-0.00924984,-0.01632224,-0.03034413,50,0.0268301766,0.0984181407,0.0715879641,12.8033261250,0.0531320858,0.0455411072,-0.0622463276,1.6252459502,2.31280966,2.26528449,-0.04752517,-8.51523558,0.75308863,-0.08021722,-0.00796829,1.04084116
52,0x210cb6000,0x276fa0000,1,1,1,185.26,0.0021903090,0.0065358598,0.0752019765,0.0767005550,0.0765053515,0.0756523877,0.0736168723,0.0791936434,0.0763426522,0.0767981568,0.0777808695,0.0799078309,0.0764727583,0.0788611840,0.0757167698,0.0767655637,0.0809538541,0.0788944027,0.0780439412,0.0753949471,0.0800423180,0.0827198321,0.0789609309,0.0789609309,0.0797061920,0.0791936434,0.0746989626,0.0742853459,0.0777808695,0.0778137310,0.0757810640,0.0779781284,0.0749216659,0.0787946559,0.0771233777,0.0777808695,0.0726903185,0.0778795439,0.0712989826,0.0767981568,0.0779781284,0.0723793081,0.0725036953,0.0775505696,0.0798742550,0.0705225287,0.0787614372,0.0768631655,0.0756202405,0.0767981568,0.02869963,0.06516239,-0.02862613,0.00816864,-0.02176017,-0.00920149,-0.01074385,-0.00463001,-0.03873266,-0.00002572,-0.02233383,-0.00182433,-0.02275864,0.02245921,-0.01497382,0.01317737,-0.03704215,0.00029014,-0.02563810,-0.00216100,-0.01763332,0.01014501,-0.02214070,-0.01484320,-0.00733748,-0.00038782,-0.01523183,-0.01925405,-0.02587594,-0.02587675,-0.02272519,-0.00317328,-0.03710906,-0.00407877,-0.02451378,-0.03361192,-0.02912917,-0.01911702,-0.03017445,-0.02335506,-0.02312069,-0.03655912,-0.03548018,-0.03374775,-0.02016069,-0.02753957,-0.02669925,-0.03750572,-0.02791745,-0.02836064,50,0.0237429613,0.0996130390,0.0758700776,13.5928941266,0.0538690604,0.0653167743,-0.0624927213,1.3366176765,2.32459993,2.29306611,-0.03153382,-5.65062274,0.64224410,0.00597089,-0.01321269,1.04473770
53,0x35777e000,0x87cd000,3,9,0,129.91,0.0029954378,0.0040160605,0.0969923579,0.0949819188,0.0954906359,0.0934866309,0.0929657514,0.0914400059,0.0946409522,0.0969923579,0.0938619884,0.0939371009,0.0978397553,0.0971854514,0.0981514382,0.0924080270,0.0967221113,0.0944514344,0.0951335744,0.0930400469,0.0976838075,0.0928169572,0.0951335744,0.0957583803,0.0927055138,0.0937493709,0.0940121109,0.0980734643,0.0967607932,0.0961408873,0.0990364798,0.0946788144,0.0979565566,0.0935992484,0.0982293057,0.0979955968,0.0938244834,0.0927426616,0.0971467695,0.0934866309,0.0969537813,0.0954906359,0.0983852535,0.0925567196,0.0957965997,0.0988005194,0.0983072796,0.0979565566,0.0960643441,0.0980734643,0.03290920,0.04535737,-0.00177355,-0.00866330,-0.00181773,-0.01708997,-0.00481358,-0.00831145,-0.00317089,-0.00384779,-0.01397144,-0.00444348,-0.01111745,-0.00298686,-0.00647787,-0.01814660,-0.01313999,-0.01084802,0.00610689,-0.00676861,-0.00744657,0.00553018,-0.01253850,-0.01291976,-0.01149132,-0.01486129,-0.00056640,-0.00591443,-0.01183448,0.00017018,-0.01250336,-0.02239434,0.00144830,-0.02147150,-0.00039318,-0.00787912,-0.00431764,-0.00384082,0.00745631,-0.01051645,0.00394760,-0.01003409,-0.00691779,-0.01186895,-0.00600601,-0.00617078,0.00220038,-0.00986465,0.00164436,0.00212821,50,0.0274302890,0.1155559202,0.0881256313,11.5790910354,0.0291083663,0.0800254927,-0.0544535913,1.2710825791,2.25653633,2.26617841,0.00964207,1.26126159,0.44476139,-0.02852391,0.04662110,1.01081062
54,0x3a3681000,0x8ee3e000,12,6,0,129.85,-0.0000298598,-0.0042760327,0.0961227424,0.0930670164,0.0973174280,0.0981668590,0.0982825886,0.0930302258,0.0931405976,0.0953055592,0.0888107521,0.0929197534,0.0983598471,0.0983984237,0.1104599577,0.1153846246,0.1133149113,0.1067980034,0.1892049380,0.0998302531,0.0983598471,0.0948175842,0.0931405976,0.0968201585,0.0990509396,0.0992067810,0.0981281770,0.0936654001,0.0928460717,0.0929197534,0.0948175842,0.0973939712,0.1037228984,0.0972792086,0.0942230230,0.0950428192,0.0960848802,0.0994795301,0.0946299567,0.0915476619,0.1006392150,0.0928828623,0.0962364324,0.0994795301,0.0951930442,0.0928828623,0.1111992460,0.1320098310,0.1156949079,0.1057191518,0.04783362,0.04041641,0.00693806,0.00637944,-0.01019656,0.00165207,0.00900543,0.00266264,0.00869183,0.00066921,-0.01500325,0.00871320,0.00476685,0.00364658,0.72398390,1.00684094,1.18713255,1.13946642,1.21482222,0.01380144,0.01997390,-0.00570111,0.00877383,0.01338448,0.00929385,0.01163269,0.00300048,-0.00835934,0.00043174,0.00192078,0.02572176,0.00335608,0.02444797,-0.00473072,0.03400469,-0.01711221,0.01757146,0.01461144,0.01291691,-0.00580631,0.02803961,0.09929013,0.03493300,0.01586391,0.04133985,-0.01166659,0.05724942,0.76731608,1.04835173,1.12180497,50,0.0308716322,0.1195456684,0.0886740362,11.6735002841,0.0895287224,0.0731018971,-0.0660356902,1.4843418844,2.43883294,2.41383379,-0.02499914,-3.28215192,0.87691677,-0.04280943,0.00867250,1.05942811
55,0x19fb11000,0xa2f8f000,13,15,0,127.11,0.0040110416,0.0008634116,0.0980838491,0.0951732400,0.0925721523,0.0971533331,0.0947681412,0.0969280981,0.0947681412,0.0938705400,0.1002837025,0.0968530881,0.0948418229,0.0982732634,0.0947681412,0.0946208782,0.0952468212,0.0971158281,0.0934693742,0.0932942683,0.0968905931,0.1219042801,0.1076044307,0.1042876454,0.1134276619,0.1052042213,0.1022492425,0.0973410631,0.0970407156,0.0948786135,0.0980838491,0.0992410307,0.0968530881,0.0990497250,0.0861964384,0.0979322969,0.0959968585,0.0966653581,0.0925360761,0.0982732634,0.0972659506,0.0938341065,0.0948418229,0.0957737687,0.0982732634,0.0932942683,0.0959224614,0.0938705400,0.0946945600,0.0933600739,-0.00845774,0.06683560,0.00943261,0.03900193,0.00859818,0.03352691,0.00911767,0.00380060,0.00309417,0.00755707,0.00508015,0.01396347,-0.00678233,-0.00927593,0.00332036,0.00622371,-0.00040617,-0.00090677,0.00486125,-0.01272978,-0.00414838,0.93452623,1.13848366,1.13090448,1.22110079,1.18120866,0.01176376,-0.00142225,-0.00226502,0.00702677,-0.00039383,0.00945921,0.02470868,-0.00969717,-0.02071525,0.00486148,0.84947444,0.00312148,-0.01901479,-0.00061372,-0.00118869,-0.01058270,0.00319565,-0.01219568,0.00207254,-0.02194442,0.00342333,0.00049638,0.01445810,-0.00921756,50,0.0317793972,0.1171955026,0.0854161053,11.1158857622,0.1211593317,0.0706183841,-0.0637016590,1.1622844250,2.46162138,2.40955578,-0.05206560,-6.82184280,1.11646257,-0.11706110,0.04842094,1.02187352
56,0xdaf85000,0x1bb20000,15,0,0,127.08,-0.0113843636,-0.0103151406,0.0785391937,0.0796230497,0.0761136353,0.0693132018,0.0761136353,0.0749592708,0.0739146864,0.0799261541,0.0792819797,0.0780512187,0.0770090472,0.0695559235,0.0737342067,0.0758190089,0.0714695296,0.0749957042,0.0761504259,0.0760031630,0.0729051822,0.0805538194,0.0795093597,0.0784640812,0.0760399536,0.0747404712,0.0715757117,0.0783139587,0.0800565500,0.0729766202,0.0740590899,0.0768975023,0.0771577398,0.0727979274,0.0771577398,0.0771205920,0.0770461950,0.0815590917,0.0724761633,0.0730481559,0.0748134376,0.0738425340,0.0738786102,0.0715403499,0.0712321414,0.0695212760,0.0749957042,0.0762976889,0.0749592708,0.0697292555,0.01801591,0.02594178,0.11572636,-0.02940573,-0.02643341,-0.04452474,-0.02891638,-0.03931911,-0.01897370,-0.01916934,-0.02199445,-0.02162970,-0.02311316,-0.02987681,-0.01512092,-0.01710320,-0.02035037,-0.01375327,-0.02889466,-0.02267653,-0.02696625,-0.02268263,-0.02011032,-0.01820974,-0.00760354,-0.01929711,0.83958785,0.00029261,-0.02408668,-0.01113498,-0.02531331,-0.03876471,-0.02702888,-0.01882026,-0.02738743,-0.02268309,-0.02343968,-0.02872163,-0.03409126,-0.02628414,-0.02597096,-0.02517070,-0.02962367,-0.02107740,-0.01629643,-0.02775904,-0.02913291,0.00045219,-0.02399336,-0.01024366,50,0.0290602602,0.1137810697,0.0847208096,10.9793109516,0.0644282558,0.0605993775,-0.0683173826,1.4063558663,2.37798478,2.34437869,-0.03360609,-4.30231806,0.74485830,-0.09013803,-0.01039513,1.02441828
57,0x14fef3000,0x16adbb000,11,11,1,185.45,-0.0024350903,-0.0099797689,0.0746426139,0.0787404542,0.0700582084,0.0765443706,0.0745775164,0.0754962930,0.0755291546,0.0700893689,0.0793413199,0.0797874683,0.0764114050,0.0701515200,0.0778270383,0.0755948776,0.0755291546,0.0719338850,0.0712650542,0.0765776801,0.0788422534,0.0753976187,0.0765111519,0.0721566752,0.0710763718,0.0777262189,0.0775918236,0.0743498085,0.0736874009,0.0800620716,0.0778942819,0.0753318059,0.0719338850,0.0712650542,0.0774910042,0.0697471980,0.0754304802,0.0732691368,0.0754962930,0.0774910042,0.0768103925,0.0742847111,0.0722521319,0.0675922789,0.0784347783,0.0756935519,0.0768103925,0.0764779332,0.0754633417,0.0721884652,0.04462075,0.03298214,0.00786614,-0.01588857,-0.02434825,-0.00008833,-0.00379242,-0.01440196,-0.01409425,-0.00937231,-0.01023909,-0.00730174,-0.00959224,-0.01296784,-0.01560189,-0.00648912,-0.01955041,0.02032188,-0.01887311,-0.00323002,-0.01119290,-0.00790660,-0.01562085,0.00851251,-0.00794575,0.01939518,-0.00288737,0.02910385,-0.00974928,0.00113701,-0.01604609,0.01842998,-0.01538655,-0.01537617,-0.02242834,-0.01155442,-0.00460970,0.00539179,-0.02494414,-0.00860819,-0.00631916,-0.00601228,-0.01721090,-0.01493908,-0.01641403,-0.02472083,-0.00992897,-0.02740962,-0.01538461,-0.01162665,50,0.0289899821,0.0992969369,0.0703069548,12.5706297106,0.0475446395,0.0437710635,-0.0518166575,1.6421859012,2.26675874,2.26902968,0.00227094,0.52073780,0.65134868,-0.05643037,0.00890279,1.06425184
58,0x2064c9000,0x223279000,8,8,1,185.45,0.0052270240,-0.0002914308,0.0758935824,0.0726333472,0.0784481846,0.0711733519,0.0710489648,0.0719727440,0.0718468412,0.0729246414,0.0787169752,0.0707379544,0.0708935020,0.0722243778,0.0774686895,0.0676557651,0.0724131461,0.0764870494,0.0773689427,0.0763225622,0.1951506644,0.1247086385,0.0863277725,0.0869361874,0.0776680925,0.0738416291,0.0828001571,0.1753511995,0.0895751151,0.0776348738,0.0731474315,0.0971920708,0.0806066796,0.0926695202,0.0753080605,0.0732428882,0.0864722746,0.0858945620,0.1525895570,0.0738737762,0.0861112166,0.0711422764,0.0763883750,0.0775019082,0.0775019082,0.0707690299,0.0719727440,0.0862916963,0.1413158750,0.0784481846,0.03711838,0.01867490,-0.02876288,-0.03114599,-0.01497830,-0.01571645,-0.04009303,-0.02697530,-0.04555925,-0.04009843,-0.02499607,-0.03133934,-0.03558403,-0.03051152,-0.02186369,-0.01319384,-0.00834790,-0.02271879,0.11297040,0.73446830,1.06174382,0.54271447,1.02642476,0.94202586,0.95590179,-0.03227693,0.89505640,1.04462346,1.37001190,-0.01110538,0.09590997,0.58005711,0.96556702,0.64221079,1.17126905,0.53316458,0.60167769,0.92376902,0.94420500,0.94556828,0.94584943,0.94432359,-0.01623257,0.01363748,-0.01051318,-0.00655339,-0.01751599,0.94543226,1.05860556,-0.00584009,50,0.0273311831,0.0993758305,0.0720446474,12.8798236161,0.0558467307,0.0574239997,-0.0537322704,1.3044847765,2.33567695,2.27071008,-0.06496687,-11.58994062,0.63959380,-0.04824655,0.00516906,1.05611740
59,0x28f7eb000,0x190fe0000,14,4,0,129.79,0.0011948782,0.0047575682,0.1062438350,0.0922243689,0.0910278954,0.0997966783,0.0855151482,0.1004221614,0.0909513522,0.0852599152,0.0920312753,0.0863738137,0.0889041234,0.1594140005,0.0963111839,0.0983480454,0.1052910697,0.1007954079,0.1004637087,0.0916838756,0.0929554677,0.0902124991,0.0854057484,0.0847966182,0.0923015220,0.0890542460,0.0868157031,0.0876371766,0.0923015220,0.0902883269,0.0912956398,0.0866315490,0.0941912323,0.0897198769,0.0880461068,0.0868524937,0.0911426579,0.0963511892,0.0878974141,0.0964313092,0.0897578425,0.0927996263,0.0911808773,0.0914104023,0.0933451245,0.0905688453,0.0971887167,0.0897957047,0.0941912323,0.0904398791,0.04709827,0.05092672,0.81646309,0.01810414,0.01015607,0.00942081,0.00145319,0.96601189,-0.00895733,0.02087052,0.93924565,0.00049077,0.17132754,1.06049631,0.97714326,0.98501646,0.97418002,0.89024075,0.98802910,0.98066813,0.00607572,0.01537130,-0.00072140,0.00926739,-0.00109339,-0.00487583,-0.00430883,0.00330323,-0.01582824,-0.00133340,-0.00216367,-0.01047394,0.01638510,-0.01128208,-0.01415936,-0.01055463,-0.00525165,0.01292915,-0.01420321,0.00798746,-0.00922207,-0.00959683,-0.00664649,-0.00850343,-0.00540740,0.00005327,0.94469022,-0.01337911,-0.01617867,0.00632195,50,0.0284849477,0.1161155912,0.0876306435,11.5259025388,0.0386899751,0.0886285710,-0.0676730291,1.1041835589,2.31449759,2.32049466,0.00599706,0.78222939,0.60076048,-0.00154040,0.00464541,1.02532711
60,0x153dae000,0x160cd2000,2,2,1,185.45,-0.0048474624,0.0038343660,0.0750328701,0.0718548669,0.0740465825,0.0773207337,0.0774494100,0.0783367539,0.0752530711,0.0762397048,0.0741709697,0.0784017625,0.0716725339,0.0769989988,0.0804308547,0.0803644173,0.0772242044,0.0740776581,0.0779463468,0.0813423909,0.0794170684,0.0815776974,0.0772564394,0.0771920573,0.0738288838,0.0792855325,0.0814768780,0.0771599102,0.0737355722,0.0773851158,0.0784343557,0.0798774887,0.0806635672,0.0741088186,0.0789222758,0.0798445374,0.0804640734,0.0720067558,0.0739843465,0.0728122240,0.0804640734,0.0805971298,0.0740465825,0.0791539069,0.0716420898,0.0816112733,0.0786620636,0.0761761249,0.0763351615,0.0774494100,0.03312228,0.03124009,0.01388255,-0.01403253,-0.01704179,-0.00902195,-0.00582244,0.00837628,-0.01266327,-0.01064911,-0.01845234,-0.01663848,-0.01280005,-0.01394008,-0.01014065,0.01162078,-0.00314605,-0.01449857,-0.00609876,-0.00398836,0.00809528,0.00745491,-0.00489855,-0.01132613,-0.00990060,0.00679630,-0.01234925,-0.00601348,0.00464534,0.07808851,0.00075300,-0.00826853,0.00717187,-0.00161769,0.00903883,-0.00944429,0.00109155,-0.01590649,-0.01063655,-0.01273900,-0.00648011,0.02865938,-0.02059871,-0.00585837,-0.00887392,-0.01629928,-0.00827846,-0.00585638,-0.02507460,-0.00628211,50,0.0300415086,0.1009875454,0.0709460368,12.6861928766,0.1051213546,0.0508602015,-0.0514144661,1.6529485896,2.39673959,2.34748439,-0.04925520,-8.81879393,0.95051999,-0.08421460,0.06952859,1.03050397
61,0x20e7ec000,0x27734a000,1,1,1,185.47,-0.0159392054,-0.0148528021,0.0632837236,0.0575282692,0.0597822208,0.0640101561,0.0643354658,0.0599999196,0.0596266732,0.0621676872,0.0661707851,0.0639775630,0.0596577488,0.0576194357,0.0623267237,0.0656824268,0.0599999196,0.0630906652,0.0617858604,0.0649259835,0.0627045482,0.0632515765,0.0574978250,0.0629298416,0.0628976067,0.0621994771,0.0654193551,0.0626724011,0.0594089744,0.0586393020,0.0618176504,0.0621358104,0.0596577488,0.0651561937,0.0672510996,0.0650904706,0.0594089744,0.0585777814,0.0632515765,0.0572244085,0.0617858604,0.0629941359,0.0649259835,0.0650246578,0.0629298416,0.0650904706,0.0574371027,0.0656824268,0.0652220065,0.0576194357,0.03380308,0.02428280,-0.04346280,-0.04366664,-0.04616272,-0.03404422,-0.03829603,-0.04967132,-0.04751964,-0.03919665,-0.03844416,-0.02785937,-0.04529464,-0.04869913,-0.04063735,-0.04432778,-0.04390282,-0.04018142,-0.03808468,-0.03785747,-0.04250572,-0.03957386,-0.04673563,0.00493943,-0.03192917,-0.00501069,-0.04804301,-0.01452735,-0.04282883,-0.02041005,-0.05004884,-0.01514433,-0.04622811,-0.02826675,-0.04167331,-0.01389345,-0.02376777,-0.03822432,-0.05498778,-0.06564609,-0.03469197,-0.03714052,-0.04484629,-0.04192667,-0.03627525,-0.03349538,-0.05661343,-0.04033172,-0.03138388,-0.05616911,50,0.0273903256,0.1006787514,0.0732884258,13.1228205998,0.1042596655,0.0626255827,-0.0585005065,1.2050407529,2.37964162,2.35723363,-0.02240800,-3.97938112,0.96725199,-0.13677454,-0.10979009,1.06238301
62,0x7e53b000,0x2f25f5000,9,14,0,129.91,0.0013051739,-0.0040513653,0.0943248935,0.0987282870,0.0964110579,0.0962580760,0.0918306580,0.0920147116,0.0918674486,0.0952167294,0.0954819716,0.0986504195,0.0983386303,0.0984555379,0.2284168648,0.1042202893,0.0953682816,0.1019345970,0.1026123520,0.0965258204,0.0987672208,0.0940996585,0.1192424161,0.0967553455,0.1005353736,0.0996923750,0.1132621227,0.1017744664,0.1020547223,0.0994171237,0.1048098119,0.1036089376,0.1021748477,0.1063859673,0.1060957022,0.0992598526,0.1092090237,0.1005353736,0.1085515343,0.1049742318,0.1003369163,0.1113242212,0.1014941011,0.1030970330,0.1039350290,0.1029354727,0.1006940744,0.1114972194,0.0955198338,0.1025718792,0.03083480,0.01576574,0.00792684,0.00477395,-0.00634608,0.01954389,0.00577475,0.00232079,0.01742475,0.01839985,0.01109975,0.00312465,0.80352228,0.84003575,1.00580211,0.89415339,0.88198306,0.92391891,0.97535458,0.98399514,0.98577798,0.97376610,1.00719771,0.99816647,1.00127060,0.98831853,0.98970910,0.98871267,0.96441875,0.98669198,1.00719646,0.99437200,0.96090509,1.00260871,1.00527104,0.98438284,0.97597068,0.98611070,1.01907582,0.98613520,1.00556107,0.95841273,0.97148061,1.01857422,0.99624290,0.99328369,0.94736188,1.02092932,1.00698817,0.99069427,50,0.0286196818,0.1164065995,0.0877869178,11.5348881735,0.0586065812,0.0708130618,-0.0734684724,1.2774800361,2.31649631,2.33639331,0.01989700,2.67011469,0.62876716,-0.02781971,0.03726917,1.03119637
63,0x15c0e1000,0x15a33b000,11,11,1,185.52,0.0038327492,-0.0005285405,0.0769880807,0.0769570051,0.0826074258,0.0803824147,0.0847680548,0.0773924027,0.0827061001,0.0772369399,0.0848352066,0.0806076203,0.0838871433,0.0853728796,0.0848016307,0.0816897217,0.0819499339,0.0840201996,0.0826074258,0.0780658919,0.0814620138,0.0826074258,0.0805433260,0.0793664823,0.0823442643,0.0836212121,0.0814620138,0.0780974105,0.0795573088,0.0775168747,0.0823442643,0.0797164322,0.0769880807,0.0797164322,0.0834549370,0.0829033590,0.0835214652,0.0804789439,0.0839868901,0.0837209590,0.0818524209,0.0772991760,0.0840534183,0.0826731488,0.0791119022,0.0773613271,0.0773924027,0.0826074258,0.0772680155,0.0815921199,0.04249017,0.03200908,-0.02545810,-0.02857439,-0.00772306,-0.02596415,-0.00719754,-0.03659410,-0.00736612,-0.01667219,-0.01001650,-0.01450290,-0.01278172,-0.01134755,-0.00819785,-0.00725177,-0.02043481,-0.01462981,-0.03402030,-0.01076624,-0.02668872,-0.01122825,-0.01203683,-0.01328461,-0.01242958,-0.01087026,-0.01315030,-0.03141398,-0.01781504,0.01847558,-0.02286320,0.01280796,-0.01088434,-0.00406649,-0.01213372,0.00316099,-0.00494148,0.00680282,-0.01769112,0.02397933,-0.00775856,0.00549566,-0.01401813,-0.00291661,-0.02780626,-0.02264394,-0.02393220,-0.01903175,-0.02447738,-0.02688804,50,0.0290636956,0.0992414065,0.0701777108,12.5473286527,0.0624709467,0.0507442524,-0.0673809518,1.6029449769,2.28759613,2.26140238,-0.02619375,-4.65002360,0.70793453,-0.03631279,0.02498455,1.01630754
64,0x9ec7e000,0xda5c8000,6,6,1,185.45,-0.0011173157,-0.0010140047,0.0842557587,0.0810802607,0.0723987203,0.0795713149,0.0820944043,0.0830053178,0.0813129732,0.0803606197,0.0807477106,0.0820944043,0.0799001994,0.0818927654,0.0809139857,0.0798343866,0.0813129732,0.0777717175,0.0788848935,0.0745607891,0.0769774159,0.0843930135,0.0803606197,0.0778360996,0.0799001994,0.0736027066,0.0724898868,0.0821279802,0.0796698994,0.0802948069,0.0788848935,0.0787547874,0.0813129732,0.0743430903,0.0800317352,0.0821616478,0.0797686635,0.0802290839,0.0789499910,0.0744986380,0.0818255219,0.0745919496,0.0779325410,0.0787222831,0.0734183124,0.0798672481,0.0799001994,0.0821279802,0.0744986380,0.0775142769,0.03346429,0.01792624,0.01123629,0.00311658,-0.02109856,-0.01690839,-0.00608792,-0.00588774,-0.00990606,0.00308006,0.00222433,-0.01318135,-0.00125130,-0.00583216,0.00540133,-0.01875784,-0.01898586,-0.01807228,-0.01315016,-0.01915361,-0.00815696,0.01581444,-0.00597150,-0.01670392,-0.00864894,-0.01378427,-0.01958365,-0.01002998,-0.00101892,-0.00012398,-0.00911211,0.01536322,0.02725112,-0.02548824,0.00230926,-0.00226926,0.02767333,-0.01080049,0.02965394,-0.02044711,0.01589999,-0.00439530,0.03204775,0.00255342,-0.00607753,0.01208546,-0.00882524,0.00309969,-0.00712232,0.00144315,50,0.0309509056,0.0992522223,0.0683013167,12.2055492502,0.0587286052,0.0587010659,-0.0452108373,1.3328363337,2.28859835,2.28843141,-0.00016694,0.00204406,0.70792289,-0.07864497,0.00095009,1.03080598
65,0x29abc2000,0x612fa000,7,0,0,129.81,-0.0007791281,-0.0062414815,0.0931749448,0.0955311076,0.0891100155,0.0932131642,0.0908260403,0.0876986310,0.0933661460,0.0928688766,0.0911262854,0.0941783248,0.0919427541,0.0876257642,0.0907133204,0.0941783248,0.0917153741,0.0957259892,0.0959450502,0.0876621976,0.1763866536,0.0874798314,0.0887418078,0.0999417552,0.0929072004,0.1456816603,0.1085205445,0.1150153184,0.1059304049,0.0982981026,0.1115221462,0.0942555833,0.0901560084,0.0887785984,0.0923216863,0.0932897073,0.0933661460,0.0885208631,0.0942170067,0.0953752662,0.0891100155,0.0897098289,0.0897098289,0.0939853366,0.0898957709,0.0933661460,0.0942555833,0.0912389028,0.0909761628,0.0918669263,0.03326818,0.02883291,0.01798646,0.00805019,-0.00473884,0.01769156,0.00597066,-0.00703236,-0.00077543,-0.01182872,-0.00318414,-0.00895930,-0.00485041,-0.01418575,0.00614524,-0.01148021,-0.00184884,0.00153263,0.00977545,-0.02131622,0.09758504,-0.01363526,-0.00397850,0.00528744,0.00390422,0.83529963,1.01717236,0.91949623,0.93895816,0.90914720,1.17583773,0.01762160,-0.00135784,-0.00380011,-0.00220683,0.01740218,-0.00548524,0.04686223,0.00101609,0.02519942,-0.01330210,0.02880139,0.00010203,0.01863210,0.00347922,0.01864194,-0.00136518,-0.01616318,-0.00277345,0.00108789,50,0.0292133585,0.1183879010,0.0891745424,11.7008961866,0.0720271487,0.0874825026,-0.0628877505,1.0660461800,2.44710128,2.37395787,-0.07314340,-9.61359747,0.90288944,-0.09915314,-0.04896729,1.03067144
66,0x2a71b4000,0x29cce6000,7,7,1,185.48,-0.0710443592,-0.0754771660,0.0068640468,0.0079132867,0.0069956725,0.0057815882,0.0015762369,0.0888906614,0.0175063664,0.0254996919,0.0183661044,0.0174334000,0.0023455410,0.0044096297,0.0035213012,0.0088274170,0.0035848810,0.0056840753,0.0013585382,0.0047313646,0.0100096234,0.0015140009,0.0017006241,0.0026601263,0.0085921105,-0.0008042470,0.0054888717,0.0067654623,0.0100096234,0.0077803212,0.0044096297,0.0034258445,0.0012652265,0.0065681136,0.0012963021,0.0080795618,0.0087601734,0.0080462523,0.0066667880,0.0110566376,0.0282731222,0.0153807420,0.0215638330,0.0196305398,0.0122070561,0.0055538803,0.0075142992,0.0046669825,0.0034258445,0.0056840753,-0.19181170,-0.20581817,-0.24931518,0.43144456,-0.24638701,-0.22845301,-0.25086466,0.45468132,0.58646842,0.39717151,0.88977206,1.00863666,0.60404390,-0.25524615,-0.24796748,-0.24325838,-0.25398577,-0.27262104,-0.25816823,-0.27556825,-0.26411976,-0.26611543,-0.26624970,-0.26296743,-0.24244295,-0.26628918,-0.25280166,-0.25844274,-0.26306941,-0.24868772,-0.24427538,-0.25161725,-0.26090323,-0.26489045,-0.26439986,-0.26772714,0.59262718,-0.25385692,-0.25873494,-0.25973814,0.42455734,0.74962450,0.90920627,0.91405210,0.87387102,-0.25287715,-0.26227955,-0.25522721,-0.25417093,-0.25383750,50,0.0387944939,0.1032936215,0.0644991276,11.5385212482,0.1352998690,0.0568383293,-0.0574994009,1.7762080735,2.41510146,2.41042827,-0.00467320,-0.77688940,1.07011311,0.01905793,-0.01089787,1.07701487
67,0x32511000,0x1fcd000,9,9,1,185.41,-0.0010717307,0.0010567082,0.0787921736,0.0789583579,0.0757475062,0.0777457931,0.0721611853,0.0754256835,0.0765034948,0.0733645421,0.0799722350,0.0756509770,0.0757475062,0.0725033562,0.0777786547,0.0735847432,0.0735847432,0.0756509770,0.0775484445,0.0757475062,0.0722234213,0.0747296990,0.0799049914,0.0736790415,0.0769264062,0.0784035622,0.0725655073,0.0767637958,0.0758439476,0.0745706625,0.0784035622,0.0721922609,0.0787921736,0.0764709904,0.0750160691,0.0758439476,0.0725344317,0.0731757738,0.0797033526,0.0778444675,0.0746342424,0.0734274076,0.0811544414,0.0790581047,0.0766661940,0.0765034948,0.0769264062,0.0767637958,0.0779102803,0.0767637958,0.03224036,0.03014224,-0.00752535,-0.01910643,-0.02833779,-0.01485184,-0.02562663,-0.02768126,-0.02727235,-0.02908381,-0.00854363,-0.02083221,-0.02275534,-0.02808166,-0.01973002,-0.02214063,-0.03201996,-0.01341561,-0.00420275,-0.02417094,-0.01519697,-0.00235104,-0.03199542,-0.01654422,-0.03435726,-0.03202604,-0.02356039,-0.03163534,-0.02388734,-0.02059386,-0.01656978,-0.00952192,-0.02875432,-0.01391642,-0.02617538,-0.03107527,-0.03159557,-0.02392230,-0.00104064,-0.01852025,-0.03113083,-0.02660186,-0.01605546,-0.01762898,-0.02533658,0.01233962,-0.02428756,0.00714926,-0.02160275,0.00245384,50,0.0251422657,0.0992204902,0.0740782244,13.2563271638,0.0614192840,0.0683258571,-0.0733527455,1.4539381511,2.29665301,2.28021910,-0.01643391,-2.91800388,0.82009854,-0.03850092,-0.01970359,1.07414400
68,0x2103d9000,0x27eb71000,8,8,1,185.42,-0.0005740276,0.0081160191,0.0784758290,0.0762166246,0.0806407463,0.0804434874,0.0794281816,0.0812245613,0.0726685088,0.0827049358,0.0806078848,0.0751352376,0.0772025439,0.0748241423,0.0847990467,0.1040881138,0.0791679693,0.0815238019,0.0752596248,0.0752284643,0.0821221924,0.0803776746,0.0819892268,0.0783471527,0.0786045932,0.0806078848,0.0818562612,0.0802131874,0.0794607747,0.0806078848,0.0848677210,0.0795257833,0.0793956772,0.0752907003,0.0783793876,0.0801803259,0.0804434874,0.0773615805,0.0793631729,0.0814572737,0.0791028719,0.0806078848,0.0830745459,0.0740230372,0.0849363015,0.0805092104,0.0804763489,0.0783793876,0.0799486948,0.0752596248,0.03870264,0.04728585,-0.00739985,-0.00961184,0.00288871,-0.01004681,-0.00055484,-0.00841657,-0.00945199,0.00409418,0.00521393,-0.00908723,-0.01052304,-0.01777009,-0.00820030,0.02127303,0.00786523,-0.00542453,0.00034622,-0.00361762,0.00501271,0.00254757,0.00717523,0.00488489,-0.01773567,-0.00130082,-0.00576735,-0.00124587,0.00549507,-0.01124488,-0.00335972,-0.00292667,-0.00749145,-0.01488791,0.01503711,-0.01663673,-0.00450136,-0.00248248,-0.00840960,0.00970135,-0.01374696,-0.01405143,-0.00445516,-0.02280954,-0.00158493,-0.00982656,0.00894083,-0.00604455,-0.01054811,-0.02629712,50,0.0239064189,0.0996273528,0.0757209339,13.5365508872,0.0545642546,0.0635974531,-0.0668625725,1.2899296486,2.30768206,2.28993395,-0.01774811,-3.17360969,0.70452269,-0.05580845,-0.01518857,1.05284704
69,0x1c9710000,0x276fd4000,4,1,0,129.79,-0.0158980486,-0.0222877122,0.0759522686,0.0763347755,0.0705141742,0.0757992867,0.0815140270,0.0763729949,0.0836774490,0.0795864546,0.0802337480,0.0779960342,0.0747961595,0.0736415835,0.0790752429,0.0715205604,0.0737917060,0.0762200130,0.0716678233,0.0727484618,0.0715205604,0.0715941416,0.0736790885,0.0770711264,0.0726740647,0.0734538535,0.0749098495,0.0726369169,0.0728228589,0.0738667160,0.0717046139,0.0771097029,0.0770711264,0.0748340216,0.0785415324,0.0728971545,0.0748719873,0.0729343023,0.0715941416,0.0740544460,0.0727484618,0.0725626213,0.0714468786,0.0703683410,0.0736039760,0.0730830964,0.0769938679,0.0728600067,0.0719992404,0.0809935204,0.04329439,0.03430609,0.00616616,0.00768291,-0.00795465,-0.00696771,0.02047609,-0.00752508,0.00742430,-0.00302131,0.00685635,0.01040313,0.00113623,-0.01698694,-0.00719159,-0.01023619,0.00290776,-0.00812185,0.01384451,0.00214124,-0.00915559,-0.00778092,-0.00522957,0.00393838,0.00168637,-0.00181026,0.01759558,-0.00280198,0.03030998,-0.00409501,0.02828853,0.00052220,0.03863558,0.00011511,0.01344683,-0.01144425,0.02201035,-0.01532740,0.02478726,-0.00078955,0.02419731,-0.01982016,-0.00405841,-0.01130579,0.02285814,-0.00837653,-0.00700947,-0.00829407,-0.00057431,0.00717564,50,0.0238841070,0.1157122537,0.0918281467,12.0589021828,0.0320347659,0.0751931927,-0.0802843291,1.3256647554,2.21992226,2.25500334,0.03508107,4.64404747,0.50464966,-0.03687280,-0.02708331,1.03390113
70,0x8b399000,0x8948f000,15,15,1,185.42,0.0038014835,-0.0005083385,0.0725555295,0.0739432906,0.0707623440,0.0771842230,0.0740987533,0.0731704005,0.0751494220,0.0755898241,0.0794435263,0.0745030753,0.0766765618,0.0795750622,0.1776534823,0.0740676778,0.0775059579,0.0782970418,0.0728936834,0.1414554616,0.0933138833,0.0934640058,0.0931261533,0.0823479858,0.0740366022,0.0738189034,0.0707023360,0.0750864706,0.0719649006,0.0773450465,0.0772485173,0.0796737365,0.0748662695,0.0747718854,0.0726476846,0.0805249134,0.0804583852,0.0740987533,0.0750236051,0.0772163702,0.0784271479,0.0749920865,0.0707924300,0.0761993652,0.0785898472,0.0796407852,0.0734767326,0.0751808548,0.0795092494,0.0803254196,0.04412079,0.03858714,-0.03338722,-0.02202820,-0.01873090,-0.01663277,-0.02745889,-0.02892161,-0.03440334,-0.02347646,-0.02466952,-0.02846166,-0.02814439,-0.02953533,0.11501081,-0.01172804,-0.01123747,-0.01596801,-0.02238071,0.04659540,0.85413068,0.83765101,1.07922510,1.15690262,0.04609205,0.00110824,-0.02355561,-0.02990208,-0.01487585,-0.02158929,-0.02037677,-0.01758719,-0.02333571,-0.03520551,-0.01880513,-0.02784282,-0.01136227,-0.03481598,-0.01059142,-0.02934493,-0.02409111,-0.03512198,-0.04522378,-0.01733982,-0.02150752,-0.02674081,-0.02153563,-0.02739022,-0.01892148,0.00120930,50,0.0295044405,0.0987041843,0.0691997438,12.3770252903,0.0688166330,0.0541046443,-0.0640951832,1.4368472878,2.32807924,2.31781233,-0.01026691,-1.83643565,0.87077317,-0.05476225,-0.00670287,1.04414063
71,0xe319000,0x3ed11000,9,9,1,185.44,0.0223326876,0.0004318337,0.0807226081,0.0694514975,0.0773993934,0.0920748367,0.0728264893,0.0825525787,0.0740804930,0.1708334352,0.0707995301,0.0683064428,0.0734098925,0.1682543592,0.0686024658,0.0640867316,0.0673255180,0.0750228262,0.0987625987,0.0617737625,0.0695844631,0.0671628187,0.0804648728,0.0682406300,0.0725862699,0.0718816315,0.0793105083,0.0697506474,0.0717118734,0.0703962524,0.0706315589,0.0703962524,0.0832921472,0.0815089773,0.0789458755,0.0739418084,0.0712363837,0.0725862699,0.0754432647,0.0696842100,0.0664068302,0.0695512444,0.0685366529,0.1733289783,0.0760684932,0.0726892344,0.0844843306,0.0728607795,0.0784825785,0.0750929312,0.54027144,0.52770977,0.41547907,0.44342791,0.31488170,0.36666917,0.45099933,0.45457416,0.44094558,0.60095504,0.46798779,0.45200256,0.35720848,0.58910704,0.42102306,0.47097999,0.45545852,0.48368895,0.43921920,0.30577582,0.45622940,0.48834348,0.36649996,0.47108327,0.47693248,0.42810886,0.21217372,0.45769547,0.51340807,0.46550663,0.49130043,0.41632767,0.52899181,0.48809854,0.48629943,0.49779816,0.47739747,0.45772813,0.48462218,0.48412671,0.49308650,0.49067517,0.45125028,0.34918447,0.44912600,0.50155589,0.43230699,0.48188104,0.38821797,0.45564591,50,0.0325649970,0.1018929793,0.0693279822,12.4216112499,0.1320365908,0.0625046085,-0.0528864156,1.5175612588,2.43090901,2.40543232,-0.02547668,-4.57279385,1.16939622,-0.03296983,-0.06103720,1.10425791
72,0x212e09000,0x3db72f000,8,12,0,127.11,-0.0032647228,0.0043646871,0.0839672103,0.0861228770,0.0820282424,0.0833634207,0.0853424753,0.0808053012,0.0886227208,0.0830353208,0.0840408921,0.0875417251,0.0874280351,0.0859727545,0.0897809749,0.0893562113,0.0856027128,0.0875038629,0.0828529546,0.0875417251,0.0845932539,0.0841513644,0.0865358420,0.0791737961,0.0851937826,0.0829623544,0.0853796231,0.0780205283,0.0797267747,0.0775697325,0.0840041015,0.0853796231,0.0864232245,0.0864983370,0.0833269873,0.0799745008,0.0780205283,0.0775697325,0.0858258025,0.0843723092,0.0872764829,0.0839672103,0.0828893880,0.0875038629,0.0830353208,0.0876554151,0.0845563627,0.0855283157,0.0876175529,0.0872764829,-0.23826097,-0.21359222,-0.26348064,-0.27294645,-0.29669182,-0.28258379,-0.29910702,-0.25841559,-0.29821617,-0.25001555,-0.29552158,-0.29919314,-0.28673996,-0.30605538,-0.29834973,-0.29438892,-0.30159142,-0.29212458,-0.28831912,-0.30234670,-0.27546882,-0.29458352,-0.28728859,-0.30731723,-0.29768122,-0.28843618,-0.28391915,-0.30167189,-0.29823111,-0.30916387,-0.28723678,-0.28704368,-0.30113555,-0.28265128,-0.29371967,-0.28807905,-0.30170927,-0.29082402,-0.28811532,-0.29553215,-0.28820739,-0.30214721,-0.30113979,-0.30072680,-0.30097577,-0.29551031,-0.30174093,-0.31635989,-0.28698803,-0.28597690,50,0.0264730952,0.1139159450,0.0874428498,11.3642966725,0.0689876979,0.0733215317,-0.0442453879,1.3479956002,2.33101694,2.34003047,0.00901352,1.17537781,0.87550608,0.00139668,0.00889282,1.05355404
73,0x28fb88000,0x404a0000,7,0,0,129.85,-0.0283161333,0.0722034198,0.0720875847,0.0659360904,0.0713519492,0.0658996570,0.0665774866,0.0696246341,0.0656808574,0.0728559357,0.0698520141,0.0667247495,0.0730508172,0.0697003584,0.0680280191,0.0690730503,0.0686976928,0.0690355453,0.0678793264,0.0686976928,0.0725509249,0.0677306338,0.0720490082,0.0710076616,0.0688854228,0.0722806783,0.0741296688,0.0707781366,0.0711224241,0.0669824849,0.0703824985,0.0723192548,0.0671297478,0.0732845262,0.0766877546,0.0668720125,0.0685850753,0.0776894549,0.0740509796,0.0723965133,0.0734014339,0.0688854228,0.0731286848,0.0676190889,0.0761608336,0.0673874832,0.0667615402,0.0704203607,0.0690355453,0.0678421786,0.02075178,0.11901157,0.82358161,-0.03416586,-0.01364469,-0.04510886,-0.03013381,-0.02376617,-0.04633869,-0.02765410,-0.04208333,-0.03681814,-0.02936749,-0.03556221,-0.03320192,-0.03441939,-0.04179064,-0.02996506,-0.03499754,-0.03469198,-0.02282160,-0.04300948,-0.04334577,-0.03746661,-0.05504714,-0.04439248,-0.04172017,-0.02721316,-0.04765500,-0.03397984,-0.04590948,-0.01103951,-0.03402989,-0.02945720,-0.02130457,-0.04791907,-0.03892188,-0.01321012,-0.03800076,-0.00511865,-0.04646531,-0.00076037,-0.03964554,-0.01471948,-0.03640043,-0.00203515,-0.03306488,-0.04472198,-0.03218511,-0.03723182,50,0.0315915263,0.1156433055,0.0840517792,11.0320452762,0.0568104695,0.0700504310,-0.0560889406,1.3870073220,2.29562178,2.30960256,0.01398078,1.88740287,0.65554382,0.02763468,-0.00008053,1.04327750
74,0x14ee15000,0x11b159000,11,11,1,185.48,-0.0164748878,0.0559944973,0.1273101904,0.0616391496,0.0543403702,0.0548494435,0.0588728897,0.0602528020,0.0527191868,0.0591389116,0.0593050959,0.0903808027,0.0621052628,0.0577297126,0.1614999539,0.0524392520,0.0555439983,0.0742249797,0.0528435740,0.0593050959,0.0585190174,0.0540519354,0.0614014326,0.0593050959,0.0529680461,0.0545630735,0.0621739371,0.0546267402,0.0567504859,0.0528124984,0.0570432912,0.0551039368,0.0537373502,0.0578282971,0.0529680461,0.0570107869,0.0603536214,0.0613334737,0.0581243201,0.0612315817,0.0592386585,0.0577954356,0.0570758844,0.0525947996,0.0544994936,0.0612995406,0.0594048428,0.0538945998,0.0548176536,0.0594713709,-0.15920381,0.63603332,0.02492834,0.55278577,0.24215097,-0.20215137,-0.19656931,-0.18979514,-0.20393076,-0.19728870,-0.20754795,0.58854334,-0.19703201,-0.17216295,0.83077360,-0.21095549,-0.21337322,0.64155883,-0.21088868,-0.19721060,-0.20979094,-0.20520587,-0.17266605,-0.16801099,-0.22505028,-0.22300777,-0.20287517,-0.20435730,-0.18597900,-0.19914596,-0.19806912,-0.20070665,-0.21118804,-0.20892673,-0.21220633,-0.20796720,-0.20146244,-0.18442087,-0.20438083,-0.21613047,-0.20258209,-0.19439552,-0.19363488,-0.19479368,-0.20042979,-0.20066294,-0.22400407,-0.21291136,-0.21748007,-0.20953448,50,0.0293980868,0.0997383055,0.0703402187,12.5679642067,0.0504405560,0.0482186314,-0.0739165270,1.5252039495,2.32592698,2.26827492,-0.05765206,-10.32823944,0.70704174,-0.09590056,-0.02029373,1.07570385
75,0x14ecd9000,0x14eaed000,11,11,1,185.27,0.0008277570,0.0019116463,0.0785353293,0.0770931790,0.0710653669,0.0775207378,0.0758734734,0.0752300037,0.0764072046,0.0720534534,0.0774220635,0.0722089161,0.0756804149,0.0750690924,0.0741504046,0.0719601418,0.0743095280,0.0785353293,0.0769602222,0.0710653669,0.0686022249,0.0787680418,0.0732910176,0.0774878763,0.0752943858,0.0775207378,0.0750690924,0.0742140713,0.0698016468,0.0699839798,0.0711268036,0.0777838993,0.0785020198,0.0729134809,0.0731022492,0.0710038462,0.0752300037,0.0762770985,0.0745640213,0.0707271290,0.0734797859,0.0750690924,0.0797164632,0.0722089161,0.0754873564,0.0741504046,0.0698320080,0.0741186146,0.0739912811,0.0775536891,0.05236537,0.04340021,0.83574207,-0.02427777,-0.02887070,-0.02368979,-0.03294607,-0.02940555,-0.03122400,-0.02347693,-0.02903367,-0.02727426,-0.02521827,-0.01539612,-0.03148864,-0.03593173,-0.03119067,-0.00703060,-0.02779432,-0.03296742,-0.03204163,-0.01792098,-0.02994465,-0.02055709,-0.01629579,-0.01635608,-0.02810605,-0.02714662,-0.03451069,-0.02097005,-0.02093143,-0.01250338,-0.02402428,-0.02936599,-0.03771343,-0.02784728,-0.03054157,-0.02639171,-0.02433291,-0.02155328,-0.02804946,-0.01829820,-0.03095342,-0.03534933,-0.01660217,-0.02647061,-0.03967295,-0.03018327,-0.02563482,-0.01394353,50,0.0248010131,0.0977911834,0.0729901703,13.0519419927,0.0485634373,0.0634201047,-0.0604371752,1.2419502393,2.32934059,2.28686622,-0.04247437,-7.60028444,0.55763513,-0.02257267,-0.01259083,1.04708415
76,0x15d959000,0x14e145000,11,11,1,185.42,-0.0097673343,0.0444106467,0.0716109024,0.0950735904,0.0714028282,0.0691713698,0.0660269575,0.0645544489,0.0666768527,0.0624624932,0.0571899582,0.0604298382,0.0652376614,0.0591653927,0.0583307198,0.0678551261,0.0669428746,0.0651075553,0.0644243428,0.0603987626,0.0605543103,0.0583003586,0.0612895935,0.0591653927,0.0636375490,0.0605543103,0.0603676871,0.0637019311,0.0624943700,0.0584522475,0.0603054510,0.0656652114,0.0593806731,0.0636696961,0.0754770744,0.0823350109,0.0700808646,0.0647822456,0.0604298382,0.0626534065,0.0638949017,0.0614469290,0.0583915251,0.0648147499,0.0661914446,0.0583915251,0.0605543103,0.0627170733,0.0637340782,0.0627170733,-0.20474893,0.77214954,0.72857508,0.66368759,0.93986276,0.87706601,-0.24311267,-0.25834581,-0.25188462,-0.26503238,-0.26221090,-0.26184349,-0.26466242,-0.27666076,-0.27327559,-0.25689944,-0.25157428,-0.27318665,-0.26281967,-0.25895235,-0.26865809,-0.25547596,-0.24572214,-0.28736246,-0.26753514,-0.26054207,-0.27144497,-0.26561642,-0.26278298,-0.26826057,-0.24363101,-0.26403823,-0.26497674,-0.26301764,0.54752711,0.70869581,0.66864619,-0.25026839,-0.26262859,-0.25308782,-0.27112324,-0.26875538,-0.26484311,-0.25841230,-0.25986828,-0.28431456,-0.27026913,-0.26688575,-0.27877270,-0.28057336,50,0.0320389522,0.1002549364,0.0682159842,12.1921244645,0.1023891609,0.0475350339,-0.0555618425,1.6267644639,2.37975396,2.35660663,-0.02314733,-4.13030286,0.97249396,-0.14309597,-0.02406154,1.09479253
77,0x2c8578000,0x28a854000,7,7,1,185.40,0.0005310435,0.0005095926,0.0748857117,0.0716522780,0.0729478840,0.0741540154,0.0761888164,0.0706049109,0.0727301003,0.0718675584,0.0772040334,0.0782836326,0.0783494454,0.0728856479,0.0734455176,0.0795295068,0.0815563631,0.0808461085,0.0705744668,0.0772691309,0.0759635229,0.0706352721,0.0684188443,0.0718367561,0.0808461085,0.0784151684,0.0794297599,0.0762853456,0.0731033467,0.0749493785,0.0781849582,0.0729478840,0.0805772262,0.0816582550,0.2133110243,0.0912759479,0.0785138427,0.0868847066,0.0816582550,0.0810809290,0.0837162868,0.0882527666,0.0716830803,0.0707264386,0.0758348466,0.0752675385,0.0844458986,0.0698570313,0.0731033467,0.0804428308,0.03339564,0.03193979,-0.01103324,-0.01765368,-0.01108042,-0.01297327,-0.02175383,-0.01273435,-0.00578810,-0.01231632,0.00710982,-0.01231145,-0.00582899,-0.01095427,0.00756634,-0.00938482,0.00758247,-0.01031794,-0.00900420,-0.02314852,-0.00611209,-0.02363071,0.00199332,-0.02286384,0.02166881,0.00296626,0.02524621,-0.01824070,0.00290436,-0.02276722,-0.03196276,-0.01157348,-0.01647285,0.00233249,0.48885993,0.64068251,0.92577166,1.08776958,0.94555521,0.96310439,0.98571167,0.95807484,-0.00987254,-0.01464930,-0.01361865,-0.01456234,0.96339318,-0.01743696,-0.01808302,-0.01036139,50,0.0322184787,0.1015092854,0.0692908067,12.3853536245,0.1141207590,0.0486198584,-0.0550696019,1.4496530370,2.45065737,2.36340325,-0.08725412,-15.56739188,0.99236726,-0.14996098,0.01219953,1.04087990
78,0x2ec282000,0x29ba12000,7,7,1,185.43,0.0007697499,0.0040046212,0.0818529880,0.0817543136,0.0829340168,0.0840487134,0.0821161494,0.0819516623,0.0782917413,0.0794013425,0.0807069504,0.0809671627,0.0806418530,0.0833330044,0.0797231652,0.0766967139,0.0797874594,0.0806418530,0.0818859393,0.0799483708,0.0862114985,0.0826347762,0.0817214521,0.0782917413,0.0766967139,0.0839478939,0.0829673263,0.0850282084,0.0817872649,0.0853678174,0.0818859393,0.0840487134,0.0756128135,0.0785144446,0.0782281614,0.0808695609,0.0785463214,0.0763857035,0.0797231652,0.0818529880,0.0784826547,0.0829007981,0.0787053580,0.0786417781,0.0761990803,0.0842502605,0.0782917413,0.0766967139,0.0774974508,0.0785463214,0.03767731,0.04696592,-0.02975790,-0.01992412,0.00049241,-0.01410130,-0.01944910,-0.02894098,-0.02824614,-0.02044030,-0.00528375,-0.02061909,-0.02425530,-0.01974577,-0.02126710,-0.01679989,-0.02565969,-0.02259558,-0.03950289,-0.01258214,-0.02514430,-0.02859360,-0.01980305,-0.03315089,-0.01096280,-0.00972499,-0.00674665,-0.01272161,-0.01464423,-0.00813039,-0.00331317,-0.02060942,-0.01557967,-0.02791208,-0.00018031,-0.02272827,-0.00505955,-0.02622128,-0.00836141,-0.01090426,-0.03663233,-0.01164119,-0.02541087,-0.00763601,-0.02511981,-0.01773516,-0.01937952,-0.02832088,-0.03881194,-0.03490161,50,0.0274343871,0.0999960669,0.0725616798,12.9668827450,0.0812918560,0.0490749354,-0.0645597699,1.4731509475,2.32285159,2.29366188,-0.02918970,-5.20134842,0.79926759,-0.06357449,0.00160442,1.04590960
79,0x11b9fe000,0x3dcbc3000,2,12,0,129.87,-0.0148670954,0.0132092611,0.0972267040,0.0748637238,0.1017196160,0.1247639993,0.1640953970,0.0782551589,0.0837463405,0.0832831057,0.0840506358,0.0822038969,0.0830900122,0.0800079744,0.0812762404,0.0819743719,0.0825480801,0.0848689895,0.0781814772,0.0844793327,0.0813899304,0.0827776051,0.0801204894,0.0845572003,0.0832445292,0.0778132695,0.0797451319,0.0813899304,0.0842844512,0.0767347319,0.0855202157,0.0802331069,0.0814656547,0.0825480801,0.0769899649,0.0852056735,0.0820125913,0.0867589480,0.0769170980,0.0856381959,0.0847520818,0.0837463405,0.0803832294,0.0824334220,0.0811625503,0.0849079232,0.0856381959,0.0832831057,0.0833602588,0.0825098607,0.33435162,0.36253404,0.31870613,-0.60533798,0.13020221,0.25825794,0.31817598,-0.65425128,-0.63737076,-0.65278214,-0.64342214,-0.64134634,-0.63565087,-0.65306556,-0.65849599,-0.64307411,-0.65488826,-0.64517563,-0.66231063,-0.65110867,-0.64775686,-0.65659912,-0.67160434,-0.66220794,-0.66109944,-0.67021047,-0.66223411,-0.65398505,-0.66145297,-0.65971998,-0.66724393,-0.65755997,-0.65785460,-0.57254115,-0.67255375,-0.66588836,-0.67741886,-0.66369060,-0.67157079,-0.65170049,-0.65719229,-0.64359337,-0.65751128,-0.63423683,-0.66672081,-0.61749419,-0.65244808,-0.62982557,-0.65966654,-0.65251999,50,0.0278257580,0.1158873815,0.0880616236,11.5573114167,0.0404546465,0.0642301271,-0.0734239069,1.5427700750,2.34564629,2.31464615,-0.03100015,-4.04692697,0.59146110,-0.05021941,-0.02997934,1.03980075
80,0x3452ab000,0x3501df000,10,10,1,185.46,-0.0213910915,0.0642190203,0.0631351310,0.0554234447,0.0636756273,0.0552369064,0.0597207637,0.0587995737,0.0567261044,0.0619181853,0.0609673523,0.0629670680,0.0595581533,0.0574293143,0.0574293143,0.0552679820,0.0598834630,0.0617187823,0.0552990575,0.0531674328,0.0616522541,0.0584778388,0.0628326727,0.0597207637,0.0573338576,0.0631351310,0.0549880471,0.0595255602,0.0531977940,0.0560969339,0.0571429442,0.0595581533,0.0563172209,0.0617520010,0.0572066109,0.0607700036,0.0553923691,0.0596231620,0.0619181853,0.0555479168,0.0586065152,0.0552679820,0.0573975243,0.0609673523,0.0534104882,0.0551746703,0.0598834630,0.0634039216,0.0620512416,0.0609673523,0.01601083,0.10830880,-0.02194328,-0.04139240,-0.02707904,-0.05477454,-0.03970393,-0.03826081,-0.04312354,-0.03781701,-0.04136452,-0.04151243,-0.04440845,-0.03658501,-0.04477228,-0.03671734,-0.04056868,-0.03926169,-0.04048602,-0.05194223,-0.04050721,-0.03674777,-0.04833526,-0.03242352,-0.04482041,-0.05090927,-0.05883903,-0.03066901,-0.06012793,-0.05260220,-0.05278483,-0.04658757,-0.06140214,-0.02101276,-0.04885408,-0.01825965,-0.05277657,-0.02878071,-0.03086543,-0.04536369,-0.04395129,-0.04194601,-0.05510594,-0.04067420,-0.05355804,-0.01107781,-0.03419531,-0.00860016,-0.05976549,-0.00679966,50,0.0269485423,0.0983604291,0.0714118867,12.7627207720,0.0348481916,0.0494685384,-0.0734499574,1.6610862406,2.22521585,2.24410742,0.01889157,3.40214196,0.49857723,-0.06929360,-0.06705191,1.03999246
81,0x16b393000,0x3e480000,11,0,0,127.06,-0.0077924124,0.0062009004,0.0880276891,0.0837872534,0.0880276891,0.0874968658,0.0884695785,0.0883223156,0.0893285569,0.0854020535,0.0892542614,0.0860165687,0.0859082414,0.0864859540,0.0870228332,0.0903335807,0.0936870421,0.0934939485,0.0891054672,0.0872780662,0.0838580737,0.0871686664,0.1772680199,0.1013314970,0.1404104026,0.0976880180,0.0955723567,0.0906713307,0.0862692994,0.0872780662,0.0872051994,0.0872416328,0.0864137029,0.0880645802,0.0917537561,0.0862692994,0.0865220302,0.0874968658,0.0870957996,0.0919054117,0.0872416328,0.0850802894,0.0864137029,0.0939186068,0.0882118432,0.0875698322,0.0916022039,0.0891054672,0.0901833557,0.0916022039,0.01438227,0.04991177,-0.00529792,-0.02388527,-0.02682564,-0.00834547,-0.01484946,-0.01531838,-0.01054580,-0.01168349,-0.01621380,-0.02440043,-0.02709345,-0.02964931,-0.00760861,-0.00402520,0.84438203,0.00015704,0.00086622,-0.02364435,-0.01110063,-0.00728286,0.81776198,0.96321328,0.90291373,1.19710906,1.15406451,0.00070679,-0.00320778,-0.01684803,-0.01550802,0.00195233,-0.02006383,-0.01735481,-0.01761305,-0.01944165,-0.01389625,-0.00584152,-0.02855960,-0.02169685,-0.01268578,-0.00874435,-0.01798070,-0.01122249,-0.02188992,-0.01996109,-0.01944440,-0.00393683,0.12590855,0.55890132,50,0.0281857479,0.1137501996,0.0855644517,11.0785705136,0.0753641549,0.0615270527,-0.0748668747,1.5051347642,2.39439703,2.34522402,-0.04917301,-6.34428572,0.66585837,-0.06030078,-0.03681271,1.05451036
82,0x350255000,0x355ea1000,10,10,1,185.30,-0.0380859944,-0.0369974635,0.0407837329,0.0397030613,0.0356570917,0.0397352084,0.0429450763,0.0365232933,0.1073477396,0.0660621171,0.0408813347,0.0431112606,0.0419959405,0.0376675459,0.0602358565,0.0646797190,0.0590006957,0.0461871025,0.0536045413,0.0409138391,0.0435102481,0.0364299817,0.0364299817,0.0397030613,0.0430780419,0.0352574171,0.0440929915,0.0440929915,0.0451403528,0.0407186355,0.0362121980,0.0397352084,0.0344212305,0.0362433585,0.0406536268,0.0408488304,0.0448346769,0.0364610573,0.0365232933,0.0363677457,0.0375731617,0.0440257480,0.0398638848,0.0418315431,0.0396709141,0.0440929915,0.0342693416,0.0805855347,0.1060526414,0.0578832676,-0.55767959,-0.54292184,-0.58272498,-0.59433664,-0.59812176,-0.58782217,-0.56030608,-0.58294433,0.17755296,-0.56745784,-0.57235875,-0.47898303,-0.59361249,-0.60497703,0.28777682,0.39113362,0.57026142,0.53734013,0.55859563,-0.22804348,-0.59001450,-0.58450001,-0.57615747,-0.58895281,-0.57408777,-0.58516126,-0.58741427,-0.59066792,-0.60274795,-0.59202857,-0.59148519,-0.59077793,-0.59970907,-0.59229904,-0.59594753,-0.59003837,-0.58119745,-0.55875959,-0.60929361,-0.60056607,-0.58746225,-0.57524554,-0.59766156,-0.57159322,-0.59085632,-0.57563098,-0.59369939,0.37067869,0.46454350,0.58988582,50,0.0385416354,0.1036240317,0.0650823964,11.6590303020,0.1392811104,0.0503213202,-0.0487873723,2.0531988015,2.47248023,2.41771416,-0.05476606,-9.83828327,1.08954919,-0.10311788,0.04490536,1.05746581
83,0x15c73c000,0x19181e000,2,4,0,127.08,0.0035918101,-0.0018998485,0.0888064682,0.0953605812,0.0888765732,0.0931262936,0.0856345581,0.0995674107,0.0939485256,0.0908234071,0.0977872110,0.0899572449,0.0953605812,0.0997990808,0.0952118885,0.0956952158,0.0898157009,0.0953977290,0.0925879846,0.0943904151,0.0933086597,0.0955092738,0.0987173698,0.0941326797,0.0987555892,0.0945376780,0.0946481504,0.0920825231,0.0952861841,0.0913953997,0.0932356934,0.0953977290,0.0924796573,0.0931992599,0.0965539479,0.0870241345,0.0921908504,0.0956952158,0.0984114060,0.0934544930,0.0964413304,0.0942799427,0.0898157009,0.0904173354,0.0889115778,0.0888765732,0.0986408267,0.0973704166,0.0931628265,0.0953977290,0.04899101,0.01989545,0.02676546,0.00263515,-0.00848288,-0.00258788,0.00038484,0.00452039,-0.00915860,-0.00956706,0.00126118,0.00778724,-0.00895303,-0.00465622,0.00846527,0.00289545,0.00269004,0.00346781,0.00584143,-0.01403291,-0.00433799,0.00887322,0.00170227,0.01063406,-0.00429474,-0.01003204,-0.00139995,0.00667765,-0.01093055,0.00475556,-0.00385507,0.00377641,0.01171465,0.00874288,0.01397387,-0.00041209,-0.00889269,0.00002231,0.01081406,-0.00100789,0.00805035,0.01052292,-0.00687518,-0.00808748,0.00433134,-0.00697086,0.00929854,-0.01929272,0.00049504,0.00643508,50,0.0263827089,0.1140252814,0.0876425724,11.4071764941,0.0792978511,0.0871536072,-0.0681791539,1.5621315099,2.32200068,2.34712017,0.02511950,3.26298501,0.63599344,-0.01256126,-0.05889702,1.08132712
84,0x3a3839000,0x29cc40000,12,7,0,127.13,-0.0005379194,-0.0026931906,0.0915049923,0.0910216650,0.0947907030,0.0920245435,0.0967614994,0.0870322063,0.0901280410,0.0904225669,0.0915793894,0.0879327665,0.0932911251,0.0938594717,0.0925125185,0.0931394695,0.0905699304,0.0895224634,0.0888660646,0.0935184017,0.0942934335,0.0933289873,0.0947141599,0.0914306967,0.0913562996,0.0860219977,0.0837891307,0.0930257795,0.0894860300,0.0953328879,0.0931773316,0.0860219977,0.0932911251,0.0925875285,0.0924374060,0.0857034512,0.0848701485,0.0935184017,0.0919494310,0.0925875285,0.0922122735,0.0899438869,0.0882938245,0.0912820040,0.0921746660,0.0889390310,0.0892672304,0.0944464154,0.0900175686,0.0914678445,0.02832930,0.04048560,-0.00650719,-0.00118352,0.02036888,-0.01079212,0.02295963,-0.01429177,0.00270665,-0.01217885,-0.00228857,-0.01641591,-0.00039645,-0.01363513,0.00523421,-0.00227277,0.01250593,-0.00262361,-0.01315373,-0.00000564,0.00383018,0.00249715,0.83330566,-0.00520015,-0.01581443,-0.00927205,-0.01524996,0.00056493,-0.02189298,-0.00385978,-0.01145021,-0.00456310,-0.00980783,-0.00906788,-0.00443904,-0.00361563,-0.00971297,-0.00183959,0.00874306,-0.01138222,-0.01860227,-0.00829379,-0.02465108,-0.00812554,-0.01174103,-0.00945131,-0.00280777,0.02179783,0.00166022,-0.00702226,50,0.0274252731,0.1127817450,0.0853564719,11.0463805959,0.0435653264,0.0626245445,-0.0786493555,1.3865466737,2.25730905,2.26997663,0.01266758,1.66116721,0.65719646,0.00077080,0.03000179,1.01536840
85,0x35772e000,0x354052000,3,3,1,185.47,-0.0002044793,-0.0013534300,0.0775638769,0.0697585371,0.0788769038,0.0784446976,0.0754032479,0.0756606006,0.0691014668,0.0755640714,0.0721000794,0.0732426299,0.0754675421,0.0766461728,0.0796236864,0.0743865133,0.0751458073,0.0730223430,0.0733054955,0.0762883588,0.0776295999,0.0796572623,0.0722867026,0.0721000794,0.0764835624,0.0768088720,0.0701535643,0.0701839254,0.0712663841,0.0775638769,0.0776625512,0.0797580818,0.0765160667,0.0723488538,0.0689213609,0.0819194362,0.0766461728,0.0724733258,0.0755962185,0.0776625512,0.0805670106,0.0753388658,0.0778598101,0.0743229334,0.0732426299,0.0776625512,0.0785444445,0.0711742289,0.0722244666,0.0798253253,0.05843623,0.03075018,-0.00199779,-0.03521842,-0.03086826,-0.01714650,-0.02598216,-0.03380777,-0.00729217,-0.01875047,-0.02873080,-0.02210366,-0.02595419,-0.03177643,-0.03029887,-0.02442173,-0.03085953,-0.03392441,-0.02008868,-0.02158068,-0.02387764,-0.02329564,-0.03483077,-0.03830776,-0.03220762,-0.03077366,-0.02063237,-0.04435433,-0.03477947,-0.02306783,-0.02277423,-0.02008171,-0.02088580,-0.02953695,-0.03228263,-0.02545721,-0.03025750,-0.02545524,-0.03826322,-0.02110533,-0.03008098,-0.02084329,-0.01258307,-0.02436763,-0.01079175,-0.02636555,-0.01255936,-0.02846989,-0.02093243,-0.01489706,50,0.0230977907,0.0987944232,0.0756966325,13.5172723287,0.0603485851,0.0790783790,-0.0691778549,1.1452782281,2.30493510,2.28954211,-0.01539298,-2.69527430,0.64179879,-0.09121326,0.03016279,1.05120760
86,0x2a67c7000,0x15a98f000,14,11,0,129.82,-0.0010695900,0.0010445672,0.0982477807,0.0968951085,0.0918424177,0.0918795655,0.0882393778,0.0935490453,0.0906145162,0.0932985244,0.0916565772,0.0962809173,0.0929982794,0.0948549188,0.0981691988,0.0921026552,0.0944964276,0.0955051701,0.0948549188,0.0954287314,0.0929606719,0.0928856619,0.0947783756,0.0959720942,0.0996452138,0.0931107944,0.0905408345,0.0915449309,0.0895716967,0.0933974931,0.0974796468,0.0970120162,0.0952374257,0.0984051592,0.0947019369,0.0948549188,0.0929982794,0.0898998961,0.0916565772,0.0925478094,0.0979332385,0.0972458315,0.0920282581,0.0943827376,0.0983657609,0.0962423408,0.0959334122,0.0965511639,0.0893893305,0.0904671527,0.04013578,0.03770481,0.01937442,0.01736157,-0.01297887,-0.00413359,-0.00881492,0.00650828,-0.00892119,0.00422650,0.00012896,0.01493330,-0.00041031,0.01103512,0.01440217,0.01442841,0.00337017,0.00030644,-0.00711034,0.00421299,-0.00228781,0.00849139,0.00374001,-0.00693456,0.01408812,0.00604069,-0.01076661,0.00374662,0.00684189,-0.00525518,0.01898480,-0.00510154,-0.00727638,0.01178626,0.00151442,0.00216536,0.00100086,-0.00212838,-0.00647889,0.00432031,-0.00249880,0.02090073,0.01131609,-0.00142516,0.00259326,-0.00702315,0.00335964,0.02279432,-0.01072286,-0.00983188,50,0.0237451030,0.1164067426,0.0926616396,12.1879032494,0.0511054288,0.0774068557,-0.0704835450,1.3139571304,2.21413101,2.31858586,0.10445485,13.81583494,0.49021600,-0.02587796,-0.02231212,1.03214726
87,0x153a3c000,0x1e2a57000,2,13,0,127.10,-0.0026500286,0.0026096310,0.0904743421,0.0924919752,0.0933485620,0.0958519815,0.0934986845,0.0893551030,0.0936488070,0.0953163882,0.0913365825,0.0915575272,0.0937990320,0.0935737970,0.0920457957,0.0914838454,0.0945418180,0.0851278730,0.0846770772,0.0945796802,0.0915207366,0.0956989996,0.0944659902,0.0901826757,0.1378208353,0.2238185747,0.0964714248,0.0946176458,0.2125655520,0.0890661974,0.0995329654,0.0946176458,0.0848504092,0.0903285089,0.0899273431,0.0911525289,0.0936113020,0.0867647297,0.0913365825,0.0948070602,0.0934611795,0.0857563081,0.0913365825,0.0924919752,0.0937239195,0.0902555425,0.0943902658,0.0910051654,0.0924919752,0.0893551030,0.03784401,0.04465852,-0.01766650,-0.00708929,-0.00513478,-0.01186947,-0.01680243,-0.01916133,-0.01288012,-0.00993588,-0.01939147,-0.01784031,-0.02846984,-0.03656714,-0.02078747,-0.00806523,-0.02838765,-0.03950305,-0.03749058,-0.01047063,-0.01836162,-0.01216591,-0.02371525,-0.02416542,0.98469080,1.10665762,1.16043537,1.15076801,1.04446754,-0.00927751,0.01528610,-0.01574875,-0.01670837,-0.00975424,-0.01786207,-0.00638143,0.00245583,-0.01925764,-0.01881803,-0.02068583,-0.02234680,-0.02054547,-0.00531432,-0.00041029,0.00044625,-0.02628257,-0.01841554,-0.02064721,-0.00597166,-0.00680540,50,0.0263820518,0.1138321585,0.0874501067,11.3349981853,0.0589993518,0.0663340661,-0.0798013418,1.6097140872,2.32430319,2.30037700,-0.02392620,-3.12276023,0.75962895,-0.09404966,-0.05965740,1.06572931
88,0x61d85000,0xa32f000,9,9,1,185.42,-0.0024774498,0.0083178360,0.0786004860,0.0787013055,0.0701116459,0.0796467747,0.0754571443,0.0744400516,0.0778526309,0.0700502091,0.0721186101,0.0763411827,0.0785332425,0.0776199184,0.0700502091,0.0698964494,0.0687864891,0.0766042544,0.0746009629,0.0753595426,0.0766042544,0.0805208131,0.0762095571,0.0762095571,0.0741826988,0.1260356711,0.0872794354,0.0902962709,0.0829917533,0.0843559669,0.0710693712,0.0687561279,0.0721500429,0.0782307842,0.0779855965,0.0775201715,0.0718983232,0.0789365202,0.0744400516,0.0689688221,0.0719298418,0.0718983232,0.0788020332,0.0763740442,0.0714425327,0.0788020332,0.0764727186,0.0697426897,0.0776863558,0.0730080002,0.02883508,0.03304627,-0.03730639,-0.02566015,-0.02814974,-0.00400592,-0.03203439,0.00341737,-0.03233959,-0.00582209,-0.03085536,0.57157496,-0.02709234,-0.01609082,-0.04513842,-0.02179906,-0.04802209,-0.01647866,-0.03837235,-0.01996848,-0.03341955,0.86617270,-0.02094104,-0.02363907,-0.02704946,1.00046901,0.95484652,1.10036366,1.11128195,0.74910901,-0.02078434,-0.02040823,-0.02401258,-0.03077778,-0.03456368,-0.03453304,-0.02651433,-0.01681200,-0.02797017,-0.04957285,-0.03008674,-0.02138575,-0.03525307,-0.05028499,-0.04296090,-0.01555122,-0.03670271,-0.04118929,-0.01889857,-0.02681731,50,0.0337891234,0.1029805088,0.0691913855,12.3927320940,0.1386979942,0.0725132469,-0.0577135284,1.2997417610,2.43534531,2.40433813,-0.03100717,-5.55061891,1.08077839,0.03873536,0.01226857,0.99732219
89,0x1a3919000,0x1d9bc1000,13,13,1,185.49,-0.0000893586,0.0282197064,0.0778391294,0.0723967579,0.0697027953,0.0657111816,0.0647308814,0.0743783470,0.0778018801,0.0793334565,0.0702694534,0.0695655405,0.0680726424,0.0683443852,0.0637160226,0.0711406101,0.0720074877,0.0669580376,0.0793334565,0.0791833340,0.0670924329,0.0710355005,0.0678349254,0.0648295558,0.0721844902,0.0734420677,0.0637811200,0.0678009923,0.0605054513,0.0594555829,0.0638136243,0.0669244617,0.0660103315,0.0587123387,0.0633582086,0.0656113440,0.0670252811,0.0615228892,0.0594555829,0.0650927172,0.0686160353,0.0623779103,0.0647966942,0.0645335328,0.0616819258,0.0646980199,0.0657111816,0.0649610916,0.0571408259,0.0633582086,0.53762280,0.54264932,0.46973559,0.49444308,0.48709268,0.49550528,0.55397769,0.47021568,0.53910671,0.37242368,0.50154368,0.50004351,0.47741225,0.49611165,0.52703385,0.51005781,0.50171123,0.51746720,0.56615242,0.47668109,0.50174150,0.39325301,0.47670075,0.34972397,0.49669369,0.50465761,-0.45753454,-0.48075539,-0.49078896,-0.50118660,-0.46829075,-0.48983430,-0.46149374,-0.49634716,-0.48800941,-0.50004527,-0.48949287,-0.48272752,-0.50288519,-0.49527234,0.18383430,-0.50038963,-0.48832205,-0.49702831,-0.49925121,-0.50090538,-0.49536305,-0.50230670,-0.50210954,-0.50250922,50,0.0357138191,0.1003023157,0.0645884966,11.5596733124,0.0627289059,0.0639443244,-0.0696070484,1.7042278270,2.39990701,2.33130226,-0.06860475,-12.26605459,0.77536004,-0.06520256,-0.01534437,1.05779189
90,0x15372a000,0x2fe248000,2,7,0,129.80,0.0017035866,-0.0026005136,0.0911733939,0.0859245024,0.0900559657,0.0981378378,0.0905149114,0.0925254623,0.0892043907,0.0904766920,0.0860349747,0.0890907007,0.0868193004,0.0902853864,0.0878606551,0.0893180807,0.0912119704,0.0892043907,0.0850626192,0.0883111250,0.0860349747,0.0958507168,0.0923696209,0.0861085560,0.0926033298,0.0906678933,0.0872653784,0.0871166857,0.0909031472,0.0859981841,0.0861454471,0.0889012863,0.0869307438,0.0847708532,0.0902089476,0.0861454471,0.0936857552,0.0904766920,0.0900941851,0.0924474884,0.0858508206,0.0904766920,0.0877105326,0.0900559657,0.0925643961,0.0846979864,0.0870422886,0.0912505470,0.0889771141,0.0874140711,0.04997251,0.02973360,0.00783028,-0.00663404,-0.00865513,0.00508520,0.00272777,-0.00033350,-0.01103767,-0.00990746,0.00607539,0.00066159,0.00050195,0.00263367,0.00116150,0.00036168,-0.00107844,-0.00700753,-0.00975756,0.00145354,0.00452877,0.00479971,-0.00197628,0.01609519,0.00482870,-0.01071966,-0.01437596,-0.01151333,-0.00304324,0.00284038,0.00184753,0.01522989,-0.00599425,-0.02153593,-0.00965782,-0.00835267,-0.00120193,0.00229007,-0.00656321,0.00656356,-0.01282685,0.01098718,-0.00562216,0.01256546,-0.00097900,0.02604614,-0.00340976,-0.00988060,-0.00825275,-0.00288777,50,0.0241377416,0.1156996364,0.0915618948,12.0137361470,0.0383763445,0.0805998079,-0.0823777110,1.2616811027,2.23026171,2.26265295,0.03239124,4.29467657,0.49568002,-0.07441841,-0.02409516,1.04045283
91,0x2c8510000,0x29b74a000,7,7,1,185.46,-0.0073552741,-0.0127693531,0.0649349775,0.0652770634,0.0617562589,0.0673168680,0.0679164111,0.0693184604,0.0705631723,0.0683346751,0.0694160622,0.0709907311,0.0683346751,0.0682702930,0.0683024402,0.0704974492,0.0650905251,0.0708591953,0.0629277399,0.0649972135,0.0681416167,0.0637016075,0.0706947081,0.0702342878,0.0672532881,0.0626542404,0.0694810708,0.0674759914,0.0694485665,0.0650282891,0.0650282891,0.0672532881,0.0672214113,0.0694810708,0.0631404341,0.0649660530,0.0627757681,0.0693509647,0.0671578314,0.0606759444,0.0694160622,0.0606165698,0.0715788363,0.0674759914,0.0705303108,0.0680128525,0.0683024402,0.0713793425,0.0651526762,0.0650905251,0.03803971,0.06377079,-0.01147322,0.00470312,-0.00717920,0.00185029,-0.01304921,0.00947450,-0.00052582,0.01269027,-0.00524422,0.01335424,-0.00743262,-0.00496359,-0.00805858,-0.00356609,0.00035986,-0.01045728,-0.02462644,-0.01669247,-0.00967651,-0.01248092,-0.01314637,-0.00218521,0.00227409,-0.02406100,-0.00771600,-0.00501540,0.00216997,-0.00337120,-0.01225710,-0.01420473,-0.01490422,-0.01134803,0.00189238,-0.01072455,-0.01840142,-0.00490797,-0.01620210,-0.02009799,-0.00362895,-0.02925206,-0.00799369,0.00334997,-0.01377078,0.01111389,0.00218069,0.00655907,-0.02057060,-0.00544995,50,0.0278074789,0.0984579909,0.0706505120,12.6378418386,0.0691304661,0.0549056770,-0.0588008330,1.4742775396,2.34298828,2.28564025,-0.05734803,-10.26900827,0.72297246,-0.12022533,-0.00830970,1.06099781
92,0x8e5ff000,0x9f8d2000,15,6,0,127.08,0.0008644007,0.0019325522,0.0923711563,0.0912932678,0.0958748427,0.0861874183,0.0906205885,0.0927090088,0.0925963913,0.0840260860,0.0883487728,0.0882043693,0.0896846664,0.0927090088,0.0883848490,0.0862227802,0.0912932678,0.0914420619,0.0872680900,0.0886015035,0.0906573791,0.0928591313,0.0923711563,0.0927841213,0.0940173845,0.0874467828,0.0893930000,0.0917022995,0.0915907546,0.0935247623,0.0919253892,0.0891376674,0.0820005566,0.0892471667,0.0905101161,0.0882765217,0.0896117000,0.0881321182,0.0884571000,0.0900682267,0.0927090088,0.0915907546,0.0907678515,0.0903628532,0.0925963913,0.0872680900,0.0892106338,0.0916279024,0.0930093563,0.0912189722,0.05094279,0.03554868,-0.00096869,0.01613726,0.01209956,-0.00041294,0.00489511,0.00916520,0.00188261,-0.00759016,-0.00028137,-0.00458819,-0.01408829,0.00094942,0.00235017,0.02241083,-0.00200025,0.00431252,0.01121335,0.01232444,0.00566701,0.01172143,0.00003510,0.01324217,0.01769463,-0.00216307,-0.00281850,0.00222008,-0.00751811,0.02286362,0.00651441,0.00586757,0.00081948,-0.00390594,-0.01003080,-0.00178862,0.00759457,0.00490076,-0.00805645,0.00777259,0.00448523,0.00372672,-0.00539754,0.00579347,0.00327884,-0.00698674,0.00213428,-0.00016931,0.00604426,0.01961450,50,0.0272302289,0.1118152771,0.0845850482,10.9666955214,0.0299216937,0.0788916514,-0.0834459508,1.6046683534,2.29049453,2.25144154,-0.03905299,-5.05148363,0.53909003,-0.12576083,-0.00596384,1.06214499
93,0x1e2abf000,0x2759ce000,13,1,0,129.82,-0.0050549021,0.0023539271,0.0943283023,0.0900040982,0.0832263028,0.0895408634,0.0825813549,0.0920876183,0.0888848831,0.0878800725,0.0876148303,0.0944484276,0.0832263028,0.0892291707,0.0878042447,0.0895351345,0.0920089291,0.1335627271,0.1295876423,0.1225337945,0.0982791492,0.1029764890,0.1288182891,0.0889231025,0.0900813566,0.0898111100,0.0847831633,0.0842308015,0.0854941643,0.0889231025,0.0885788149,0.0854570165,0.0843781649,0.0889231025,0.0884258330,0.0892291707,0.0848936356,0.0843412738,0.0816776756,0.0848199539,0.0898882631,0.0838461686,0.0844885368,0.0833721360,0.0913969938,0.0856057092,0.0947286836,0.0933266004,0.0914359276,0.1373521372,0.02611018,0.03616219,0.01465303,0.00901309,-0.00240411,-0.00650878,-0.01186999,-0.02551738,0.00639200,0.00355569,-0.00860080,-0.00070956,0.02760655,-0.00619663,-0.02124174,-0.00394686,0.01179359,0.04656081,0.74360802,1.03029865,1.03616770,1.16696499,1.00053892,-0.00583655,-0.00730600,0.01170095,-0.01164587,0.00042619,-0.00132707,-0.01868234,-0.01068099,-0.00866398,-0.00502932,-0.01319906,-0.01875111,0.00037277,-0.01397344,-0.00430045,-0.00808106,-0.01237521,-0.00894383,-0.01936458,-0.02041761,-0.01228860,0.00289573,-0.00037953,0.83640559,0.00911688,-0.01251004,0.07979492,50,0.0294079974,0.1192149065,0.0898069091,11.8128916844,0.0908396077,0.0641051448,-0.0810787598,1.5904163722,2.41762954,2.39933722,-0.01829233,-2.32297168,0.85766496,-0.08546722,-0.09280806,1.05502091
94,0x2ec85e000,0x191884000,7,4,0,129.88,-0.0495986259,-0.0539055963,0.0279766431,0.0191939525,0.0203880342,0.0234966200,0.0160002662,0.0186905969,0.0152945173,0.0195800341,0.0182698706,0.0208945987,0.0228220603,0.0161128837,0.0224252541,0.0186141582,0.0177976894,0.0226633595,0.0164132312,0.0188436832,0.0198502808,0.0187671401,0.0197730223,0.0185376150,0.0176081716,0.0204269680,0.0334125589,0.0154432100,0.0142504128,0.0185759388,0.0217807127,0.0170398250,0.0518522839,0.0281010586,0.0358340992,0.0215841507,0.0315100059,0.0225045503,0.0177598272,0.0216627326,0.0208945987,0.0189201220,0.0181168887,0.0151086769,0.0183464138,0.0176081716,0.0217807127,0.0151829724,0.0215448597,0.0184993957,0.26956238,0.26975857,0.25264673,-0.93283060,-0.93467677,-0.93620040,-0.94751428,-0.93948679,-0.94788898,-0.93869559,-0.94481525,-0.94702863,-0.93886213,-0.93911700,-0.95873588,-0.93255901,-0.96044192,-0.93116297,-0.95393024,-0.94689714,-0.96159232,-0.95669712,-0.95309023,-0.95092522,-0.96224883,-0.25438748,-0.75689809,-0.95105236,-0.86575509,-0.97459707,-0.95564867,-0.95783717,-0.02229068,0.05114522,0.21505905,0.19694938,0.22326385,-0.17717679,-0.95129893,-0.94703102,-0.94214162,-0.95402475,-0.94961187,-0.95436765,-0.95372238,-0.95830074,-0.94567815,-0.96850810,-0.94836319,-0.96080029,50,0.0394898675,0.1204631022,0.0809732347,10.6698987560,0.1195933594,0.0687270483,-0.0574093957,1.5828442850,2.60505947,2.41821113,-0.18684834,-24.67323199,1.09262927,-0.01924361,0.00306373,1.05365200
95,0x352d2d000,0x16b76f000,10,11,0,129.84,0.0004842057,-0.0038034432,0.0943406856,0.0899493429,0.0934144587,0.0902839775,0.0934144587,0.0901724326,0.0935292213,0.0956927541,0.0898749458,0.0955758464,0.0920306124,0.0911780693,0.0929779947,0.0933379156,0.0912531818,0.0920306124,0.0878652782,0.0936822032,0.0936439838,0.0921064403,0.0921822681,0.0887971677,0.0934144587,0.0924853725,0.0943406856,0.0925612003,0.0946880853,0.0919548881,0.0969317362,0.0894232112,0.0944565207,0.0911405643,0.0985776219,0.0893127389,0.0945336738,0.0957706216,0.0902468297,0.0946495088,0.0936822032,0.0935292213,0.0946880853,0.0974196134,0.0922201303,0.0912906868,0.0956538203,0.0889445312,0.0954978725,0.0976180707,0.03880571,0.05052415,-0.00140288,-0.00980664,0.00289798,-0.00206720,-0.00902559,0.00128949,-0.00246717,0.01104231,-0.00561612,0.00926731,0.00062148,-0.00216856,-0.00713119,-0.00070451,-0.00881893,-0.00714796,-0.01497795,-0.03209929,-0.01806385,-0.00965863,-0.01358670,-0.01521027,-0.01899136,0.00051462,-0.01083700,-0.00343881,-0.00578306,-0.01167711,0.00740984,-0.01613144,-0.00479816,-0.01030860,-0.00356589,-0.00300109,-0.00199086,-0.00892217,-0.00227592,-0.00948018,-0.00661892,-0.00178809,-0.00353892,0.00315296,-0.02915744,-0.00918217,-0.02056378,-0.01362599,-0.01576626,-0.00573028,50,0.0306682520,0.1182540294,0.0875857774,11.5224454002,0.0788432122,0.0747793642,-0.0763211020,1.1751093220,2.32217980,2.36788532,0.04570552,6.09278216,0.67363426,-0.04117979,-0.03007395,1.02245101
96,0x355f7a000,0x1a34a6000,3,4,0,129.85,0.0021481068,0.0000496934,0.0948398290,0.0951873341,0.0895245098,0.0962295068,0.0949943460,0.0919819547,0.0964242820,0.0909376378,0.0961905730,0.0928359284,0.0958009162,0.0922446947,0.0884459721,0.0920944697,0.0910491827,0.0987479418,0.0974674164,0.0917942247,0.0958009162,0.0925327206,0.0895614009,0.0968776228,0.0931011706,0.0926464106,0.0896717727,0.0929116528,0.0954575807,0.0958787838,0.0948012524,0.0916064947,0.0940681191,0.0969169138,0.0960736653,0.0940681191,0.0941063385,0.0970741849,0.0944124067,0.0887012052,0.0944888454,0.0917567197,0.0974281254,0.0906030032,0.0889929711,0.0931768950,0.0948012524,0.0948012524,0.0910491827,0.0931011706,0.03363121,0.02531132,-0.00524830,-0.01838905,-0.02371242,-0.00325957,-0.01953446,-0.01358236,-0.02852839,-0.02229939,-0.01119076,-0.03161012,-0.01215535,-0.02924314,-0.01771143,-0.04093765,-0.03700235,0.09520083,-0.01877918,-0.01191318,-0.03046943,-0.03483091,-0.03511991,-0.01930740,-0.03630058,-0.02138268,-0.02726747,-0.02710472,-0.00943071,-0.02245338,-0.02799089,-0.02145665,-0.02019544,-0.01801186,-0.02044839,-0.02144857,-0.02016859,-0.02009011,-0.01949810,-0.02718499,-0.01907810,-0.02744337,-0.01785552,-0.02798630,-0.02151844,-0.03374987,-0.01525776,-0.01970027,-0.03170631,-0.02139371,50,0.0274898069,0.1156338209,0.0881440140,11.5804085592,0.0311205283,0.0652939374,-0.0661377405,1.6497180009,2.22532124,2.25779448,0.03247324,4.30555587,0.41419376,0.01218638,-0.09340293,1.03255109
97,0x27ee02000,0x209352000,1,1,1,185.41,-0.0043064141,-0.0043579022,0.0777331407,0.0742969936,0.0778339601,0.0744921972,0.0711568806,0.0757697706,0.0743620911,0.0744921972,0.0681014767,0.0702953375,0.0756053732,0.0735084120,0.0744921972,0.0680103102,0.0719815314,0.0756382347,0.0767192636,0.0788134552,0.0779011119,0.0757040476,0.0701087143,0.0702331014,0.0702642619,0.0748175069,0.0711883134,0.0775987454,0.0770185042,0.0782035702,0.0769852855,0.0703264130,0.0759013962,0.0734118827,0.0734118827,0.0734761770,0.0753751630,0.0752764887,0.0758355834,0.0756053732,0.0723951481,0.0705130362,0.0715658500,0.0764533324,0.0742318962,0.0745572059,0.0712512648,0.0766860449,0.0779011119,0.0780691749,0.03303670,0.03490430,-0.01847002,-0.02009361,-0.00848847,-0.01307742,-0.01927706,-0.01634254,-0.02249701,-0.01565104,-0.02621398,-0.01971341,-0.01448872,-0.03983901,-0.01945000,-0.01579029,-0.01622815,-0.01878174,-0.01312192,-0.00363961,-0.01626246,-0.00931202,-0.01371281,-0.03943141,-0.02005178,-0.03294488,-0.01566168,-0.02214662,-0.02202054,-0.00006999,-0.00997314,-0.01854469,-0.00737756,-0.01921410,-0.01803237,-0.01806088,-0.03191512,-0.00276193,-0.02666292,-0.01610870,-0.01455347,-0.03347355,-0.01673960,-0.01505312,-0.02417050,-0.01787613,-0.01606456,-0.00969939,-0.00901401,-0.02524920,50,0.0290193070,0.1000042494,0.0709849425,12.6798498766,0.0542974974,0.0540006300,-0.0492515920,1.4215137051,2.34262493,2.28568757,-0.05693736,-10.15167483,0.63552332,-0.06256088,0.06891679,1.05271600
98,0x285e55000,0x15c9cc000,14,2,0,129.78,-0.0013456479,-0.0046084103,0.0848235781,0.0861233181,0.0861233181,0.0858655828,0.0928433289,0.0861602093,0.0936905092,0.0901414477,0.0903709727,0.0901796671,0.0933365687,0.0872787108,0.0891011736,0.0864179446,0.0886607777,0.0883605327,0.0937691984,0.0921029491,0.0933365687,0.0906387172,0.0918759122,0.0861233181,0.0879475677,0.0901796671,0.0874645513,0.0956524753,0.0924926059,0.0891770014,0.0895179680,0.0902944296,0.1728019045,0.1122495657,0.0871671660,0.0907916991,0.0970548047,0.0870927689,0.0864547352,0.0861233181,0.0880977927,0.0980146025,0.1051060191,0.0969336069,0.0883605327,0.0881352977,0.0863442628,0.0882479152,0.0862337905,0.0892906915,-0.02549527,-0.03828299,-0.08258165,-0.06100536,-0.07034156,-0.06607188,-0.06452717,-0.08289976,-0.07540935,-0.07632479,-0.06635660,-0.06744069,-0.06484374,-0.07227111,-0.06878351,-0.06127941,-0.06566928,-0.07986022,-0.05450847,0.29309970,-0.06259918,0.09653409,-0.06676573,0.01130488,-0.05178185,0.05713594,-0.01339155,-0.05346693,0.85078422,-0.06105469,-0.06432821,-0.03695039,0.04150618,0.64465034,-0.06887375,-0.05897287,0.86122418,-0.04682254,-0.06063779,-0.07265378,-0.05343945,0.88600481,0.78678921,0.68814989,-0.03293974,-0.05490647,-0.05649842,-0.06389976,-0.06325088,-0.05480207,50,0.0253372705,0.1153184921,0.0899812216,11.8161014977,0.0324061846,0.0689923290,-0.0753851212,1.4495136370,2.23278551,2.27600186,0.04321635,5.70943713,0.39156042,-0.03269177,-0.11078264,1.03549719
99,0x1c8425000,0x3557a8000,13,3,0,129.79,-0.0043151960,0.0296199727,0.0755716583,0.0790281157,0.0718366714,0.0766505099,0.0604293281,0.0573042096,0.0577460991,0.0637428928,0.0627794085,0.0649793727,0.0548200296,0.0638598005,0.0639767082,0.0606945703,0.0661394158,0.0625090565,0.0628565616,0.0616608034,0.0608082603,0.0646254322,0.0628565616,0.0584953205,0.0570464743,0.0683425967,0.0651366438,0.0599139221,0.0596511821,0.0681405635,0.0561881660,0.0627407266,0.0627407266,0.0628565616,0.0627407266,0.0628565616,0.1469109493,0.0720421115,0.0805077416,0.0745353123,0.0640935094,0.0575619450,0.0572674190,0.0574514726,0.0621198535,0.0592007122,0.0596886872,0.0571937373,0.0570832649,0.0612782965,-0.06317073,-0.03889928,-0.08318013,-0.14054413,-0.13330583,0.05976059,-1.06918040,-1.08426968,-1.09005520,-1.08144269,-1.07984126,-1.09143637,-1.09605377,-1.09729469,-1.09122735,-1.10484954,-1.08945649,-1.08695106,-1.10701771,-1.07885935,-1.10111166,-1.09990782,-1.10064568,-1.10313148,-1.10474094,-1.09684423,-1.08973191,-1.08568342,-1.09819881,-1.08374020,-1.10084472,-1.10105375,-1.09859907,-1.09532586,-0.98584608,-1.09226956,-0.08251534,-0.25937560,-0.16134308,-0.17455584,0.08524084,-1.07559329,-1.04934377,-1.10534266,-1.09977373,-1.10312052,-1.09200851,-1.09185592,-1.09607511,-1.08585459,50,0.0330061143,0.1170709336,0.0840648193,11.0607666961,0.0661403408,0.0608145429,-0.0702954204,1.7912797339,2.42153372,2.35964480,-0.06188892,-8.14127011,0.65474830,-0.04748450,-0.00694583,1.08158040
100,0x14f67d000,0x153161000,11,11,1,185.46,0.0050991396,0.0020169145,0.0798053046,0.0758601207,0.0816319527,0.0777068247,0.0828796148,0.0797394918,0.0743983804,0.0830154399,0.0794763303,0.0786588201,0.1472366309,0.1748386002,0.1030659963,0.0930421645,0.0961407572,0.0862235219,0.0765292666,0.0742739084,0.1425257531,0.0824720840,0.0743983804,0.0822032934,0.0776425305,0.0808201634,0.0798053046,0.0794763303,0.0797723533,0.0809531290,0.0808201634,0.0817664398,0.0755740657,0.0787889262,0.0746160792,0.0824720840,0.0811194041,0.0796079559,0.0764656867,0.0786588201,0.1624678286,0.0808866916,0.0740872851,0.0743361444,0.0798381661,0.2459581492,0.0903274090,0.0940885241,0.0800355147,0.0931536078,0.03465908,0.04670663,-0.00256293,-0.01737395,-0.01057378,-0.01389492,-0.01359635,0.01052425,-0.01564432,-0.00605747,0.04906890,-0.01605789,0.82054047,1.10911563,0.94364865,1.14664625,1.21565770,0.58126505,-0.00038820,-0.01782596,0.05389308,-0.01418278,-0.02077014,-0.00258760,-0.00932162,-0.01325003,-0.02119898,-0.02234797,-0.02269904,-0.00216719,-0.00804849,0.00333312,-0.02383639,-0.01167104,-0.01101384,-0.01052438,-0.01273510,-0.01373281,-0.01835879,-0.01489954,0.09985795,-0.02794027,0.01459391,0.00046950,-0.01890332,1.07848170,0.99811601,1.10409260,1.16508587,1.15749889,50,0.0336400105,0.1045129974,0.0708729869,12.6959309356,0.1438601031,0.0749171254,-0.0506074891,1.3604510705,2.56668473,2.42646128,-0.14022345,-25.04686032,1.07607974,-0.13175771,-0.04730457,1.12311548
101,0x91f4e000,0xfa136000,6,6,1,185.48,-0.0014069685,-0.0024826249,0.0817990364,0.0771581896,0.0818322551,0.0799304983,0.0750661581,0.0731840240,0.0829132839,0.0796051887,0.0808499005,0.0828461321,0.0739883358,0.0796051887,0.0743880103,0.0718327133,0.0805210160,0.0820982770,0.0786214034,0.0754394045,0.0741113771,0.0784604921,0.0805539673,0.0829132839,0.0822312426,0.0765529387,0.0782352865,0.0784604921,0.0830476793,0.0775081396,0.0773491030,0.0850410625,0.0821314957,0.0810472492,0.0763013048,0.0752527813,0.0750040069,0.0782674336,0.0796376930,0.0788466090,0.0754704800,0.0758437265,0.0829469516,0.0839943128,0.0807841775,0.0733967182,0.0786214034,0.0818322551,0.0793773920,0.0763642562,0.04864087,0.03121152,-0.00565913,-0.01413727,-0.02231739,-0.01781158,-0.01449921,-0.01891425,-0.01364193,-0.03085932,-0.01880900,-0.00797101,-0.03126834,-0.00548956,-0.02838343,-0.02303285,-0.03248262,-0.02443118,-0.01923377,-0.01231416,-0.02414254,-0.02156940,-0.01358396,-0.01614055,-0.01838922,-0.01146866,-0.03456445,-0.01273034,-0.01592186,0.00190431,-0.02320017,-0.01735109,-0.02351801,-0.02161968,-0.02324804,-0.03195221,-0.01722204,-0.00778068,-0.03285767,-0.01922720,-0.00740533,-0.01292758,-0.01970319,0.00396551,-0.02514240,-0.01100505,-0.02064586,0.01068428,-0.02446891,-0.02822492,50,0.0287295367,0.0996688608,0.0709393241,12.6746846902,0.0579964750,0.0538950010,-0.0590549737,1.4049987475,2.28137092,2.26546834,-0.01590257,-2.81018531,0.77514619,-0.03126252,0.06475985,1.00300712
102,0x205ed4000,0x3dd3ad000,1,12,0,127.10,0.0002964509,0.0013563870,0.0860227134,0.0918285678,0.0895653324,0.0918653584,0.0942462600,0.0977562761,0.0920863031,0.0953261832,0.0997246756,0.0865463961,0.0919022495,0.0876603812,0.0953641488,0.0954020110,0.0951746310,0.0954020110,0.0918285678,0.0944339900,0.0941712500,0.0913709685,0.0943213725,0.0942838675,0.0950609410,0.0955535632,0.0929431365,0.0954398732,0.0912251353,0.0934264638,0.0946592250,0.0924914019,0.0907875361,0.0932406233,0.0856759547,0.0977176995,0.0877664667,0.0952125966,0.0932777711,0.0919390401,0.0901069687,0.0943213725,0.0955914254,0.0952883210,0.0907875361,0.0927859279,0.0921967755,0.0921599849,0.0941712500,0.0866165011,0.03595986,0.03188902,0.09653531,-0.01675446,-0.02532726,-0.01579182,0.00336156,-0.00652206,-0.01818247,0.00137412,-0.01427415,-0.02000477,-0.02380991,-0.04103942,-0.01398670,-0.01747812,-0.02794920,0.00016574,-0.02089230,-0.01816757,-0.00274228,-0.00530980,-0.00465578,-0.01075175,0.00269536,-0.01683993,-0.03329742,-0.01827015,-0.01676308,-0.02299090,-0.00919920,-0.00295944,0.00504549,-0.01126515,-0.02469544,-0.00023603,-0.02392601,-0.01264383,-0.01681753,-0.01279340,-0.02986462,-0.01070577,-0.02107015,-0.01843684,-0.01551779,-0.03200494,-0.02322511,-0.02725360,-0.00381092,-0.02470193,50,0.0296966694,0.1127379997,0.0830413303,10.7866895046,0.0510054224,0.0661956684,-0.0497902790,1.5022526975,2.37764213,2.30305243,-0.07458970,-9.67571011,0.66173689,-0.03904723,0.00594784,1.03266321
103,0x20e063000,0x211876000,8,1,0,127.06,0.0027098090,-0.0059180437,0.0956987262,0.0924555842,0.0900432980,0.0921639178,0.0915912209,0.0935366242,0.0957363337,0.0947291647,0.0967418597,0.0968176875,0.0967797219,0.0933893612,0.0944689271,0.0924555842,0.0867036922,0.0932788888,0.0923461844,0.0934261518,0.0890709536,0.0947663125,0.1142506341,0.0967797219,0.0934630429,0.0942829852,0.0943946315,0.0913384902,0.0924191508,0.0925285506,0.0870158034,0.0968934119,0.0878161398,0.0948035618,0.0970829297,0.0935366242,0.0925649840,0.0938312506,0.0882715830,0.0981667857,0.0954359862,0.0942829852,0.0947663125,0.0947663125,0.0923461844,0.0969692397,0.0980136994,0.0901862717,0.0923461844,0.0905795715,0.03202935,0.01638705,-0.00307029,-0.02140800,-0.01638400,-0.00084091,-0.00914097,-0.00845418,-0.00610719,-0.01471436,-0.00584840,-0.00514502,-0.00832619,-0.00732070,-0.00346108,0.02775343,-0.02039045,-0.00516812,-0.02807641,0.00494899,-0.00934275,-0.01109740,0.00657249,0.00889023,-0.01506668,0.00282935,-0.01292872,-0.01804216,-0.00367084,0.01302939,-0.00936758,0.01073255,-0.02241196,0.01267112,-0.01093610,-0.00392892,-0.01574455,0.00244204,-0.00622574,-0.00128612,-0.00647527,-0.00924610,-0.00056742,0.05459715,-0.01645128,-0.00855491,-0.01433454,-0.01443218,-0.01951489,-0.01986579,50,0.0224298993,0.1117736296,0.0893437303,11.5794929026,0.0361859438,0.0831489640,-0.0714051000,1.0994111486,2.27184060,2.25537222,-0.01646838,-2.14836016,0.53817151,-0.04644848,-0.02724146,1.04291974
104,0x19f532000,0x1c8460000,4,4,1,185.46,0.0084390221,0.0008249832,0.0761806569,0.0728474743,0.0750688198,0.0680217858,0.0729461487,0.0771558728,0.0678352475,0.0678973987,0.0689166346,0.0729131974,0.0722257933,0.0721281915,0.0763844408,0.0677730115,0.0726487047,0.0719980854,0.0711758390,0.0743235587,0.0723884925,0.0688536832,0.0731434973,0.0722257933,0.0730776845,0.0709828683,0.0653381575,0.0674930767,0.0741240649,0.0729790102,0.0753041263,0.0774303824,0.0677730115,0.0709828683,0.0775677309,0.0675241522,0.0753041263,0.0731763588,0.0788918396,0.0753041263,0.0648012672,0.0753041263,0.0725185986,0.0676796999,0.0756401605,0.0753712781,0.0731434973,0.0677419359,0.0713046032,0.0710150155,0.04191630,0.05164164,-0.02374240,-0.01614943,-0.02361859,-0.03287113,-0.00478269,-0.03202212,-0.00174454,-0.03259402,-0.02357133,-0.02406251,-0.01289516,-0.03602138,-0.01674929,-0.03365454,-0.00985656,-0.03062145,-0.02722700,-0.03449558,-0.00987492,-0.03272054,0.00155758,-0.03289623,-0.01005666,-0.03899134,-0.03718189,-0.03185286,-0.02266640,-0.03583229,-0.02548052,-0.02607420,-0.03624809,-0.03411246,-0.02895412,-0.04075675,-0.02948548,-0.02913600,-0.02100658,-0.01857839,-0.04070126,-0.02193726,-0.03283867,-0.02235229,-0.02036471,-0.03883569,0.00242994,-0.03414856,-0.03249320,-0.04499794,50,0.0307808442,0.1000566416,0.0692757974,12.4044875333,0.0688397609,0.0656489685,-0.0533055858,1.7655730485,2.40222027,2.31331811,-0.08890216,-15.88752158,0.77775767,-0.01690639,0.07529948,1.06325046
105,0x8ae02000,0x21d6df000,6,8,0,129.69,-0.0054004075,0.0010339176,0.0983098174,0.0942888266,0.0994293897,0.0980369620,0.1180277371,0.1072031509,0.1015507720,0.1004703800,0.0942888266,0.0919014895,0.0953341051,0.0964551080,0.0925735550,0.0927594969,0.0943639391,0.0987384080,0.0963785648,0.0963785648,0.0917542266,0.1004703800,0.0961491442,0.0973452605,0.0921224343,0.0974996721,0.0983098174,0.0927594969,0.0963785648,0.0968819203,0.0970363319,0.0968819203,0.0924991579,0.0983487512,0.0927222477,0.0976155071,0.0960343816,0.0972294255,0.0968376149,0.0969590734,0.1457413667,0.2536037284,0.1077371858,0.1122666434,0.1038743246,0.0971135904,0.0964551080,0.0991147401,0.0948035172,0.0916069636,0.00824230,0.06698400,-0.00384947,0.01434112,0.01050938,0.03573114,0.03500790,1.03076910,1.12623153,1.11039710,-0.00879076,0.01538807,-0.00387232,0.02272975,-0.00963027,-0.00139408,-0.00865175,-0.00113584,-0.01039712,0.00428096,-0.01211937,0.00175320,-0.00822158,-0.00090143,-0.00084289,0.01291481,-0.00213991,0.01377589,0.00756034,0.01726218,-0.02197967,-0.00646960,-0.01887211,-0.01299474,-0.01382708,-0.00317110,-0.00544099,-0.02522550,-0.00045597,-0.00632889,0.85972354,1.12424347,0.61510903,1.17805603,1.13727583,0.01036301,0.00948204,0.00644559,-0.01145398,-0.01329181,50,0.0269403369,0.1188427788,0.0919024419,12.0876351340,0.0795800520,0.0770210504,-0.0870813303,1.5512124311,2.33282015,2.41971190,0.08689175,11.43672250,0.87203410,-0.04832294,-0.07529302,1.07350376
106,0x29bb12000,0xa3ad000,7,9,0,129.79,0.0046112614,-0.0127445450,0.0889501164,0.0930068245,0.0927751544,0.0942809191,0.0878684054,0.1399540389,0.0995230180,0.0905451991,0.0863854843,0.0930454011,0.1037570956,0.1028455232,0.1072099791,0.1040101014,0.1037992440,0.0921953602,0.0897691982,0.0923865614,0.1408739061,0.0901820607,0.0917745294,0.0908484070,0.0930454011,0.0919276157,0.0895439632,0.0917745294,0.0896565807,0.0887641744,0.0908484070,0.0921188170,0.0890616613,0.0943588930,0.0931612361,0.0901069482,0.0918893964,0.0901445557,0.0866772503,0.0873529347,0.1059149093,0.0931998127,0.0932384946,0.0896940857,0.0864584507,0.0931998127,0.1014249062,0.1018066760,0.1057432237,0.1038413925,0.03986359,0.01884620,0.00318541,0.02365576,0.02574817,0.01559153,0.01791647,0.75314976,0.89697413,0.04025690,0.00852521,0.04719875,0.86278900,1.14508277,1.07611504,1.17415249,1.20615603,0.02355945,0.01430966,0.02711109,0.07734479,0.01482064,0.01037526,0.02446441,0.01330084,0.00582472,0.02034581,0.00459016,0.02322386,0.87809655,0.01795095,0.01996120,0.01363549,0.00530933,0.02850747,0.00290599,0.02826308,0.00622398,0.02877450,0.01406870,0.89201675,0.01508073,0.01217667,0.01660676,0.02091567,0.02383922,1.00802393,1.14473275,1.14185204,1.18666675,50,0.0314955775,0.1192559508,0.0877603733,11.5501390814,0.1075782406,0.0739689630,-0.0844332123,1.4209269735,2.39817048,2.40544173,0.00727125,0.92412010,1.05568769,-0.05229639,0.02462732,1.02876207
107,0x7e521000,0x3daac2000,9,5,0,129.61,-0.0081441805,-0.0016422801,0.0957650703,0.0913998962,0.1003315592,0.0932631840,0.0978124099,0.0969243970,0.0922585174,0.0912157421,0.0980072914,0.0936760465,0.0937135515,0.0964224803,0.0953825634,0.0912157421,0.1008553716,0.0951913621,0.0935634290,0.0936760465,0.0927046969,0.0986575525,0.0931129590,0.0954208872,0.0973490552,0.0912894238,0.0941525177,0.1011356275,0.0936009340,0.0913262144,0.0911053702,0.0926302998,0.0910684791,0.0934508115,0.0942282421,0.0913998962,0.0932631840,0.0968857150,0.0966154684,0.0969243970,0.0963452218,0.0968857150,0.0934133065,0.0923329145,0.0951530383,0.0978903838,0.0945314500,0.1020557782,0.0980462252,0.0918867350,0.03869260,0.04719998,-0.02829963,-0.00483469,-0.00318405,0.00281542,-0.00756673,-0.00273241,-0.01114189,-0.01600261,-0.00334678,0.00181218,-0.00364217,-0.01046064,-0.00328502,-0.01712369,-0.01270998,-0.00623146,-0.00775415,-0.01276599,-0.02008273,-0.00602317,0.84805153,-0.01394095,0.00594757,-0.03563880,-0.01517453,0.01312778,-0.01761782,-0.00243581,-0.01402079,-0.02093151,-0.01266876,-0.02228592,-0.01172294,-0.00231432,-0.02007880,-0.00800383,-0.01016081,-0.00960148,-0.02027571,0.00370790,-0.02573442,0.01311955,0.83540192,-0.00966138,-0.01819130,-0.01669517,-0.01440538,-0.01362760,50,0.0266494888,0.1177135341,0.0910640452,11.9795347065,0.0603510964,0.0962549569,-0.0715949048,1.2122462429,2.36632482,2.34320493,-0.02311988,-2.99552207,0.74493296,0.07582377,0.05665929,1.01441791
108,0x29bce2000,0x29be96000,7,7,1,185.52,0.0003726808,-0.0007784149,0.0773066403,0.0737118259,0.0757451972,0.0794422718,0.0759042337,0.0783257893,0.0781306746,0.0780330728,0.0740539118,0.0803931048,0.0781956832,0.0759679005,0.0790475745,0.0794093205,0.0770814347,0.0727851761,0.0736495898,0.0767596998,0.0792777846,0.0787845028,0.0735252027,0.0704708713,0.0738672886,0.0779679753,0.0758724438,0.0734940422,0.0759679005,0.0812067727,0.0745404207,0.0782281875,0.0734940422,0.0715207417,0.0818788411,0.0769527583,0.0724162199,0.0716119082,0.0736185143,0.0735562782,0.0803598861,0.0769527583,0.0738672886,0.0778052761,0.0778052761,0.0789160386,0.0781631789,0.0780980814,0.0718550465,0.0799276798,0.03346130,0.03628137,-0.01130892,-0.00738696,-0.01285712,-0.00391262,0.00568757,0.00157926,-0.00259788,0.00168275,-0.00851122,-0.00514075,-0.02084012,-0.00957046,-0.01385750,-0.01016821,-0.01122388,-0.00689392,-0.01653986,0.00949919,-0.02028410,0.00977959,-0.02807049,-0.01843576,-0.00813235,-0.00065865,-0.02668331,-0.00734415,-0.01745561,0.00554238,-0.00946994,-0.02039508,-0.01619985,-0.03572225,-0.01683428,-0.01072540,-0.01057538,0.02969212,-0.02489299,0.02303528,-0.01861841,-0.00504356,-0.00712252,0.00144216,-0.00093237,-0.01025574,-0.02145006,0.00556833,-0.03270903,0.00568502,50,0.0265678067,0.0968535779,0.0702857712,12.5737414771,0.0478454441,0.0468054835,-0.0548816188,1.4545844925,2.22709815,2.25444152,0.02734338,4.92530517,0.62472673,-0.07472340,-0.01531530,1.03861603
109,0x223a2b000,0x2118f0000,8,1,0,127.10,-0.0049472973,0.0015656896,0.0870516800,0.0909939819,0.0844864331,0.0848510659,0.0853615319,0.0878711190,0.0847780995,0.0872376220,0.0837332565,0.0892537894,0.0870888278,0.0833360237,0.0878711190,0.0859696118,0.0796504300,0.0825803227,0.0870145322,0.0839859873,0.0847416661,0.0879837365,0.0835887545,0.0857855583,0.0848146325,0.0826160418,0.0856382953,0.0803839747,0.0878711190,0.0828305512,0.0901067941,0.0877585015,0.0877585015,0.0869029873,0.0848874993,0.0845958329,0.0836970817,0.0845228665,0.0847780995,0.0849968991,0.0846322663,0.0913800635,0.0870145322,0.0811811046,0.0848510659,0.0887611672,0.0876833890,0.0883215890,0.0849968991,0.0834443510,0.01855383,0.03086836,-0.02126316,-0.00908335,-0.00773452,-0.02035474,-0.01765939,-0.00664609,-0.01584649,-0.01255810,-0.03401772,-0.01421899,-0.01849356,-0.02233224,-0.01671095,-0.02214787,-0.02476354,-0.02849436,-0.01959145,-0.01431202,-0.01615901,-0.03151931,-0.03815573,-0.00726944,-0.02629445,-0.01779512,-0.01693417,-0.01978192,-0.01060755,-0.01278768,-0.01524631,-0.01133842,-0.00908227,0.00688201,-0.02887284,-0.01720689,-0.03884381,-0.01162367,-0.01927540,-0.01732122,-0.02375116,-0.00202560,-0.01322706,-0.01225110,-0.02138929,-0.00974237,-0.03068392,0.00454142,-0.02466831,-0.03110643,50,0.0304084146,0.1127707506,0.0823623360,10.6694770064,0.0497441030,0.0707306967,-0.0702158458,1.6753445585,2.34958404,2.29574540,-0.05383864,-6.97888787,0.62573895,-0.04918127,-0.07120751,1.06417620
110,0x1a2fe4000,0x3c9694000,4,5,0,129.90,-0.0005236218,0.0058949810,0.0969567625,0.0944228769,0.0954649379,0.0967315275,0.1043763383,0.0988928045,0.0989310238,0.0943491952,0.1006645354,0.0976227516,0.0986632794,0.1000120195,0.0957623232,0.0946069305,0.0991223295,0.0965062925,0.0980395460,0.1063352249,0.0933071905,0.1014438489,0.1065797656,0.0945701399,0.1050536258,0.0974710960,0.0943491952,0.1031758210,0.0995430558,0.1044563489,0.0944228769,0.0945333493,0.0959854130,0.0985867363,0.1050536258,0.1006645354,0.1003209481,0.1023313927,0.0936717238,0.0967690325,0.0989310238,0.1000120195,0.1004753596,0.0984337544,0.0944964581,0.0956507783,0.1000892780,0.0965439000,0.1019775595,0.0944964581,0.04477267,0.04482987,-0.01073018,-0.00178454,0.00235065,0.01080107,0.00260549,0.00676199,-0.00535831,0.00267549,0.00188523,-0.00231489,-0.01633369,0.01409425,-0.01152771,0.00457352,-0.00611840,-0.02044273,-0.00680140,0.00740544,-0.00285087,-0.00334440,-0.00462964,-0.00926863,-0.00117926,-0.01845178,-0.01205755,0.00574903,-0.01248669,-0.00344649,-0.02820522,-0.00604547,-0.02212921,-0.00768745,-0.00112819,-0.02306618,-0.00915027,-0.00779340,-0.01484586,-0.00820855,-0.01204349,-0.00981414,-0.01231046,-0.00325371,-0.00459630,-0.01254998,-0.00065074,-0.00347323,-0.00770293,-0.00978079,50,0.0265561455,0.1157468403,0.0891906949,11.6988190348,0.0292189321,0.0642029018,-0.0834192672,1.4330350736,2.25143460,2.25852064,0.00708604,0.95580232,0.52738827,-0.09816215,0.02379089,1.02803710
111,0x11194000,0x7cc2000,0,0,1,185.47,-0.0752644830,-0.0698450510,0.0080090621,0.0005863240,0.0091243823,0.0036178020,0.0046991780,0.0089249793,0.0046355112,0.0022253197,0.0067317571,0.0066667485,0.0077788520,0.0095233698,0.0039638200,0.0000393250,0.0092574386,0.0078446648,0.0023808673,0.0337722348,0.0090247261,0.0033346495,0.0066992528,0.0579338058,0.0113911915,0.0209199615,0.0198017165,0.0205480776,0.0081735493,0.0032402654,0.0027541137,0.0100388697,0.0076473161,0.0081735493,0.0004951575,0.0077131289,0.0078775263,0.0056840358,0.0025364150,0.0122002241,0.0046037213,0.0043809311,0.0021320930,0.0066667485,0.0103413279,0.0033031309,0.0026296417,0.0046037213,0.0069269607,0.0048900045,0.49055686,-0.22415078,-0.24808695,-0.27163957,-0.24326175,-0.26389616,-0.25974944,-0.25984699,-0.25746456,-0.29038212,-0.28137135,-0.26117941,-0.29031942,-0.26414247,-0.27996890,-0.27041212,-0.25498100,-0.26874650,-0.27919104,0.64567855,-0.27027823,-0.26053972,-0.28486305,0.70496056,0.69650858,0.35605420,0.88920875,0.84448626,0.41593415,-0.26806675,-0.27729104,-0.26259935,-0.26994401,-0.25329805,-0.26890625,-0.24780252,-0.24981706,-0.26739877,-0.27730456,-0.26005794,-0.27063624,-0.26757286,-0.26116071,-0.26242077,-0.26069670,-0.25227437,-0.28681430,-0.26656924,-0.26691995,-0.27090744,50,0.0311796430,0.1018169891,0.0706373461,12.5951249825,0.0904783285,0.0678367290,-0.0613130373,1.3738838153,2.29330250,2.37080055,0.07749806,13.90471427,0.98457383,-0.05160323,-0.02932944,1.07034601
112,0x2764c000,0x8bde000,0,0,1,185.40,-0.0088916716,-0.0152870501,0.0635193793,0.0666945998,0.0643344770,0.0589436411,0.0647333738,0.0670342088,0.0601808360,0.0643676957,0.0614859979,0.0653454029,0.0644342239,0.0612930273,0.0624383505,0.0611964981,0.0598945528,0.0646337177,0.0647001551,0.0593210918,0.0666266409,0.0605308728,0.0635851921,0.0605308728,0.0643011676,0.0628287576,0.0623082443,0.0605626628,0.0613895565,0.0647001551,0.0637825408,0.0639140767,0.0637825408,0.0664908158,0.0625684566,0.0602127128,0.0569717693,0.0559521772,0.0648664301,0.0556179553,0.0655806177,0.0612930273,0.0649328675,0.0624383505,0.0616147621,0.0636838665,0.0636180537,0.0634865178,0.0659503195,0.0645006613,0.05526950,0.06694247,0.00908824,-0.01298065,0.00140107,-0.01551331,-0.00925389,0.01764107,-0.02058845,-0.00475992,-0.01009364,-0.00850795,-0.01078542,-0.00725170,-0.01486826,-0.02305601,-0.01242399,0.00476013,-0.00852864,0.00584780,-0.00698298,-0.00706525,-0.00728494,-0.01964882,-0.01573995,-0.01308910,-0.02100401,-0.00925324,-0.01621891,-0.00902817,0.00120657,-0.01647958,-0.01704662,-0.01203837,-0.00542799,-0.01983142,0.00034064,-0.00975823,0.00013908,-0.02393523,0.00012208,-0.01055734,-0.00474963,0.01220992,-0.00929286,-0.00894934,-0.01428039,-0.00570025,-0.00836250,-0.01044422,50,0.0319060064,0.1035997797,0.0716937734,12.8120388005,0.1233477389,0.0622818527,-0.0622448588,1.6280322214,2.42819226,2.42099760,-0.00719466,-1.26932829,1.06932536,0.03847585,-0.02926713,1.03316111
113,0x27ed3d000,0x21d9d9000,8,8,1,185.44,0.0012881954,0.0024650323,0.0714692833,0.0811856756,0.0715300886,0.0764490149,0.0727947973,0.0769959554,0.0782070904,0.0727333605,0.0790264773,0.0802058233,0.0748024759,0.0783046922,0.0736907287,0.0714085609,0.0817233486,0.0813200709,0.0785974975,0.0735041055,0.0778492764,0.0791909644,0.0758513466,0.0737528798,0.0803387889,0.0745507562,0.0810176126,0.0791909644,0.0758831366,0.1150107387,0.0781745860,0.0733797183,0.0769316611,0.0790922901,0.0812864950,0.0736907287,0.0828086677,0.0737218043,0.0738461914,0.0781745860,0.0760103832,0.0794211746,0.0805050639,0.0788619901,0.0758513466,0.0747395246,0.0794211746,0.0801060764,0.0738772670,0.0787962671,0.04306683,0.02577144,-0.02816351,-0.01647085,-0.01699330,-0.02761924,-0.01951415,-0.00391501,-0.00440183,-0.01945769,-0.02155804,-0.00711618,-0.01352473,-0.00357443,-0.02028486,-0.03322813,-0.00796177,0.00967267,-0.01263221,-0.02998800,0.01073533,-0.02454865,0.12695634,-0.01183213,0.01526728,-0.02866789,0.01471154,-0.00809172,0.00299400,0.02694785,-0.00190896,-0.01522416,-0.01407553,-0.00318571,-0.00014348,-0.01521495,-0.02607728,-0.03098851,-0.02369988,-0.01004662,-0.01975318,-0.01863094,-0.00718191,-0.00635584,-0.01845008,-0.02272072,-0.01627207,-0.02319797,-0.01801560,0.00410528,50,0.0263224808,0.0979121470,0.0715896661,12.8016145212,0.0514750232,0.0542284646,-0.0541452831,1.5075567287,2.24672793,2.24530884,-0.00141908,-0.23166891,0.76720183,-0.11169404,0.02092856,1.03751405
114,0x1d958e000,0x191f4c000,4,4,1,185.46,-0.0179750164,-0.0146836808,0.0639229212,0.0590643712,0.0587845212,0.0580116312,0.0621862772,0.0599592199,0.0641531314,0.0586912096,0.0577041957,0.0651998690,0.0653661440,0.0565327147,0.0632683786,0.0607860157,0.0632683786,0.0643504800,0.0565327147,0.0587845212,0.0601164696,0.0569277419,0.0589089084,0.0663467116,0.0585667376,0.0587533608,0.0610087191,0.0590955316,0.0645149672,0.0632683786,0.0631057682,0.0589710595,0.0641202698,0.0541961880,0.0665146829,0.0588155968,0.0655655470,0.0581345886,0.0562895764,0.0588155968,0.0612632992,0.0603052379,0.0609451392,0.0608496825,0.0585667376,0.0626045412,0.0576426750,0.0663467116,0.0574889153,0.0642518057,0.01269899,0.00949877,0.11614946,-0.03241165,-0.04653589,-0.03341786,-0.02971311,-0.02652676,-0.03862484,-0.05397004,-0.03325786,-0.02698860,-0.03014750,-0.04967354,-0.03821327,-0.03255778,-0.03649961,-0.04628387,-0.02643673,-0.04221870,-0.02212537,-0.03576721,-0.03495223,-0.02691319,-0.04327316,-0.03016783,-0.04426347,-0.04575039,-0.03287563,-0.04302396,-0.02960001,-0.05078350,-0.04289459,-0.03841809,-0.05187706,-0.04224982,-0.02983089,-0.03472553,-0.04069378,-0.05503683,-0.04102200,-0.03380649,-0.04540352,-0.02721918,-0.03886909,-0.01163019,-0.03595639,-0.00342204,-0.05683145,-0.03925202,50,0.0257101098,0.0980307967,0.0723206868,12.9330284605,0.0505838987,0.0556376915,-0.0508866462,1.3747270951,2.29181039,2.27440531,-0.01740508,-3.14820564,0.56460118,-0.01709982,0.00487860,1.04885356
115,0x2a6051000,0x222e5f000,14,8,0,127.07,-0.0130972250,-0.0140706419,0.0729232120,0.0789493050,0.0769331376,0.0786840628,0.0766729000,0.0691725189,0.0737175791,0.0787977528,0.0712659870,0.0767100478,0.0687911127,0.0758492815,0.0766356507,0.0713720725,0.0742183821,0.0741454157,0.0799935110,0.0720613289,0.0810370026,0.0731398666,0.0801082735,0.0786840628,0.0788357184,0.0689644447,0.0761151757,0.0763754132,0.0786840628,0.0709119820,0.0787977528,0.0768587405,0.0756283368,0.0721328646,0.0797639859,0.0756283368,0.0784188206,0.0775291296,0.0742183821,0.0755546551,0.0765241059,0.0719540742,0.0766356507,0.0703597188,0.0796875472,0.0734648484,0.0764498103,0.0766356507,0.0709828023,0.0809597441,0.03174781,0.02626480,0.12956532,-0.01345080,-0.01668644,-0.01277634,-0.02590551,-0.02610296,-0.02824941,-0.01595804,-0.01488847,-0.03455698,-0.02340750,-0.02802538,-0.01158699,-0.02711990,-0.02417522,-0.02009308,-0.00458222,-0.02004109,0.01102027,-0.02805259,-0.00700362,-0.02145156,-0.01199650,-0.04277704,-0.01474360,-0.01432109,-0.02792029,-0.02608784,-0.03008018,0.85319088,-0.03843032,-0.03212369,-0.02415761,-0.03338644,-0.01423951,-0.01438225,-0.02120975,-0.02050687,-0.00901711,-0.02311315,-0.02821365,-0.02264005,0.00323802,-0.03195538,0.00152823,-0.02319653,-0.01482397,-0.01442194,50,0.0283871166,0.1130443649,0.0846572483,10.9752588194,0.0500879878,0.0788918858,-0.0720186290,1.4555939308,2.35888192,2.30619988,-0.05268204,-6.80509402,0.62680545,-0.06479415,0.07394837,1.04180243
116,0x5fa9c000,0x23876000,0,0,1,185.36,0.0019697342,0.0007542914,0.0797927365,0.0775012871,0.0817242269,0.0730267114,0.0840532761,0.0752777187,0.1078855712,0.0911853862,0.0896389041,0.0929989094,0.0817907551,0.0794023294,0.0805130919,0.0799554358,0.0818571925,0.0829382214,0.0852032548,0.0816244801,0.0799879401,0.0792722233,0.0808091149,0.0753088792,0.0818239738,0.0819569394,0.0844268182,0.0782602239,0.0775967437,0.0774058304,0.0827030066,0.0817574456,0.0829718890,0.0750910955,0.1664591688,0.0754643419,0.0832071038,0.0796951348,0.0787427823,0.0819569394,0.1624539224,0.0966856219,0.1089251338,0.0916594188,0.0870872180,0.0817574456,0.0739518365,0.0818571925,0.0753710303,0.0821232144,0.03429661,0.04449224,-0.00574176,-0.01642788,-0.01597311,-0.02197032,-0.01083177,-0.02339198,0.80600396,0.63872033,1.21525420,1.09325535,0.01159958,-0.00929265,-0.00893743,-0.00308256,-0.02527157,-0.01792282,-0.00382274,-0.01302497,-0.02231815,-0.03120651,-0.00462293,-0.04007018,0.00480508,0.01182893,-0.02738401,-0.03202771,-0.04183933,-0.03047282,-0.02077792,-0.02533475,-0.03955635,-0.03272066,0.08776892,-0.02789808,0.83853720,-0.02321108,-0.02872541,-0.02587885,0.79843908,0.98378724,1.01308287,1.17453926,1.25449679,0.00702832,-0.01091220,0.00220679,-0.02203524,-0.00389268,50,0.0285490034,0.1003568761,0.0718078727,12.7927516785,0.0739622915,0.0584189106,-0.0545675928,1.5762051744,2.29732023,2.29984811,0.00252788,0.45794914,0.90167091,-0.05402463,-0.01405579,1.06493904
117,0x1e33b6000,0x191838000,4,4,1,185.48,-0.0281941616,-0.0283765044,0.0352780253,0.0495176706,0.0441489707,0.1112814403,0.0538403795,0.0473206082,0.0395589130,0.0309031136,0.0396918785,0.0365496104,0.0386122794,0.0321962052,0.0384477923,0.0422246189,0.0419529688,0.0384477923,0.0459924709,0.0581237532,0.0380531935,0.0301256702,0.0411747554,0.0385794179,0.0375977777,0.0355007286,0.0334319935,0.0312677796,0.0383820692,0.0398913723,0.0386780922,0.0410402683,0.0554182874,0.0346714305,0.0387767665,0.0377278838,0.0377603881,0.0384149307,0.0383820692,0.1308843223,0.0506351440,0.0473563272,0.0513815050,0.0680592613,0.0385794179,0.0365174632,0.0418510768,0.0412083313,0.0321039662,0.0401240848,0.44706795,0.47632428,0.49400508,0.44007173,0.45169260,0.54572803,0.14499966,0.59649427,0.64993651,-0.51181504,-0.51275121,-0.51273685,-0.50830609,-0.51394662,-0.50407839,-0.50673302,0.44933417,-0.52686463,0.35616712,0.47960018,-0.50903655,-0.52053444,-0.50420045,-0.50036736,-0.51321814,-0.52670212,-0.51831049,-0.51802055,-0.53542351,0.39309341,-0.52343485,-0.44471160,0.32566348,-0.48583561,-0.52396046,-0.50405144,-0.51457251,-0.50815518,-0.51685499,0.20247990,0.49010514,0.65060982,0.63602057,-0.06892774,-0.51169749,-0.52692627,-0.51920351,-0.51232211,-0.53331008,-0.52179076,50,0.0369450876,0.1045209786,0.0675758910,12.1024767702,0.1426766790,0.0577860538,-0.0442819512,1.1708417035,2.57918020,2.44474539,-0.13443481,-24.06493894,1.13176430,-0.08510774,0.04965577,1.02680308
118,0x162ed6000,0x2f3a7d000,2,14,0,129.88,-0.0021868674,0.0020639440,0.0734515732,0.0684374720,0.0712888656,0.0736102740,0.0799817089,0.0780649728,0.0754123584,0.0788585638,0.0757354791,0.0787755824,0.0701301425,0.0748132937,0.0741325472,0.0703618125,0.0732531159,0.0732134678,0.1166529718,0.0804728809,0.1168688621,0.0711719579,0.0820601142,0.0724880922,0.0755739188,0.0774482580,0.0774894471,0.0613061205,0.0714836408,0.0702459775,0.0764512047,0.0655099910,0.0746931684,0.0689729608,0.0741325472,0.0768179045,0.0768587354,0.1108825492,0.0743327925,0.0698984724,0.0744529178,0.0795634536,0.0702459775,0.0680067277,0.1891599758,0.0883229435,0.0798144296,0.0712498254,0.0689729608,0.0779004407,0.41689422,0.53943129,0.64237413,0.48254072,0.47346877,0.49414238,0.47091824,0.48709887,0.26582321,0.52240725,0.49720311,0.43509040,0.39835016,0.42616159,0.41203287,0.41720589,0.05812144,0.54207876,0.57202345,0.74671640,0.48499370,-0.46646075,0.44104974,0.57300948,0.47312911,0.51187167,0.43752556,0.46245426,0.47586525,0.50480357,0.50013923,0.49990225,0.60726333,0.51357284,0.50689962,0.43043510,0.49835141,0.53535121,0.47998458,0.52288791,0.64017450,0.50089821,0.51089254,0.47910038,0.44910889,0.44479471,0.51516545,0.46184264,0.46151652,0.46972893,50,0.0277133164,0.1174563062,0.0897429898,11.7831508606,0.0509408155,0.0713682403,-0.0797062132,1.4687204868,2.32299965,2.29583298,-0.02716667,-3.52381303,0.54657077,-0.09248312,-0.04133008,1.09012107
119,0x29a676000,0x69f3000,7,9,0,129.75,-0.0204361775,-0.0224731191,0.0748123654,0.0714523590,0.0760131290,0.0747336761,0.0699927884,0.0746943852,0.0769758982,0.0714905784,0.0714905784,0.0703717206,0.0756956191,0.0702580306,0.0726488326,0.0692159696,0.0713758159,0.0725329975,0.0684705705,0.0724557390,0.0684334227,0.0674979021,0.0702580306,0.0716818841,0.0712228340,0.0671664851,0.0714905784,0.0672401668,0.0731461161,0.0750876167,0.0689907346,0.0713758159,0.0715671216,0.0712228340,0.0696289346,0.0704475484,0.0701823062,0.0702958928,0.0710316327,0.0675346927,0.0689532296,0.0659031785,0.0692910821,0.0725329975,0.0662678113,0.0693285871,0.0725715741,0.0707885150,0.0717201035,0.0716435603,-0.50744236,-0.50522003,-0.38242711,-0.53863133,-0.53645678,-0.52395829,-0.54665791,-0.55079120,-0.52934836,-0.53361752,-0.53824413,-0.54664903,-0.53993677,-0.53870295,-0.53276870,-0.53256482,-0.53944377,-0.53551962,-0.54520339,-0.53961735,-0.55786801,-0.52922288,-0.55713547,-0.53193833,-0.53343085,-0.55036238,-0.55387016,-0.54579275,-0.53128372,-0.52577879,-0.54846959,-0.54786462,-0.53196253,-0.52200086,-0.53385742,-0.54624143,-0.55361955,-0.53860250,-0.54351073,-0.54504049,-0.53480269,-0.55201597,-0.54742512,-0.53320289,-0.55148467,-0.54929839,-0.52105363,-0.44072434,-0.53174822,-0.54557967,50,0.0259421379,0.1157902550,0.0898481171,11.7989468593,0.0352816903,0.0682565935,-0.0652101474,1.4704336283,2.29328071,2.28770719,-0.00557352,-0.67777776,0.54859751,-0.03816436,-0.01228723,1.02316337
120,0xeb0e000,0x3e506000,0,0,1,185.48,-0.0014320863,-0.0024988080,0.0752552410,0.0743375369,0.0754196384,0.0751894282,0.0752881025,0.0666127250,0.0745002362,0.0702890772,0.0700402179,0.0755841255,0.0699469912,0.0732554355,0.0689577482,0.0699469912,0.0698536796,0.0755841255,0.0655324105,0.0740773247,0.0708396099,0.0766680148,0.0698536796,0.0702890772,0.0742399352,0.0690807895,0.0736736996,0.0720460875,0.0701646900,0.0687118334,0.0753539153,0.0755841255,0.0679969002,0.0693267044,0.0742074308,0.0709968596,0.0676322342,0.0730302299,0.0701957655,0.0699158307,0.0698536796,0.0712485793,0.0675410677,0.0681184279,0.0730946120,0.0734484940,0.0777519042,0.0730302299,0.0739797229,0.0701646900,0.03602314,0.04028698,-0.02257741,-0.02469938,-0.01042328,-0.00796870,-0.02581528,-0.01939503,-0.02287596,-0.02736002,-0.03046263,-0.02580180,-0.03388765,-0.01067501,-0.01415109,-0.01954119,-0.01430345,-0.01809626,-0.01544814,-0.02625699,-0.01801820,-0.02090315,-0.01733915,-0.03025502,-0.02098922,-0.03145790,-0.02261176,-0.01433217,-0.01482294,-0.02447309,-0.00055954,-0.02054109,-0.02714236,-0.03877160,-0.02005445,-0.03238394,-0.02877802,-0.02026174,-0.02620476,-0.02114819,-0.04227169,-0.03248280,-0.04265132,-0.03397514,-0.02470322,-0.01737131,-0.01979937,-0.00092059,-0.02298754,-0.01636000,50,0.0272661624,0.0975776958,0.0703115334,12.5314326786,0.0516012712,0.0595417061,-0.0509261772,1.3369703789,2.31663279,2.27773200,-0.03890078,-6.89473909,0.70916197,-0.05894653,-0.05347221,1.08248805
121,0x3dc6e4000,0x91dfc000,5,6,0,129.81,0.0050881538,0.0106287670,0.0935474239,0.0924681046,0.0914271152,0.0954523866,0.0896058358,0.0878909214,0.0959835950,0.0958248942,0.0966650355,0.0874769484,0.0923135876,0.0938980405,0.0882998516,0.0881883067,0.0886716340,0.0926225162,0.0929313393,0.0924681046,0.0936252915,0.0923135876,0.0861385303,0.0861749637,0.0902718248,0.0894557132,0.0961819439,0.0933914761,0.0891553658,0.0897559583,0.0880023647,0.0906506536,0.0927769277,0.0943656712,0.0916566402,0.0904233770,0.0896058358,0.0938980405,0.0918861653,0.0902718248,0.0882254545,0.0882254545,0.0886344862,0.0882627038,0.0898549270,0.0923908461,0.0902338592,0.0903854114,0.0890427483,0.0893806008,0.03803629,0.03479001,0.00016851,-0.00517800,-0.00236774,-0.00480667,-0.02109613,-0.01576709,-0.01836873,-0.01316921,-0.00088419,-0.00246132,-0.00908325,-0.00086431,-0.01227313,-0.01054119,-0.01369663,-0.01247336,-0.01830029,-0.01136632,-0.00073752,0.05845435,-0.01870695,-0.01402763,-0.02141336,-0.01016703,-0.00757178,-0.01019696,-0.00551613,-0.00915725,-0.00914193,-0.01469733,0.00183148,-0.00326302,-0.00435757,-0.00503427,-0.02095041,-0.01804507,-0.02303026,-0.00106819,-0.00980511,-0.00919429,-0.00701125,-0.01041600,-0.01152417,-0.00810989,-0.02012269,-0.01517312,-0.01241102,0.00768168,50,0.0275547490,0.1160441555,0.0884894064,11.6196739300,0.0262755301,0.0668226124,-0.0686252307,1.3998749798,2.31518458,2.28258444,-0.03260014,-4.27766363,0.38837206,-0.13847682,-0.01573499,1.05784761
122,0x344f3d000,0x16b156000,10,2,0,129.86,-0.0117053661,-0.0149473812,0.0780271856,0.0824278221,0.0852404361,0.0778431320,0.0820069914,0.0804896352,0.0833164396,0.0799265477,0.0799265477,0.0788107959,0.0801892877,0.0788851930,0.0833164396,0.0824278221,0.0768367458,0.0781008674,0.0837412032,0.0769826786,0.0788479437,0.1766781493,0.0812324211,0.0833164396,0.0810050411,0.0801517827,0.0794056681,0.0788479437,0.0818540095,0.0797764252,0.0789966364,0.0787735466,0.0825042609,0.0807776611,0.0812702833,0.0854763965,0.0777694503,0.0834709566,0.0825425846,0.0840500264,0.0812702833,0.0780271856,0.0822748402,0.0833936981,0.0836639447,0.0777694503,0.0791825783,0.0808156267,0.0810808689,0.0823512790,0.02552809,-0.01738611,0.13159872,0.00991692,0.02386611,0.01993230,0.00975314,0.01353590,0.00351578,0.00107752,-0.00959776,-0.00711556,-0.00406000,0.00401728,-0.00463611,-0.00583252,0.00491624,0.73554698,-0.00072491,-0.00334353,-0.01753934,0.81760838,-0.01196059,0.01437692,-0.01559731,-0.00504817,-0.00912746,-0.01302814,-0.00301586,-0.01059575,-0.00523227,-0.00408816,-0.00289358,-0.01128936,-0.00450399,0.00181511,-0.01339367,0.00611935,0.00359118,-0.00360907,-0.00827125,-0.00938073,-0.00244207,-0.00836971,0.00619795,-0.00355256,-0.00817549,-0.00540196,0.01133835,0.59897133,50,0.0279827478,0.1176647630,0.0896820152,11.7697235481,0.0862113724,0.0618531937,-0.0796967986,1.3708161341,2.33204440,2.38345181,0.05140741,6.76465641,0.71553321,-0.02860238,-0.06993511,0.99994446
123,0x1a7539000,0x354b10000,13,3,0,129.81,-0.0197459640,-0.0122012854,0.0777826850,0.0776325625,0.0785622606,0.0793744393,0.0795275256,0.0806063772,0.0831180242,0.0764023037,0.0766253934,0.0777450775,0.0775949550,0.0818021407,0.0743153795,0.0751751176,0.0809923535,0.0819970222,0.0913108128,0.1097363652,0.0752855899,0.0753960623,0.1302901056,0.0917326428,0.0892375216,0.0901907711,0.0952374429,0.2359658710,0.0826855017,0.0819580885,0.0756537976,0.0793744393,0.0806835303,0.0797952701,0.0773698225,0.0799482520,0.0811468705,0.0745706126,0.0830787332,0.0885696636,0.0854825167,0.0783728462,0.0757642700,0.0829214621,0.0830787332,0.0814556937,0.0831180242,0.0812240236,0.0816462992,0.0804904368,0.02632858,0.05986358,0.01216049,0.02833524,0.85329076,0.02747701,0.01277650,0.03960634,0.01209942,0.01924106,-0.00288070,0.01854687,0.03537025,0.02690214,-0.00655724,0.01506466,0.01749440,0.75857763,0.55040579,0.33114651,0.07923351,-0.00420633,0.94803828,0.99734640,1.16625871,1.22398976,1.19264211,0.20923887,0.02392871,0.01632298,0.00512777,0.01201065,0.01447511,0.00175313,0.00753778,0.01748497,0.01502859,0.01469650,0.00672682,0.02177168,0.01413484,0.02238378,-0.00819051,0.00784782,0.01547823,0.00611683,0.02285468,0.00673559,0.01557597,0.02629247,50,0.0432676402,0.1206668245,0.0773991843,10.1721213845,0.1406049697,0.0650490295,-0.0692687688,1.6503472516,2.50945071,2.42866312,-0.08078759,-10.58761875,1.11260274,-0.05218419,-0.00331323,1.01978426
124,0x23d37000,0xa4b96000,9,6,0,127.11,-0.0169548170,-0.0222652425,0.0741104149,0.0751936666,0.0677165029,0.0737386325,0.0728063295,0.0720170555,0.0740360178,0.0703192900,0.0724749124,0.0748558141,0.0718711228,0.0692414677,0.0740732671,0.0706081955,0.0706804466,0.0747056916,0.0758978750,0.0749684316,0.0739617222,0.0728432206,0.0709692535,0.0737014847,0.0716158898,0.0738873252,0.0741848120,0.0731009560,0.0706081955,0.0738501774,0.0752687791,0.0706442718,0.0703192900,0.0788291703,0.0716888561,0.0727695389,0.0693845390,0.0703915410,0.0738873252,0.0751936666,0.0710053298,0.0717982559,0.0716158898,0.0703192900,0.0706442718,0.0714700565,0.0739617222,0.0728432206,0.0717982559,0.0742591076,0.02978262,0.03337737,0.00547205,0.02784556,-0.01777325,0.02765272,-0.00793717,0.02327283,-0.00539555,0.01007141,-0.00439894,0.00253740,-0.00086534,0.00676322,0.00265602,0.00311543,0.00199473,0.01182941,-0.01893471,0.00847425,-0.00180400,0.00079738,-0.00112801,-0.00431518,-0.00343259,0.00553723,0.00808418,-0.01809919,-0.00975597,-0.00477928,-0.00733945,-0.02524973,-0.00673134,0.00327156,-0.00163606,0.00262859,-0.01370154,-0.01014358,0.00320524,0.00022682,-0.01964262,-0.00873831,-0.00455619,-0.00952104,-0.01088157,-0.00749466,-0.01609897,-0.01828132,-0.01050859,-0.00916755,50,0.0290043583,0.1146313791,0.0856270207,11.1031083650,0.0811528981,0.0588611099,-0.0756300005,1.5560763383,2.31111368,2.35803330,0.04691962,6.09773869,0.82272228,-0.03944306,-0.07204573,1.05857602
125,0x1c84f9000,0x19e03f000,13,13,1,185.28,-0.0031959053,-0.0011632461,0.0811615086,0.0757174256,0.0799460844,0.0800458313,0.0734599222,0.0821421680,0.0820402760,0.0758128823,0.0742577987,0.0800458313,0.0777515223,0.0755265122,0.0737087815,0.0742577987,0.0756538457,0.0791282170,0.0799460844,0.0743837014,0.0756538457,0.0779141328,0.0809935374,0.0787663812,0.0788980068,0.0797799001,0.0787993325,0.0744151342,0.0785690326,0.0788650555,0.0800790500,0.0767029978,0.0755901790,0.0807918986,0.0787663812,0.0799460844,0.0774912213,0.0723174455,0.0791282170,0.0796801533,0.0788980068,0.0741319817,0.0754629323,0.0785033095,0.0787993325,0.0776214162,0.0744780856,0.0809599615,0.0800458313,0.0758765490,0.01116517,0.01026955,-0.01734507,-0.02348576,-0.00477266,-0.00248280,-0.01123442,-0.01418576,-0.00985517,-0.01374035,-0.02344341,-0.01843719,-0.00738873,-0.01577737,0.00515118,-0.01014064,-0.01077041,0.00881654,0.03719199,-0.00486159,-0.00621565,-0.00022451,0.00480034,0.00983327,0.00853253,-0.01298403,-0.01120414,-0.01141652,-0.01563887,-0.01966048,0.00375343,-0.01473006,-0.00625922,-0.00293906,-0.00087984,-0.02405121,-0.01822661,0.01622472,-0.00751710,0.02735247,-0.00207725,-0.01179125,-0.00462406,0.00385324,-0.01544217,-0.00570896,-0.01779987,0.00659538,-0.00384977,0.01075876,50,0.0258348144,0.0994680848,0.0736332704,13.1654134090,0.0469035834,0.0724985087,-0.0398070587,1.0799261440,2.27689712,2.26164962,-0.01524749,-2.71623500,0.62222771,-0.04769516,0.01904165,1.03274186
126,0x15a320000,0x1bb83000,2,9,0,127.12,-0.0052273944,-0.0019875254,0.0840479341,0.0898846127,0.0875001353,0.0873142948,0.0860359364,0.0821075244,0.0865321142,0.0878347699,0.0913095387,0.0827799792,0.0798464452,0.0846978977,0.0823552506,0.0858901032,0.0853431042,0.0830787963,0.0836507889,0.0854525040,0.0847339739,0.0864585330,0.0911564524,0.0790435945,0.0869740036,0.0836150698,0.0855619038,0.0854889374,0.0866793772,0.0873885904,0.0858901032,0.0831145153,0.0866425866,0.0869740036,0.0823198887,0.0852701378,0.0867530589,0.0888414792,0.0831145153,0.0886163467,0.0864953236,0.0851972710,0.0848062250,0.0837223245,0.0874629875,0.0845173194,0.0876488279,0.0815545459,0.0877603728,0.0812392170,-0.40210628,-0.41331122,-0.45417230,-0.44282688,-0.44324625,-0.44797205,-0.45449931,-0.45458415,-0.44285197,-0.46357663,-0.45138823,-0.46910368,-0.47259678,-0.43983893,-0.45067437,-0.44528247,-0.43946910,-0.44501987,-0.47214857,-0.45893371,-0.44412664,-0.43258687,-0.43713239,-0.47324700,-0.45362304,-0.46877058,-0.43796239,-0.45207646,-0.44517030,-0.44679569,-0.46492617,-0.45531055,-0.45372611,-0.44300708,-0.45742718,-0.44489759,-0.45324005,-0.43644984,-0.45574211,-0.45230461,-0.46118874,-0.44603938,-0.47162704,-0.43755984,-0.42915553,-0.44746547,-0.41140372,-0.45862638,-0.41831837,-0.45001517,50,0.0252037965,0.1120069560,0.0868031595,11.2664739731,0.0400015305,0.0694879282,-0.0631564260,1.4152090429,2.24463830,2.29460706,0.04996876,6.57115432,0.62097829,-0.04862355,0.03095113,1.02205995
127,0x3f5025000,0x3f5219000,12,12,1,185.50,0.0041112335,0.0007930695,0.0729947131,0.0785821076,0.0729339078,0.0807441653,0.0774374988,0.0764515795,0.0731162408,0.0762628112,0.0777556588,0.0776602021,0.0774374988,0.0795981278,0.0816590099,0.0752768809,0.0774374988,0.0753390320,0.0712523229,0.0753390320,0.0764515795,0.0805797680,0.0753701925,0.0740120772,0.0804481423,0.0743195127,0.0752457204,0.0785178133,0.0744731885,0.0721860283,0.0775965354,0.0816922286,0.0808757012,0.0752768809,0.0732377685,0.0752768809,0.0730857967,0.0810073268,0.0785821076,0.0743502311,0.0818585037,0.0805139552,0.0775329555,0.0752457204,0.0795005260,0.0754634192,0.0765458778,0.0786143425,0.0740120772,0.0763256767,0.04795983,0.03514550,-0.01515332,-0.00939008,0.00233219,0.00580836,-0.01963991,-0.00117147,-0.00220634,-0.00408215,0.01261603,-0.01053825,-0.00922748,-0.02216904,0.02129102,-0.01026310,0.01405188,0.00001501,-0.00800593,-0.00874837,0.00053738,-0.01971215,0.00697507,-0.02252210,-0.01020961,0.00290160,-0.00585528,0.03400370,-0.01263560,-0.01474717,-0.00234343,-0.01483320,0.00132097,-0.03399617,-0.01604829,-0.02532416,-0.01192669,-0.01701489,-0.00568073,-0.00854167,0.00042328,-0.01777423,-0.02128455,-0.00551541,-0.00073414,-0.01452521,-0.00297504,-0.00152787,-0.00468632,-0.00448749,50,0.0331926856,0.0980667123,0.0648740267,11.5997191967,0.0668035490,0.0512712422,-0.0506663043,1.3787222011,2.36512698,2.28685429,-0.07827269,-14.03010839,0.69176368,-0.02089061,-0.00210877,1.02926189
128,0x275443000,0x21cff9000,8,8,1,185.45,0.0137621071,-0.0001907992,0.0696710731,0.0700443195,0.0741095556,0.0696399975,0.0698887718,0.0702930938,0.0712200048,0.0709369382,0.0722706624,0.0700443195,0.0771771641,0.0762000806,0.0765326307,0.0720161691,0.0722706624,0.0742722548,0.0701375462,0.0699510079,0.0742071573,0.0726842791,0.0700443195,0.1710637147,0.0744673696,0.0753525693,0.0766322868,0.0755169667,0.0724297858,0.1165903860,0.1837957340,0.1067680965,0.0815891367,0.0849670836,0.0772778918,0.0686554019,0.0787632709,0.0754512436,0.0713459076,0.0720479591,0.0740444581,0.0753525693,0.0777147454,0.0763995743,0.0753525693,0.0679726179,0.0772778918,0.0688706823,0.0754182923,0.0721116258,0.96984196,-0.30109819,-0.30030708,-0.29608645,-0.28339172,-0.29510569,-0.28710473,-0.30792240,-0.27362350,-0.30841398,-0.29753938,-0.30414489,-0.28750482,-0.29838825,-0.29183452,-0.29274882,-0.31120900,-0.30785788,-0.31933886,-0.25927655,-0.31343025,-0.30759818,-0.29743519,-0.18104081,-0.30365554,-0.30345430,-0.30985683,-0.30539404,-0.31477552,0.58015085,0.79333334,0.70291454,0.84532787,0.82963742,-0.29110617,-0.30079324,-0.29142499,-0.30363507,-0.30729251,-0.30763664,-0.30806179,-0.30942332,-0.30254194,-0.29960673,-0.31476371,-0.30723532,-0.31708745,-0.30873888,-0.31105798,-0.28083880,50,0.0268523323,0.1013608698,0.0745085375,13.3210771946,0.1036224101,0.0606254837,-0.0674359295,1.4587702565,2.36459017,2.34156102,-0.02302916,-4.10461667,0.92889805,-0.03519670,0.02158027,1.08333014
129,0x3da183000,0x1d9589000,12,13,0,129.79,-0.0079228903,0.0062327177,0.0967382310,0.0965808525,0.0893701023,0.0960099960,0.0958930883,0.0948119819,0.0904878886,0.0916441075,0.0901161061,0.0915314900,0.0937693101,0.0949663935,0.0980550796,0.0904507408,0.0968561038,0.0937309863,0.0971313551,0.0973280245,0.0895541559,0.0959710622,0.0906365812,0.0890754758,0.0891491576,0.0912311425,0.0938839682,0.0924605762,0.0950050755,0.0958541546,0.0912687500,0.0926121284,0.0938457488,0.0917942300,0.0951209105,0.0939222920,0.0923847484,0.0911186275,0.0926879563,0.0926879563,0.0883258530,0.0938457488,0.0914939850,0.0903763437,0.0938839682,0.0927636806,0.0980550796,0.0905622856,0.0937693101,0.0945804172,0.03016975,0.03721326,0.01060149,0.00561786,-0.00294349,0.01501351,0.00455394,0.00713754,-0.00402138,0.02967593,-0.00678192,-0.00371494,0.00202228,-0.00041482,0.02058364,0.00980133,0.00402317,0.00519535,0.00577379,0.00976479,-0.01206830,0.02262921,0.00281352,-0.00347879,0.00881376,0.01337445,0.00104356,-0.00830111,-0.00060995,0.01070451,0.00145626,0.02364308,0.00836054,0.00788541,0.00135059,0.00723820,-0.00987077,0.00471508,-0.00582139,0.00184548,-0.01062128,0.01027595,0.00247990,-0.01910672,0.01412680,0.00600500,0.01895896,-0.01167958,0.01609973,0.00294160,50,0.0274787228,0.1216278244,0.0941491016,12.4074943400,0.1204891724,0.0775229105,-0.0523227865,1.1482615834,2.31031696,2.44803840,0.13772144,18.17152520,1.00909709,-0.04120077,-0.00776670,1.00739658
130,0xfaff5000,0x8b11f000,15,15,1,185.47,0.0156684881,0.0069673529,0.0704756082,0.0817277532,0.0758646754,0.0851254095,0.0708374440,0.0721519007,0.0740826767,0.0693977970,0.0740826767,0.1215303722,0.0682878386,0.0729001131,0.0729001131,0.0785511977,0.0730680843,0.0732025713,0.0810786147,0.0721186820,0.0663846613,0.0793484242,0.0775381287,0.0719856257,0.0674649647,0.0812537206,0.0758646754,0.0710347927,0.0763154712,0.0783034715,0.0726312307,0.0758646754,0.0717196945,0.0739468517,0.0864897838,0.0677831247,0.0730345084,0.1164622645,0.0764542504,0.0775731333,0.0797059073,0.0786220180,0.0764542504,0.0765929350,0.0771877952,0.1955016675,0.0883769775,0.0708045825,0.0684808971,0.0653664979,0.59993030,0.52706644,0.35776867,0.44831224,0.43961591,0.45882751,0.57686340,0.46443312,0.44529774,0.43686048,0.47410517,0.51903380,0.46972846,0.44591953,0.48053363,0.45467253,0.49314074,0.47252752,0.66676165,0.44888732,0.48316543,0.48187893,0.47321294,0.48368714,0.41188468,0.45106269,0.48239984,0.46017446,0.47401079,0.38748947,0.48457799,0.44515537,0.45169656,0.43906569,0.49871717,0.44400808,0.47438874,0.51533529,0.45796321,0.44192985,0.24491947,0.44829980,0.43688510,0.43721725,0.43450673,0.50787762,0.45316380,0.48416021,-0.48928351,-0.18645164,50,0.0279782156,0.0986200627,0.0706418471,12.6273944397,0.0597420475,0.0487328492,-0.0636951229,1.5370361955,2.27880569,2.27191638,-0.00688931,-1.22082151,0.64966827,-0.07523284,0.01391560,1.04411865
131,0xaecb000,0x1fd8f000,9,9,1,185.45,-0.0038438496,-0.0037509020,0.0675069724,0.0746466284,0.0706842491,0.0729735535,0.0736928364,0.0685872979,0.0685250619,0.0719890539,0.0740875337,0.0676913665,0.0664266579,0.0754016332,0.0742847926,0.0736928364,0.0739888594,0.0663354914,0.0689293839,0.0772637359,0.0684629108,0.0719247596,0.0678144079,0.0744492797,0.0719890539,0.0736599749,0.0743177439,0.0728759517,0.0719569067,0.0739888594,0.0785503478,0.0694158927,0.0686183735,0.0686806096,0.0728434474,0.0663354914,0.0759478495,0.0744492797,0.0642660289,0.0716029369,0.0657066372,0.0727133413,0.0718282304,0.0755345988,0.0710024091,0.0762503078,0.0686806096,0.0749362083,0.0740217209,0.0663658526,0.02827770,0.04108822,-0.01615729,-0.00955282,-0.03124725,-0.01534525,-0.03062522,-0.02755457,-0.02981822,-0.02264650,-0.03991766,-0.03842900,-0.02614584,-0.02527162,-0.02418532,0.90627100,-0.02378370,-0.03620268,-0.02473689,-0.02350924,-0.03332052,-0.02996352,-0.01083799,-0.01317355,-0.03197747,-0.02058426,-0.01962476,-0.02298703,-0.03113326,-0.02716616,-0.01611092,-0.03799881,-0.03414512,-0.03932720,-0.01611686,-0.03736546,-0.00963008,-0.02929985,-0.02894066,-0.03202655,-0.03615726,-0.03090358,-0.02608968,-0.03019192,-0.03311225,-0.01552969,-0.03049728,-0.03479937,-0.02344086,-0.04180601,50,0.0232811170,0.0985906215,0.0753095045,13.4853494399,0.0517621198,0.0715975660,-0.0477508747,1.0800200515,2.21323857,2.25346740,0.04022883,7.24032692,0.65500719,-0.00751771,-0.00206919,1.03284403
132,0x3dcbe3000,0x3dae7d000,12,12,1,185.51,0.0012793422,0.0023571535,0.0770221518,0.0756158132,0.0737472752,0.0791170577,0.0792514531,0.0756483176,0.0746027413,0.0760387247,0.0768906159,0.0790498142,0.0728238643,0.0769564288,0.0717103301,0.0772853133,0.0767261288,0.0780699620,0.0802652384,0.0740336453,0.0759737160,0.0799256294,0.0780699620,0.0780367433,0.0737472752,0.0716481789,0.0745705063,0.0770221518,0.0747957998,0.0740336453,0.0716792545,0.0715548673,0.0715859429,0.0710278921,0.0795874872,0.0718969533,0.0788481754,0.0747957998,0.0748923290,0.0793186049,0.0716481789,0.0778372495,0.0759411229,0.0748923290,0.0748279469,0.0756483176,0.0800275214,0.0813806623,0.0775483850,0.0726351818,0.04504645,0.04815823,-0.02921759,-0.03937435,-0.04197225,-0.02418515,-0.03568202,-0.01287452,-0.05010014,-0.02997134,-0.03019291,-0.02567128,-0.05975680,-0.02927039,-0.05047347,-0.02570550,-0.03927902,-0.05089793,-0.03274559,-0.05355864,-0.05303854,-0.04638132,-0.03702857,-0.04380493,-0.03597008,-0.04335324,-0.04369372,-0.04400169,-0.05799375,-0.03937503,-0.05130517,-0.05169859,-0.04475249,-0.04321106,-0.04327361,-0.05882758,-0.04082338,-0.05231050,-0.04253129,-0.04427924,-0.05982336,-0.02906364,-0.01790008,-0.04443169,-0.01491087,-0.03524100,-0.02114802,-0.05416164,-0.03778663,-0.03588529,50,0.0333072891,0.0988250062,0.0655177171,11.7098640265,0.0414475077,0.0410321334,-0.0541506026,2.2379892488,2.32237659,2.26906572,-0.05331087,-9.53555780,0.70970564,-0.06864717,-0.02244696,1.08500662
133,0x915da000,0x921ca000,6,6,1,185.39,-0.0215080605,0.0656745718,0.0575722231,0.0648941700,0.0530733318,0.0694485047,0.0489704870,0.1172555591,0.0529070568,0.0434308604,0.0497004065,0.0441182918,0.0512683717,0.0511382656,0.0473832552,0.0486523269,0.0497969357,0.0518274576,0.0485568702,0.0443917913,0.0530068036,0.0530400223,0.0508454603,0.0507153541,0.0528738380,0.0542554465,0.0478866087,0.0531729879,0.0516301090,0.0442095413,0.0541547188,0.0593846516,0.0468027194,0.0484614136,0.0472888711,0.1016370960,0.1583073914,0.0657496843,0.0585502763,0.0583050525,0.0540874753,0.0483022901,0.0462739253,0.0497004065,0.0479180415,0.0444222355,0.0487159068,0.0497326414,0.0443310690,0.0484614136,0.51257099,0.55878077,0.47098829,0.49291433,0.42391940,0.62845787,0.62273758,0.79795597,-0.49707781,-0.50040389,-0.51552713,-0.49503184,-0.50757850,-0.49036498,-0.50113429,-0.50736166,-0.53173601,-0.49427554,-0.52490852,-0.52080362,-0.51397983,-0.51515963,-0.52325476,-0.49873288,-0.50914407,-0.49811656,-0.52645839,-0.50470185,-0.52427067,-0.51983233,-0.21057469,0.36690343,-0.38076491,-0.50635460,-0.51335649,0.41334673,0.59739752,0.39262193,0.64567784,0.66125628,-0.48362143,-0.51345449,-0.52120849,-0.51193726,-0.52412612,-0.51746498,-0.52250952,-0.49776298,-0.52466190,-0.51877506,50,0.0309390342,0.1008535458,0.0699145116,12.5251949293,0.0852918824,0.0608407978,-0.0716462437,1.4972549594,2.47844308,2.36944898,-0.10899410,-19.50244340,0.85861113,-0.10415435,-0.04919046,1.07144855
134,0x91d2a000,0x212e59000,6,8,0,129.79,-0.0112596413,-0.0092616833,0.0818100428,0.0815805177,0.0814657552,0.0816952803,0.0828155678,0.0791940058,0.0819248053,0.0849012331,0.0770737995,0.0774419067,0.0762136038,0.0837808392,0.0859428305,0.0781154018,0.0840926284,0.0834301162,0.0815039746,0.0789687708,0.0839366806,0.0836249977,0.0816187371,0.0847045637,0.0797194858,0.0824681681,0.0783756394,0.0792691183,0.0780410048,0.0835080901,0.0816952803,0.1653437922,0.0913480302,0.1040915836,0.0931726036,0.1317837366,0.0849405240,0.0814275358,0.0857444815,0.0837808392,0.0813509927,0.0792316133,0.0844293124,0.0775523791,0.0786731262,0.0819630247,0.0851370861,0.0782640945,0.0774051161,0.0827384147,-0.44653614,-0.44412330,-0.48528075,-0.49170365,-0.48829395,-0.48157569,-0.49981343,-0.48261057,-0.49094931,-0.46901213,-0.47928558,-0.48679931,-0.49731117,-0.48620854,-0.48013779,-0.47929737,-0.47769441,0.26895406,-0.48766382,-0.49031425,-0.48166782,-0.46776207,-0.47184995,-0.47084729,-0.49374769,-0.48863327,-0.48960183,-0.45135484,-0.49191622,-0.43850216,-0.48320685,0.50380572,0.53524166,0.67411784,0.84274212,0.73431886,-0.47348809,-0.45478752,-0.46670369,-0.47072078,-0.47613560,-0.46064677,-0.48129325,-0.46133857,-0.48131946,-0.48836804,-0.46465718,-0.47414231,-0.49121197,-0.48061913,50,0.0358854346,0.1203075410,0.0844221064,11.0781111794,0.1127097302,0.0512649006,-0.0795881537,1.8119461113,2.49888206,2.41972828,-0.07915378,-10.40789755,1.08393941,-0.14341409,0.01210068,1.08172052
135,0x8f9aa000,0x918e6000,6,6,1,185.50,-0.0016140365,0.0091183204,0.1385533099,0.0651526852,0.0716195526,0.0686692824,0.0708635641,0.0675261024,0.0751218687,0.0674638664,0.0664764952,0.0718798536,0.0667839307,0.0740079783,0.0735196200,0.0728947125,0.0747185910,0.0642250579,0.0807729533,0.0897878879,0.0676194140,0.0672772432,0.0709600055,0.0730263382,0.0673083187,0.0741077252,0.0695912636,0.0678681884,0.0740744157,0.0694321402,0.0727961280,0.0708635641,0.0686064169,0.0716521458,0.0729276638,0.1567059179,0.0813556704,0.0737751751,0.0742406908,0.0752898399,0.0748866540,0.0750882928,0.0700048803,0.0687636666,0.0775921167,0.0709600055,0.0754243270,0.0742073813,0.0675571780,0.0676194140,0.53341321,0.55135813,0.30779290,-0.50423096,-0.51585979,-0.50220844,0.14853637,-0.51886968,-0.50666777,-0.50486302,-0.49830056,-0.49621155,-0.53384073,-0.50151009,-0.51840574,-0.49266772,-0.50772448,-0.51770932,0.42963820,0.13971026,-0.50439198,-0.51471320,-0.49131192,-0.50245900,-0.51640753,-0.48949303,-0.51200977,-0.50619813,-0.50082969,-0.48961026,-0.51316340,-0.50176087,-0.52834079,-0.50343817,-0.53022674,-0.34912273,0.40952086,-0.51142612,-0.49303407,-0.50550794,-0.51851029,-0.51406022,-0.51948616,-0.52167488,-0.47605384,-0.51116650,-0.49509645,-0.52753188,-0.50793118,-0.51124345,50,0.0291760407,0.1005784837,0.0714024430,12.7655822368,0.0900273312,0.0511697841,-0.0657143864,1.6233492523,2.39594109,2.31451509,-0.08142600,-14.58440252,0.74695414,-0.02925309,-0.05121244,1.06321960
136,0x3d6509000,0x3c9a17000,12,12,1,185.44,-0.0010593191,-0.0054724326,0.0811503758,0.0714428957,0.0775007827,0.0768551777,0.0722390601,0.0690935733,0.0716002313,0.0704849092,0.0764229715,0.0787823779,0.0748204554,0.0799996938,0.0776688457,0.0734148312,0.0737365661,0.0745276501,0.0722708500,0.0799996938,0.0787145118,0.0789522288,0.0767222121,0.0775007827,0.0769882341,0.0788842699,0.0772541652,0.0754767859,0.0712856461,0.0680739811,0.0727799234,0.0705159848,0.0702672104,0.0756741346,0.0778369087,0.0753122988,0.0757398576,0.0792918378,0.0722390601,0.0766557747,0.0789182957,0.0767887403,0.0748204554,0.0724935533,0.0799310196,0.0810116913,0.0745927475,0.0731895378,0.0763897528,0.0701116628,0.02092330,0.02528873,-0.02830344,-0.03128566,-0.01766763,-0.02390772,-0.02492194,-0.01642014,-0.02077313,-0.03568660,-0.01600230,-0.01625486,-0.02808157,-0.01660050,-0.00697441,-0.02520288,0.79959059,-0.02182356,-0.02570987,-0.02721353,-0.01387345,-0.03271429,-0.03764738,-0.01883769,-0.02905049,-0.02193450,-0.02091571,-0.02456424,-0.02381284,-0.03445273,-0.02824255,-0.03405229,-0.03602648,-0.01557162,0.00004790,-0.02999736,-0.01452459,-0.03710691,-0.03085034,-0.00919051,-0.02959069,-0.00875200,-0.04069692,-0.04094877,-0.02429457,-0.02658964,-0.03213400,-0.02533006,-0.01709829,-0.02168791,50,0.0278694739,0.0999813006,0.0721118267,12.8890917856,0.0537216224,0.0589884981,-0.0541042009,1.3504950121,2.25263059,2.26410226,0.01147168,2.11869782,0.62004507,-0.05070905,0.06981838,1.00905024
137,0xd241000,0x2776a1000,9,8,0,130.41,0.0046535475,-0.0009553759,0.0909357645,0.0911233920,0.0910107745,0.0919023557,0.1010660482,0.0933640715,0.0928284782,0.0966518238,0.0939835148,0.0944081730,0.0895207379,0.0884436741,0.0941766083,0.0910858870,0.0908606520,0.0921675980,0.0975762637,0.0904852945,0.0953739080,0.0905979120,0.0886278282,0.0910107745,0.0911985045,0.0913111220,0.0875489324,0.0897809754,0.0905979120,0.0901156100,0.0941379264,0.0898925203,0.0890328265,0.0908981570,0.0918644936,0.0879499987,0.0912735145,0.0942537614,0.0952179602,0.0953739080,0.0943695965,0.0889959354,0.0878405988,0.0959046518,0.0907480345,0.0927902588,0.0931345464,0.0885172553,0.0900040651,0.0962978833,0.04204585,0.02466822,0.00307510,-0.00826679,0.00788317,-0.01359364,0.01481215,-0.00921963,-0.00768115,0.00026933,0.00234320,-0.00753341,-0.00433791,-0.01321719,-0.00496458,-0.00601894,-0.00743275,-0.01777472,0.00049691,-0.00641058,0.00091326,-0.00056753,-0.00801583,-0.00980211,-0.01156328,-0.01231095,-0.00406650,-0.00678012,-0.00480293,-0.00613438,0.81255792,-0.01016089,-0.00674358,-0.00105448,-0.01200339,-0.01254271,-0.01386296,0.02749390,-0.01528575,0.03109473,-0.01193896,-0.00288153,-0.00490967,0.00024158,-0.00197926,-0.00620937,-0.00624855,-0.00568785,-0.00965905,-0.00883893,50,0.0274477170,0.1158505714,0.0884028544,11.6038678468,0.0431013398,0.0689651465,-0.0718140871,1.6282390519,2.27282919,2.30621049,0.03338130,4.41313392,0.62967672,-0.04375253,-0.05884957,1.05157419
138,0x190b2f000,0x1c931d000,13,13,1,185.40,0.0005337237,-0.0016669389,0.0737824026,0.0746642959,0.0742053140,0.0685706709,0.0679450334,0.0783031543,0.0702929681,0.0698697678,0.0736848008,0.0716239187,0.0698697678,0.0707334561,0.0763730927,0.0695587575,0.0684169112,0.0740426148,0.0737824026,0.0749603189,0.0673069509,0.0717829553,0.0682631515,0.0722920287,0.0720056586,0.0697452958,0.0750589932,0.0695898330,0.0749603189,0.0771209479,0.0697142202,0.0737824026,0.0752892034,0.0772217673,0.0702929681,0.0758411396,0.0706705047,0.0694032098,0.0709850899,0.0740751191,0.0709221385,0.0733787775,0.0717829553,0.0773224950,0.0720056586,0.0683861928,0.0751247162,0.0695898330,0.0751247162,0.0727031606,0.03727994,0.02011287,-0.03455953,-0.03431769,-0.03692362,-0.03350569,-0.05526218,-0.02365017,-0.03121090,-0.05907339,-0.03006806,-0.02610266,-0.04589127,-0.04119124,-0.02373383,-0.02652386,-0.03199432,-0.04285606,-0.03013503,-0.03210854,-0.05085434,-0.04075172,-0.05418733,-0.03079299,-0.04033780,-0.03852534,-0.04301711,-0.03358324,-0.03081710,-0.01384446,-0.02941146,-0.01212368,-0.03069332,-0.00568391,-0.04570264,-0.03520023,-0.02678087,-0.04190375,-0.02104255,-0.02381095,-0.04148454,-0.05027434,-0.03364627,-0.03660331,-0.03546838,-0.03628481,-0.02854084,-0.03419549,-0.03215621,-0.05267454,50,0.0296229750,0.0978912136,0.0682682386,12.2150940308,0.0588893291,0.0599582057,-0.0393501405,1.4697658922,2.27527995,2.28825979,0.01297983,2.32182999,0.74176860,-0.01867135,-0.10789263,1.03909162
139,0x6489000,0x34497d000,9,10,0,129.90,-0.0010946197,0.0032981467,0.0915328159,0.0900464185,0.0886676794,0.0917601959,0.0932609498,0.0936497956,0.0911307428,0.0907928903,0.0900092707,0.0915328159,0.0917601959,0.0938428891,0.0931078635,0.0893771493,0.0909430128,0.0905301503,0.0941902888,0.0916844716,0.0916086437,0.0887412606,0.0925341553,0.0922149560,0.0899348736,0.0951949576,0.1388493311,0.1019792291,0.1774075415,0.1039743551,0.0963552504,0.1021866260,0.0897117839,0.0908680028,0.0908680028,0.0938043126,0.0936883721,0.0896746361,0.0918360238,0.0893771493,0.0916466094,0.0970012214,0.0921012660,0.0921391282,0.0916466094,0.0939587242,0.0903800278,0.0900464185,0.0943448058,0.0892284566,0.03878124,0.05210441,0.01207502,0.00276404,-0.00363192,-0.01465336,0.01492929,0.00132689,-0.00793732,0.00673958,-0.00900148,-0.00033968,0.01536042,0.00283003,-0.00216244,-0.00453523,-0.00106107,0.00859502,-0.00727010,0.01577762,0.01959891,0.00418107,0.00258116,-0.00430939,0.00163737,0.00611419,0.98037524,1.01958784,0.97057285,1.11034399,1.15689775,0.03044236,0.02052601,0.00257444,0.00055759,0.03355471,0.00914295,0.02259749,-0.00584811,0.01039608,0.00187136,0.01356822,-0.00289317,-0.00895594,-0.00048803,0.00305461,0.00016037,0.00337042,-0.00086745,-0.00877136,50,0.0286231282,0.1198850588,0.0912619306,11.9937759483,0.1000360544,0.0842625746,-0.0803414563,1.4143159570,2.36484148,2.41904701,0.05420553,7.14170954,1.06568066,0.04002195,0.02073271,1.06673652
140,0x2fe20b000,0x29d1d3000,14,14,1,185.27,-0.0195542234,-0.0121386017,0.0609510152,0.0583420401,0.0939302774,0.0605069573,0.0538567540,0.0605069573,0.0663626169,0.0670017090,0.0603407730,0.0584722350,0.0584071376,0.0561453329,0.0617910548,0.0559862963,0.0593916372,0.0587324472,0.0570666108,0.0595889859,0.0604405199,0.0582445271,0.0591285655,0.0550632426,0.0520904267,0.0638916928,0.0614886883,0.0538256784,0.0559862963,0.0550003771,0.0603075543,0.0545598891,0.0560817530,0.0517257607,0.0606732324,0.0604073012,0.0611189865,0.0584722350,0.0592272398,0.0537634424,0.0573883457,0.0603075543,0.0617910548,0.0571631401,0.0592929629,0.0614214447,0.0559862963,0.0550318098,0.0583420401,0.0516650384,0.03056185,0.02234357,-0.01004898,0.00825743,0.19582781,0.62430246,-0.00500618,-0.02101209,0.93865576,0.87802574,-0.02088046,-0.00275415,0.11956257,-0.01123548,-0.00006827,-0.00881643,-0.02394222,0.00619557,-0.02950030,-0.02309001,-0.02564926,-0.03178376,-0.01314232,-0.01663863,-0.03636650,-0.03615777,-0.01835438,-0.02675154,-0.04070110,-0.02821171,-0.01236795,-0.02485827,-0.02863937,-0.02189621,-0.01395431,-0.01956798,-0.02176792,-0.02129502,-0.02790966,-0.04220531,-0.02792703,-0.02153103,-0.02023943,-0.00760557,-0.02198920,-0.01655659,-0.02526697,-0.01857197,-0.01974856,-0.02113408,50,0.0311272920,0.1021337657,0.0710064738,12.6901136285,0.1080742321,0.0451364839,-0.0636914888,1.7135872056,2.31372556,2.36337184,0.04964628,8.86963300,0.91537752,0.04529014,-0.03687514,1.03653544
141,0x3d6b63000,0xa296c000,12,6,0,129.82,0.0007929043,0.0018338849,0.0910889074,0.0906819737,0.0897837024,0.0924681065,0.0913892549,0.0945871277,0.0938529219,0.0994218291,0.0904217361,0.0945098693,0.0944327162,0.0937381594,0.0969014963,0.0984576302,0.0961722961,0.0959775209,0.0948573744,0.0948573744,0.0904961332,0.0894891765,0.0926575209,0.0970981657,0.0903102928,0.0913516474,0.0959384808,0.0939293606,0.0902358957,0.0937381594,0.0959775209,0.0949732094,0.0949346329,0.0895995483,0.0954751261,0.0900499537,0.0987411919,0.0925059687,0.0984179820,0.0948960563,0.0935469581,0.0960164547,0.0928090731,0.0945098693,0.0907192230,0.0916143874,0.0909762899,0.0928469353,0.0914267599,0.0895259671,0.04076743,0.07422206,-0.00892087,-0.00894063,-0.00697725,0.00007610,-0.00476978,0.00240996,-0.01059215,0.01462411,0.00240294,0.00162251,-0.00558114,0.00384742,-0.01206783,0.00138326,0.00709667,0.01266104,0.00066982,-0.00314488,-0.00503371,-0.00100363,-0.00125439,0.01601041,-0.01495669,-0.00464274,-0.00275399,0.02710705,-0.00617946,-0.01386793,-0.00330748,-0.00326800,-0.00111607,-0.01303215,0.01103637,0.00115529,-0.00345875,0.00853581,0.00052652,-0.00332782,0.00017093,-0.00279449,0.00442701,-0.00471764,0.01383447,-0.00070720,-0.00163586,-0.00651394,0.01202230,-0.01578060,50,0.0258790707,0.1165551950,0.0906761243,11.9098814903,0.0439096407,0.0804895845,-0.0679834516,1.5347493276,2.30944656,2.31099541,0.00154886,0.19662958,0.64341938,-0.10166080,-0.01515955,1.05147709
142,0x15323e000,0x2159f1000,2,8,0,129.85,-0.0013513773,0.0018985096,0.0887330099,0.0958483033,0.0916814811,0.0938821543,0.0948856451,0.0935732258,0.0912646867,0.0882543298,0.0881806481,0.0919088611,0.0950804202,0.0929154586,0.0933415557,0.0924565130,0.0938821543,0.0901876230,0.0940751425,0.0939593074,0.0877219763,0.0885856464,0.0895193790,0.0914162389,0.0880701757,0.0892591415,0.0955480509,0.0881806481,0.0894822313,0.0913783767,0.0885488558,0.0895193790,0.0916814811,0.0916436189,0.0948076712,0.0904878680,0.0904878680,0.0928772393,0.0903377455,0.0903002404,0.0941909775,0.0895566283,0.0893706864,0.0916436189,0.0955730520,0.0891847444,0.0956123430,0.0938821543,0.0957697215,0.0892591415,0.03336297,0.03196554,0.00669335,0.00398932,0.00586001,0.00583840,0.02237384,0.01278511,0.00708719,0.01157003,-0.00022788,-0.00160712,0.01381108,0.00385616,0.00657228,0.00741334,0.00554942,0.00019542,0.03216642,0.87296347,0.03777741,-0.00828468,0.01939870,0.02310671,0.02986681,0.01151705,0.02392656,0.01855038,0.01953855,0.01752085,0.02336888,0.00413878,0.02513750,0.01593221,0.01424178,0.00795563,0.01043356,0.00713893,0.00011008,0.00894621,0.00839674,0.01343589,0.00201969,0.01160893,-0.00197477,0.00558882,0.00663402,0.00813436,0.00515588,0.00382768,50,0.0269003662,0.1163842145,0.0894838483,11.7517109594,0.0398476828,0.0726421330,-0.0682799793,1.3556697043,2.34290422,2.31784671,-0.02505751,-3.21784912,0.54894257,-0.08164159,-0.03270377,1.05681433
143,0x14ffa4000,0x7d3ed000,2,9,0,127.09,0.0062496998,-0.0034859895,0.0884815873,0.0909078601,0.0873998320,0.0819911219,0.0926172364,0.0937358415,0.0816443632,0.0894889012,0.0880764885,0.0882238520,0.0894517534,0.0897863881,0.0913857611,0.0841545993,0.0911706001,0.0902321552,0.0883711150,0.0876186316,0.0887025321,0.0919542111,0.0923877114,0.0882974332,0.0830027501,0.0942763348,0.0949331412,0.0902321552,0.0919542111,0.0893402086,0.0893402086,0.0917268311,0.0871810324,0.0919920733,0.0862820226,0.0920299355,0.0893773564,0.0818870849,0.0818176952,0.0794539876,0.0905325026,0.0916889689,0.0868528330,0.0874726989,0.0982973294,0.0989608270,0.1012569535,0.0864264261,0.0880764885,0.0831078597,0.03866016,0.02096858,0.00308799,0.00817890,0.00230558,-0.01698114,0.00543665,0.01315681,-0.01645637,0.00774984,-0.00421312,-0.00090839,-0.00321481,-0.01270723,-0.00634686,-0.01348472,-0.00240842,-0.00347205,0.86121773,0.02381587,-0.00109750,0.01956317,-0.00000453,0.00226941,-0.02234835,0.88045464,0.95551480,0.02498493,0.00717675,0.02609474,0.69881655,0.00964927,-0.00309073,0.01540795,0.11007372,0.01205136,-0.00510510,0.00227416,0.56070560,-0.01675946,-0.00700913,0.01854047,0.00087482,-0.00481253,0.92559064,0.96108317,0.94916747,0.01170901,0.94254489,0.00301196,50,0.0246082719,0.1123537203,0.0877454484,11.3852414326,0.0398151045,0.0767409914,-0.0770092418,1.3274355930,2.23312222,2.26715500,0.03403278,4.44213709,0.43963453,-0.05244415,-0.01350424,1.03940272
144,0x16a6a8000,0x39f3a7000,2,12,0,129.78,-0.0163627923,-0.0130635683,0.0751010955,0.0744708163,0.0818768062,0.0742849758,0.0789093159,0.0778276049,0.0764806517,0.0768216183,0.0797183886,0.0775598605,0.0757016880,0.0743964192,0.0733533872,0.0743964192,0.0941846746,0.0755890705,0.0744336685,0.0799911377,0.0775598605,0.0768595840,0.0794065994,0.0790637275,0.0767080318,0.0821545597,0.0762911339,0.0768974461,0.0741361816,0.0764427895,0.0752512180,0.0778658243,0.0769732740,0.0779040437,0.0757391930,0.0745079641,0.0898110552,0.1032742218,0.0784845523,0.0730955513,0.0755515655,0.1235805262,0.0797573224,0.0791409860,0.0776746230,0.0741733294,0.0789093159,0.0786390693,0.0745452133,0.0753263305,0.01897754,0.00063923,0.11009761,-0.02254423,0.00177412,-0.00849140,-0.02022695,-0.00996761,0.00935127,-0.02584247,-0.00594009,-0.01179029,-0.02193259,-0.01350951,-0.02829325,-0.01686251,0.00165705,-0.01058203,-0.00306256,-0.00298185,0.05010585,0.00758607,-0.00710163,0.10672695,-0.02582252,-0.00738446,-0.01421411,-0.01039240,-0.01366726,-0.02115618,-0.01931431,-0.00735075,-0.00404635,-0.02122088,0.02347311,-0.02142003,0.94043969,0.94725129,0.01339636,0.00096050,-0.01909975,0.98983155,-0.02278890,-0.00156185,-0.01940284,-0.00913614,-0.01156363,-0.01868928,-0.02331275,-0.01333321,50,0.0271225765,0.1173779761,0.0902553995,11.8539631325,0.0557796511,0.0745659147,-0.0829220919,1.4196304785,2.31318754,2.31521175,0.00202421,0.29837364,0.54538504,-0.03045946,-0.06582341,1.05719976
145,0x15dca6000,0x8e5ae000,2,6,0,127.10,-0.0046110875,0.0095248633,0.0860837712,0.0851880022,0.0847829034,0.0890941262,0.0897444820,0.0863440087,0.0863068610,0.0872764225,0.0861581683,0.0875767700,0.0883195560,0.0864555536,0.0859350785,0.0884332460,0.0839968471,0.0863068610,0.0849302669,0.0849302669,0.0882437281,0.0905194094,0.0862325654,0.0860466234,0.0883574181,0.1055230516,0.0914446744,0.2698717981,0.0945233523,0.0992921224,0.0977989484,0.0882058659,0.0905194094,0.0858606815,0.0872014125,0.0794639411,0.0808963760,0.0905194094,0.0875391625,0.0838510138,0.0869385700,0.0852984745,0.0884332460,0.0873140300,0.0808256523,0.0806840117,0.0883574181,0.0854089469,0.0895149570,0.0883574181,0.04760852,0.01197347,-0.01373411,-0.00603121,-0.01487210,-0.01130606,-0.01185906,-0.00955991,-0.02209644,0.86133347,-0.00038342,-0.00541342,-0.02313380,-0.01559667,-0.00658728,-0.01669750,-0.01922873,-0.01532264,-0.02703664,-0.01130770,-0.01219292,0.69103622,-0.01547012,-0.00890755,-0.01828712,0.86812063,0.97245710,1.13194104,1.24789375,1.15353822,1.06384254,-0.00418307,-0.00750601,-0.02214083,-0.01683691,-0.01644423,-0.01636384,-0.00994952,0.00092473,-0.00873332,-0.02165185,-0.02439435,-0.01309440,-0.03122444,-0.03001793,-0.02659931,-0.01926475,-0.01979961,-0.02119025,-0.00730551,50,0.0294381250,0.1155021952,0.0860640701,11.1781672645,0.0925776096,0.0615429550,-0.0758785735,1.4880808007,2.27784979,2.36679788,0.08894809,11.56218063,0.90094441,0.01841965,-0.09130149,1.07184880
146,0x21da4b000,0x2841bc000,8,7,0,127.07,0.0157274667,-0.0017191383,0.0908090029,0.1549078567,0.1773200289,0.0823408545,0.0825639442,0.0913295095,0.0908090029,0.0924919455,0.0858059704,0.0912493895,0.0817778317,0.0814833058,0.0773021520,0.0850664019,0.0870795970,0.0858059704,0.0902080395,0.0883180810,0.0859971716,0.0814833058,0.0823408545,0.0859207329,0.0782412796,0.2099244606,0.0822293096,0.0847631941,0.0824895472,0.0828241818,0.0824523994,0.1368177081,0.0934113808,0.0946569071,0.0875387675,0.0911292642,0.0922091873,0.0829357267,0.0812623611,0.0858825135,0.0794302897,0.0814833058,0.0771959698,0.0818147229,0.0803296566,0.0757996121,0.0844979519,0.0752419973,0.0804390564,0.0846116419,0.60888247,0.63371875,0.61057470,-0.45710244,-0.39679635,-0.18332005,-0.58794912,0.35793461,0.39546414,0.34667300,0.38641867,0.38708888,0.40004684,-0.57838886,-0.60261996,-0.57564308,-0.57146582,-0.58373087,0.41769485,0.36339646,-0.57880260,-0.58177840,-0.59001241,-0.54570859,-0.58739573,-0.42142665,-0.58469660,-0.55939106,-0.58736928,-0.56807458,-0.59169148,0.35688994,0.41003747,0.54728058,0.64258272,0.60868915,0.39850892,-0.58415368,-0.57692708,-0.57800995,-0.58297863,-0.57445667,-0.59143904,-0.59467486,-0.59696513,-0.58182065,-0.57668585,-0.59735898,-0.57878992,-0.58556239,50,0.0410118863,0.1168455250,0.0758336388,9.8509195294,0.1121113478,0.0611818044,-0.0736050540,1.7359329159,2.57270736,2.46807808,-0.10462928,-13.61289453,1.09903610,-0.09780501,0.07487559,1.05040779
147,0x3251a000,0x7b4f4000,0,0,1,185.38,0.0024508252,-0.0052104107,0.0768340940,0.0726698274,0.0731052249,0.0787945129,0.0744514780,0.0768015897,0.0758829019,0.0725765158,0.0712191159,0.0746423914,0.0793597754,0.0714958330,0.0793597754,0.0737201388,0.0712191159,0.0744832679,0.0802756018,0.1060351343,0.0759150490,0.0726387518,0.0728875261,0.0791602817,0.0758185198,0.0778811888,0.0779140503,0.0756898434,0.0702328283,0.0728564506,0.0744832679,0.0737201388,0.0778811888,0.0749605514,0.0736257547,0.0759471961,0.0780456759,0.0800403871,0.0781113990,0.0700809394,0.0758185198,0.0707190220,0.0723276565,0.0716187904,0.0712191159,0.0703848001,0.0724521286,0.0802420259,0.0768666871,0.0704759666,0.03428830,0.03445936,0.00026757,-0.01234741,-0.01684848,-0.01448755,-0.01268483,-0.00954144,-0.01516094,-0.02494585,-0.00437613,-0.01020774,-0.00199635,-0.01437493,-0.00793571,-0.00243006,-0.02582180,-0.00648231,-0.00567131,0.02908818,-0.00722106,-0.01159937,-0.01349165,0.00406731,-0.00248796,-0.01668275,-0.00645860,-0.00631287,0.00213985,-0.00872701,0.02494387,0.00517245,0.09002155,0.00045791,-0.00605516,-0.02309756,-0.01866522,-0.01557629,-0.00518942,-0.02116951,-0.02108149,-0.01166428,-0.02269601,-0.01678485,-0.00074856,-0.00183323,-0.01311994,-0.01260486,-0.00126705,-0.01361877,50,0.0302113815,0.0988504670,0.0686390854,12.2284917458,0.0765229453,0.0599771858,-0.0501002644,1.4340016060,2.39948780,2.30378171,-0.09570609,-17.04716183,0.74527246,-0.10367766,0.01287105,1.08514505
148,0x3f5518000,0x2769e4000,5,1,0,127.06,-0.0007218383,-0.0039752981,0.0910637021,0.0936047364,0.0900563882,0.0987102978,0.0897249712,0.0890110663,0.0910637021,0.0909521573,0.0910265544,0.0907290675,0.0907290675,0.0889746329,0.0933773564,0.0928847342,0.0833924962,0.0889381995,0.0922949311,0.0902773330,0.0899827065,0.0874956669,0.0943451236,0.0887922667,0.0935290121,0.0932258042,0.0911380992,0.0934153220,0.0933773564,0.0902036512,0.0912867919,0.0908034646,0.0928468720,0.0911752470,0.0908407139,0.0952333839,0.0890110663,0.0897249712,0.0910265544,0.0946128681,0.0927331820,0.0967806911,0.0928847342,0.0925201661,0.0912123948,0.0899827065,0.0930742520,0.0930363898,0.0928847342,0.0921448086,0.03569830,0.02807937,0.00914128,0.00831556,-0.00516068,0.01005576,-0.00473759,-0.00029061,0.00807153,-0.02221154,0.00897682,-0.00166217,0.00054792,-0.01078390,-0.00166581,0.01067178,-0.01420854,-0.00820645,0.01199514,-0.01435311,0.00977144,-0.01276122,0.01051236,0.00868482,0.01319096,0.01541426,-0.00714989,0.01466015,-0.00290985,0.00920675,0.00318541,-0.00101637,-0.00474327,0.00563092,0.00077204,0.00782310,-0.00587760,0.01265652,-0.00387907,0.02151239,-0.00923289,0.01653246,0.00013033,-0.00445283,-0.01417647,0.00576171,0.00463337,0.00722806,0.01914227,-0.01478630,50,0.0273518221,0.1132039525,0.0858521304,11.1439301134,0.0464105181,0.0659552722,-0.0602868380,1.6373708621,2.28676401,2.27274738,-0.01401663,-1.83408871,0.62720219,-0.10102828,-0.01791741,1.04669626
149,0x2fec50000,0x29b6b0000,7,7,1,185.51,-0.0016848129,-0.0016011600,0.0770347520,0.0768395485,0.0792915521,0.0782777658,0.0795242645,0.0708674531,0.0773600617,0.0761814310,0.0705027871,0.0759884604,0.0780146043,0.0832167283,0.0761814310,0.0773600617,0.0733116019,0.0807744289,0.0771974513,0.0793247708,0.0794578271,0.0790256209,0.0729695159,0.0784093016,0.0783764401,0.0806063660,0.0806063660,0.0779817428,0.0728762043,0.0785079759,0.0750368223,0.0784421631,0.0705940366,0.0730005915,0.0781790914,0.0772299556,0.0728139683,0.0771974513,0.0729695159,0.0795574832,0.0816884674,0.0762779603,0.0792915521,0.0807744289,0.0761492839,0.0804719706,0.0748140321,0.0782119529,0.0731872147,0.0806399419,0.04343032,-0.01069067,-0.00647047,-0.01598897,0.00593422,-0.01501460,-0.02523305,-0.00031396,-0.00640201,0.01626986,-0.01699561,0.00398642,-0.00601859,0.00767914,0.00043898,-0.00091531,-0.01563378,0.01333652,-0.00835671,0.01164739,-0.01399590,0.01667818,-0.00978283,-0.00987248,-0.00156708,-0.00796149,-0.00006796,-0.01220659,-0.01060520,-0.01413278,-0.01667003,-0.00713396,-0.01218182,-0.02473134,0.00255367,-0.01561611,-0.01244643,-0.02109459,-0.01352138,-0.01051394,-0.00353810,-0.00990442,0.00395025,0.00323044,-0.01080854,0.01319431,-0.00300626,-0.00987483,-0.01189157,0.00313187,50,0.0300164340,0.0993449809,0.0693285470,12.3931391753,0.0665146030,0.0601537947,-0.0564593565,1.3882058735,2.29647070,2.25914901,-0.03732169,-6.68206753,0.75914553,0.03062794,0.02811350,1.03813921
150,0x205d4a000,0x3d764b000,1,12,0,127.07,-0.0026956006,-0.0026956006,0.0910526154,0.0942152878,0.0987624212,0.0913529629,0.0892637257,0.0891164627,0.0915405904,0.0869911956,0.0858029009,0.0903829417,0.0901227041,0.0913904679,0.0947900124,0.0870995229,0.0878169804,0.0889324091,0.0890796721,0.0891164627,0.0967204444,0.0925479033,0.0926995589,0.0878169804,0.0927374211,0.0922069367,0.0881451798,0.0888218363,0.0899740115,0.0872801012,0.0906060314,0.0866662138,0.0888955180,0.0892637257,0.0926995589,0.0880722134,0.0875981808,0.0893005163,0.0878169804,0.0898996144,0.0855883915,0.0879993466,0.0877440140,0.0888587274,0.0922069367,0.0904573387,0.0891532533,0.0915405904,0.0898996144,0.0887850457,0.03666722,0.03822821,0.00473230,0.01518752,0.01452114,-0.00229632,-0.00994570,-0.00308545,-0.01141910,0.00025954,0.00019513,0.01102821,0.00089024,0.01357198,0.00995867,-0.01316341,-0.00514746,0.00250340,-0.00340360,0.00192230,0.00617777,0.02304934,-0.00069118,0.01399858,0.00390629,0.03303881,0.00364734,0.01041688,0.00222162,0.00744550,-0.01536963,0.00048547,-0.01097514,0.00772827,0.00107957,0.00167122,-0.00399035,0.01861732,0.00254473,0.00292980,-0.00150068,-0.00452209,-0.00662606,-0.00442479,0.00275113,-0.00201879,-0.00248184,-0.00402636,-0.00270228,-0.00527872,50,0.0237183126,0.1132172573,0.0894989447,11.6039749827,0.0482779536,0.0830910028,-0.0783340190,1.2196381933,2.29561476,2.29752456,0.00190981,0.23116169,0.43350438,-0.05939549,-0.01554634,1.04505727
151,0x345eb9000,0x33afb7000,10,10,1,185.22,-0.0128530153,-0.0193316876,0.0639733488,0.0662039890,0.0585957143,0.0660024419,0.0670827564,0.0888535216,0.0711916501,0.1332050019,0.0747178247,0.0760934912,0.0660695937,0.0607599060,0.0670827564,0.0650883117,0.0670147975,0.0648555993,0.0584402515,0.0606963261,0.0661704131,0.0609190295,0.0628591002,0.0651215304,0.0671506226,0.0617777132,0.0605372027,0.0652212773,0.0637760001,0.0636115130,0.0636115130,0.0607916960,0.0617777132,0.0627940028,0.0593317977,0.0659687743,0.0692433965,0.0629566132,0.0626964010,0.1733403522,0.0746084249,0.0854481472,0.0747543577,0.0742803251,0.0639075360,0.0595519988,0.0648888180,0.0648223806,0.0570524904,0.0664728714,-0.04832672,0.02803542,0.10565976,-0.03086509,-0.05217780,-0.03435998,-0.04660581,0.65562057,0.94317930,0.95914787,1.13372336,1.16069442,-0.01902777,-0.04335999,-0.02682021,-0.02660762,-0.03236811,-0.04799671,-0.03650073,-0.02838411,-0.03573774,-0.05890026,-0.03731493,-0.02905274,-0.02488615,-0.03538828,-0.05265952,-0.03898677,-0.02730117,-0.02995375,-0.04435292,-0.02665575,-0.03408878,-0.04391589,-0.03395604,-0.02674971,-0.04568877,-0.03564337,-0.03427278,0.17178018,0.94243933,0.85551991,1.08945520,1.16922130,0.00822463,0.10385292,-0.03757964,-0.04409324,-0.02699727,-0.03816877,50,0.0305487881,0.1034239684,0.0728751803,13.0273365362,0.1129378336,0.0650294416,-0.0351672070,1.3884222667,2.35074601,2.38476099,0.03401498,6.14185209,1.04262602,-0.04866759,0.02419147,1.07416865
152,0x19fc22000,0x1c977a000,4,4,1,185.48,-0.0043373447,0.0021917207,0.0820963993,0.0823266095,0.0766948379,0.0853373428,0.0788554558,0.1914151761,0.0874285932,0.0820963993,0.1951497962,0.0864519586,0.1092297386,0.0916748373,0.0909176081,0.0850316669,0.0871858716,0.1648008283,0.0842570283,0.0864176684,0.0840217218,0.0802575051,0.0767569890,0.0833428981,0.0842570283,0.0764770542,0.0843241801,0.0820634480,0.0829106919,0.0855071009,0.0824252838,0.0854392348,0.0821950736,0.0847947013,0.0843578477,0.0854392348,0.0832099325,0.0864176684,0.0831767138,0.0778695365,0.0829106919,0.0767881495,0.0801287409,0.0799357703,0.0843578477,0.0823594710,0.0822936582,0.0821292608,0.0767881495,0.0799357703,0.04531007,0.04698725,0.00665823,-0.00597502,-0.01075302,0.01025152,-0.00960762,0.23397609,-0.00647487,0.74737665,1.08869703,0.99164317,0.97653347,0.95546572,0.96979374,1.00383240,0.98324310,0.99276389,0.06522323,0.02751173,0.01941805,0.00759044,-0.00023002,0.14881490,0.01501189,0.01957446,0.00331585,0.01905436,0.00925174,0.02537956,0.01651131,0.02891936,0.00095651,0.02878436,0.01125962,0.01207236,0.00281413,0.02337682,0.00210457,0.00917474,0.00619270,0.00649155,0.01596867,0.02542510,0.01586742,-0.00886826,0.01494042,0.01533680,-0.00636708,0.05847600,50,0.0309695036,0.1034146808,0.0724451772,12.9717916986,0.1213461497,0.0621691858,-0.0586880840,1.2900255589,2.38193419,2.39120082,0.00926664,1.68836735,0.93229396,-0.02809988,-0.01100135,1.07331820
153,0x407e1000,0x7f6bb000,9,9,1,185.45,-0.0002782208,0.0029795321,0.0785246582,0.0740435624,0.0722061868,0.0722061868,0.0733518681,0.0678806387,0.0754173967,0.0750227891,0.0753516736,0.0685008305,0.0797415232,0.0743038635,0.0731910446,0.0675463338,0.0778819127,0.0772769961,0.0754173967,0.0708730912,0.0735127795,0.0755160710,0.0801533814,0.0776131220,0.0775123026,0.0709674753,0.0699501122,0.0731910446,0.0761991849,0.0775123026,0.0752858608,0.0764319881,0.0752201378,0.0753516736,0.0745315714,0.0763654600,0.0722697667,0.0753516736,0.0764319881,0.0746291731,0.0712820605,0.0754503480,0.0780831573,0.0775458785,0.0751213737,0.0700122634,0.0696391018,0.0729014569,0.0767644475,0.0753516736,0.01954279,0.03724039,-0.02452602,-0.04032530,-0.02919732,-0.04322292,-0.05370993,-0.04058437,-0.03537098,-0.03563237,-0.03117485,-0.02762396,-0.02693192,-0.04375455,-0.05210512,-0.03927581,-0.03232846,-0.03454436,-0.04349754,-0.04192871,-0.02931775,-0.03203696,-0.02503921,-0.02371154,-0.03324474,-0.02813213,-0.04928083,-0.04530779,-0.04292434,-0.04490042,-0.03804095,-0.05058070,-0.04767901,-0.04662620,-0.03697163,-0.03267352,-0.04400557,-0.01421597,-0.04085696,-0.03009628,-0.02153325,-0.02508890,-0.04366064,-0.01182188,-0.03069588,-0.02679913,-0.04347484,-0.03275930,-0.05206367,-0.01912903,50,0.0209647709,0.0990134082,0.0780486373,13.9749905623,0.0487833663,0.0762919514,-0.0616044353,1.0209455169,2.22356997,2.24209427,0.01852431,3.33526825,0.57651628,-0.02589197,-0.01939786,1.03313588
154,0x2f3143000,0x274157000,14,8,0,127.07,-0.0083536722,-0.0018892983,0.0896760292,0.0939494340,0.0920547193,0.0946315741,0.0824370264,0.0928345081,0.0835180664,0.0875204067,0.0895009233,0.0924637510,0.0952181606,0.0869026860,0.0950650743,0.0901136284,0.0921291164,0.0909747962,0.0923893539,0.0914166856,0.0888871346,0.0878064518,0.0878064518,0.0874846877,0.0909380056,0.0907538515,0.0877349161,0.0907538515,0.0920919686,0.0878064518,0.0874489686,0.1634534699,0.0921662642,0.0848071694,0.0914902668,0.0886704800,0.0887427311,0.0907538515,0.0943663319,0.0865842361,0.0879494255,0.0881282159,0.0913798950,0.0844257633,0.0929095181,0.0878421708,0.0867611420,0.0884141634,0.0867611420,0.0898948288,0.02331766,0.04773692,-0.00728997,0.00556805,-0.00774130,0.01057421,-0.01221902,0.00606769,-0.01631605,-0.00183117,-0.00745520,-0.00403691,0.00069071,-0.00278717,-0.00249726,0.01241626,-0.00359958,0.02679653,0.00015730,0.01789470,-0.01555456,0.01023530,-0.00269684,0.00163481,-0.01001343,0.00248471,-0.02087693,0.01346279,-0.00882909,0.00029773,-0.00301060,0.08601224,-0.00179562,0.00496502,-0.01458757,0.00501719,-0.00963932,-0.01203765,0.01487892,-0.00230597,0.15116777,-0.00473952,-0.00101229,-0.00832095,0.00217863,-0.00672493,-0.00688646,-0.00602205,0.02147585,0.00821923,50,0.0286032462,0.1116930144,0.0830897682,10.7747233321,0.0515863517,0.0668184252,-0.0581016304,1.3568671940,2.31956427,2.32021888,0.00065461,0.10348610,0.46726408,-0.05413015,-0.04624884,1.05302984
155,0x15b92c000,0x14e834000,2,2,1,185.48,-0.0338351357,-0.0294523825,0.0450346413,0.0406136365,0.0451010788,0.1117482038,0.0431638597,0.1024835442,0.0491521265,0.0470275646,0.0430995752,0.0506166955,0.1540466365,0.0662179645,0.0451676069,0.1496573491,0.0385774057,0.0384840941,0.1100818255,0.0386084813,0.0463512431,0.0396905827,0.0424814601,0.0429043716,0.0439532543,0.1352301903,0.0493948481,0.0406454264,0.0396591500,0.0384530186,0.0417260981,0.0416939510,0.0384840941,0.0578987238,0.0439861158,0.0572272620,0.0400080705,0.0394389489,0.0461831802,0.0460823608,0.0387951045,0.0385151697,0.0384840941,0.0416295689,0.0416939510,0.0420156858,0.0382352349,0.0406454264,0.0471294565,0.0435914185,-0.52507993,-0.51316571,-0.44402821,-0.53629465,-0.55988804,-0.08630534,-0.47707651,0.10990299,0.51571500,0.45860249,0.38821822,0.45292388,0.50957019,-0.13202839,-0.54906223,0.48372098,0.42263485,-0.54070158,-0.49125442,0.42011082,-0.53599991,-0.54213975,-0.54124873,-0.53522829,-0.54913009,0.30221372,0.39753897,-0.54940868,-0.55216952,-0.55038809,-0.55160202,-0.56174504,-0.56812125,0.12572660,-0.56215747,0.39079987,-0.55249497,-0.55217762,-0.55971758,-0.51139960,-0.56952564,-0.57091206,-0.56502572,-0.55683820,-0.56526774,-0.55876380,-0.56287855,-0.54851948,-0.56093461,-0.56689129,50,0.0310754190,0.0997981110,0.0687226921,12.2649126864,0.0651192925,0.0408216060,-0.0657733837,1.5327970029,2.29930405,2.29139420,-0.00790985,-1.37940893,0.56061578,-0.01148157,0.02385784,1.01632349
156,0x3d7f61000,0x28d785000,12,14,0,127.09,-0.0327560767,0.0988703972,0.0580503380,0.0517447652,0.0546213998,0.0538735076,0.0546213998,0.0523899716,0.0543239130,0.0555504942,0.0550303300,0.0534685093,0.0527546045,0.0560384692,0.0528275708,0.0567799279,0.0538367170,0.0514558596,0.0544354579,0.0530828039,0.0536894540,0.0555504942,0.0558508417,0.0556256067,0.1248325470,0.0614507068,0.0590927571,0.0612934357,0.0667398246,0.0604851891,0.0558133367,0.0567799279,0.1074496384,0.1489251513,0.0620966778,0.1721648412,0.0659843401,0.0545842520,0.0793986125,0.1412895505,0.0736552689,0.0680698962,0.1686456088,0.1253157984,0.0735308346,0.0654138193,0.0513114561,0.0549187851,0.0511309764,0.0743095228,0.89346750,0.52146902,-0.21017252,-0.37601521,-0.38116974,-0.37636433,-0.37974405,-0.38884595,-0.38559051,-0.38569290,-0.39494480,-0.38026175,-0.38047777,-0.38127494,-0.37543098,-0.37715798,-0.31736173,-0.40440344,-0.37189214,-0.39396974,-0.37586739,-0.38363309,-0.37145656,-0.37232086,-0.25279788,0.57127419,0.57301429,0.55550041,0.58307901,0.63911296,0.20959858,0.30174634,-0.20249846,-0.29527030,0.46470207,-0.18321495,0.57818916,0.32011797,0.62246145,0.44730320,0.39070828,0.55937647,0.18918028,0.77564625,0.60267658,0.63314790,-0.36978898,-0.37474251,-0.38338269,0.57709387,50,0.0259431330,0.1155229183,0.0895797853,11.6550803046,0.0871165717,0.0797674937,-0.0716927099,1.3216917489,2.31078799,2.31787454,0.00708655,0.96191438,0.73337866,-0.06424151,-0.02220221,1.07441674
157,0x8b1b7000,0x9e457000,15,15,1,185.42,-0.0036290850,-0.0046425434,0.0721105069,0.0773441173,0.0678175629,0.0754544130,0.0737177689,0.1119712451,0.0792222659,0.2067730291,0.0862754050,0.0829208068,0.0731915358,0.0656547778,0.0720454982,0.0769780154,0.0752864417,0.0696302891,0.0680352617,0.0688359986,0.0664286454,0.0728955128,0.0753872612,0.0699484491,0.0746715522,0.0655636113,0.0718827990,0.0728297898,0.0701075726,0.0711260073,0.0701393625,0.0719804008,0.0678175629,0.0742061272,0.0721105069,0.0733888844,0.0699803259,0.0720129051,0.0732902101,0.0764686482,0.0753535935,0.1064836499,0.0870948441,0.0720780026,0.0751183788,0.0668283199,0.0752864417,0.0702030293,0.0719804008,0.0702348192,0.02301418,0.02946645,-0.01679594,0.75122968,-0.03329194,-0.03448741,-0.02828174,0.95881959,0.95807144,1.04956877,1.15020184,1.12888737,0.03440078,-0.02382865,-0.02338431,0.00630723,-0.02604594,-0.00077938,-0.05215093,-0.01659767,-0.04188560,-0.02700095,-0.03132218,-0.00434213,-0.03628289,-0.02376692,-0.03506096,-0.01038828,-0.03924371,-0.00961839,-0.02866457,-0.01960398,-0.02705471,-0.04093092,-0.03753205,-0.02540071,-0.02547412,-0.03078223,-0.02387861,-0.02030803,-0.01003896,0.96304961,0.96674384,1.06930004,1.15077629,-0.03256364,-0.01681728,-0.02917214,-0.00329231,-0.03866391,50,0.0310748445,0.1040300547,0.0729552103,13.0720702146,0.1457912855,0.0723768130,-0.0590999990,1.5773913632,2.45032162,2.43820552,-0.01211610,-2.17374449,1.07272151,-0.06014407,0.08620896,1.07590861
158,0x28e85a000,0x285d14000,7,7,1,185.43,-0.0168515284,-0.0104532825,0.0589992932,0.0576290338,0.0618519736,0.0535798465,0.0708498359,0.0587097055,0.0608710488,0.0642488890,0.0577880704,0.0586775583,0.0592566459,0.0618519736,0.0554677015,0.0518652995,0.0626963580,0.0589992932,0.0577880704,0.0565798059,0.0566741901,0.0542025406,0.0556231642,0.0587097055,0.0580426505,0.0555299375,0.0572472070,0.0606078874,0.0610025847,0.0553433143,0.0586775583,0.0630659681,0.0630659681,0.0579154038,0.0614301435,0.0557164758,0.0530632087,0.0542025406,0.0603433947,0.0532455417,0.0606078874,0.0587418526,0.0616856986,0.0544792578,0.0608710488,0.0574063305,0.0566427573,0.0586131762,0.0557476363,0.0628644210,0.05166600,0.04830949,-0.00183884,-0.00363953,-0.01688835,-0.02330613,0.68610352,-0.02048720,0.01948905,0.00236076,0.02458465,-0.02058760,0.00061786,-0.01181693,-0.01410124,-0.01804642,-0.00694074,-0.01337452,-0.03219858,-0.01232688,-0.02460226,-0.00920506,-0.02290928,-0.03542423,-0.02040789,-0.01727094,-0.01827518,-0.01434892,-0.01595204,-0.01389176,-0.00178180,-0.00325214,-0.01563487,-0.02378534,-0.02541395,-0.03136534,-0.03085814,-0.01261411,-0.00959308,-0.01501447,-0.01720736,-0.00583724,-0.03202660,-0.00479918,-0.02311998,-0.01106058,-0.03066093,-0.00134075,-0.01863940,-0.00704999,50,0.0267087177,0.0988134061,0.0721046884,12.8913846860,0.0602027549,0.0556509315,-0.0740681461,1.3549485273,2.22523010,2.28273105,0.05750095,10.35467735,0.57124869,-0.06567570,-0.07038774,1.04706984
159,0x3a38cc000,0x3f52fa000,5,5,1,185.46,-0.0016416485,0.0049549903,0.0751639498,0.0719527400,0.0745058324,0.0761120131,0.0783391703,0.0770235493,0.0696655049,0.0749995525,0.0773596752,0.0773596752,0.0797626797,0.0716344931,0.0720481098,0.0765110006,0.0791791828,0.0748679268,0.0767769318,0.0723026900,0.0708398454,0.0757795538,0.0739528149,0.0781013606,0.0772588558,0.0697588165,0.0764112538,0.0742130271,0.0729375978,0.0759125194,0.0762449787,0.0738227087,0.0710915651,0.0730662742,0.0762117600,0.0721754433,0.0721754433,0.0694478061,0.0765110006,0.0774268270,0.0752626242,0.0761785413,0.0804650682,0.0828726960,0.0813347943,0.0817202281,0.0750982268,0.0838121809,0.0752626242,0.0766439662,0.05328915,0.04636728,-0.01307498,-0.02734326,0.00044260,-0.02387868,0.00277775,-0.01872437,-0.01178710,-0.03645260,-0.00064528,-0.02982818,-0.00675002,-0.03775800,-0.01733422,-0.01484687,-0.01200211,-0.01313148,0.00019228,-0.02032133,-0.01982250,-0.02229692,-0.00338550,-0.02499835,-0.02264042,-0.03251172,-0.02329357,-0.02155845,-0.03330993,-0.02124122,0.85028979,-0.03263772,-0.03621516,-0.03245842,-0.02402176,-0.01633048,-0.01887870,-0.03508552,-0.00482110,-0.01059292,-0.02245641,0.21196983,0.94067056,0.96062025,0.93017394,0.95335210,0.95252968,0.90408086,0.00258554,-0.01268767,50,0.0276971278,0.0997089558,0.0720118279,12.8830502158,0.0635563016,0.0569908823,-0.0524808200,1.2511984417,2.26993685,2.26456517,-0.00537169,-0.97076557,0.58191126,-0.07171055,0.00045720,1.03552287
160,0x39e14b000,0x3d6879000,12,12,1,185.44,-0.0055800771,-0.0131447789,0.0581795525,0.0667251791,0.0635507638,0.0636150580,0.0659086516,0.0622158692,0.0634863817,0.0600920477,0.0579060530,0.0638402636,0.0596598987,0.0606208417,0.0627886093,0.0676031394,0.0621840792,0.0591987035,0.0635507638,0.0582403578,0.0656784415,0.0583314413,0.0665256853,0.0592602242,0.0680399930,0.0646310783,0.0636150580,0.0600920477,0.0579364142,0.0644032816,0.0636150580,0.0627886093,0.0672571322,0.0586961073,0.0671241666,0.0636472930,0.0627886093,0.0678720218,0.0684768466,0.0669578916,0.0657113928,0.0592909425,0.0654482313,0.0603098314,0.0676367153,0.0658100671,0.0584530520,0.0603409069,0.0595369413,0.0658100671,0.04782234,0.03586871,0.12458371,-0.02266826,-0.01788993,-0.03407073,-0.01543942,-0.01408904,-0.02393716,-0.03894067,-0.04008089,-0.01887595,-0.03760989,-0.03445711,-0.01959624,-0.01018941,-0.02335848,-0.03231647,-0.02544234,-0.03325194,-0.02528226,-0.03631504,-0.03307179,-0.02864811,-0.01476460,-0.03858599,-0.02502663,-0.03137767,-0.01813616,-0.02893220,-0.03442242,-0.02382726,-0.03086157,-0.03166253,-0.02592180,-0.03162128,-0.02763952,-0.03103804,-0.02991574,-0.03894135,-0.03733880,-0.01096275,-0.04376908,-0.02666790,-0.03579000,-0.00345281,-0.02504574,-0.01048428,-0.03327164,-0.01505783,50,0.0269434384,0.0983581951,0.0714147567,12.7423941699,0.0491305825,0.0435313151,-0.0690458386,1.5287372578,2.29481997,2.28478719,-0.01003278,-1.75516813,0.68957201,-0.16185883,-0.06549580,1.04303049
161,0x204704000,0x16085c000,1,2,0,129.79,-0.0024543932,0.0051131613,0.0902602489,0.0914486441,0.0939442079,0.0928248810,0.1211361192,0.1056400066,0.1009984001,0.1017591574,0.1048062990,0.0918904330,0.0960319054,0.0991186992,0.0960701248,0.0927504839,0.0906614147,0.0919641148,0.0949505516,0.0988041569,0.0919641148,0.0970360008,0.0904790485,0.0970745773,0.0983894990,0.0914486441,0.0939817129,0.0981556837,0.0946853094,0.0992760777,0.0926761884,0.1038868641,0.0939817129,0.2334516315,0.1200069009,0.0949884138,0.0993153686,0.0969974242,0.0956492941,0.0935313453,0.2149067582,0.1617561221,0.1046418791,0.1055570252,0.0972676708,0.0991973884,0.0937940853,0.0938691978,0.0937189729,0.0929735737,0.01564286,0.03788728,0.01884302,-0.00445415,0.00250493,-0.00919505,1.00845071,0.98805878,1.16578486,1.17673282,1.17047197,0.02028601,0.01860595,0.00517310,0.01715380,-0.01362134,0.01568254,0.01287535,0.00092839,0.00771235,0.00283743,0.01384230,0.00292225,-0.01169305,0.01484451,0.00792227,0.00432092,-0.00630699,-0.00912015,-0.00645925,-0.01573830,0.01827471,-0.00990599,0.68634889,0.61641407,0.01860685,0.78893500,0.02888176,0.00609016,-0.00681092,0.50290711,1.03005592,1.18752039,1.13539753,0.06649843,0.01230990,0.02499613,-0.00962196,0.01089504,-0.00408352,50,0.0275135249,0.1159533934,0.0884398684,11.6047300548,0.0514600556,0.0728875137,-0.0600280156,1.5153261109,2.31204470,2.27911617,-0.03292853,-4.30565966,0.66812275,-0.04125825,0.00508100,1.07279341
162,0x31efa2000,0x31f774000,3,3,1,185.39,-0.0170037613,-0.0094040109,0.0640573749,0.0587469689,0.0680761746,0.0641539041,0.0610962924,0.0611274529,0.0586558024,0.0652352912,0.0608475180,0.0661193296,0.0631360970,0.0651050963,0.0662837269,0.0587165248,0.0586558024,0.0589900243,0.0616764700,0.0563467774,0.0652677955,0.0585342747,0.0586558024,0.0643791097,0.0646364625,0.1614142681,0.1573418086,0.0717929195,0.0733304529,0.0757602671,0.0997516988,0.0649424858,0.0662508654,0.0654629991,0.0598897927,0.0683113894,0.0608785936,0.0640251399,0.0684457847,0.0619281897,0.0683449652,0.0665139371,0.0642181984,0.0638320815,0.0651376894,0.0641539041,0.0619911411,0.0629451836,0.0679299276,0.0640573749,0.04420366,0.03699110,-0.00732358,-0.01587361,0.01539691,-0.00440977,-0.01097566,-0.00745879,-0.02262481,0.00960380,-0.01872781,-0.02176987,-0.01388616,-0.01403915,-0.01983589,-0.00628319,-0.01375619,-0.01289200,0.02205669,-0.02632259,0.00558495,-0.01684097,0.00358519,0.10147798,-0.00069932,0.10032212,0.79452162,0.97794937,1.17661316,1.16836192,0.98578030,0.00173134,0.02915118,-0.00220756,0.00004203,0.00260964,-0.00641301,-0.01388199,0.00194463,-0.00205800,-0.01403928,-0.01933748,-0.02237933,-0.01534373,-0.00510613,-0.00932531,-0.00215203,-0.01115929,0.00510022,-0.01439733,50,0.0329617600,0.1031676764,0.0702059164,12.5581792371,0.1303813266,0.0455485734,-0.0560371825,1.8974288282,2.37851483,2.43219924,0.05368441,9.63437720,1.06670700,-0.10675643,-0.10862255,1.12393301
163,0xa5ac000,0x2a64b5000,0,14,0,129.87,-0.0032697242,-0.0010912103,0.0957373795,0.1009080356,0.0951115011,0.0995900071,0.0951115011,0.0951490061,0.0995900071,0.0943653865,0.0940307519,0.0994341657,0.0909331735,0.0931341670,0.0949238735,0.0997458485,0.0944396821,0.0985464046,0.0993561918,0.0961163117,0.0971962348,0.0964195196,0.0933551117,0.0951490061,0.0973493212,0.0948111536,0.0922340635,0.0950363886,0.0948111536,0.0976935043,0.0920516973,0.0971580155,0.0949613786,0.0952241186,0.0925819057,0.0921246637,0.0939192070,0.0961163117,0.0962679674,0.0936961172,0.0974639793,0.0959268973,0.0968902711,0.0929501134,0.0976170656,0.0951115011,0.1015160380,0.0929869040,0.0952991286,0.0983534165,0.03583031,0.04067437,0.01590406,0.01295538,0.01518252,-0.00449543,0.01013341,0.01079283,0.00069107,0.01041181,0.03719361,0.00066465,0.00766424,0.00099136,0.01450911,0.00033904,0.00901907,0.00713533,0.01839289,0.01034463,0.01797414,0.00496505,0.00517228,0.01148616,0.00300186,0.83817582,0.00559347,0.00380276,0.00758312,-0.00385945,-0.01124402,0.02941685,-0.00051542,0.02379713,0.02062467,0.00154869,0.01029986,0.01946395,0.02016913,0.02899043,0.00449575,0.01578966,0.01281471,0.00539066,0.00584205,0.01266710,0.00935477,0.00334653,0.00849397,0.01284016,50,0.0304929587,0.1178612880,0.0873683293,11.4957163581,0.0732814545,0.0783454693,-0.0738853969,1.4416363916,2.44725347,2.37468197,-0.07257150,-9.56385115,0.82857160,-0.12736605,-0.12622690,1.08933027
164,0x1e3bc8000,0x8dde2000,4,6,0,127.06,-0.0019007364,0.0078156559,0.0900110237,0.0910184825,0.0910552731,0.0919872189,0.0869094811,0.0900110237,0.0907238560,0.0919872189,0.0858621228,0.0870511217,0.0932541658,0.0866972134,0.0930665382,0.0858270225,0.0968060813,0.0866617549,0.0867679371,0.0866263931,0.0923590013,0.0900839901,0.0924705462,0.0909448007,0.0845712430,0.0944488514,0.0916812161,0.0896828243,0.0918384247,0.0963041646,0.0849526491,0.0888939297,0.0922474564,0.0940320570,0.0923590013,0.0869803014,0.0832159680,0.0944109892,0.0921359115,0.0956839015,0.0934418957,0.0964971527,0.0927661908,0.0868387574,0.0921359115,0.0886050241,0.0956074627,0.0898287571,0.0921359115,0.0868387574,0.03363423,0.05029676,-0.00469393,-0.00327805,0.01156517,0.01861342,-0.00582778,-0.00273016,-0.00343356,-0.00646388,0.00321605,-0.00616876,0.00828747,-0.00911016,-0.00255929,-0.01877766,-0.00753045,-0.00376590,-0.00502986,-0.00961415,0.03511363,0.00090086,-0.00409887,0.00504386,0.00504697,0.01025108,-0.00992228,-0.00281828,0.00458734,0.01162049,0.00101366,0.00248121,-0.01293201,0.01083747,-0.00658263,0.00860672,-0.00511562,0.01257782,-0.00265301,0.00132851,0.00484455,0.00545054,-0.00069408,-0.00321682,0.00703959,-0.00438874,0.00695093,-0.00484184,-0.01405486,-0.00672937,50,0.0290690000,0.1121451334,0.0830761334,10.7655939639,0.0396177991,0.0630191664,-0.0755138391,1.4744763507,2.25281480,2.25539055,0.00257575,0.37279971,0.46768731,-0.04528217,0.01865623,1.02470976
165,0x275ba4000,0x7f3aa000,1,0,0,129.91,0.0070731620,0.0005805534,0.0834469200,0.0893496720,0.1035876078,0.0978505957,0.0931822148,0.1051647809,0.0958444458,0.1020103799,0.0910266586,0.0920287123,0.1002550934,0.0911768835,0.0910266586,0.0967303091,0.0901347120,0.0915522410,0.0911393785,0.0932587579,0.0889446737,0.0890551460,0.0889078830,0.0902834046,0.1965854577,0.0926728867,0.0925970589,0.0932970817,0.0954938292,0.0932970817,0.0957665783,0.0901347120,0.0908782768,0.0931822148,0.0921802645,0.0904693466,0.0934882830,0.0952252497,0.0941828398,0.0928244389,0.0932587579,0.0944916629,0.0893496720,0.0904693466,0.0965730380,0.0900975642,0.0967696001,0.0947233330,0.0906551870,0.0901347120,0.01050675,0.14161710,-0.05293000,-0.06806378,0.92876121,0.89197072,0.89720673,1.09810599,0.92397063,0.62503644,0.82751610,-0.03236943,0.91776063,-0.03108705,-0.03568145,-0.04131327,-0.04993441,-0.05063230,-0.04418478,-0.05631972,-0.06628518,-0.06239463,-0.04409418,-0.06875913,0.99878261,-0.05501360,-0.04500522,-0.05410948,-0.04361006,-0.04710091,-0.04086664,-0.05591816,-0.04780350,-0.05309578,-0.06052399,-0.05508530,-0.06671717,-0.05618951,-0.06114604,-0.01896844,-0.07025854,-0.03366436,-0.07229870,-0.05456292,-0.05837938,-0.05290435,-0.05398558,-0.05263512,-0.04598418,-0.06070302,50,0.0279458882,0.1160982336,0.0881523454,11.5571623727,0.0533121489,0.0635352183,-0.0825603321,1.5677952120,2.34231647,2.31094030,-0.03137617,-4.12855587,0.61319230,-0.05442955,-0.01849269,1.04669058
166,0x1e37a8000,0x275402000,4,1,0,129.72,-0.0013704163,-0.0045434243,0.0905010396,0.0929300610,0.0903884221,0.0905010396,0.0901256821,0.0876236020,0.0935112850,0.0949016781,0.0936656965,0.0934727084,0.0930066042,0.0873683690,0.0904635346,0.0928535178,0.0904259272,0.0905385446,0.0919227481,0.0963368651,0.0907262746,0.0912784703,0.0924327915,0.0908763971,0.0907262746,0.0908763971,0.0879714443,0.0883028614,0.0938973666,0.0950184794,0.0982258610,0.0936656965,0.0908388921,0.0905385446,0.0934340265,0.0902006922,0.0947457303,0.0886710690,0.0901631871,0.0939746251,0.0859978289,0.0881923890,0.0883396520,0.0906886672,0.0985061170,0.0927770791,0.0918847825,0.0916195403,0.0893458934,0.0880450255,0.02796752,0.01227271,-0.01078164,0.01890620,0.00797491,0.02352540,-0.00040203,0.03363933,0.01298719,0.00441659,0.00866066,0.00360912,0.00213488,-0.00155062,0.00579535,-0.00237822,-0.00983018,-0.00005716,0.00821857,0.00523685,0.00997754,-0.01984244,-0.00095382,-0.01720347,-0.00910650,-0.01433778,0.00330762,-0.01239387,0.01569915,0.01803273,-0.00208946,-0.00606533,0.00723203,0.00639912,0.00372945,-0.01396152,-0.00106778,0.00858267,-0.00195270,0.00606301,-0.00349079,-0.00380712,-0.00850508,-0.00710138,0.00516086,0.00050548,-0.00419707,0.00815578,0.00778586,-0.01048910,50,0.0274976996,0.1159328727,0.0884351731,11.6325140148,0.0416423493,0.0778641078,-0.0716284246,1.3022065483,2.31304384,2.26792349,-0.04512034,-5.87257406,0.60185519,-0.03553912,-0.03436164,1.04458782
167,0x20a4d8000,0x85e2b000,1,15,0,129.84,-0.0014123222,-0.0002959120,0.0958870966,0.0913753757,0.0938779764,0.0875277490,0.0992103143,0.0936867752,0.0960040043,0.0890694841,0.0925682745,0.0895481642,0.0913753757,0.0916381157,0.0934572501,0.0893641106,0.0906305895,0.0939545196,0.0965748608,0.0890694841,0.0961988858,0.0958870966,0.0944199085,0.0915630033,0.0955363736,0.0912627582,0.0879187950,0.0917131258,0.0902960564,0.0901845115,0.0926439989,0.0896218459,0.0907793837,0.0927198267,0.0892168476,0.0933424876,0.0948446721,0.0969680923,0.0895850553,0.0928335167,0.0901472622,0.0970074906,0.0852537771,0.0938015377,0.0906305895,0.0940310628,0.0934955739,0.0926439989,0.0915254982,0.0893641106,0.04754413,0.05131119,0.01603128,-0.00220752,0.00369076,0.00951896,0.02205970,-0.00705027,0.00949079,0.00911895,0.00269873,-0.00122837,0.00019365,-0.00112162,-0.00094660,-0.00193517,-0.01255179,0.00602504,-0.01377566,-0.00587191,-0.00059292,-0.00702487,0.00714930,0.00143211,-0.00709225,-0.00160640,0.00378783,-0.01356898,-0.01298289,0.00739885,0.01560795,0.00111512,0.00045227,0.00793355,0.01142709,-0.01171347,0.00949760,0.00251247,0.00388091,-0.00410998,-0.00796485,0.00666811,-0.01937514,-0.00726001,0.00031178,-0.01006637,-0.00001932,0.05792696,-0.00481290,0.01891788,50,0.0306155719,0.1162684186,0.0856528467,11.2392857258,0.0493138074,0.0749645282,-0.0692309166,1.5535119601,2.33423315,2.31598815,-0.01824500,-2.39826128,0.62808346,0.00342642,-0.01248695,1.03815685
168,0x9a17000,0x8223000,9,9,1,185.48,-0.0012998031,-0.0046365644,0.0731811250,0.0743547622,0.0734885606,0.0741992146,0.0786802993,0.0753417651,0.0774380009,0.0785826975,0.1453981077,0.0763584018,0.0799918965,0.0743547622,0.0729044079,0.1365567628,0.0902473574,0.1110353192,0.0989906928,0.0863200179,0.0808097639,0.0723135047,0.0740125914,0.0818236410,0.0797945479,0.0720703664,0.0807433265,0.0796630120,0.0744169133,0.0767402285,0.0799589452,0.0786802993,0.0745724610,0.0745724610,0.0762629451,0.0807433265,0.0787778123,0.0741681390,0.0733348008,0.0821596752,0.0785176001,0.0789080072,0.0757821672,0.0786477062,0.0798274094,0.0752788137,0.0718273110,0.0797287351,0.0804773046,0.0861448990,0.02767070,0.04176207,-0.03393072,-0.02427904,-0.02752435,-0.02988126,-0.03160540,-0.03940657,-0.02809539,-0.02705831,0.07448785,-0.03312150,0.00111089,-0.00708039,-0.00728922,0.86993039,0.96609966,0.89353731,1.07151629,1.13279014,0.00308281,-0.02248948,-0.04470804,-0.02144300,-0.03075248,-0.04019570,-0.01830127,-0.02320463,-0.02282719,-0.03442374,-0.03378865,-0.04209504,-0.04202105,-0.02988832,-0.02829049,-0.03140299,-0.01633805,-0.02488843,-0.00800376,-0.03146022,0.00795473,-0.03172225,-0.02233121,-0.03071271,-0.01918922,-0.04382303,-0.02878935,-0.03943653,0.77738143,0.98066413,50,0.0303003891,0.1016761159,0.0713757268,12.8076834853,0.1188691779,0.0590731079,-0.0594921997,1.4729261812,2.37691831,2.39014485,0.01322654,2.40012831,1.03552087,-0.10014842,-0.05630721,1.05325205
169,0x11fad5000,0x1601fb000,11,11,1,185.37,0.0019061979,-0.0055984549,0.0732616159,0.0742797793,0.0805935923,0.0798475250,0.0808288070,0.0807952311,0.0810976894,0.0819438617,0.0816721189,0.0782391904,0.0774881186,0.0828536210,0.0805600164,0.0806944117,0.0775857204,0.0782391904,0.0805935923,0.0796813407,0.0752328361,0.0732927764,0.0783707263,0.0742797793,0.0815362938,0.0820456609,0.0755509093,0.0806944117,0.0819098359,0.0810976894,0.0761508095,0.0795815938,0.0781062336,0.0755509093,0.0807616552,0.0786997006,0.0744684617,0.0731372288,0.0764403972,0.0796148125,0.0810976894,0.0768908084,0.0755191193,0.0786010262,0.0767621321,0.0788969594,0.0810304459,0.0755509093,0.0817740108,0.0778460214,0.04577856,0.02365416,0.00177729,0.00751520,-0.00256026,-0.00011657,0.01074035,0.01160740,-0.00500216,0.00967629,-0.00090124,0.00218090,-0.02267254,0.01462978,-0.00387247,0.00224694,-0.00539515,0.87423179,-0.00216514,0.01139020,0.00714577,-0.00338640,-0.00657037,-0.00829670,-0.01170127,0.00653840,-0.00117049,-0.00036306,-0.00717826,-0.00737543,-0.00853155,-0.00651879,0.00071849,0.00193992,-0.00048882,0.00078064,0.01132713,-0.00183585,0.00219940,0.00038664,0.01652388,-0.01172829,0.00929166,-0.00345686,0.00357041,0.00219415,-0.00916389,-0.00662133,0.00906592,0.01161239,50,0.0270077190,0.1024722793,0.0754645602,13.4988100890,0.0945940381,0.0671329053,-0.0758419689,1.3820413729,2.39341927,2.35531752,-0.03810175,-6.83139180,0.83530021,-0.00305785,0.01984701,1.04742209
170,0x27547b000,0x61ba3000,8,9,0,129.78,-0.0032704410,0.0033587314,0.0939636165,0.0930334578,0.0947760490,0.1003654057,0.0917656940,0.0974773202,0.0928082228,0.0983634343,0.0950055740,0.0929959528,0.0960854972,0.0897517362,0.0969317156,0.0889230910,0.0936604087,0.0972435049,0.0970487297,0.0920259315,0.0916542506,0.0993253772,0.0929583453,0.0931084678,0.0960854972,0.0940393409,0.0929583453,0.0982454541,0.0975162540,0.0971655310,0.1006856670,0.0955028435,0.0927707178,0.0970876634,0.0932586928,0.0919516359,0.0942667209,0.0993253772,0.0915426042,0.0939636165,0.0954264048,0.0939256509,0.0952350991,0.0928082228,0.0954646241,0.0907594526,0.0970876634,0.0906857708,0.0973993463,0.0960083441,0.03083719,0.04238250,0.01309190,0.00495091,-0.01074076,0.00837965,0.00427859,0.00431632,0.00314916,0.00424967,0.00494041,-0.00071900,0.01042177,-0.00581832,0.02034865,-0.01694880,-0.00061145,0.00889972,0.00752813,0.00593319,-0.00493643,0.01040897,-0.00582214,-0.00238155,-0.00248201,-0.00894936,0.00502666,0.00368686,0.01996418,0.00373310,0.03523826,0.01367601,0.00838165,0.01206557,0.01321534,0.01232799,0.01094290,-0.00366179,0.00683807,-0.00582821,0.01291967,0.00908871,-0.01295102,0.01096658,-0.00374477,-0.00346747,-0.01872130,0.00568816,0.00277053,0.00950030,50,0.0243121170,0.1165693416,0.0922572246,12.1425612730,0.0443734158,0.0873533593,-0.0576522492,1.2798265666,2.27842573,2.31617744,0.03775171,4.99972613,0.47769255,-0.00797475,-0.01705202,1.04625173
171,0x2f2ed0000,0x2d21be000,7,7,1,185.51,-0.0015877669,0.0177012983,0.0759031161,0.0816533289,0.0720194190,0.2059354861,0.0709369603,0.0817615576,0.0823699725,0.0748932527,0.0882562871,0.0943067424,0.0817977324,0.0851576943,0.0739827891,0.0727029808,0.0780938278,0.0640471815,0.0675637787,0.0651249927,0.0641991533,0.0825159053,0.0686766733,0.0685493398,0.0702406187,0.0702406187,0.0699832659,0.0945491381,0.0750631036,0.0741171844,0.0707743499,0.0888367957,0.0841106289,0.0685812166,0.0697580603,0.0645638193,0.0737139067,0.0721510446,0.0662028150,0.0663894382,0.0654325121,0.0652787524,0.0709044560,0.0695006198,0.0641991533,0.0726032339,0.0642599586,0.0730022215,0.0700154131,0.0697258254,0.52628858,0.55218202,0.49986636,0.47000681,0.44730811,0.36171717,0.47142710,0.48450364,0.46472596,0.40294150,0.49381792,0.51025083,0.49164951,0.86357318,0.43891445,0.46821325,0.43041821,-0.52123158,-0.50793078,-0.51520932,-0.47041271,0.44439565,-0.49670703,-0.51169372,-0.49529225,-0.52072027,-0.49699821,0.46050615,0.45831969,0.43626758,0.46207115,0.48106856,0.45261062,0.49891441,-0.51389269,-0.50949144,-0.50334773,-0.50131599,-0.50298761,-0.52088727,-0.52835000,-0.52468723,-0.52274120,-0.50549174,-0.52941678,-0.49492911,-0.52308897,-0.51029273,-0.53304284,-0.52505537,50,0.0249603644,0.0984028721,0.0734425076,13.1413283478,0.0537305440,0.0623757153,-0.0589096531,1.1546508087,2.26850199,2.25491237,-0.01358962,-2.41090453,0.68557825,-0.05668902,0.01435503,1.04238132
172,0x28fbdc000,0x2a6154000,7,7,1,185.40,-0.0143996009,-0.0154820595,0.0667508622,0.0554740984,0.0655679413,0.0646198780,0.0577208154,0.0601946737,0.0571657091,0.0568889919,0.0556259872,0.0630769990,0.0643539468,0.0602582536,0.0613082079,0.0550279344,0.0571349068,0.0568274712,0.0611151494,0.0644204750,0.0571349068,0.0641876718,0.0613082079,0.0571964274,0.0566429931,0.0566429931,0.0601946737,0.0656687607,0.0539436879,0.0560818197,0.0572886665,0.0568582735,0.0578763631,0.0600355503,0.0635045579,0.0656016089,0.0569505126,0.0612760608,0.0577208154,0.0557779590,0.0680046134,0.0644536937,0.0612438258,0.0600673402,0.0632414862,0.0653999701,0.0571657091,0.0581562979,0.0561121809,0.0581873735,0.00966803,0.01809547,0.08825491,-0.03437532,-0.00851753,-0.04126711,-0.01056950,-0.03258984,0.00053863,-0.03896684,-0.02488253,-0.02770915,-0.02325543,-0.03945729,-0.01740249,-0.03617114,-0.03332385,-0.03504042,-0.02184901,-0.03570588,-0.03159048,-0.03041984,-0.03233677,-0.04900175,-0.05236449,-0.05121636,-0.04538817,-0.03669708,-0.03644438,-0.05115583,-0.04634824,-0.04088562,-0.03906573,-0.03773230,-0.03812132,-0.02893251,-0.04912324,-0.03830680,-0.04396973,-0.04611244,-0.03828100,-0.03389423,-0.03664556,-0.03410694,-0.03692525,-0.03730233,-0.04012596,-0.03591194,-0.03163645,-0.03434820,50,0.0292132880,0.0974771125,0.0682638245,12.1903462517,0.0517170692,0.0470654014,-0.0558763053,1.4512218586,2.28149703,2.26480435,-0.01669268,-2.95858980,0.55750273,-0.05966755,-0.00258669,1.04880765
173,0x293863000,0x9e712000,14,6,0,129.92,0.0075260955,-0.0161950543,0.0864537736,0.0846748928,0.0862199582,0.0907764382,0.0877309741,0.0864927073,0.0842541665,0.0792172379,0.0852186128,0.0788160722,0.0804554876,0.0799329307,0.0822812315,0.0808645193,0.0886546986,0.0818307615,0.0799697213,0.0843306053,0.0853344478,0.0849869427,0.0857591060,0.0823187365,0.0849869427,0.1047350462,0.1324878785,0.0841394040,0.0796015136,0.1100411887,0.0916125359,0.0958422082,0.0928555598,0.0979550120,0.0885754024,0.0800434030,0.0850255192,0.0874557228,0.0786702389,0.0812734495,0.0849869427,0.0810503598,0.0854116009,0.0853730244,0.0857205295,0.0862979321,0.0801537749,0.0833632996,0.0851027777,0.0844453678,-0.23317507,-0.51336932,-1.40875407,-1.43058737,-1.41705954,-1.41351785,-1.42355977,-1.42651685,-1.42440144,-1.41990854,-1.43088428,-1.42594420,-1.42884101,-1.42661867,-1.40466558,-1.40649424,-1.40519071,-1.42707427,-1.42621181,-1.42730175,-1.40770410,-1.41576157,-1.42266716,-1.44059468,-1.41546912,-0.53140862,-1.23234793,-1.41689630,-1.41617644,-0.63821853,-0.42006226,-0.52749232,-0.28381276,-0.14872478,-1.40322138,-1.39654816,-1.41234643,-1.37730839,-1.41076570,-1.39559322,-1.41272371,-1.39936890,-1.43417864,-1.41445251,-1.42323836,-1.41500701,-1.42343046,-1.41734939,-0.55699551,-1.43582075,50,0.0284089555,0.1179733148,0.0895643593,11.7727757722,0.0672118369,0.0815862573,-0.0767418259,1.1762327281,2.35486765,2.35925961,0.00439196,0.45648551,0.83548264,-0.08513171,0.08859548,0.99002970
174,0x1e2646000,0x191d0a000,4,4,1,185.47,-0.0016968800,0.0001205632,0.0782864040,0.0747155044,0.0781219168,0.0780233323,0.0748427510,0.0791047193,0.0701193181,0.1041009458,0.0746837144,0.1265877343,0.0790714098,0.0790381911,0.0928217030,0.0917059593,0.0926444043,0.0866744286,0.0887642363,0.0811995345,0.0747472943,0.0733202586,0.0745882578,0.0804213211,0.0788054787,0.0776943580,0.0776943580,0.0781219168,0.0726164081,0.0770069539,0.0780890553,0.0790049724,0.0779246579,0.0717502065,0.0739179962,0.0747472943,0.0748109611,0.0778259836,0.0771696531,0.0730828813,0.0756996468,0.0746837144,0.0723053128,0.0735404596,0.0782535424,0.0803876535,0.0796365816,0.1016507238,0.0873946701,0.0887278029,0.01263022,0.03622531,-0.00760584,-0.00278739,-0.00471021,-0.01652701,-0.01822913,-0.01924995,-0.04055671,0.88097277,-0.02607507,0.30102189,-0.02798429,-0.00807354,0.72483803,0.94599001,0.86699216,1.16016242,1.13617468,-0.00438889,0.05224281,-0.02069691,-0.02376482,-0.00559605,-0.01880771,-0.00756307,0.00146743,-0.03999466,-0.00875070,0.31957218,-0.00126671,-0.01766644,0.00588171,-0.02249929,-0.01277019,-0.02323930,-0.01496543,-0.02138798,-0.01019634,-0.03720332,-0.00591792,-0.02750355,-0.00736549,-0.01855391,-0.02370994,-0.01914458,-0.01699723,0.91482958,0.67652612,1.09008854,50,0.0431223717,0.1034712898,0.0603489181,10.8132208427,0.1288313941,0.0578091021,-0.0445122679,1.8180655043,2.52082397,2.41410332,-0.10672065,-19.15870659,1.10502806,-0.00773840,-0.07904112,1.11667861
175,0x275776000,0x213adc000,1,1,1,185.50,-0.0158606095,-0.0113920720,0.0633276643,0.0633608830,0.0627624017,0.0596898794,0.1178853400,0.0586739470,0.0580340457,0.0640755195,0.0627624017,0.0630616424,0.0566066407,0.0641763389,0.0586102802,0.0619806135,0.0640082759,0.0565754802,0.0586739470,0.0587694037,0.0586102802,0.0587694037,0.0653595252,0.0642434907,0.0639747000,0.0544134114,0.0587694037,0.0592466003,0.0619148905,0.0555866793,0.0630616424,0.0583557870,0.0586739470,0.0598185557,0.0554637219,0.0627957112,0.0566998674,0.0618490777,0.0617504033,0.0587694037,0.0544438555,0.0595289680,0.0633276643,0.0656312680,0.0579082288,0.0585467003,0.0630949518,0.0638402130,0.0608670803,0.0597542615,0.05652380,0.04991756,0.00227877,-0.01247183,-0.00626778,-0.00618153,0.05138183,-0.00190353,-0.02127395,0.00169336,-0.01337699,-0.01032330,-0.01654666,-0.01483962,-0.01013436,-0.00992999,-0.01088652,-0.00502545,-0.01121897,-0.00652170,-0.01658308,-0.00830798,0.00543124,-0.00052623,-0.01071959,-0.01580244,0.02348087,-0.00823444,-0.01813746,-0.03448206,-0.00384919,-0.00001128,-0.01529767,-0.01037808,-0.01358760,-0.01427178,-0.01452899,0.90225724,-0.00402726,-0.00252314,-0.02379147,-0.01288225,0.00266647,-0.01073503,-0.01145493,-0.01783711,-0.00894388,-0.02196377,-0.00964526,-0.00467040,50,0.0272882249,0.0999884570,0.0727002321,13.0123971285,0.0757118735,0.0641181942,-0.0493743763,1.4727375273,2.37465430,2.29266118,-0.08199312,-14.67435486,0.88406269,-0.06322410,0.04448735,1.01720324
176,0x355553000,0x344c33000,10,10,1,185.35,-0.0010914862,0.0031650588,0.0766790131,0.0776949455,0.0744250836,0.0755987097,0.0779522982,0.0778558568,0.0745183952,0.0755357583,0.0756615752,0.0820133420,0.0790347568,0.0800186309,0.0810667085,0.0800186309,0.0820469179,0.0802488411,0.0756615752,0.0744561591,0.0759132949,0.0764244330,0.0742695359,0.0799856796,0.0756301424,0.0805119128,0.0781132096,0.0744561591,0.0745494707,0.0755987097,0.0821814050,0.0824166197,0.0777914747,0.0789372439,0.0756301424,0.0733765489,0.0802488411,0.0777593276,0.0725096440,0.0778236219,0.0796567951,0.0802488411,0.0798870053,0.0764562229,0.0721449780,0.0766153463,0.0789046507,0.0780810624,0.0746427823,0.0811996741,0.05293263,0.03719902,-0.03290733,-0.01971172,-0.00536490,-0.02115115,-0.00594650,-0.02065383,-0.02042466,-0.01769439,-0.02399440,-0.02009169,-0.01274926,-0.01237196,-0.01130702,-0.01636121,-0.03124528,-0.02905858,-0.01071625,-0.02302521,-0.02386872,-0.02135227,-0.02929162,0.00266488,-0.03195955,-0.02775300,-0.01093265,0.00056092,-0.02132228,-0.01255278,-0.01183498,-0.01312995,-0.01031127,-0.01586889,-0.00094430,-0.02261868,-0.02208218,-0.03056479,-0.00396312,-0.02640896,0.00326836,-0.00650830,-0.01746415,-0.02257997,-0.01925745,-0.03266920,-0.02486017,-0.01783720,-0.02491834,-0.01794975,50,0.0248483675,0.0975936961,0.0727453287,12.9996628040,0.0493403251,0.0674541675,-0.0700682336,1.0897423955,2.29551337,2.26194788,-0.03356549,-6.03511332,0.54964814,-0.05016057,-0.01522558,1.02285503
177,0x1c8416000,0x2a6096000,4,7,0,130.31,0.0040960480,0.0029764006,0.0980082935,0.0967367065,0.0956582131,0.0977379414,0.0957340409,0.0945046071,0.0937613532,0.0966601633,0.0998936081,0.0948049546,0.0945797196,0.0958097653,0.0979696115,0.0947298421,0.0947674496,0.0955823852,0.0982785401,0.0968896884,0.0980082935,0.0979310350,0.0948049546,0.0968896884,0.0973105191,0.0991276192,0.0925698852,0.0959992831,0.0938357503,0.0949925821,0.0928276205,0.0901211655,0.0956961787,0.0935011157,0.0939844430,0.0971574328,0.0926435670,0.0958097653,0.0951051996,0.0949925821,0.0972339760,0.0955066609,0.0955066609,0.0980468700,0.0935011157,0.0928276205,0.0961508353,0.0944295971,0.0938728981,0.0962645253,0.05865946,0.05250466,0.01499921,-0.00236730,0.01184464,0.00611564,-0.00592896,0.00466393,0.02120918,0.00390167,0.02029718,0.00039143,-0.00739951,0.01877240,0.01757336,0.01606166,-0.00381500,-0.01928853,0.00421982,0.00154439,0.01862001,0.00626701,-0.00983662,-0.00631619,0.01192534,0.01512260,-0.00584935,-0.00133987,-0.02338969,0.00807781,0.00241722,-0.00380725,-0.00060210,-0.00178389,-0.01291688,-0.00312812,-0.00307385,0.00692940,-0.01387749,-0.00684102,0.00467537,-0.00262409,-0.00172542,0.01819477,-0.00953414,-0.00493307,0.00354495,-0.00646200,-0.00016701,-0.00222308,50,0.0233024264,0.1157850703,0.0924826440,12.1540776509,0.0456281842,0.0797556751,-0.0823538314,1.4259846962,2.25008444,2.27284541,0.02276097,3.01144557,0.52112967,-0.05257445,-0.02314816,1.05167515
178,0x28d974000,0x11bc17000,7,11,0,129.94,0.0015804310,-0.0005087003,0.0921767201,0.0912468088,0.0966856860,0.0937099736,0.0976086961,0.0965687783,0.0913212059,0.0968415274,0.0943337070,0.0967635535,0.0949457390,0.0914327508,0.0925145726,0.0946779946,0.0910609684,0.0989255448,0.0965687783,0.0899091504,0.0980412185,0.1024947338,0.0913583537,0.0946014514,0.0921767201,0.0924770676,0.0935962836,0.0930400526,0.0930400526,0.0947544333,0.0959141171,0.0902773581,0.1002068965,0.0925145726,0.0976086961,0.0954122004,0.0958368587,0.0882958786,0.0957597056,0.0956052940,0.0946779946,0.0944484695,0.0924770676,0.0967246197,0.0931415236,0.0946014514,0.1009260865,0.0900565139,0.0957211290,0.0953349419,0.05714526,0.03060158,-0.00365962,-0.00964398,0.02185325,-0.01391931,-0.00968436,-0.01319725,-0.01501045,0.00403312,-0.01712673,0.00148930,-0.01190924,-0.00768191,-0.01139611,-0.01295896,-0.02754347,-0.00751870,-0.00540146,-0.00139703,0.00823110,0.01214963,-0.01732576,0.11059228,0.00245936,-0.01607324,-0.00737127,-0.00892663,-0.02283894,-0.00306841,-0.00824538,-0.00643377,-0.00228790,-0.01861321,-0.00480784,-0.00575427,-0.00245204,-0.01068757,-0.01183012,0.00461630,-0.02032317,-0.02366105,-0.02329984,-0.00402849,-0.02380032,0.00359485,-0.00945470,-0.01753552,-0.00500714,0.00197440,50,0.0255105863,0.1168287598,0.0913181735,11.9850333511,0.0491733657,0.0729307287,-0.0903504186,1.2832569572,2.30738074,2.33500135,0.02762061,3.69764039,0.66224302,-0.07537215,-0.03669387,1.02051866
179,0x14e673000,0x2ecef4000,11,7,0,129.81,0.0005250520,0.0005861872,0.0923821233,0.0923821233,0.0937631175,0.1191222537,0.0969750345,0.0966275294,0.0965117998,0.0930875150,0.0997881132,0.1073849443,0.1053916619,0.1019466414,0.1012678139,0.0965889529,0.0921590336,0.0910068584,0.0966275294,0.0915592202,0.0975127880,0.0912278031,0.0965503763,0.0945813732,0.0954711676,0.0922334307,0.0946572010,0.0942024410,0.0958153507,0.0974348141,0.0944298210,0.0946950632,0.0925308160,0.0956241495,0.0936129950,0.0936505000,0.0913014849,0.0936129950,0.0942403031,0.0948845810,0.0963958593,0.0968206230,0.1151209551,0.0967047879,0.1277504222,0.1071739717,0.1028220292,0.2123366474,0.0946572010,0.0921590336,0.03034461,0.04247646,-0.00079556,0.01925055,0.00795937,0.83415754,0.01935314,0.02563087,-0.00060823,-0.00198322,0.71245942,1.00390639,1.14455643,1.15888453,0.02612669,0.00819770,0.00216261,-0.00833042,0.00970361,-0.00060911,0.00639201,-0.00374573,0.01208424,0.01532399,-0.01465076,0.00454377,-0.01168080,-0.00313518,0.00817846,-0.00134647,-0.00377911,-0.00183678,0.01997609,0.01216706,0.00359754,-0.00909257,-0.00176590,-0.00631484,0.00050591,0.01791767,0.01395736,0.00260172,0.93501261,0.97121153,0.94136554,0.92581347,0.94675572,1.06251426,0.00985360,0.00754856,50,0.0315282629,0.1196144883,0.0880862254,11.6004263414,0.1055895742,0.0788019424,-0.0782952963,1.2966226809,2.39288374,2.39862667,0.00574293,0.75698872,1.08590798,0.01767099,0.11277269,1.07294847
180,0x15c70e000,0x14ed98000,2,2,1,185.49,-0.0183016852,0.0724789277,0.0848643162,0.0528160242,0.0418162489,0.0376866206,0.0430574747,0.0448523349,0.0487678582,0.0454840349,0.0932416824,0.0513203432,0.1016018249,0.1462995457,0.0463655700,0.0416875725,0.0486648936,0.0754235383,0.0451183568,0.0734339470,0.0777154185,0.0703140770,0.0397535909,0.0412150057,0.0507247858,0.0419771602,0.0686972029,0.0518768965,0.0854684754,0.0765908456,0.0580693155,0.0487335679,0.0465672088,0.0603807149,0.1460861801,0.0702312088,0.0506196762,0.0420736894,0.1251613654,0.0474465989,0.0557634239,0.0508999047,0.2411470007,0.0431550765,0.0492965565,0.0472088818,0.0482187452,0.0498167418,0.0473787327,0.1080922016,0.56996273,0.39719912,0.13003233,0.51113804,0.42205428,-0.46582798,0.50132825,0.49740964,0.67552563,0.57528842,0.52769063,0.50082598,0.45384182,-0.31687462,0.46059832,0.16514388,0.41110301,0.54887356,0.38521644,-0.01510596,0.19509721,0.50109013,0.48256901,0.60331753,0.55612713,0.21834827,0.52845404,0.31957901,0.58718615,0.44368918,0.54720811,0.25940831,0.53542210,0.26042982,0.57126443,0.43694245,0.51084491,0.33323296,0.93610516,0.52933753,0.50292809,0.65493998,0.54994419,0.55089813,0.53025151,0.50023326,0.50756932,0.47183407,0.50235071,0.58720458,50,0.0311737904,0.1012099280,0.0700361375,12.5351201886,0.1129182571,0.0543914943,-0.0670799277,1.4982163273,2.42619253,2.39522029,-0.03097224,-5.53067721,0.95033099,-0.15696383,-0.10717366,1.05239891
181,0x1e2837000,0x1e27ab000,13,13,1,185.38,-0.0278415072,-0.0311006938,0.0489755846,0.0497030018,0.0499282074,0.0466261984,0.0542817004,0.0542144569,0.0507479516,0.0475481048,0.0488801279,0.0449538142,0.0511383587,0.0464706507,0.0474537206,0.0522854688,0.0468128216,0.0541808810,0.0520223971,0.0469060483,0.0507479516,0.0464706507,0.0511383587,0.0489119179,0.0477368731,0.0570600339,0.0512033673,0.0475481048,0.0467195100,0.0503143244,0.0524499559,0.0513334734,0.0501534130,0.0513660666,0.0524499559,0.0518907714,0.0529685827,0.0475481048,0.0467816611,0.0522197457,0.0518907714,0.0532346046,0.0496064726,0.0454239040,0.0546177346,0.0484028445,0.0511708630,0.0511057656,0.0499604424,0.0477998245,-0.52724325,-0.52725326,-0.58463843,-0.58244896,-0.59485397,-0.58584591,-0.57975017,-0.58558973,-0.56979605,-0.58762657,-0.57952098,-0.58227380,-0.55849323,-0.59831260,-0.58559378,-0.59757504,-0.58586089,-0.58324254,-0.59831096,-0.58353950,-0.58724093,-0.59698610,-0.58750085,-0.58919294,-0.58737627,-0.57135340,-0.58430468,-0.58936273,-0.58303929,-0.58083856,-0.57804057,-0.58223685,-0.57786999,-0.58210891,-0.57619650,-0.58010409,-0.57454420,-0.57323280,-0.58010200,-0.58653009,-0.58397961,-0.57934908,-0.59541357,-0.60265951,-0.59188835,-0.60426501,-0.58119310,-0.59326488,-0.59813987,-0.58486112,50,0.0265606166,0.0983277537,0.0717671370,12.8373937494,0.0580695128,0.0637243179,-0.0684322537,1.4671276166,2.28742173,2.24714151,-0.04028022,-7.19621286,0.61598651,-0.03729993,-0.00735598,1.00263826
182,0x8fb8000,0x3e5ee000,0,0,1,185.47,0.0102243748,-0.0048978801,0.0741012204,0.0678524675,0.0716789504,0.0696770987,0.0758292840,0.0739039615,0.0729862574,0.0683468524,0.0739039615,0.0717754796,0.0673605538,0.0686889384,0.0759301952,0.0709811780,0.0686889384,0.0753167353,0.0706630180,0.0749842760,0.0750840229,0.0732790628,0.0751504603,0.0685957117,0.0685645512,0.0751504603,0.0714858919,0.0688134105,0.0693624276,0.0739368230,0.0761654099,0.0762325617,0.0664329265,0.0682535408,0.0746518167,0.0761654099,0.0749842760,0.0739696845,0.0728561513,0.0739039615,0.0663417600,0.0751504603,0.0704084379,0.0752834259,0.0688134105,0.0774845140,0.0739039615,0.0705675613,0.0726284434,0.0773146631,0.05847151,0.03667948,-0.02209716,-0.02801049,-0.03556782,-0.02496372,-0.01971918,-0.01870316,-0.01493714,-0.02486136,-0.03026961,-0.02171303,-0.02508771,-0.04516059,-0.01996874,-0.02180248,-0.02524907,-0.00391624,-0.02752817,-0.01377541,-0.01984031,-0.02387067,-0.01661295,-0.01671851,-0.01612306,-0.03175100,-0.01211076,-0.01814559,-0.02409477,-0.01444078,-0.00445798,-0.02215999,-0.02421184,-0.01749210,-0.01113332,-0.01292832,-0.00833074,-0.03032282,-0.01058125,-0.01767349,-0.01990370,-0.02745933,-0.01726703,-0.01635056,-0.03173322,-0.03157989,-0.01595738,-0.01427337,-0.02896131,-0.02027799,50,0.0325042428,0.0998228319,0.0673185891,11.9874857241,0.0637500300,0.0539492684,-0.0585108465,1.6129019304,2.36316005,2.29760711,-0.06555294,-11.65379404,0.77182454,-0.05405450,-0.03411678,1.07627865
183,0x9f437000,0x92887000,15,15,1,185.39,-0.0043936456,0.0021032570,0.0826513546,0.0743287917,0.0742665557,0.0798859008,0.0755960866,0.0822145010,0.0779182424,0.0810659621,0.0745154149,0.0746708777,0.0742665557,0.0802476468,0.0790007010,0.0826853433,0.0811656183,0.0755331352,0.0774678312,0.0833305355,0.0748264253,0.0810326527,0.0747953497,0.0822145010,0.0797872264,0.0798859008,0.0764221671,0.0768357838,0.0714234907,0.0799845751,0.0788055863,0.0746087265,0.0786428870,0.0744843394,0.0744843394,0.0821473492,0.0749197369,0.0742665557,0.0800502981,0.0789356924,0.0799187623,0.0822480769,0.0815978245,0.0820128621,0.0749197369,0.0799845751,0.0777895660,0.0744531789,0.0798529495,0.0823488963,0.02932672,0.03432013,-0.02878918,-0.03086842,-0.02194588,-0.01482584,-0.01040699,-0.01382740,-0.02235846,0.02031067,-0.03314720,-0.02137640,-0.02641709,-0.03213104,-0.03570320,-0.01969961,-0.02073607,-0.03129833,-0.02030115,-0.01982702,-0.01430542,-0.02144335,-0.02449553,-0.01279506,-0.02399803,-0.01712378,0.02672432,-0.03083348,0.00085391,-0.01795763,-0.00429401,-0.02788208,-0.00904195,-0.01726255,-0.00942590,-0.01125319,-0.00871121,-0.03180556,0.00727477,-0.02286057,-0.02169978,-0.01532373,-0.00486817,-0.02955224,-0.01058370,-0.02098134,-0.01525946,-0.02520151,-0.02770033,-0.03442410,50,0.0258544072,0.0994717960,0.0736173888,13.1728151131,0.0633883232,0.0582058768,-0.0524679892,1.3381966494,2.32669014,2.29946365,-0.02722649,-4.84949080,0.73504926,-0.02055698,-0.00326296,1.04152962
184,0x3ee14000,0x285df4000,0,7,0,130.30,-0.0064049278,0.0021650073,0.0950030213,0.0953473088,0.0949648019,0.0905004927,0.0963142573,0.0893862370,0.0931441344,0.0938477309,0.1254732307,0.1118808597,0.1081283940,0.0960054341,0.0988316233,0.1104633835,0.0948117156,0.0946587337,0.0941886975,0.0921359952,0.0909791728,0.0962756807,0.0937339375,0.0937339375,0.0964686689,0.0938477309,0.0943402497,0.0959281756,0.0894956368,0.0951177838,0.0910528545,0.0971622638,0.0931441344,0.0919873025,0.0964686689,0.0946587337,0.0898967031,0.1112843372,0.1092093896,0.1437480651,0.0974350129,0.0952325463,0.0919129054,0.1789215385,0.1116610676,0.1095526437,0.1086517042,0.1012382426,0.1072159965,0.1023972141,0.04941151,-0.02199490,0.02928351,0.01347672,0.01252806,0.01224135,0.87157048,0.02577373,0.01326982,0.02571799,0.76137526,1.03298735,0.95681761,1.12265647,1.24865678,0.04964931,0.03031482,0.02964760,0.01890020,0.02959031,0.02752601,0.02632785,0.01614928,0.04163381,0.02236826,0.01917843,0.01762413,0.02850818,0.01211506,0.02207220,0.03916388,0.01094703,0.03805521,0.00954188,0.03777953,0.01317601,0.02269221,0.64265394,0.81078551,0.13869070,0.03281095,0.03677119,0.12571651,1.63365289,0.67568509,1.19233063,0.99204486,0.99945482,1.00976131,1.01699262,50,0.0261361883,0.1184192533,0.0922830650,12.1414508473,0.0903976969,0.0734432216,-0.0636138892,1.2340832073,2.27017105,2.34973395,0.07956289,10.53793591,0.81153323,-0.06564406,-0.10337791,1.04743044
185,0x3f5eed000,0x2a7e7a000,12,7,0,127.12,-0.0005663383,-0.0006189067,0.0876143627,0.0899924048,0.0891368906,0.0873402022,0.0827579923,0.0881667245,0.0888394038,0.1272586232,0.0890253457,0.0873037688,0.0813641479,0.0866838034,0.1946818229,0.1012710426,0.2158317940,0.0974619599,0.0989841668,0.0839104602,0.0847426903,0.0834503697,0.0889881979,0.0890997428,0.0837689162,0.0919424527,0.0879089892,0.0870849692,0.0870485358,0.0891368906,0.0889138009,0.0877616257,0.0866473700,0.0927232043,0.0934595552,0.0910708983,0.0889881979,0.0916393483,0.0897671698,0.0880562521,0.0901425273,0.0877616257,0.0902551448,0.0866838034,0.0889881979,0.0867933027,0.0944623305,0.0933437202,0.0909572082,0.0914876927,0.02851770,0.03898593,-0.01918880,-0.01186179,0.00265504,-0.00189888,-0.02111632,-0.02585239,-0.01226837,0.05414432,-0.00204039,-0.00993259,-0.01731756,-0.01515627,0.98021268,1.00619759,1.01058290,1.19482949,1.14710054,0.13121847,0.01184072,0.01085816,-0.00500366,-0.00342657,-0.00075875,-0.01357817,-0.02158287,-0.00571548,-0.01031839,-0.00644543,-0.00310947,-0.01840493,-0.00946617,-0.00726684,-0.00753266,-0.01126697,0.00355504,-0.00077468,-0.01078503,-0.01938363,-0.01800994,-0.02079121,0.09865988,-0.01183628,-0.00072457,-0.01361241,-0.01137978,0.00116994,-0.00295622,0.57882638,50,0.0279306721,0.1172237979,0.0892931258,11.6310656174,0.1279196828,0.0785657222,-0.0699839112,1.1529041721,2.41863093,2.45836301,0.03973208,5.14624582,1.06029228,-0.03741389,-0.02683362,1.03679914
186,0x160c19000,0x3a3530000,11,5,0,129.84,0.0021724209,0.0000403876,0.0910045742,0.0924815661,0.0907042268,0.0921252199,0.0900703725,0.0888756869,0.0926728718,0.0948681885,0.0883970069,0.0953747529,0.0929406162,0.0898101349,0.0887284239,0.0914174368,0.0938668431,0.0900703725,0.0922767721,0.1002607662,0.0883602163,0.0947512809,0.0944459129,0.0900703725,0.0937895846,0.0917841499,0.0920115299,0.0875737022,0.0927494149,0.0909294618,0.0883602163,0.0917841499,0.0907418342,0.0888756869,0.0957644097,0.0997882619,0.0947902146,0.0929406162,0.0952967790,0.0887284239,0.0911171917,0.0905917117,0.0909294618,0.0952578453,0.0895870452,0.0875737022,0.0861677026,0.0926345480,0.0951409376,0.0907793393,0.04793556,0.05973712,0.00433784,0.01320317,-0.01570953,0.00655387,-0.00505016,-0.01144926,-0.00663729,0.00227832,-0.02891076,0.00528953,-0.01515737,-0.01138723,-0.02572115,-0.00074249,-0.00692054,0.00068091,-0.01665537,-0.01556569,-0.01514100,-0.02645094,-0.00712709,-0.02495579,-0.01107041,-0.02270944,-0.01141576,-0.01511453,-0.00936799,-0.01868022,-0.01992763,-0.02456747,-0.00696200,-0.02813505,0.01012535,-0.01124085,0.00980126,-0.00066850,-0.02012865,-0.01639214,-0.01271841,-0.02382390,-0.00556478,-0.01160663,-0.01524691,-0.02508524,-0.01908506,-0.01934313,-0.01086417,-0.02189843,50,0.0300432483,0.1168801039,0.0868368556,11.4043990846,0.0624150851,0.0640843455,-0.0696078671,1.4119698888,2.30568564,2.32481490,0.01912926,2.53540695,0.66846154,-0.10089649,-0.06856736,1.04210036
187,0x2f249f000,0x2c8b89000,14,14,1,185.48,-0.0019260352,0.0035352486,0.0843560923,0.0852916451,0.0824417718,0.0855775926,0.0776854390,0.0758579856,0.0694086918,0.0738889863,0.0802797029,0.0760531892,0.0791315223,0.0715693318,0.0716314830,0.0716314830,0.0767405933,0.0781509546,0.0760531892,0.0759881805,0.0736662830,0.0748424114,0.0795011323,0.0759230831,0.0798722277,0.0792323417,0.0769050804,0.0713515482,0.0756302777,0.0738571964,0.0745849708,0.0756627821,0.0695605806,0.0749067935,0.0792994935,0.0715693318,0.0777851858,0.0705812453,0.0770366163,0.0779182422,0.0791650981,0.0715381714,0.0802797029,0.0767077318,0.0803815949,0.0770037548,0.0726810791,0.0759881805,0.0705504430,0.0785166327,-0.09164137,0.73411546,0.65190831,0.65468120,0.65276528,0.66263810,0.23815753,0.58324575,-0.26368373,-0.30320113,-0.29046991,-0.28874265,-0.29266259,-0.32376090,-0.30484906,-0.30846506,-0.29066322,-0.30773788,-0.30350587,-0.30715850,-0.29828489,-0.29814887,-0.29499652,-0.30681011,-0.30212045,-0.28153695,-0.31609483,-0.33118252,-0.28206683,-0.29946593,-0.31168990,-0.30256995,-0.30163441,-0.29552460,-0.28821774,-0.29792656,-0.30657556,-0.29926930,-0.29617283,-0.30840071,-0.29896479,-0.31337958,0.63130511,-0.30603055,-0.28768487,-0.30915061,-0.31598261,-0.29600952,-0.31443158,-0.28470016,50,0.0231432388,0.0987430811,0.0755998423,13.5385171756,0.0692837233,0.0698181580,-0.0648990942,1.1570832252,2.24986082,2.28325631,0.03339549,6.02473289,0.72562906,-0.08764353,-0.09270004,1.06432904
188,0x1d90d6000,0x1d81bc000,4,4,1,185.44,0.0084019361,-0.0012958784,0.0774050843,0.0687350724,0.0732125924,0.0763580792,0.0676554733,0.0709253574,0.0765224766,0.0741974502,0.0700605864,0.0774383937,0.0710498294,0.0734034190,0.0689477666,0.0732443824,0.0696301935,0.0718480640,0.0699376290,0.0761607306,0.0767855483,0.0752126673,0.0684615729,0.0745513322,0.0699376290,0.0701836278,0.0763580792,0.0764238023,0.0728943456,0.0761277793,0.0710498294,0.0720682651,0.0675052894,0.0776045780,0.0696609119,0.0711430561,0.0710498294,0.0753427734,0.0764238023,0.0731489257,0.0741974502,0.0743261266,0.0774716124,0.0752777647,0.0745191851,0.0731489257,0.0764238023,0.0753102691,0.0738757154,0.0687958778,0.03195030,0.03333616,-0.02649991,-0.02270644,-0.00966859,-0.01622673,-0.04937949,-0.01724799,-0.02558470,-0.02302836,-0.01731512,-0.01807043,-0.00522473,-0.03353918,-0.02490817,-0.01107366,-0.03509786,-0.02519061,-0.03071482,-0.01338758,-0.02301217,-0.02306691,-0.01856918,-0.02720250,-0.02872822,-0.02378450,-0.02750480,-0.01670692,-0.02370502,-0.02608664,-0.02059596,-0.01944352,-0.03188427,-0.01363561,-0.02613542,-0.03005787,-0.00980299,-0.01579992,0.01949507,-0.02319578,-0.00967560,-0.03923150,-0.01334041,-0.02867533,-0.00430803,-0.01971651,-0.01234821,-0.00978090,-0.02527029,-0.02613013,50,0.0272152777,0.0986955004,0.0714802227,12.7967518532,0.0652994888,0.0530103320,-0.0635712534,1.5653908208,2.30575667,2.29878866,-0.00696801,-1.21150293,0.72291852,-0.09711325,-0.01488360,1.06167674
189,0x354464000,0x3566f6000,3,3,1,185.30,-0.0217515974,0.0569504613,0.0561310743,0.0504728664,0.0573451586,0.0562612693,0.0584290479,0.0497579333,0.0581963355,0.0517701754,0.0531039107,0.0557407560,0.0538707873,0.0497274892,0.0520501102,0.0506266262,0.0571149484,0.0559359596,0.0526006430,0.0528208441,0.0517080243,0.0546303517,0.0579968417,0.0560335614,0.0535525404,0.0517701754,0.0566544383,0.0546947338,0.0562612693,0.0513969290,0.0508110203,0.0537116638,0.0534252938,0.0593448743,0.0548556451,0.0528208441,0.0527264599,0.0567859741,0.0559359596,0.0519257231,0.0527894113,0.0571149484,0.0525062589,0.0530096124,0.0528837096,0.0494540726,0.0494844338,0.0538071205,0.0593448743,0.0550164686,0.00673742,0.08348595,-0.02172864,-0.05277806,-0.03362219,-0.05318031,-0.02083386,-0.07309560,-0.02297983,-0.03830837,-0.03373863,-0.02595341,-0.04720743,-0.04385815,-0.04698440,-0.04647994,-0.04128842,-0.03603316,-0.03676185,-0.04024437,-0.04841232,-0.03840304,-0.03730322,-0.04314019,-0.04738186,-0.06577755,-0.04596919,-0.04597323,-0.04290730,-0.04273213,-0.04495498,-0.04835468,-0.06162291,-0.01999524,-0.03555778,-0.04282990,-0.05289214,-0.04988434,-0.03689744,0.00879316,-0.03026701,-0.04774292,-0.05125012,-0.05507367,-0.05543324,-0.04096031,-0.05209272,-0.03014129,-0.03571032,-0.02713866,50,0.0291169831,0.0974285962,0.0683116130,12.2253133452,0.0625236906,0.0592502697,-0.0448349928,1.1729248436,2.27275142,2.23985187,-0.03289955,-5.87974891,0.72863432,-0.05856943,0.09298924,0.99799554
190,0x31fba3000,0x15b89c000,10,2,0,129.82,-0.0013782837,-0.0002043073,0.0894650442,0.0982350406,0.0916653676,0.0954857580,0.0979176390,0.0939817715,0.0959143485,0.0916653676,0.0847501181,0.0945629954,0.0894281531,0.0906950907,0.0924439742,0.0970740334,0.0923301807,0.0937522464,0.0950649121,0.0894281531,0.0925575608,0.0956806395,0.1062992322,0.0870856156,0.0928986308,0.0893913624,0.1177193622,0.1059810639,0.1067246373,0.1059810639,0.0905835458,0.0908437833,0.0894650442,0.0900258214,0.0944857369,0.0949876537,0.0905091487,0.0966414036,0.0930501830,0.0903233083,0.0917779851,0.0914026276,0.0915152451,0.0935228258,0.0967594911,0.0890967360,0.0957195733,0.0992375662,0.0948719240,0.0950649121,0.02506573,0.03638083,0.00220848,-0.00418191,-0.00281838,0.01028022,0.00713901,-0.01334074,0.00784820,-0.00645442,-0.00886838,-0.00306447,0.00632115,-0.00924332,-0.01209803,0.00278325,-0.01491853,-0.01277954,0.00107897,0.00000022,-0.01456957,0.03900718,0.85192185,0.59270346,0.00645862,-0.00943532,0.85712630,0.82464120,1.17938665,1.11998149,-0.00477734,0.01308150,-0.01509374,-0.00164488,0.01203754,0.00958118,-0.00496034,-0.00757695,0.01102462,-0.00599531,-0.00523913,-0.01790551,-0.00516040,-0.00701448,0.01017189,-0.00404323,0.00866321,-0.00078025,-0.00267348,0.00529402,50,0.0326035895,0.1213406832,0.0887370937,11.7042107277,0.1214707662,0.0852670469,-0.0658219897,1.2036349550,2.35179017,2.46700138,0.11521121,15.29350559,1.10481816,-0.04368351,0.03014775,1.03771827
191,0x3dbb5f000,0x29aab9000,12,14,0,127.07,-0.0194981995,-0.0173554476,0.0693220662,0.0699634624,0.0689210000,0.0655416335,0.1259774350,0.0680944998,0.0712281544,0.0700370436,0.1267303422,0.0670127445,0.0701843066,0.0649893703,0.0736169221,0.0985677967,0.0621709560,0.0701843066,0.0802339703,0.0709679169,0.0798335890,0.0813178263,0.0782234183,0.0746613818,0.0785944962,0.0756666540,0.0778301869,0.0876509295,0.0701843066,0.0746613818,0.0689938668,0.1562086987,0.1340809314,0.0781579336,0.0692490998,0.0714512442,0.0790309505,0.0720085561,0.0777908959,0.0757052306,0.0732758521,0.0748144681,0.0771381326,0.0710423139,0.0703315695,0.0712281544,0.0688480336,0.0850259214,0.0767874096,0.0808733975,-0.48572574,-0.45391046,-0.38326952,-0.52505842,-0.52765657,-0.52247285,-0.34596034,-0.53687266,-0.49894538,-0.53281002,-0.45982201,0.16901128,-0.32365185,-0.48028707,-0.51160401,-0.50575276,-0.54410882,-0.41931750,0.44745503,-0.39568634,0.22600649,0.50047127,0.45853983,0.43673467,0.45890185,0.07134702,0.43470602,0.42126130,0.35816607,0.38048663,0.37958247,0.22305091,0.29661810,0.46107707,0.43262664,0.45639308,0.45201639,0.45698125,0.45982497,0.42606830,0.45342727,0.44595766,0.39884265,0.34950625,0.36159865,0.41395786,0.37513415,0.37897731,0.41730735,0.36175225,50,0.0362100888,0.1155190992,0.0793090104,10.3034811212,0.1212910595,0.0585343402,-0.0559658526,1.4585129234,2.47478525,2.42414331,-0.05064194,-6.57425503,1.01629756,-0.08173009,-0.05503350,0.98637417
192,0x3c9cef000,0x3c89c3000,12,12,1,185.47,-0.0186537708,-0.0187510047,0.0648700456,0.0569960950,0.0628295136,0.0614210300,0.0623415935,0.0558532712,0.0611636772,0.0632584934,0.0559443548,0.0600196960,0.0579848959,0.0632584934,0.0615175592,0.0643380925,0.0580782075,0.0658209694,0.0584825295,0.0621788943,0.0582337552,0.0567808986,0.0566271388,0.0543214144,0.0610671480,0.0577361216,0.0624066021,0.0657873017,0.0621463899,0.0576738855,0.0623090004,0.0571498547,0.0565964205,0.0654849352,0.0650030112,0.0571498547,0.0634229805,0.0644710581,0.0654512676,0.0559139936,0.0601151527,0.0579227448,0.0656529064,0.0630282832,0.0602423993,0.0579227448,0.0604015227,0.0557621047,0.0565041814,0.0544715164,0.01704325,0.02755638,-0.03041767,-0.04356186,-0.05534973,-0.03346578,-0.05734802,-0.06961268,-0.03775971,-0.04680164,-0.05496951,-0.05216392,-0.05347275,-0.05394410,-0.04906026,-0.04276957,-0.05576493,-0.03566650,-0.05314251,-0.05427050,-0.05847191,-0.05051622,-0.03104119,-0.04902037,-0.05912769,-0.05989331,-0.05529211,-0.05374332,-0.04199056,-0.06186623,-0.04271924,-0.05841222,-0.05594906,-0.05563573,-0.04626776,-0.05987783,-0.05124666,-0.04368710,-0.06230812,-0.07730090,-0.04498866,-0.05712024,-0.05006209,-0.04016380,-0.05162982,-0.05153544,-0.04756730,-0.04762962,-0.05509139,-0.05987683,50,0.0278745432,0.0969222891,0.0690477459,12.3377228888,0.0557690875,0.0459972226,-0.0817814453,1.4709504735,2.28220737,2.24061497,-0.04159240,-7.44377890,0.74902509,-0.07390640,0.02053693,1.04569987
193,0xe9e9000,0x31e30c000,9,3,0,129.84,0.0000056360,0.0000581840,0.0926988425,0.0894632517,0.0954404782,0.0947000984,0.0941248410,0.0892401619,0.0899465789,0.0964063540,0.0931195688,0.0931961120,0.0906169681,0.0888266477,0.0908045956,0.0897978863,0.1004930583,0.0962883738,0.0926988425,0.0916961769,0.0889371200,0.0941248410,0.0972906803,0.0925458606,0.0883110765,0.0873427535,0.0947000984,0.0925076412,0.0929283675,0.0943950877,0.0929283675,0.0907670906,0.0913929690,0.0883847582,0.0926988425,0.0960131226,0.0910673356,0.0883847582,0.0899094311,0.0929283675,0.0883847582,0.0906169681,0.0948949800,0.0915445212,0.0906919781,0.0897607385,0.0925840800,0.0883479676,0.0882374952,0.0898721819,0.05126615,0.06542076,-0.00122334,0.00290673,0.01199349,0.00679285,0.00418619,0.00018946,0.00617496,0.00246748,0.00127490,-0.00110732,-0.00122847,0.00155156,0.01208472,0.01151460,0.01221981,0.02378398,0.00171400,0.00077193,0.00404052,-0.00018090,0.01417659,0.00472686,0.01535790,0.00125635,0.00340579,0.00106140,0.00707192,0.00728244,0.02524413,0.00165464,0.02519847,-0.00215883,0.02221897,-0.00284925,0.02739453,0.00457452,0.02228253,0.01334379,0.01758078,0.00224714,0.01230412,0.00313048,0.00934600,-0.00267665,0.85689482,0.01936896,-0.00551671,0.01046667,50,0.0274426962,0.1161720227,0.0887293265,11.6566495620,0.0400283275,0.0692832615,-0.0668232455,1.6855388229,2.28239326,2.30511447,0.02272120,3.00573082,0.57280308,0.00693973,-0.02407829,1.09399347
194,0x45a60000,0x288ca0000,0,7,0,130.34,0.0024272211,-0.0029589766,0.0939811288,0.0962139435,0.0902532942,0.1791282496,0.1452399946,0.0898886614,0.0934289332,0.1343202563,0.0933163157,0.0977601781,0.0957474821,0.0735027043,0.0949285111,0.1126996787,0.0954415183,0.0974483889,0.0954415183,0.1281279387,0.1047592412,0.0951737739,0.0900710276,0.1071679184,0.0966386017,0.0953649751,0.0945495789,0.0930910807,0.0975652966,0.0967158602,0.0943221989,0.0945117167,0.0933913257,0.0996082352,0.0964841902,0.0993304817,0.0917883144,0.0945117167,0.0941327845,0.0979549533,0.0961366850,0.0921600968,0.1005682530,0.0920485519,0.0978770858,0.0921229490,0.0964070371,0.0933163157,0.0910423105,0.0942843367,0.02871407,0.07647611,0.00233687,-0.00673740,-0.01177069,0.11520217,0.10996294,0.57805763,0.01688229,0.04725539,-0.00103062,0.01095843,-0.02395102,-0.03659417,0.54914897,0.00895548,-0.01181505,-0.01810678,-0.01007166,0.94443439,0.95254469,0.00665002,-0.01659848,0.94380317,-0.00003203,0.00976360,-0.00329517,0.00194851,-0.01305569,0.00345645,-0.01408970,0.01951484,-0.00629975,-0.01017493,-0.00733046,-0.00813348,-0.00131585,0.00260911,0.01257116,-0.01931034,0.00781875,-0.01780835,0.01582278,-0.01671153,0.00985477,-0.00450437,0.00354367,-0.01453973,-0.00798696,0.00585926,50,0.0262764612,0.1154436482,0.0891671870,11.6908754481,0.0339507806,0.0800447303,-0.0769294274,1.2302146083,2.27176819,2.25480143,-0.01696676,-2.23958500,0.53552039,0.02893213,-0.01676285,1.03705324
195,0x9af25000,0x8fa79000,15,15,1,185.46,0.0053958555,0.0011010550,0.0821839349,0.0756284719,0.0845197876,0.0817806572,0.0765507244,0.0810020866,0.0755655205,0.0820831154,0.0797566603,0.0784822148,0.0796250347,0.0809688678,0.0822175107,0.0758801057,0.0810020866,0.0798223833,0.0778876763,0.0810353960,0.0797237988,0.0829943862,0.0755655205,0.0753138008,0.0798553346,0.0821839349,0.0820831154,0.0824863931,0.0780164405,0.0765507244,0.0796250347,0.0808691210,0.0821167831,0.0817470813,0.0799540090,0.0785472234,0.0807028459,0.0744537732,0.0786774184,0.0821839349,0.0762643543,0.0780807348,0.0746092360,0.0757227702,0.0832999694,0.0778555292,0.0821167831,0.0788400288,0.0745470848,0.0831981701,0.03982995,0.04329153,-0.01226543,-0.02434699,-0.03025731,-0.01045907,-0.02851651,-0.00928013,-0.01969368,-0.02123860,-0.01878029,-0.02043375,-0.03180231,-0.01887485,-0.01446778,-0.02411551,-0.02932337,-0.01124440,-0.03289568,-0.01865178,-0.01418295,-0.01335625,-0.03186619,-0.02150972,-0.02026878,-0.01122978,-0.00886394,-0.01487105,-0.02363462,-0.01224632,-0.02218081,-0.01680310,-0.02537022,-0.03189705,-0.00504388,-0.01924853,-0.00838023,-0.00656363,-0.02061433,-0.00266407,-0.01780713,-0.01419405,-0.03866958,-0.03109841,-0.01273213,-0.02620550,-0.02608848,-0.03359987,-0.02074887,-0.01685586,50,0.0252825829,0.0996532383,0.0743706554,13.3058839193,0.0630558536,0.0729055922,-0.0539586613,1.2300785468,2.27020130,2.29370967,0.02350837,4.25012594,0.66820881,-0.05416208,-0.00950151,1.04705221
196,0x7e882000,0xa328000,0,0,1,185.35,0.0007275661,-0.0024408122,0.0758022475,0.0795201237,0.0841101834,0.0934329608,0.0883298945,0.0837326155,0.0797173825,0.0807984114,0.0743434097,0.0789616633,0.0722413469,0.0799805440,0.0772014428,0.0744366364,0.0710691515,0.0821483227,0.0774266484,0.0743434097,0.0797503338,0.0807319740,0.0804991708,0.0795858467,0.0801120799,0.0786363537,0.0788966547,0.0808317209,0.0806654458,0.0742811737,0.0775875598,0.0774910305,0.0786038493,0.0824171133,0.0775875598,0.0719374862,0.1430121894,0.1038260870,0.0883656136,0.0863436701,0.1795917795,0.0826547933,0.0753304126,0.0742811737,0.0772979721,0.0808981583,0.0773945013,0.0772657371,0.0728930554,0.0799805440,0.04145145,0.03430878,0.00449906,0.00135830,0.65073830,1.01428315,1.15411273,1.14130604,0.84831885,0.01888690,-0.00425880,-0.00255208,-0.00885166,-0.00937731,0.00613740,-0.00821249,-0.01032875,0.01081415,0.00196832,-0.00627922,-0.00774130,-0.00167860,-0.01485840,-0.00008623,-0.00452773,-0.00843136,0.02898841,0.00911728,-0.00237241,0.01950895,-0.00682319,0.00403676,-0.00461615,-0.00965309,0.01040439,-0.00837830,0.71881271,0.93283257,1.15287904,1.14691220,0.23484342,0.00211529,0.00839806,-0.01388716,-0.01443709,0.00640712,-0.00360369,-0.00539433,-0.00282691,-0.00319834,50,0.0276136196,0.1040416052,0.0764279856,13.6291041262,0.1358995577,0.0681613832,-0.0591811319,1.3436764468,2.50732801,2.43259248,-0.07473552,-13.34126573,1.12679426,-0.15137026,-0.02955151,1.05210779
197,0x612ed000,0x7745000,9,9,1,185.47,-0.0062806312,-0.0116557511,0.0629052170,0.0629052170,0.0653961592,0.0657826256,0.0675317908,0.0639212372,0.0660818662,0.0595999903,0.0650015517,0.0596310659,0.0595066787,0.0636934405,0.0696660046,0.0656263694,0.0670949372,0.0659821193,0.0636934405,0.0586426221,0.0666802567,0.0646397159,0.0593822066,0.0663810161,0.0671621807,0.0661150849,0.0653304362,0.0640188390,0.0658490630,0.0616969415,0.0662480505,0.0650015517,0.0668932983,0.0647712517,0.0596621414,0.0627443935,0.0650344132,0.0639212372,0.0650015517,0.0564491297,0.0575000726,0.0658823725,0.0661816131,0.0650015517,0.0594444426,0.0574393502,0.0634843924,0.0653632977,0.0627765406,0.0596933019,-0.46684254,-0.46932492,-0.47119690,-0.53831452,-0.53669711,-0.53287630,-0.53947028,-0.53432418,-0.53153130,-0.53909176,-0.52627656,-0.52579730,-0.53954380,-0.53900261,-0.51960320,-0.53624514,-0.51654691,-0.53960707,-0.53997373,-0.54537544,-0.53959987,-0.53791655,-0.53804291,-0.54045230,-0.53342425,-0.53963541,-0.54023353,-0.53610658,-0.54207182,-0.54434584,-0.53586848,-0.53479197,-0.52124513,-0.54291497,-0.53068755,-0.52632364,-0.53143631,-0.52530179,-0.52962110,-0.54125309,-0.54844602,-0.53273626,-0.53146951,-0.53670149,-0.53654989,-0.54317115,-0.53326868,-0.52790668,-0.52530875,-0.53840328,50,0.0266676666,0.1005298623,0.0738621957,13.2184960368,0.0808619871,0.0658755177,-0.0466730373,1.1420368886,2.32838348,2.29896744,-0.02941604,-5.29459650,0.75052746,-0.11207685,0.03702664,1.01002534
198,0x20431c000,0x2065d8000,1,1,1,185.44,0.0035153977,0.0024061313,0.0792624974,0.0761717519,0.0813280259,0.0734873243,0.0796807615,0.0799541917,0.0800192892,0.0791016739,0.0760162042,0.0791982032,0.0782121859,0.0737001014,0.0814595618,0.0811636286,0.0834229319,0.0737912679,0.0758918171,0.0809991414,0.0835573272,0.0795520851,0.0740039621,0.0736392961,0.0756429578,0.0835909031,0.0779259027,0.0758607415,0.0834229319,0.0758918171,0.0791982032,0.0812623029,0.0813280259,0.0768781046,0.0801819884,0.0792624974,0.0802795902,0.0809991414,0.0738216291,0.0848428554,0.0753337663,0.0752108089,0.0759851287,0.0770354402,0.0756429578,0.0820765955,0.0823426174,0.0792946446,0.0748418527,0.0767207691,0.03902465,0.05009081,-0.03331949,-0.01422130,-0.01723851,-0.02436748,-0.00475677,-0.02334633,-0.01590475,-0.00765590,-0.02159175,-0.03163157,-0.00887600,-0.02899113,-0.01455392,-0.02723107,-0.02129870,-0.02921410,-0.02998281,-0.02423459,-0.01209490,-0.02427285,-0.02427458,-0.01991301,-0.01791174,-0.01866665,-0.01544991,-0.03688411,-0.02319660,-0.02610559,-0.00956499,0.01127750,0.00106816,-0.01916200,0.00020597,-0.01400653,-0.00068359,0.00001753,-0.02584786,-0.00606442,-0.00821467,-0.02061212,-0.02151638,-0.01612364,-0.00209086,-0.01552400,-0.01244344,-0.02125492,-0.01762333,-0.03653470,50,0.0261448161,0.0976111272,0.0714663111,12.7892666421,0.0492107779,0.0583285059,-0.0666056625,1.4564392728,2.36315728,2.26716726,-0.09599002,-17.07405074,0.64297517,-0.02165183,-0.00136976,1.10373543
199,0x406e8000,0x1f632000,0,0,1,185.44,-0.0076108269,0.0066713456,0.0626890015,0.0639365728,0.0614449152,0.0608801094,0.0640031010,0.0572820773,0.0607514330,0.0604296982,0.0616076144,0.0615750213,0.0649525033,0.0582690802,0.0638368259,0.0604296982,0.0572198413,0.0550584869,0.0627875860,0.0585836654,0.0637370791,0.0626890015,0.0572198413,0.0570954541,0.0625903272,0.0625245143,0.0568465949,0.0649189274,0.0639697915,0.0604939924,0.0626560502,0.0623600272,0.0650869903,0.0647509561,0.0639697915,0.0626890015,0.0603653161,0.0625903272,0.0629192117,0.0603331689,0.0638036072,0.0603653161,0.0630507475,0.0658652037,0.0558931598,0.0647509561,0.0618353223,0.0634711479,0.0595084202,0.0655934609,0.51767775,0.61010212,-0.15143821,-0.29054930,-0.28636649,-0.28540519,-0.28653361,-0.30034766,-0.28595126,-0.29440537,-0.28443734,-0.29741787,-0.29205195,-0.28055342,-0.29482239,-0.29367967,-0.29339989,-0.28807550,-0.29936889,-0.30386073,-0.29803001,-0.29342546,-0.29732619,-0.30486685,-0.26861013,-0.29391615,-0.28548694,-0.29018565,-0.28264093,-0.28005449,-0.29328265,-0.27753472,-0.29346080,-0.28649028,-0.28348402,-0.30065336,-0.28315379,-0.29070121,-0.29266349,-0.29556755,-0.29058844,-0.29484865,-0.29617040,-0.29534245,-0.29659758,-0.28534997,0.37844957,-0.28832790,-0.28921994,-0.29536058,50,0.0256495695,0.0993094164,0.0736598469,13.1238104986,0.0443094797,0.0607349762,-0.0602703204,1.4384346867,2.34955868,2.29328446,-0.05627422,-10.00603252,0.69987197,-0.00038282,0.04640033,1.01992155
200,0xfa447000,0x11b2ae000,15,2,0,127.09,-0.0051048559,0.0239220418,0.0821982235,0.0825328582,0.0816720919,0.0813774654,0.0760424149,0.0791432552,0.0824213133,0.0811566212,0.0836146800,0.0805881915,0.0799317927,0.0792876587,0.0771948829,0.0865895663,0.0830892000,0.0797495260,0.0789626769,0.0814511472,0.0784204128,0.0824584611,0.0802599921,0.0814511472,0.0822726206,0.0788904259,0.0842794931,0.0803693919,0.0867825544,0.0801505923,0.0846585288,0.0782059034,0.0821238265,0.0849237710,0.0842794931,0.0814143566,0.0788904259,0.0810460484,0.0814143566,0.0846205631,0.0837648025,0.0746485705,0.0848479432,0.0825700060,0.0798223929,0.0808798579,0.0770533388,0.0849616332,0.0822726206,0.0875129379,0.42171969,0.60373793,-0.35170378,-0.45199186,-0.46243842,-0.47599162,-0.48202200,-0.48670721,-0.45867609,-0.47872733,-0.46832586,-0.46461089,-0.47258121,-0.47177360,-0.46252807,-0.45766184,-0.48209523,-0.47202588,-0.45933590,-0.46193035,-0.46486138,-0.46747418,-0.46075355,-0.47957990,-0.48528135,-0.47597192,-0.46458661,-0.45942049,-0.46657106,-0.45965196,-0.46701597,-0.46584561,-0.46649694,-0.46568085,-0.44264726,-0.46741411,-0.48088938,-0.48135861,-0.47029384,-0.45926897,-0.45283289,-0.48411170,-0.44831333,-0.46333736,-0.45372151,-0.46567635,-0.42572118,-0.44444680,-0.46664010,-0.43942774,50,0.0253155366,0.1124291994,0.0871136628,11.2872994600,0.0298371764,0.0762191680,-0.0761643197,1.2576978560,2.27834041,2.26513569,-0.01320472,-1.69926436,0.57472283,-0.08849433,-0.02780724,1.04307368
201,0x20ed6a000,0x3c9985000,1,12,0,127.07,-0.0169165116,-0.0147333591,0.0791155993,0.0752819809,0.0772224239,0.0756902430,0.0649495804,0.0726766252,0.0738667078,0.0763659480,0.0800389708,0.0824326324,0.0803896938,0.0811167489,0.0789997642,0.0760280955,0.0845118643,0.0720303462,0.0763659480,0.0749101985,0.0707319364,0.1290359379,0.0935783102,0.1110012711,0.0824326324,0.0835527809,0.0768813539,0.0749844941,0.0771465961,0.0692608253,0.0785336600,0.0683582287,0.0747986536,0.0674867148,0.0772224239,0.0670705664,0.0749101985,0.0723484258,0.0772981483,0.0767676639,0.0766539739,0.0736457631,0.0781511530,0.0728224585,0.0766539739,0.0768813539,0.0740507614,0.0750588911,0.0749844941,0.0752819809,0.00885802,0.00424432,0.12520183,-0.02686378,-0.01453665,-0.00520687,-0.03160368,0.83048509,-0.03067771,1.00425809,0.93681271,0.97493200,0.92528914,0.95183554,0.96967796,0.91412013,0.94127531,0.85054912,0.93621532,-0.01744678,-0.02375632,0.92620620,0.53285897,0.92909179,1.15834769,1.13697444,-0.01370563,-0.02380602,-0.01149884,-0.01895026,-0.01998578,-0.02689870,-0.02879078,-0.04623016,-0.01496897,-0.01441199,-0.02932497,-0.01497022,-0.02128042,0.01306180,-0.03182722,-0.01326860,-0.01662664,-0.01784017,-0.04444052,-0.01527103,-0.01617127,-0.01768464,-0.03674272,-0.01142119,50,0.0285658382,0.1171127939,0.0885469557,11.5170519102,0.1018593347,0.0858610997,-0.0722854050,1.1903075561,2.38892885,2.41922780,0.03029894,4.03837789,0.94070919,0.07683324,-0.15148833,1.00400128
202,0x2d2719000,0xdb414000,14,6,0,129.82,-0.0022413316,0.0065066375,0.0893726014,0.0898559287,0.0907883425,0.0933328407,0.0930268769,0.0926825893,0.0874358007,0.0931033157,0.0941085879,0.0893726014,0.0895956912,0.1607513864,0.1811218142,0.1062631183,0.0985156642,0.1160874238,0.0926443700,0.0949955282,0.0941857410,0.0920588560,0.0931033157,0.0918314759,0.0905632099,0.0909384650,0.0929121144,0.0892983059,0.0941471645,0.0893354536,0.0918693381,0.0884789774,0.0959968694,0.0920208903,0.0927973519,0.0919830281,0.0932564020,0.0959575785,0.0883685051,0.0948007530,0.0913767159,0.1239113158,0.1421307350,0.0894469985,0.0948396867,0.0919451659,0.1362966463,0.1005175248,0.2551967141,0.1089913943,0.05173211,0.04769404,-0.01141528,-0.01241881,0.01529937,-0.00295147,-0.00749699,-0.02563496,-0.02027692,-0.01202280,-0.00561625,-0.03459685,-0.03417288,0.84954852,1.07274914,1.16027272,1.15755670,1.01729145,-0.01023149,-0.01295669,0.00048532,-0.00302240,-0.00431806,-0.00130967,-0.00397845,-0.00953642,-0.00453381,-0.01721250,0.00049177,-0.02494562,-0.00975120,-0.01895486,-0.00603403,-0.01497889,-0.00682040,-0.02073696,-0.01464602,0.00867797,-0.01138661,-0.00817811,-0.00883631,0.90935034,0.07584644,-0.03132009,-0.00234254,0.00010873,0.95158408,0.99359728,1.09783205,1.05571869,50,0.0320575483,0.1200809246,0.0880233763,11.5860119427,0.1210658186,0.0574876324,-0.0656846369,1.6751101535,2.41591039,2.40436064,-0.01154975,-1.57036219,1.09647251,-0.10309100,-0.07276135,1.07849618
203,0xda917000,0x9ab85000,15,15,1,185.42,-0.0059272411,0.0048680301,0.0697390497,0.0708823257,0.0707267780,0.0762910358,0.0737735775,0.0743206058,0.0685061320,0.0761265486,0.0762581743,0.0765541075,0.0717124361,0.0761594999,0.0782864613,0.0743527529,0.0706957025,0.0760936871,0.0751767872,0.0664366695,0.0740954002,0.0687491873,0.0741918416,0.0749815837,0.0709134013,0.0786897390,0.0710689489,0.0763238973,0.0718382530,0.0661992520,0.0728548897,0.0740631652,0.0767514561,0.0763238973,0.0721528382,0.0688099926,0.0742240765,0.0726957663,0.0739666360,0.0751441941,0.0696776130,0.0697083313,0.0749815837,0.0697083313,0.0697083313,0.0690226868,0.0689011591,0.0741918416,0.0732685064,0.0737735775,0.03746739,0.02645515,-0.00723367,-0.00210419,-0.02385188,-0.00442215,-0.01328562,0.01385898,-0.03531435,0.00284380,-0.02374642,-0.00126301,-0.03106796,-0.01778563,-0.01314673,-0.00602549,-0.01914896,-0.01815525,-0.01963050,-0.00690822,-0.02227832,-0.04252020,-0.01946450,-0.02494233,0.02554165,-0.00384693,-0.02848544,-0.01258966,-0.02438578,-0.03469106,0.00108383,-0.02845555,-0.02443481,-0.02460845,-0.02079457,-0.01931743,-0.00976196,-0.01717810,-0.02938011,-0.02303419,-0.02466191,-0.01700314,-0.01605364,-0.02098062,-0.01262406,-0.03550839,-0.02121545,-0.02672366,-0.03195602,-0.02908459,50,0.0284482474,0.0981255654,0.0696773180,12.4771854987,0.0685535681,0.0569604468,-0.0517875485,1.5471817612,2.35155272,2.31219371,-0.03935901,-7.02986449,0.72818049,-0.14323295,0.01225827,1.06603401
204,0x3c8f9d000,0x3c9e57000,12,12,1,185.47,0.0015658714,-0.0005418524,0.0783994018,0.0780668517,0.0709218476,0.0722531765,0.0804602839,0.0783328736,0.0721287894,0.0764643356,0.0719110906,0.0750908585,0.0740419768,0.0665920131,0.0740738536,0.0702040550,0.0717866185,0.0696875001,0.0784658392,0.0748334180,0.0742011002,0.0696571389,0.0783328736,0.0749943293,0.0694140006,0.0716933918,0.0719110906,0.0790439352,0.0762040345,0.0776797607,0.0699913608,0.0696571389,0.0707374534,0.0772193404,0.0716311558,0.0739783969,0.0750587114,0.0763992381,0.0770548532,0.0740101868,0.0768904559,0.0717866185,0.0765944417,0.0776797607,0.0762040345,0.0738511503,0.0772522019,0.0709218476,0.0762366277,0.0753804462,0.04210733,0.02754748,-0.01469191,-0.01147628,-0.01303967,-0.00854442,0.00066377,-0.00823410,-0.01791584,-0.01164051,-0.01215929,-0.01934498,-0.01650035,-0.01947183,-0.01733179,-0.01684363,-0.02065188,-0.00585097,-0.01804442,-0.00757603,-0.00525019,-0.02053739,-0.01499792,-0.01195087,-0.01987479,-0.02103112,-0.01469467,-0.00031945,-0.01952404,-0.00256156,-0.01298311,-0.00958976,-0.01062851,-0.01936235,-0.01700945,-0.01297580,-0.01559356,-0.01785485,-0.01853594,-0.00915131,-0.01577448,-0.01489276,-0.00702790,-0.02428824,-0.01954338,-0.00504396,-0.00069191,-0.01998576,-0.02067382,-0.01204891,50,0.0276912327,0.0978462134,0.0701549807,12.5330238034,0.0535667681,0.0457478036,-0.0698573964,1.4992894188,2.24919386,2.27775251,0.02855865,5.15213602,0.63811825,0.00685581,-0.07754521,1.01399965
205,0x1914e3000,0x31e536000,13,3,0,129.84,-0.0132075677,-0.0184911747,0.0807246902,0.0838849168,0.0790910383,0.0784905483,0.0782653133,0.0804029887,0.0826890512,0.0807629096,0.0838849168,0.0785655583,0.0751808724,0.0809159959,0.0799482287,0.0766640511,0.0808776721,0.0855192754,0.0786781758,0.0807246902,0.0777089715,0.0818428327,0.0789034108,0.0815340095,0.0838849168,0.0785655583,0.0773371891,0.0797966765,0.0797966765,0.0830788143,0.0810306540,0.0777832671,0.0820745028,0.0809924346,0.0799861943,0.0751808724,0.0778205163,0.0798725043,0.0838849168,0.0821517613,0.0764799975,0.0787156808,0.0830788143,0.0816884211,0.0833904972,0.0850034165,0.0795693999,0.0766272605,0.0825332098,0.0812219597,0.05598495,0.02730001,0.03083595,0.01249550,0.04726406,0.03156677,0.03394715,0.04418409,0.04479178,0.01466437,0.03989423,0.02267348,0.04533889,0.03314028,0.03910494,0.88825218,0.02839010,0.03838720,0.01913512,0.01510544,0.01839365,0.02474698,0.02256682,0.02718514,0.02609525,0.01052944,0.00878269,0.02934036,0.01903923,0.01776578,0.01856044,0.02156704,0.02316263,0.02158160,0.03002018,0.01924416,0.01548917,0.00166727,0.02131480,0.02406428,0.01895916,0.02534991,0.03531196,0.01994540,0.01350573,0.01245396,0.03073292,0.01784247,0.01904623,0.01260296,50,0.0260009698,0.1164330321,0.0904320623,11.8799673249,0.0402620657,0.0730353519,-0.0685776493,1.5605797190,2.30883695,2.29200256,-0.01683438,-2.21017279,0.59310594,-0.06613113,-0.06669978,1.02456011
206,0x12cd1000,0x7e50b000,9,9,1,185.44,-0.0120147103,-0.0173715999,0.0652159513,0.0625652571,0.0625652571,0.0601847953,0.0654804440,0.0679049488,0.0603091825,0.0626606270,0.0611692101,0.0637430856,0.0625652571,0.0657436055,0.0667910584,0.0622470103,0.0593825327,0.0658422798,0.0600913988,0.0622152203,0.0669240240,0.0667910584,0.0682074071,0.0668574958,0.0657107439,0.0875572195,0.0873970888,0.0784514060,0.0703751969,0.0668574958,0.0614523625,0.0625333803,0.0668908053,0.0676697341,0.0679721924,0.0658751413,0.0652484557,0.0656449311,0.0657436055,0.0678713729,0.0679721924,0.0584524031,0.0634857328,0.0654804440,0.0657107439,0.0654804440,0.0603713337,0.0660396284,0.0602469465,0.0650207478,0.05280085,0.02698172,0.00279500,-0.02581133,0.02389780,-0.02101050,-0.01078810,-0.01257052,-0.00872806,-0.01116301,-0.00899537,-0.00532061,-0.02342843,-0.00009357,-0.01080946,-0.00792968,-0.00281893,-0.01176217,-0.00290683,-0.00937154,0.01105886,0.00119808,0.01286734,-0.00493417,-0.01819708,0.93445154,1.06354513,1.17474349,1.07813020,1.11316154,0.00072355,0.35890188,-0.00469728,-0.00408034,0.00584930,0.00713785,-0.00033498,0.00574039,-0.00819509,-0.01734899,-0.01177378,-0.00923138,-0.01384174,-0.00724742,-0.00059228,0.01277808,-0.01526027,-0.00915810,-0.00362119,-0.00426792,50,0.0303992624,0.1000926418,0.0696933794,12.4779650550,0.0628133509,0.0521516702,-0.0492197358,1.6225566282,2.31930864,2.28391401,-0.03539463,-6.27789823,0.70014641,-0.14664912,0.02187442,1.03548425
207,0x3da391000,0x20e6a2000,12,1,0,127.12,0.0040259689,0.0009015719,0.0948166756,0.1023813663,0.1161641177,0.0947422785,0.0872173596,0.0880523435,0.0915746938,0.0982499030,0.1500972540,0.1112394508,0.1078262142,0.1042599958,0.1053788518,0.0937728278,0.0894133393,0.0945191888,0.0937360371,0.0923635884,0.0927647542,0.0936623554,0.0971296155,0.0926189210,0.0912136357,0.0958974248,0.0980587017,0.0945191888,0.0929470208,0.0958974248,0.0982882268,0.0924365548,0.0851245857,0.0871133225,0.0973569955,0.0973569955,0.0951884580,0.0927647542,0.0916830210,0.0946679829,0.0966748554,0.0969780633,0.0934783018,0.1863360950,0.1041791605,0.1100726176,0.1056641122,0.2396266596,0.0958599198,0.0951513102,0.05805203,0.03722197,0.01594908,0.75525580,0.16679987,0.14520255,0.01120481,0.01329718,0.00837679,0.03387930,1.00082940,1.03406131,0.93070579,0.94516632,0.93899261,0.01718998,-0.00288445,0.02968636,0.00576770,0.02323958,0.00520402,0.02199500,0.00361396,0.01201795,0.00117113,0.01820371,0.01307651,0.01152826,0.03026572,0.01977521,0.03407858,0.01114244,0.01931635,-0.01172343,0.01899355,0.00850015,0.00446445,-0.00833848,0.00941933,0.01031804,0.01282528,0.00452097,0.01314489,1.03577257,1.01188907,1.08792540,1.14192691,1.22846535,0.01382432,0.00278095,50,0.0397049631,0.1179591524,0.0782541893,10.1822643622,0.1265693818,0.0692072625,-0.0775959383,2.0824279800,2.41197162,2.43067866,0.01870704,2.40129426,1.09069263,0.12666441,0.03056495,1.11149717
208,0x39e662000,0x3444f8000,5,3,0,127.10,-0.0023979081,0.0029110818,0.0826598530,0.0819823816,0.0808999341,0.0816907152,0.0819095148,0.0808999341,0.0815813154,0.0813332432,0.0836639494,0.0817636816,0.0819095148,0.0795672360,0.0807194544,0.0762580831,0.0810444362,0.0806833782,0.0832122148,0.0804305488,0.0838127436,0.0813625158,0.0859712717,0.0795672360,0.0829175884,0.0861606861,0.0765008047,0.0798890001,0.0742014801,0.0861606861,0.0861606861,0.0863880661,0.0865017561,0.0839614362,0.0810444362,0.0763967676,0.0782749153,0.0815813154,0.0861228239,0.0815813154,0.0818365484,0.0880138542,0.0817271486,0.0788766464,0.0832122148,0.0863122383,0.0804305488,0.0861228239,0.0810444362,0.0838127436,-0.01738942,0.02946181,-0.03055061,-0.03688428,-0.02877526,-0.03750449,-0.02705380,-0.02822763,-0.02904524,-0.02991769,-0.04084702,-0.03147111,-0.02788231,-0.03392420,-0.02812033,-0.03758681,-0.01977848,-0.04133148,-0.04337954,-0.04221561,-0.03193268,-0.02242318,-0.02109670,-0.02673919,-0.02720469,-0.01997964,-0.03351418,-0.03423797,-0.03517463,-0.03207764,-0.02508702,-0.03265523,-0.02215296,-0.02649718,-0.02517143,-0.04785538,-0.03548625,-0.02406689,-0.03416143,-0.02981635,-0.03845470,-0.01894231,-0.01987662,-0.02207931,-0.02940406,-0.01596516,-0.03074931,-0.02779556,-0.03735041,-0.03090414,50,0.0330631467,0.1156647038,0.0826015571,10.7129346512,0.1070855955,0.0641648403,-0.0708598915,1.6418978915,2.37911226,2.39703482,0.01792256,2.35170903,0.93280403,-0.08150826,-0.01915436,1.07456651
209,0x3dd2a1000,0x3c8dbc000,12,5,0,127.06,-0.0091839234,-0.0113524106,0.0751441873,0.0783872850,0.0797657674,0.0829791227,0.0762614020,0.0752157229,0.0792824402,0.0794311328,0.0815925205,0.0780558679,0.0792824402,0.0782032314,0.0796542226,0.0817440727,0.0773062450,0.0761891510,0.0762974782,0.0759724964,0.0775250446,0.0805118820,0.0717970746,0.0795055299,0.0764418817,0.0773792114,0.0790964982,0.0803992645,0.0786082297,0.0769416122,0.0787187020,0.0785345479,0.0792080431,0.0760447475,0.0794311328,0.0816303827,0.0763335545,0.0837923740,0.0791336460,0.0752157229,0.0766585363,0.0780190773,0.0763696307,0.0794682806,0.0796169733,0.0761891510,0.0824436339,0.0782032314,0.0805493870,0.0790593504,-0.46522211,-0.44740580,-0.52005928,-0.53198521,-0.50658968,-0.50885117,-0.52171773,-0.54081845,-0.52504322,-0.52537853,-0.51291453,-0.52434740,-0.51778700,-0.52042558,-0.52695707,-0.51664993,-0.53272953,-0.53870669,-0.52701989,-0.52857010,-0.53672728,-0.51603241,-0.53635458,-0.52330728,-0.53206015,-0.53924565,-0.52879230,-0.51392322,-0.52076460,-0.52933876,-0.53280525,-0.51641620,-0.52649165,-0.51837570,-0.52379007,-0.50783660,-0.53740173,-0.52167535,-0.52101483,-0.54128048,-0.52986404,-0.52509231,-0.52952175,-0.52603377,-0.52419306,-0.52824098,-0.52078282,-0.52687965,-0.52400521,-0.52799270,50,0.0252939256,0.1122507556,0.0869568300,11.2792712169,0.0452187352,0.0860842093,-0.0614837357,1.1468742081,2.34115400,2.27478689,-0.06636711,-8.62428739,0.56758493,-0.06744964,-0.01277718,1.01877554
210,0x211bb7000,0x212f68000,8,1,0,127.04,-0.0582408568,-0.0528893320,0.0344373519,0.0411359136,0.0380411504,0.0386770391,0.0359130238,0.0367402383,0.0360575259,0.0386398913,0.0405432501,0.0399051526,0.0335711896,0.0368496381,0.0368496381,0.0400927801,0.0357686203,0.0377466245,0.0439535188,0.0414769836,0.0333588253,0.0347948351,0.0390860708,0.0386398913,0.0368132047,0.0355158896,0.0422547714,0.0407948436,0.0365214387,0.0390116737,0.0376729427,0.0337480955,0.0369954713,0.0376361521,0.0336420099,0.0414011558,0.0400552751,0.0398300401,0.0386770391,0.0411737758,0.0365214387,0.0412117414,0.0368132047,0.0370320043,0.0368496381,0.0346875804,0.0410600858,0.0376729427,0.0391603664,0.0389373781,-0.51792466,-0.50112312,-0.54189117,-0.52965724,-0.53020819,-0.53455044,-0.52287127,-0.53968841,-0.53634462,-0.51649452,-0.53582359,-0.52523474,-0.53907503,-0.54222161,-0.53288901,-0.52217249,-0.52942630,-0.54133267,-0.51489580,-0.49503392,-0.54002697,-0.52102637,-0.52505249,-0.53441894,-0.53813004,-0.52462897,-0.53960636,-0.53231134,-0.53332774,-0.54139840,-0.53570995,-0.54220914,-0.55069842,-0.53007552,-0.53101973,-0.52144754,-0.51465225,-0.52736601,-0.53918145,-0.53107622,-0.53560211,-0.50106656,-0.52710740,-0.52363822,-0.52656111,-0.52418857,-0.51834773,-0.51490343,-0.52732687,-0.52083302,50,0.0321514341,0.1133195259,0.0811680918,10.5176535956,0.0470279158,0.0551055757,-0.0844404559,1.6488008838,2.36579276,2.29972517,-0.06606759,-8.54496001,0.61696544,-0.05601478,-0.01962288,1.00212701
211,0x223887000,0x21cb85000,8,8,1,185.23,0.0010705733,-0.0010961280,0.0797987829,0.0831350933,0.0813330835,0.0766865269,0.0831350933,0.0821538113,0.0838790155,0.0770286128,0.0822853472,0.0807799771,0.0854309237,0.0845847514,0.0756062013,0.0764376676,0.0780814266,0.0820880883,0.0769975373,0.0759136368,0.0769975373,0.0768730652,0.0769975373,0.0777982741,0.0821538113,0.0841478978,0.0821538113,0.0789107247,0.0767176024,0.0788789347,0.0809101720,0.0818577883,0.0802491941,0.0852271398,0.0826800445,0.0823182985,0.0824826958,0.0821209498,0.0764687432,0.0764376676,0.0766865269,0.0775465544,0.0842150496,0.0811703842,0.0802491941,0.0788789347,0.0768730652,0.1469070024,0.0878364305,0.0771219244,0.06069183,0.06720287,0.00912571,-0.00393491,-0.00096300,-0.01325121,0.00553150,-0.00105726,-0.01532935,-0.02640645,-0.00647985,-0.00513988,0.00486950,-0.00348170,-0.00612445,-0.02479731,-0.02243475,-0.00793649,-0.01583149,-0.02257701,-0.00735200,-0.01077754,-0.01430951,-0.00761405,-0.01065527,-0.01837387,-0.00870250,-0.01034188,-0.02676245,-0.03172644,-0.01563777,-0.01893967,-0.00820625,-0.02336755,-0.01359212,-0.02145777,-0.02332085,-0.01926814,-0.02621251,-0.03104195,-0.01794479,-0.03720834,-0.01702440,-0.02179058,-0.01472239,-0.02136452,-0.01090691,0.06096934,0.92753302,0.62604540,50,0.0292960246,0.0998769908,0.0705809662,12.6160410194,0.0690117467,0.0465063759,-0.0600225820,1.4837930621,2.29713662,2.30579142,0.00865480,1.56536256,0.63374785,-0.06226382,-0.05889677,1.02807885
212,0x3db768000,0x39f014000,5,5,1,185.39,-0.0084545670,-0.0116937157,0.0751204062,0.0676604164,0.0648366081,0.0661661391,0.0718021989,0.0672467997,0.0672150097,0.1784186793,0.0648055326,0.0650543918,0.0729526164,0.0692129395,0.0932232938,0.1802576710,0.0747428383,0.0792414430,0.1664097793,0.0695382492,0.0729526164,0.0716360146,0.0664492915,0.0661661391,0.0711372802,0.0717024520,0.0683918535,0.0659144194,0.0705546276,0.0673104664,0.0647122210,0.0726837340,0.0718687271,0.0723141240,0.0672785896,0.0654897894,0.0717356707,0.0663233887,0.0694732405,0.0723812757,0.0694406474,0.0737647629,0.0920622875,0.0693756387,0.0680700308,0.0751204062,0.0705874891,0.1042094403,0.1808560839,0.0788481432,-0.58890557,-0.54785581,-0.63881674,-0.64356531,-0.65440400,-0.63653255,-0.64322705,-0.64131639,-0.63773583,-0.50570190,-0.64869207,-0.65135133,-0.63452086,-0.63633072,0.30330516,0.47948266,0.51166204,0.56795244,0.65532600,-0.60823552,-0.61114432,-0.61269909,-0.64863731,-0.62534452,-0.63593579,-0.63713196,-0.62780586,-0.65055489,-0.63808771,-0.64292113,-0.62583810,-0.63235757,-0.62232155,-0.61303697,-0.64236657,-0.62186261,-0.62679897,-0.65565660,-0.64828517,-0.63127649,-0.64406221,-0.58582424,0.21820825,-0.10724443,-0.63661851,-0.63109667,-0.64437928,0.20472232,0.09231165,0.64615095,50,0.0237522538,0.0999683043,0.0762160505,13.6123029732,0.0496508049,0.0736141898,-0.0645742969,1.0472298553,2.25173989,2.25392092,0.00218103,0.38822641,0.69053593,-0.05509928,-0.01927036,1.01621364
213,0xd302000,0x74d0000,0,0,1,185.49,0.0024436699,-0.0072895191,0.0641034768,0.0717396235,0.0716066579,0.0639497170,0.0656513480,0.0658257739,0.0663291275,0.0664864630,0.0709535451,0.0651226389,0.1388299673,0.0792428954,0.0705259862,0.0729897879,0.0727545731,0.0694778189,0.0661089264,0.0654336492,0.0697381199,0.0630220897,0.0694778189,0.0637959573,0.1293520552,0.0820451782,0.0942600215,0.0757906712,0.0771851353,0.0651848749,0.0639189987,0.0704931247,0.0650915633,0.0651537144,0.0629309232,0.0673476379,0.0705259862,0.0660774936,0.0689115833,0.0670930578,0.0648737796,0.0651226389,0.0695104120,0.0659201581,0.0730233638,0.0725529343,0.0681072023,0.0649360156,0.0717728422,0.0651537144,0.04335487,0.02312935,0.05816895,-0.00560574,-0.01643033,-0.03928648,-0.01548194,-0.01354188,-0.02911131,-0.01662694,-0.01090717,-0.03988054,0.19349828,0.94113725,-0.01467887,-0.02385741,0.00168128,-0.00744312,-0.00820790,-0.00795528,-0.00094329,-0.01413376,-0.01718947,-0.00662236,0.19032359,0.95096686,0.99616736,1.17755718,1.04439699,-0.01518956,-0.02544360,-0.01903876,-0.02980082,-0.03085193,-0.02601478,-0.02228709,-0.01637844,-0.02138748,-0.01486973,-0.01898006,-0.02156906,-0.01985068,-0.03121357,-0.00075909,0.00150923,-0.01559849,-0.00717306,-0.02183403,-0.01155024,-0.03018217,50,0.0355739958,0.1031989128,0.0676249170,12.0732085328,0.1362097346,0.0598100987,-0.0409353530,1.1390703753,2.37918802,2.43630058,0.05711256,10.21088289,1.13282373,-0.01022393,-0.03586332,1.02691951
214,0x3dc3e1000,0x3d7d25000,12,12,1,185.46,0.0055945236,-0.0040725344,0.0738373560,0.0781975516,0.0716428030,0.0769839144,0.0767207529,0.0791116818,0.0756429416,0.0779648392,0.0740600593,0.0750799237,0.0760333488,0.0734873192,0.0790780142,0.0767207529,0.0680982630,0.0716428030,0.0715494914,0.0742191827,0.0780313673,0.0693888514,0.0716116426,0.0794140484,0.0780645860,0.0758056409,0.0770497272,0.0791116818,0.0733600725,0.0780313673,0.0761960480,0.0769510528,0.0769181015,0.0779316205,0.0726298059,0.0739009359,0.0716428030,0.0792125013,0.0788763754,0.0704998842,0.0758707383,0.0713317077,0.0769181015,0.0780978048,0.0715494914,0.0760008445,0.0739009359,0.0765563555,0.0713628682,0.0771154502,0.03501359,0.03270084,0.00264699,-0.00157677,-0.00423179,0.00091649,0.02123884,0.01065189,-0.00165661,0.00272153,0.57717192,-0.00783131,0.00304496,-0.00830745,0.00203007,-0.00141304,-0.00862406,-0.00015085,-0.01470595,-0.00720440,-0.00099553,-0.01871380,-0.01188576,-0.00079123,0.00000544,-0.00949753,-0.00552273,0.00862320,0.00157246,-0.00462978,0.00554440,-0.00448861,0.01012751,0.00595624,-0.02332895,0.00088106,-0.01065203,0.00238548,0.00139266,-0.01215465,-0.00552706,0.00341525,-0.00925389,-0.00077847,-0.01378333,-0.00273297,0.00792088,0.00429541,-0.00406364,-0.00493133,50,0.0287159105,0.0997547883,0.0710388778,12.7053950700,0.0819072368,0.0676562052,-0.0645805466,1.3410551766,2.36711848,2.29777846,-0.06934001,-12.41203542,0.81080445,-0.03318797,0.08104618,1.03915269
215,0x344544000,0x3c8bbe000,3,5,0,127.10,0.0006130895,0.0026950585,0.0942511071,0.0871525769,0.0891423641,0.0923843902,0.0922399867,0.0969698612,0.0932462512,0.0933920844,0.0939565812,0.0913752431,0.0942511071,0.0959610067,0.0891423641,0.0888270352,0.0975983453,0.0938296836,0.0936473174,0.0934650508,0.0891423641,0.0947297872,0.0956263720,0.0953288852,0.0943984706,0.0914824002,0.0935014842,0.0924204664,0.0976362075,0.0974845519,0.0903292179,0.0946562059,0.0922399867,0.0922399867,0.0980530019,0.0929910182,0.0934650508,0.0932462512,0.0947297872,0.0924566412,0.0934650508,0.0936473174,0.0911607337,0.0951801925,0.0879923138,0.0977119319,0.0933192176,0.0935744506,0.0914466812,0.0884084621,0.03320196,0.05696001,0.00403192,0.02470641,-0.00876919,-0.01818854,-0.00140535,-0.00422378,-0.00164063,0.00612835,0.00496325,-0.00898861,-0.00716521,-0.01676077,-0.02148991,-0.02849514,-0.00847547,-0.01567414,-0.02126480,-0.02638783,-0.01690335,-0.00898384,-0.01677897,-0.00419783,-0.01196703,-0.01372055,-0.01323471,-0.01693226,-0.02099522,-0.01507165,-0.02125116,-0.01873840,-0.01236646,-0.00143601,-0.00901784,-0.02472739,-0.01402909,-0.01820666,-0.01471551,-0.00983757,-0.02253413,-0.00975797,0.01179789,-0.01935491,-0.01445779,-0.02853570,-0.01737497,-0.01040343,-0.02611183,-0.02512754,50,0.0272890291,0.1112354846,0.0839464555,10.8641201522,0.0431964542,0.0717704863,-0.0682527207,1.5657159189,2.25904723,2.28257144,0.02352421,3.07592688,0.45910129,-0.05263863,-0.01932898,1.03918486
216,0x21d4f0000,0x274090000,1,1,1,185.50,-0.0051238853,0.0067077162,0.0685076227,0.0702675146,0.0705163739,0.0706096855,0.0695282874,0.0686595945,0.0725815351,0.0714708715,0.0716910725,0.0771644341,0.0729951518,0.0759179353,0.0706718366,0.0736286299,0.0760823327,0.0739502769,0.0759179353,0.0752930366,0.0737573063,0.0758521225,0.0780113208,0.0734998657,0.0713764014,0.0695897241,0.0706718366,0.0751629305,0.0725815351,0.0791588788,0.0780785643,0.0759836583,0.0736929242,0.0759179353,0.0707029122,0.0715651697,0.0782465355,0.0685379839,0.0706718366,0.0717539380,0.0791928119,0.0705785250,0.0760494711,0.0745773198,0.0717539380,0.0726769918,0.0761151942,0.0726769918,0.0738538355,0.0705163739,0.03704681,0.04307418,-0.02307108,-0.03050787,-0.03570269,-0.04077113,-0.05260798,-0.04988583,-0.02498771,-0.04930659,-0.03892272,-0.04344418,-0.04995651,-0.02438926,-0.04654964,-0.03745893,-0.03092325,-0.04550340,-0.03902782,-0.04055812,-0.05144142,-0.04186663,-0.03853925,-0.04419118,-0.04788666,-0.04467538,-0.04450028,-0.04245416,-0.05110436,-0.02277196,-0.03068402,-0.03868176,-0.05403838,-0.05512924,-0.03710825,-0.04313382,-0.05779196,-0.05617168,-0.04828768,-0.03750502,-0.03261243,-0.05274472,-0.04454060,-0.02957862,-0.04816623,-0.05378285,-0.02824148,-0.04571550,-0.04459972,-0.05528560,50,0.0238312773,0.0978197529,0.0739884756,13.2415958095,0.0561924200,0.0639520469,-0.0612177330,1.2098015016,2.22692278,2.26849033,0.04156755,7.48216024,0.60528855,-0.04953006,-0.01786374,1.03339822
217,0x40715000,0xdb933000,9,15,0,127.08,0.0010332200,-0.0053703808,0.0884968649,0.0885332983,0.0940460455,0.0908040194,0.0908411672,0.0905809296,0.0899811162,0.0878870193,0.0829966292,0.0888249648,0.0928895792,0.0888979312,0.0907296223,0.0844251210,0.0898706439,0.0905809296,0.0928895792,0.0886426981,0.0921475086,0.0911386540,0.0862668454,0.0852591391,0.0894287544,0.0875620375,0.0822273533,0.0918847686,0.0928517170,0.0928895792,0.0855775889,0.0899811162,0.0881758263,0.0907296223,0.0886062647,0.0844251210,0.0900547980,0.0940842649,0.0887885314,0.0861953097,0.0855068652,0.0908040194,0.0927380270,0.0953196721,0.0872731320,0.0909155643,0.0874176340,0.0846703449,0.0856484093,0.0884238985,0.02463041,0.03371414,-0.01464030,-0.02037928,-0.00935973,-0.01234872,-0.01505245,-0.01454128,-0.02244376,-0.00429252,-0.01336557,-0.01958161,-0.01965060,-0.01145938,-0.01543060,-0.01082931,-0.02704024,-0.01349085,-0.00759974,-0.03209034,-0.02326786,-0.01400207,-0.02851595,-0.03129557,-0.01315311,-0.02097556,-0.02110203,-0.00426528,-0.01164717,-0.00544148,-0.01299702,-0.02483086,-0.00912771,-0.01002664,-0.01633640,0.83559709,-0.01761588,-0.00910731,-0.01771388,-0.02559273,-0.01170376,0.01084003,-0.00360383,0.00687784,-0.00159034,-0.00544893,-0.01229220,-0.00687882,-0.00766377,-0.00437521,50,0.0289793629,0.1114331845,0.0824538216,10.6789307456,0.0340029587,0.0669764114,-0.0706045852,1.4914141312,2.27912879,2.28455423,0.00542545,0.70926845,0.59320652,-0.04927922,-0.02082883,1.05178324
218,0x929cd000,0x12d90000,15,0,0,127.05,0.0023876323,-0.0041028331,0.0908718599,0.0885338712,0.0962698445,0.0908354265,0.0976582336,0.0978127506,0.0876684243,0.0919146795,0.0930681838,0.0967671140,0.0923196778,0.0961934058,0.1661363244,0.1029494946,0.1084406713,0.1193989716,0.0942608351,0.0954555208,0.0921724148,0.0856125598,0.0942608351,0.0953418308,0.0965758083,0.0887483806,0.0864483537,0.0954176586,0.0856819494,0.0888556353,0.0877746065,0.0880577911,0.0931797287,0.0886054069,0.0900810788,0.0975810805,0.0950007607,0.0950007607,0.1015477702,0.0959481430,0.0918042071,0.1121150309,0.0909082933,0.0962316251,0.0867636825,0.1299347992,0.1069403479,0.1036232064,0.0944860701,0.0969633288,0.04220930,0.03309026,0.00419977,0.00139426,0.01758332,-0.00286860,0.02055326,0.01424447,-0.00163352,0.00160320,0.00035548,0.01484336,0.00241972,0.01814652,0.76456545,0.98557821,1.20669939,1.15748367,0.01160003,0.00937672,0.00658344,-0.00944966,0.01392060,0.01727496,0.01010579,0.01528640,-0.00404467,-0.00531878,-0.00230662,0.00964960,-0.00463804,0.00064349,-0.01122104,-0.00783302,-0.01334315,0.01083667,0.00511060,0.00452129,0.00616805,0.00735874,0.00806250,0.70031094,0.03247600,0.00606475,0.01118688,0.09901645,0.73142699,1.00099754,1.14335292,1.21706601,50,0.0332171656,0.1148899943,0.0816728287,10.5732720972,0.0997314569,0.0765492441,-0.0802089541,1.5132282620,2.45473176,2.37647979,-0.07825197,-10.14686728,0.86173843,-0.14901120,0.00198447,1.07980106
219,0x3db64d000,0x39ee7f000,12,12,1,185.49,0.0098619771,0.0053616184,0.0734997290,0.0784390648,0.2662459097,0.0672023109,0.0714033812,0.0701547383,0.0800995831,0.0687123206,0.0864033459,0.0769573149,0.0921317766,0.0768156743,0.0843550446,0.0808142033,0.0693700896,0.0823767393,0.0658638415,0.0715378683,0.1018868139,0.0734310547,0.0644682385,0.1007162887,0.0641994284,0.0690412051,0.1029706699,0.0886441372,0.0715378683,0.0789445264,0.0723840406,0.0697557508,0.0723160817,0.0721802566,0.0766741303,0.0754529871,0.0731565451,0.0762848601,0.1124897038,0.0817446179,0.0812559922,0.0982097297,0.0721463235,0.0700217727,0.0747548052,0.0743733990,0.0692384640,0.0703209226,0.0723840406,0.0650345434,0.53683505,0.52212688,0.45445588,0.43418857,0.77752140,0.47644679,0.47958789,0.41933702,0.47355390,0.46253992,0.47779899,0.46726167,0.50807588,0.44822008,0.51341631,0.50223900,0.48301922,0.50186783,0.46013272,0.47928342,0.45783018,0.49520557,0.46480883,0.53055184,0.46559808,0.46889284,0.47292846,0.34830433,0.44935541,0.48318998,0.26794294,0.47724103,0.47322980,0.45990925,0.45256698,0.48101593,0.37289187,0.48185335,0.35557789,0.61534433,0.59212300,0.49680701,0.47989565,0.51172275,0.62564318,0.68831025,-0.49432185,-0.49779141,-0.44743354,-0.49523048,50,0.0333914820,0.1049722839,0.0715808019,12.8280860308,0.1296560590,0.0540702728,-0.0575537405,1.6001633089,2.46580273,2.45818172,-0.00762102,-1.35720975,1.11047702,-0.11036713,-0.00122684,1.09058615
220,0x29b4f0000,0x2065c7000,7,8,0,127.33,0.0072897904,-0.0013012316,0.0818114991,0.0916100650,0.0869577279,0.0818807940,0.0861688333,0.0895223600,0.0882197043,0.0916100650,0.0929971288,0.0895966556,0.0906416868,0.0816380724,0.0884774396,0.0886983844,0.0828216975,0.0905290693,0.0886615937,0.0872859273,0.0895966556,0.0875776933,0.0860244298,0.0913827884,0.0860965823,0.0881092319,0.0896710527,0.0815686828,0.0889561197,0.0817074620,0.0854099147,0.0818807940,0.0818114991,0.0916100650,0.0916480306,0.0841136610,0.0817074620,0.0911932706,0.0815686828,0.0873224603,0.0820542207,0.0894108151,0.0917616172,0.0895966556,0.0837242942,0.0917237550,0.0891877254,0.0804908715,0.0841136610,0.0819501836,0.03507480,0.04328647,-0.02860526,-0.00437526,-0.01928435,-0.03261727,-0.02348344,-0.02645303,-0.01091406,-0.01273925,-0.00731408,-0.00716405,-0.01507442,-0.01919768,-0.01855954,-0.01108376,-0.01668885,-0.00844390,-0.02657521,-0.01508376,-0.01242029,-0.01508197,-0.00707784,-0.01462335,-0.00353454,0.00261797,-0.02725274,-0.02251979,-0.02241534,-0.01907801,-0.01891049,-0.01066447,-0.02164348,-0.01958623,-0.01105318,-0.01843625,-0.03789384,-0.00936136,-0.00851842,-0.02427999,-0.02195601,-0.02923032,-0.01626532,-0.01204123,-0.01970001,-0.02159675,-0.00341176,-0.02112047,-0.01044127,-0.01573612,50,0.0300895188,0.1113834674,0.0812939486,10.5296939643,0.0560372594,0.0712319775,-0.0637851112,1.5859922519,2.28153764,2.26657673,-0.01496091,-1.96785237,0.77032224,-0.06024253,-0.00740206,1.04102223
221,0x1a253a000,0x28e8cf000,4,14,0,129.77,-0.0004131614,0.0015547721,0.0930529534,0.0958749597,0.0899729562,0.0979205123,0.0902732012,0.0880006268,0.0923969732,0.0905359412,0.0935934467,0.0902732012,0.0876324191,0.0921292287,0.0926647176,0.0932846235,0.0936705998,0.0945972946,0.0894895816,0.0910131268,0.0893036397,0.0894151846,0.0947921762,0.0975201310,0.0922057719,0.0964021278,0.0925117357,0.0931686831,0.0890805499,0.0945972946,0.0935934467,0.0913163347,0.0915437147,0.0938636933,0.0889318573,0.0924351925,0.0923587538,0.0925117357,0.0854796561,0.0915815769,0.0921674481,0.0912405069,0.0893036397,0.0953637480,0.0915815769,0.0901981912,0.0942076378,0.0932073650,0.0905359412,0.0895638772,0.03349793,0.05247884,0.00788958,0.01308844,0.59804045,0.01058451,0.00734740,0.00917014,0.01153255,-0.00543953,-0.00045562,0.00393726,-0.00481168,0.01179487,0.01421886,0.00682690,-0.00538183,-0.00160763,-0.01994220,0.00041767,0.00171867,-0.00075629,-0.00303041,0.00969806,0.00586331,-0.00037465,-0.00162389,0.00908188,-0.01047155,0.00319078,-0.00440255,-0.00443882,0.02023393,0.00697492,0.00109897,0.00615591,0.00450570,0.00554370,-0.00382453,0.00906718,-0.00342499,-0.00392267,-0.00842081,0.01282208,0.00235589,-0.00518862,-0.00539173,-0.00867719,-0.00323356,-0.00266433,50,0.0268680860,0.1170201581,0.0901520721,11.8552710630,0.0469321573,0.0779328280,-0.0713142970,1.4941867217,2.30626004,2.32469345,0.01843341,2.44107236,0.50407617,-0.04464601,-0.02074520,1.05220048
222,0x344a69000,0x350633000,10,10,1,185.38,-0.0077441522,-0.0122562982,0.0631590126,0.0701514281,0.0695558707,0.0559790000,0.0623415024,0.0653818786,0.0558878335,0.0645693740,0.0624065999,0.0581121383,0.0690682652,0.0602438258,0.0624716085,0.0657514887,0.0569996647,0.0649350520,0.0626993164,0.0606255657,0.0580499023,0.0579255151,0.0604983190,0.0592567481,0.0644696271,0.0596342847,0.0590680657,0.0593826509,0.0603074057,0.0612286836,0.0645360645,0.0637510586,0.0635865715,0.0609390959,0.0619510953,0.0642368239,0.0613252128,0.0635537099,0.0633234998,0.0551671804,0.0612929779,0.0665622972,0.0625692103,0.0558271111,0.0656507610,0.0620812014,0.0603074057,0.0646358114,0.0611643015,0.0582987616,0.11036950,0.04233748,-0.02244938,0.93549980,0.93865371,-0.01907408,0.03289241,0.00356891,-0.00213355,-0.00022863,-0.00833420,-0.01731408,0.93048080,-0.02803365,-0.00001548,-0.00841120,-0.02082815,-0.01743281,-0.01845281,-0.02864813,0.01082256,-0.00378482,-0.00366097,-0.02614482,-0.03405642,-0.02315901,-0.01802291,-0.02988878,-0.01586614,-0.03102148,-0.01538795,-0.02316254,-0.00676106,-0.01898023,-0.01396135,-0.00524367,-0.00723335,-0.02085839,-0.01655530,-0.02612345,-0.02265982,-0.00995918,-0.01350733,-0.03206603,0.00367057,-0.01406832,-0.01078105,-0.00504562,-0.01125752,-0.02668275,50,0.0278666430,0.0983382502,0.0704716071,12.5913667019,0.0413062749,0.0513136624,-0.0604835613,1.3217194333,2.28070447,2.23714064,-0.04356382,-7.80303662,0.73777877,-0.00086974,-0.05557058,1.04723880
223,0x3529ea000,0x190dd4000,3,4,0,129.77,-0.0178525914,-0.0134605521,0.0817104503,0.0816324764,0.0805513700,0.0794321549,0.0741017740,0.0761157317,0.0773834955,0.0819831994,0.0829494324,0.0753672257,0.0773834955,0.0794703743,0.0802425468,0.0748885456,0.0859162072,0.0758554942,0.0813597273,0.0751094903,0.0738100080,0.0752935439,0.0749254368,0.0804742169,0.0802811233,0.0805127934,0.0763388215,0.0753304351,0.0779089755,0.0748885456,0.0805127934,0.0794703743,0.0830281216,0.0793173924,0.0835564706,0.0834373096,0.0753672257,0.0770832505,0.0807057815,0.0749990180,0.0786167587,0.0804355349,0.0795851368,0.0780483086,0.0824776190,0.0779725843,0.0739558412,0.0794703743,0.0812817534,0.0781999643,0.02103163,0.01747011,0.16031391,-0.00108498,-0.01274425,-0.02592134,-0.01419488,-0.00456042,-0.01703103,0.00077868,-0.00467339,-0.01161573,-0.01535960,-0.01024523,-0.01108169,-0.00962668,-0.00739259,-0.02030800,-0.00108966,-0.01602360,-0.01771405,-0.00733882,-0.00462677,0.00856054,-0.01509842,-0.00360640,0.01029944,-0.01026872,-0.03591236,-0.00257278,-0.00698575,-0.00254909,-0.00141048,-0.01026225,-0.01839368,0.00411661,-0.01535899,-0.00655892,0.00466801,-0.01981807,-0.00616084,-0.01675555,-0.00933453,-0.01337539,-0.00914229,-0.01041183,-0.01893150,-0.01508791,-0.01374580,-0.01018343,50,0.0282843941,0.1166483515,0.0883639573,11.5958548055,0.0567932907,0.0606526054,-0.0914930612,1.5247484523,2.25091913,2.32485490,0.07393577,9.78095448,0.62458763,-0.00496195,-0.08600276,1.04337342
224,0x33a266000,0x1c9886000,3,4,0,130.19,0.0103434126,-0.0048853582,0.0919138984,0.0861184213,0.0848872018,0.0912651744,0.0891023560,0.0870521634,0.0901837098,0.0881725544,0.0963459628,0.0880588643,0.0846294664,0.0876419665,0.1741329781,0.0987933253,0.1051050927,0.1012084376,0.0974657559,0.0876419665,0.0887580684,0.0837318652,0.0864891784,0.0847399388,0.0877177943,0.0914210158,0.0903381213,0.0943491066,0.0848872018,0.0848136206,0.0889492696,0.0890258128,0.0877936221,0.0935865828,0.0932690728,0.0844822035,0.0903766979,0.0822528993,0.0912261342,0.0913819757,0.0867894234,0.0869771534,0.0890258128,0.0903766979,0.0850345653,0.0859696271,0.0912651744,0.1117656054,0.1017386511,0.1063605164,0.03730509,0.02362627,-0.02667508,-0.02921327,-0.04946043,-0.01909805,-0.02536171,-0.02399707,-0.02984182,-0.01063314,0.84958924,-0.02635037,-0.02298209,-0.03100620,0.05552921,0.88124335,0.62822993,1.13511432,1.11455041,0.91777826,-0.01291457,-0.01842991,-0.02365072,-0.02457493,-0.03626230,-0.01123713,-0.02242542,-0.00111709,-0.01275185,-0.02169916,-0.02669177,-0.02287665,-0.04052423,-0.02263325,-0.01895426,-0.04108525,-0.03253736,-0.03727413,-0.02885020,-0.00797817,-0.02512255,-0.03328222,0.04415805,-0.01174369,-0.02966957,-0.03203041,-0.03269423,0.89607031,0.60899203,1.14533557,50,0.0278190039,0.1181892465,0.0903702427,11.8748696116,0.0893153237,0.0767663877,-0.0820007771,1.6139208276,2.31235832,2.33990587,0.02754755,3.64063425,0.91215051,-0.06696456,-0.07913237,1.07845191
225,0x162a65000,0x15b9ef000,11,11,1,185.49,-0.0187896775,-0.0069862911,0.0740372961,0.0633656870,0.0685316977,0.0681731137,0.1547444134,0.0556719497,0.0588185201,0.0643144657,0.0618935357,0.0605658610,0.0565062654,0.0561276993,0.0633985485,0.0578947409,0.0655627514,0.0633985485,0.1186368105,0.2419205827,0.0773909125,0.0691211780,0.0666109197,0.0621538367,0.0603113677,0.0579880525,0.0558541998,0.0612664928,0.0631354769,0.0610412872,0.0619260400,0.0633985485,0.0612343457,0.0632341512,0.0557631162,0.0644806500,0.0633328255,0.0622514385,0.0597704175,0.0565369838,0.0622188453,0.0575837305,0.0583923745,0.0644806500,0.0584409835,0.0565369838,0.0579259014,0.0608482287,0.0600567876,0.0631683384,-0.12465463,-0.10701021,0.81014763,0.75688985,0.75115319,0.79850714,0.84243494,-0.16595704,-0.18035643,-0.17411268,-0.16598413,-0.16289339,-0.17332923,-0.15310404,0.26003313,-0.16790265,-0.13094707,-0.14679328,0.90571123,0.99942072,0.54316600,1.08832030,1.01597680,-0.13794458,-0.15194521,-0.17307862,-0.14733023,-0.17041596,-0.17092164,-0.15723752,-0.16928593,-0.17347061,-0.17798982,-0.17391795,-0.17754173,-0.16326139,-0.16417191,-0.16333193,-0.16399188,-0.15618426,-0.15704385,-0.17218683,-0.15541592,-0.15689412,-0.17093501,-0.15770494,-0.16000708,-0.16204043,0.00230777,-0.16138905,50,0.0303836474,0.1030316254,0.0726479780,13.0097677963,0.1337576397,0.0542421202,-0.0555542503,1.6347805039,2.48734210,2.43182618,-0.05551592,-9.93561824,1.08928716,-0.04733281,0.07148181,1.02429641
226,0x6185e000,0x3f7bc000,0,0,1,185.40,0.0011435904,0.0010384944,0.0723403134,0.0811215009,0.0799385800,0.0800393994,0.0798714282,0.0786581481,0.0853437244,0.0775792634,0.0821350328,0.0769557944,0.0788575511,0.0799050041,0.0785916200,0.0800729753,0.0808837838,0.0766629891,0.0791235731,0.0753248768,0.0780396837,0.0804762530,0.0753248768,0.0802074624,0.0817917553,0.0830429932,0.0766954934,0.0821693231,0.0731692654,0.0723092378,0.0764352812,0.0799722476,0.0799385800,0.0766629891,0.0779738709,0.0783027554,0.0770859005,0.0765653873,0.0788908606,0.0821006488,0.0824095424,0.0742470656,0.0831816777,0.0720603786,0.0800393994,0.0777107992,0.0798041847,0.0780396837,0.0778423351,0.0812573259,0.03030063,0.02641603,-0.01727116,-0.02594687,-0.02287490,-0.00960923,0.02421783,0.00947761,0.00699737,-0.00975042,0.00358478,-0.00859033,-0.00707389,-0.01073286,-0.01064092,-0.01085030,-0.02025784,-0.01158588,-0.01669903,-0.01593521,-0.01570093,-0.00934835,-0.01436788,-0.00582042,-0.01043406,-0.00890572,-0.01115174,-0.01051301,-0.02525865,-0.01418351,-0.02113694,-0.01479753,-0.00710239,-0.02566868,-0.00789327,-0.00633663,-0.00432653,-0.01121971,-0.01709902,-0.00609349,-0.00643129,-0.02149632,0.00774545,-0.01291435,-0.01657736,0.00755043,-0.01184564,-0.01747605,-0.01001669,0.00069992,50,0.0258354482,0.1010053809,0.0751699327,13.3753094165,0.0639315788,0.0572739300,-0.0532806535,1.4586232067,2.27079732,2.28908258,0.01828526,3.31868949,0.76681576,-0.05493908,-0.00813638,1.06986010
227,0x61405000,0x11fca2000,9,2,0,127.07,0.0015732685,0.0017019741,0.0902948820,0.0850341300,0.0866835766,0.0880956321,0.0882071770,0.0892138863,0.0870149936,0.0783356760,0.0861165775,0.0848175740,0.0868677307,0.0890262588,0.0870517842,0.0860437107,0.0901054676,0.0867940489,0.0877609975,0.0862989437,0.0859343109,0.0891012688,0.0813312999,0.0891763813,0.0795875466,0.0856425449,0.0848536503,0.0890262588,0.0892138863,0.0901433298,0.0848175740,0.0914906401,0.0881327799,0.0867572583,0.0876867019,0.0860801441,0.0908254698,0.0892889988,0.0913758776,0.0871254660,0.0859343109,0.0877981453,0.0866835766,0.0881327799,0.0860437107,0.0871254660,0.0935379797,0.0860801441,0.0890262588,0.0884302667,0.03965114,0.04166236,-0.00948041,-0.01410526,-0.01635640,-0.02412083,-0.00493892,-0.01249320,-0.02605607,-0.02214590,-0.02503778,-0.02575043,-0.01969102,-0.02125517,-0.02138849,-0.01606197,-0.01948507,-0.02529691,-0.00942642,-0.01755776,0.00692260,0.01013531,0.00120766,-0.00079290,-0.04205451,-0.02310332,-0.02467081,-0.03786716,-0.02329771,-0.02701551,-0.03079143,-0.00453849,-0.02220289,0.91061581,-0.01380799,-0.04150631,-0.01582072,-0.00987145,-0.00702150,-0.01603608,-0.01412168,-0.01124812,-0.00192451,-0.02494796,-0.01640396,-0.02342236,-0.01838461,-0.01553896,-0.00921181,-0.02747286,50,0.0256583138,0.1122706724,0.0866123586,11.2141195355,0.0314926388,0.0682923738,-0.0712360628,1.4636087272,2.24792495,2.27238202,0.02445708,3.19555694,0.46921392,-0.05715490,-0.05206177,1.03696700
228,0x22338c000,0x3a3f19000,1,12,0,127.09,-0.0204075765,-0.0183338190,0.0737052100,0.0661279775,0.0749407216,0.0767188880,0.0737810378,0.0701632971,0.0724726621,0.0713915557,0.0690472535,0.0713915557,0.0691201203,0.0726603921,0.0737052100,0.0706051865,0.0658802513,0.0700160341,0.0713544079,0.0695212861,0.0699791430,0.0678957715,0.0710569211,0.0712800108,0.0683651568,0.0677874443,0.0695212861,0.0724351571,0.0737052100,0.0678957715,0.0705315048,0.0733642434,0.0703842418,0.0615604260,0.0732884156,0.0635816652,0.0716890425,0.0705315048,0.0690472535,0.0712428630,0.0714659528,0.0694483197,0.0721348096,0.0715402484,0.0615264929,0.0706419771,0.0716890425,0.0680763498,0.0722099221,0.0636857022,-0.00454030,0.01667153,0.13627370,-0.02395266,-0.04583484,-0.03005531,-0.03170049,-0.04156431,-0.04469033,-0.04376191,-0.04537362,-0.03440626,-0.04059367,-0.04831046,-0.03828965,-0.04994933,-0.04361376,-0.05232371,-0.04020650,-0.05099126,-0.05527562,-0.04139343,-0.04580989,-0.05219898,-0.04196257,-0.05397331,-0.04188250,-0.04296794,-0.02635163,-0.05104093,-0.05322376,-0.04112607,-0.03689988,-0.05528230,-0.04165646,-0.05146787,-0.03438081,-0.04723822,-0.05140993,-0.04901561,-0.04840102,-0.04212910,-0.03119900,-0.05069379,-0.06158179,-0.04783498,-0.05229709,-0.06366907,-0.04692067,-0.05093412,50,0.0247509480,0.1130139947,0.0882630467,11.4513286202,0.0649761468,0.0721112213,-0.0671339592,1.3228699647,2.26544666,2.30550417,0.04005750,5.24521626,0.55994068,-0.04859898,-0.02040525,1.03571207
229,0x208082000,0x27ebfc000,1,1,1,185.46,0.0033181593,-0.0075357389,0.0745449328,0.0832914969,0.0779831352,0.0800473247,0.0802825395,0.0789326282,0.0728197124,0.0770308715,0.0797784423,0.0788994095,0.0768681722,0.0790655938,0.0822101099,0.0763476590,0.0805513301,0.0778515993,0.0705578967,0.0790323751,0.0778187378,0.0727264008,0.0771609776,0.0796440470,0.0818668323,0.0781147608,0.0790323751,0.0723843149,0.0778845506,0.0700108977,0.0764127565,0.0799465053,0.0789659377,0.0797111988,0.0705578967,0.0759791293,0.0766404643,0.0801480524,0.0757860708,0.0769006766,0.0791986501,0.0765103582,0.0726953253,0.0713039893,0.0721354556,0.0724776265,0.0727264008,0.0766404643,0.0727264008,0.0759469821,0.03611533,0.03334360,-0.03496785,-0.01137266,-0.02946771,-0.01448501,-0.02415967,-0.02485877,-0.03128638,-0.01657467,-0.02061483,-0.02108554,-0.01728205,-0.01841510,-0.03717390,-0.02618255,-0.01443669,-0.02290392,-0.01651328,0.00317818,-0.01200900,-0.00696420,-0.04359549,-0.02684380,-0.02583318,-0.03724136,-0.02776288,-0.02559744,-0.03479735,-0.04180545,-0.02693350,-0.02973669,-0.03039647,-0.03585901,-0.04535681,-0.03908950,-0.02691547,-0.01440269,0.03750156,-0.02853856,-0.03007801,-0.02736164,-0.03415282,-0.03318480,-0.03287389,-0.02871939,-0.02678602,-0.03423616,-0.02981455,-0.02874494,50,0.0241155098,0.0996757128,0.0755602030,13.5153908532,0.0660363591,0.0655880279,-0.0727389940,1.1825363463,2.29746058,2.26559504,-0.03186554,-5.72075809,0.66890080,-0.07123326,0.01919146,1.01233062
230,0x2666f000,0x2c8237000,9,14,0,129.72,0.0084962155,0.0050304139,0.0964692139,0.0903455375,0.0970591148,0.0923152622,0.0892291809,0.0904570824,0.0929974023,0.0936608891,0.0926563322,0.0906057750,0.0937373279,0.0925426422,0.0903826853,0.0927700222,0.0902339926,0.0960163376,0.0926184700,0.0883687275,0.0933930403,0.0935079072,0.0932400584,0.0947024885,0.0895604975,0.1067948462,0.0982598785,0.0971376967,0.0947797470,0.0902339926,0.0893027621,0.0891187086,0.0969804256,0.0957046547,0.0906429228,0.0918756841,0.0948183235,0.0902339926,0.0914252141,0.0893764439,0.0938903098,0.0945867588,0.0913125966,0.0967838635,0.0944708184,0.0884415944,0.0970591148,0.0928837122,0.0912374841,0.0926563322,0.05678616,0.04175753,0.00789625,-0.01327825,0.00596005,0.00388737,0.01078982,-0.01142882,0.00548952,-0.02241299,0.00470086,-0.01139791,-0.00363374,0.01184283,0.00088237,0.00327729,0.00133388,0.00136148,-0.00508797,-0.01163357,0.01503592,-0.00044110,0.00388477,0.00581138,0.02925926,0.88795287,0.00245799,0.00802425,-0.01060332,0.00672336,-0.00871697,0.01867352,0.00419351,0.01691221,-0.00306436,0.00898927,0.00437854,0.01211091,-0.00948368,0.00085148,-0.00800146,-0.00009800,-0.00315143,0.00645120,-0.01197366,-0.01806788,0.01301035,0.05574048,-0.00424394,0.01006919,50,0.0292778976,0.1181955344,0.0889176368,11.6724967918,0.1018069013,0.0695714947,-0.0836906643,1.5033676258,2.31996987,2.33393480,0.01396494,1.88991858,0.94262219,-0.08753918,-0.07850016,1.02313483
231,0x20dedc000,0x211a9a000,1,1,1,185.47,-0.0031647990,0.0031240471,0.0786888899,0.0753220407,0.0748237621,0.0680201403,0.0790248324,0.0691611771,0.0753871382,0.0764653076,0.0809839253,0.0690700106,0.0704882048,0.0771230766,0.0746949979,0.0712299344,0.0763008205,0.0755823418,0.0745020273,0.0702730083,0.0765968434,0.0770244023,0.0759076514,0.0807436123,0.0757449522,0.0756799435,0.0756799435,0.0753545451,0.0701192486,0.0752895364,0.0785879788,0.0704882048,0.0756799435,0.0778427176,0.0744376452,0.0778094082,0.0742767338,0.0691004548,0.0713544065,0.0766955178,0.0733580460,0.0788904370,0.0745985565,0.0713544065,0.0788904370,0.0764323563,0.0748237621,0.0777429708,0.0712921704,0.0780754301,0.03433234,0.05472840,0.00849863,-0.00444749,-0.00619745,-0.01528017,-0.00277167,-0.00908467,-0.00201492,0.00621655,-0.00265213,-0.01969429,-0.01436829,0.00907252,-0.01608449,-0.01193772,-0.01129432,-0.01008331,-0.01311618,-0.00439045,-0.00336277,-0.00879103,0.00296237,-0.00256726,-0.01121306,-0.00694647,-0.01364916,-0.01049097,-0.00922864,-0.00008316,-0.00565604,-0.00717103,-0.01304068,-0.00891914,0.01718958,-0.00287816,-0.00972664,-0.00946030,-0.01606790,-0.01698652,0.86169615,-0.00735436,0.00098097,-0.01493110,-0.01101367,-0.00635356,-0.00839669,-0.01279552,-0.01597271,-0.01092600,50,0.0310877806,0.1010711496,0.0699833690,12.5283680087,0.1021509802,0.0428825633,-0.0557600331,1.8801912548,2.37407339,2.33058343,-0.04348996,-7.76429069,0.94510632,-0.17476780,-0.06844987,1.08242304
232,0x21cb6d000,0x345424000,8,3,0,127.04,0.0011530562,-0.0000591670,0.0861507205,0.0907998621,0.0899418454,0.0878484861,0.0876296865,0.0903118871,0.0937726024,0.0897187557,0.0907998621,0.0924645839,0.0918429956,0.0877755197,0.0895700630,0.0855019170,0.0898674484,0.0900162425,0.0896816079,0.0889323865,0.0893841211,0.0897187557,0.0887482324,0.0898674484,0.0906122346,0.0929236340,0.0889691771,0.0874473203,0.0861507205,0.0897187557,0.0926175658,0.0897187557,0.0875567201,0.0821169393,0.0880118170,0.0889323865,0.0906872446,0.0911377146,0.0871920873,0.1358351727,0.0877025533,0.0861507205,0.0807616643,0.1008958555,0.0982469279,0.0941201075,0.1093954663,0.0992864885,0.0903869996,0.0919566856,0.05417290,0.03261820,-0.00977718,0.00188820,-0.00178128,-0.00691807,-0.01292026,0.00305550,-0.00631206,-0.01743272,0.00362059,-0.00412310,0.00388387,-0.00688949,-0.00537324,-0.01374865,0.00307451,-0.00829384,0.01293821,0.00084104,-0.01945053,0.01122560,-0.00316943,0.01532361,-0.00394707,-0.00902698,0.00042491,0.00004573,-0.03043066,-0.01538027,0.00776584,-0.01334086,-0.00987622,-0.02697156,-0.00872940,-0.01170209,0.00327451,-0.01700056,0.00023970,0.04340625,0.16129121,0.72343867,-0.00084747,0.69569376,0.96672589,0.93942682,0.95799280,0.96903120,0.96936486,0.95995743,50,0.0264451759,0.1120447707,0.0855995948,11.0944089966,0.0424515945,0.0733504637,-0.0712228152,1.4411265552,2.23545798,2.27337357,0.03791559,4.94861567,0.65597603,-0.06008104,-0.01463611,1.04994598
233,0x6516d000,0x7e43d000,9,9,1,185.30,0.0019607178,-0.0056318761,0.0691886809,0.0722794265,0.0731338200,0.0688776705,0.0689398217,0.0731338200,0.0686598869,0.0742792320,0.0686288113,0.0688776705,0.0742792320,0.0742134191,0.0668689193,0.0742134191,0.0767758951,0.0732314218,0.0697376981,0.0743120935,0.0694374553,0.0689398217,0.0709428318,0.0732639261,0.0670512524,0.0681047805,0.0667170305,0.0690953693,0.0741805576,0.0731989175,0.0690020577,0.0732965192,0.0740489320,0.0733940322,0.0723759557,0.0742792320,0.0689398217,0.0667777528,0.0740818833,0.0735242271,0.0743120935,0.0753927652,0.0691264449,0.0710700784,0.0721828972,0.0711018684,0.0668081970,0.0724403378,0.0733615279,0.0720542209,0.05914071,0.02092501,0.02189951,0.00324152,0.00575103,-0.01555369,-0.00380097,-0.00739753,-0.02995659,-0.01632169,-0.04287820,-0.03363388,-0.01947527,-0.03004761,-0.03394826,-0.02473470,-0.03250302,-0.00635923,-0.01583521,-0.02921306,-0.02369158,-0.01629440,-0.01429225,-0.02209107,-0.02883374,-0.03377823,-0.04260035,-0.00675215,-0.02113876,-0.01414935,-0.01645524,-0.01307833,-0.01773239,-0.01190067,-0.02349429,-0.01836729,-0.02998351,-0.03505730,-0.02187898,-0.00472744,-0.02938650,-0.01626194,-0.02378420,-0.02861429,-0.01949154,-0.00625223,-0.02714297,-0.02939713,-0.03426100,-0.01505353,50,0.0293812242,0.0984402800,0.0690590557,12.3485193068,0.0620153959,0.0590511323,-0.0511741000,1.3608153380,2.27240066,2.27550603,0.00310537,0.59724716,0.59342512,-0.02465876,-0.05569350,1.02562056
234,0xdac5c000,0x9b620000,6,6,1,185.44,0.0900340289,-0.0224673715,0.0658108477,0.1943951899,0.0413555383,0.0455233918,0.0537351746,0.1143672081,0.0521390476,0.0483014195,0.0523088057,0.0657722712,0.0541977957,0.0522069137,0.1326351886,0.0479110124,0.0495107578,0.0607532639,0.0476508001,0.0639584994,0.0434879623,0.0475531984,0.0629153659,0.0492566325,0.0576531399,0.0559086611,0.0480412073,0.0510912364,0.1136694191,0.0587717844,0.0414162607,0.0509568411,0.0466355831,0.0489934710,0.0433324146,0.0515616659,0.0509904170,0.0478785080,0.0434879623,0.0434879623,0.0433324146,0.0434879623,0.0794739978,0.0511248123,0.0441918127,0.0455552686,0.0433324146,0.0500427109,0.0487962121,0.0412643718,0.62693886,0.58479848,0.33206630,0.75138470,0.41406469,0.43926736,0.41222125,0.35152918,0.43474914,0.39463681,0.40370491,0.38484645,0.31494118,0.38639800,0.50232925,0.37318289,0.43378013,0.39945523,0.42999206,0.38575319,0.38892989,0.38283851,0.43711976,0.42505568,0.41421517,0.39764273,0.40074271,0.39233561,0.51433965,0.35076859,-0.57834956,-0.56888170,-0.56286540,-0.57732393,-0.56031178,-0.57648293,-0.56781891,-0.56627487,-0.58132726,-0.57608947,-0.58091375,-0.59465749,-0.34403661,-0.58480554,-0.58996515,-0.59027863,-0.56769425,-0.58711016,-0.58269569,-0.59759323,50,0.0267740927,0.0977225492,0.0709484564,12.6784497680,0.0634856864,0.0630316868,-0.0682058459,1.4179550944,2.28503168,2.25496634,-0.03006534,-5.36117770,0.83212260,-0.03687881,-0.02077816,1.05746473
235,0xda669000,0xfa8f9000,15,15,1,185.50,0.0013188520,0.0045401247,0.0802032613,0.0734725261,0.0740323957,0.0813843952,0.0740323957,0.0740634713,0.0868620541,0.0834785061,0.0907485814,0.1810049002,0.0821260805,0.0778148356,0.0832039028,0.0867205101,0.0778148356,0.0748645654,0.0762001633,0.0767370243,0.0739390841,0.0818884006,0.0727947356,0.0790571339,0.0791558083,0.0812835757,0.0714999400,0.0748645654,0.0780751366,0.0718646060,0.0946263041,0.0792873441,0.0799704580,0.0768979357,0.0743434061,0.0737835365,0.0758183365,0.0805357206,0.0815859423,0.0745814129,0.0737835365,0.0748016998,0.0715911065,0.0794518313,0.0781402340,0.1190023353,0.1418883447,0.0921609942,0.0866851482,0.1114887296,0.03378013,0.03230399,-0.02230402,-0.02815999,1.24016800,-0.01355560,0.80523143,-0.01996874,0.88859657,1.02165375,0.89595804,1.05937843,0.91669419,0.92181180,0.91009950,0.90649072,0.92020854,-0.02455596,-0.04477631,-0.03694966,-0.02865061,-0.03595035,-0.05200368,-0.03200010,-0.03360493,-0.03646547,-0.04072022,-0.03946868,-0.03588566,-0.04552058,-0.01848938,-0.03310468,-0.03915933,-0.04899270,-0.03058915,-0.03477902,-0.04546495,-0.01765163,-0.02451950,-0.04393006,-0.04890272,-0.03725207,-0.04229843,-0.05084587,-0.04153311,0.97967863,1.07014135,0.67390321,1.29490157,0.82753062,50,0.0275627296,0.0996039517,0.0720412221,12.8922970696,0.1087269885,0.0730451826,-0.0397952006,1.2555440871,2.29507503,2.30252033,0.00744530,1.33264927,0.99430588,-0.02807186,-0.10364691,1.05275679
236,0x1538cc000,0x1e3d0d000,2,13,0,127.08,0.0049035944,0.0004650843,0.0968930306,0.0951323510,0.0859968485,0.0945064080,0.0967053007,0.0954383538,0.0963299432,0.0934257252,0.0922367373,0.0923811408,0.0975968819,0.0966677957,0.0967804131,0.0962549331,0.0963299432,0.0931339592,0.0934257252,0.0965176731,0.0934621586,0.0955870465,0.0921284101,0.0952895596,0.0905022566,0.0944327262,0.0910498724,0.0965926832,0.1008735526,0.0933527588,0.0868044514,0.0919117555,0.0935351250,0.0956241942,0.0956985913,0.0981273663,0.0913716366,0.0953639567,0.0943223544,0.0985613282,0.0959588289,0.0933527588,0.0958472840,0.0922006611,0.0942117815,0.0977105719,0.0937903580,0.1022676608,0.0977484341,0.0979378485,0.02924363,0.03063285,0.00128009,-0.00391692,-0.02984646,-0.00928663,0.00983607,-0.01161017,0.00331287,-0.01535088,-0.00525158,-0.00043506,-0.00819349,-0.00797809,-0.01569419,0.00623545,-0.00734718,0.00049897,-0.00497953,0.01970763,0.00844214,0.00608281,0.00022580,0.01616825,0.00508010,-0.00978825,-0.01404523,0.01150860,-0.00705969,-0.01030301,0.00105812,0.01180363,-0.01733221,-0.00830304,-0.01964615,-0.00029527,-0.00402004,0.00893058,-0.00184236,0.00671714,0.00568123,-0.00504646,-0.01337490,-0.00764055,-0.02053783,-0.00128155,-0.00886572,-0.01404360,0.00254312,-0.00990939,50,0.0350924431,0.1159161679,0.0808237248,10.5015264704,0.1080825180,0.0668899854,-0.0699303513,1.3760566893,2.41402970,2.36868012,-0.04534958,-5.86158644,1.02161498,-0.12404366,0.02687047,1.02203855
237,0x2f342c000,0xdbb85000,7,15,0,129.80,0.0000755165,-0.0022241786,0.0874029284,0.0949990893,0.0906417811,0.0906042761,0.0937260674,0.0929538949,0.0887402739,0.0931834200,0.0904540511,0.0907543986,0.0876217280,0.0907168936,0.0885930110,0.0906042761,0.0940348906,0.0895992523,0.0878405276,0.0926861505,0.0918350371,0.0910546436,0.0936873855,0.0930686575,0.0907919036,0.0919865893,0.0874758948,0.0936873855,0.0888507463,0.0873664950,0.0916076571,0.0965116422,0.0960790125,0.0905291636,0.0954277862,0.0949990893,0.0928774562,0.0935329739,0.0926479311,0.0944209722,0.0909796336,0.0943438192,0.0931068768,0.0876217280,0.0887770645,0.0875123282,0.0929538949,0.0906042761,0.0898594899,0.0941893022,0.03131976,0.04619150,-0.00682088,-0.00895441,0.00440524,-0.00615073,0.00578400,0.00563014,0.00319867,0.01425114,-0.00697967,0.00171219,-0.01976472,0.01500630,0.00841950,-0.00806666,0.00938870,-0.00901134,-0.00760755,0.00255185,-0.00184190,-0.01058339,0.00400713,0.00666180,-0.00211417,-0.00074758,-0.00567023,0.01193219,0.00708400,-0.00233909,-0.00589931,0.00090810,-0.00424534,0.00227038,0.03238683,0.00771733,0.01786757,0.03098950,0.01722281,0.02701373,0.00831184,0.00382014,0.00880803,0.00189405,0.01239593,0.00233727,0.01233674,0.00888388,0.01434048,0.00882376,50,0.0250623077,0.1145825825,0.0895202747,11.7589797918,0.0437668026,0.0774582284,-0.0768121545,1.2556041320,2.23478509,2.25380747,0.01902237,2.53965202,0.47933501,-0.03735826,-0.02825423,1.05156866
238,0x3c98bb000,0x70c0000,12,0,0,129.87,0.0023031716,-0.0008945187,0.0888827450,0.0967982030,0.0965643877,0.0984500561,0.0914529964,0.0957528125,0.0952123192,0.0939418048,0.0930160395,0.0896688013,0.0931675917,0.0931675917,0.0886639454,0.0946685993,0.0932812817,0.0944008549,0.0964474800,0.0954825658,0.0892109444,0.0952123192,0.0953667308,0.0888827450,0.0901474813,0.0905893707,0.0918244679,0.0920497029,0.0902948448,0.0946685993,0.0950964842,0.0913043037,0.0896320107,0.0896320107,0.0923500504,0.0918244679,0.0898529554,0.0898161648,0.0919746929,0.0955211424,0.0952508958,0.0941331104,0.0957142359,0.0976853896,0.0899634277,0.0888827450,0.0923500504,0.0950192257,0.0920497029,0.0942860923,0.06055035,0.04986757,0.00744614,0.01407050,0.00581644,0.01346322,-0.01115684,0.00691990,0.00922915,-0.00193236,-0.00898592,-0.01404058,0.00310220,0.00704283,-0.01058821,0.00039315,0.00182888,-0.00457691,0.01114640,-0.00358598,0.00039687,-0.00221623,0.00043415,0.02334551,0.00242698,0.01887752,0.02057472,0.00811932,0.02652721,0.02151096,0.01756291,0.02326976,0.00418670,-0.01501219,0.02154242,0.00536617,-0.00351225,0.00210886,0.00494112,0.00617597,0.00604551,-0.00211366,-0.00475317,-0.00013375,-0.00948010,0.00747856,0.01345618,-0.00405024,0.01038981,-0.00068658,50,0.0247454127,0.1157671809,0.0910217681,11.9329626052,0.0400360380,0.0731960000,-0.0861372163,1.3292521531,2.23636566,2.31648495,0.08011929,10.61594223,0.63173023,-0.03522211,-0.08912740,1.03748656
239,0x3f540a000,0x2a7fec000,5,7,0,127.07,0.0043475354,0.0044018654,0.0973743432,0.0948418883,0.0971491082,0.0947314159,0.0887174874,0.0907401352,0.0940915501,0.0975995782,0.0938363170,0.0969238732,0.0973368382,0.0961434715,0.0939091839,0.0920710353,0.0972993332,0.0949891513,0.0960690744,0.0960319266,0.0935445510,0.0928292386,0.0958459846,0.0932264714,0.0980016513,0.0937998836,0.0866212324,0.0961434715,0.0930098169,0.0927931624,0.0949155700,0.0974494557,0.0962921641,0.0958832339,0.0919994997,0.0949891513,0.0929014896,0.0930098169,0.1007749593,0.0974869607,0.0910586817,0.0961434715,0.0928654134,0.0939457168,0.0961806193,0.1004661361,0.0929737407,0.0972242207,0.0974118482,0.0958459846,0.02999502,0.06334197,-0.02233871,-0.00021316,-0.01581834,-0.00120798,-0.02120538,-0.02395504,-0.01310003,-0.01096803,-0.01347213,-0.02026499,-0.01357710,-0.01518438,0.83833859,-0.03003264,-0.01223334,-0.00652785,-0.00419615,-0.02349196,-0.02374519,-0.03688274,-0.03215551,-0.02703266,-0.01888044,0.00643761,-0.02247880,-0.02840619,-0.02905790,-0.03223752,-0.01122641,-0.01971439,-0.02138732,-0.01153494,-0.01846285,-0.01105715,-0.02329043,-0.01559807,-0.02444271,-0.01437862,-0.02220255,-0.02503145,-0.02154555,-0.02287859,-0.01151129,-0.00231732,-0.03159669,-0.01957004,-0.01971892,-0.00991524,50,0.0258011802,0.1114142636,0.0856130834,11.0939441121,0.0322171990,0.0751355490,-0.0651396411,1.4106100073,2.24883020,2.24352301,-0.00530719,-0.68380066,0.50493179,-0.08297386,-0.12618540,1.10397297
