pair_id,phys_a,phys_b,bank_a,bank_b,label,timing_ns,ddr_s0,ddr_s1,ddr_s2,ddr_s3,ddr_s4,ddr_s5,ddr_s6,ddr_s7,ddr_s8,ddr_s9,ddr_s10,ddr_s11,ddr_s12,ddr_s13,ddr_s14,ddr_s15,ddr_s16,ddr_s17,ddr_s18,ddr_s19,ddr_s20,ddr_s21,ddr_s22,ddr_s23,ddr_s24,ddr_s25,ddr_s26,ddr_s27,ddr_s28,ddr_s29,ddr_s30,ddr_s31,ddr_s32,ddr_s33,ddr_s34,ddr_s35,ddr_s36,ddr_s37,ddr_s38,ddr_s39,ddr_s40,ddr_s41,ddr_s42,ddr_s43,ddr_s44,ddr_s45,ddr_s46,ddr_s47,ddr_s48,ddr_s49,tot_s0,tot_s1,tot_s2,tot_s3,tot_s4,tot_s5,tot_s6,tot_s7,tot_s8,tot_s9,tot_s10,tot_s11,tot_s12,tot_s13,tot_s14,tot_s15,tot_s16,tot_s17,tot_s18,tot_s19,tot_s20,tot_s21,tot_s22,tot_s23,tot_s24,tot_s25,tot_s26,tot_s27,tot_s28,tot_s29,tot_s30,tot_s31,tot_s32,tot_s33,tot_s34,tot_s35,tot_s36,tot_s37,tot_s38,tot_s39,tot_s40,tot_s41,tot_s42,tot_s43,tot_s44,tot_s45,tot_s46,tot_s47,tot_s48,tot_s49,n_samples,ddr_baseline,ddr_burst,ddr_delta,ddr_integral,ddr_max_minus,ddr_rise,ddr_fall,ddr_symmetry,tot_baseline,tot_burst,tot_delta,tot_integral,tot_max_minus,tot_rise,tot_fall,tot_symmetry
0,0x3d3d73000,0x1a5731000,12,13,0,129.03,0.0002560479,-0.0072435955,0.0910335806,0.0960554162,0.0962241252,0.0918284902,0.0935230936,0.0943574033,0.0953129110,0.0941086856,0.0888729073,0.0859021994,0.0928653019,0.0908720202,0.0901934406,0.0889125554,0.0871798690,0.0942329879,0.0963928341,0.0921545816,0.0845133477,0.0933586737,0.0963506857,0.0925213926,0.0961397131,0.0962241252,0.0930709109,0.0913163388,0.0885950455,0.0875566657,0.0942745352,0.0934820167,0.0845133477,0.0944403847,0.0945648002,0.0898331740,0.0962663888,0.0913163388,0.0878319170,0.0946892157,0.0919508718,0.0906699871,0.0909931078,0.0887935028,0.0960554162,0.0925213926,0.0951038405,0.0900333100,0.0900333100,0.0921545816,-0.00275105,-0.01197805,0.07156360,0.06121119,0.06288648,0.06432242,0.06145851,0.07749279,0.07219217,0.06832268,0.05736501,0.06061496,0.05783594,0.04966105,0.06842880,0.05016779,0.04607860,0.07651173,0.06633908,0.07630993,0.04674475,0.07223796,0.06677619,0.06096549,0.07055440,0.07553670,0.06513281,0.05647140,0.06067240,0.06652172,0.06710069,0.91623578,0.06830860,0.04990785,0.06994640,0.07159575,0.07357260,0.05635001,0.06779460,0.07064754,0.08322505,0.04236381,0.06539348,0.06552030,0.06953590,0.05424672,0.06876815,0.05996249,0.07010706,0.06425648,50,0.0284858912,0.1244386431,0.0959527519,12.5856714595,0.0514858156,0.0609825730,-0.0680863362,1.8017199341,2.33675002,2.41759839,0.08084837,10.62183481,0.56712503,0.08743305,-0.05589536,1.02662146
1,0x35388c000,0x153e6c000,3,2,0,129.43,0.0000826749,0.0065584702,0.0952958322,0.1004697209,0.1049168010,0.1036706702,0.1016311947,0.1805058411,0.0983476242,0.1005097263,0.1049168010,0.1026309979,0.0971497209,0.1404013409,0.1165435274,0.1017522823,0.1051656320,0.1011464034,0.1003095903,0.1026717176,0.1011464034,0.1049582351,0.1037528240,0.1028347076,0.0979936837,0.1049168010,0.1044605732,0.1438053227,0.1050412165,0.1003896010,0.1054547687,0.0995080244,0.1043777050,0.0958380170,0.1013079637,0.1005097263,0.1037528240,0.0993493236,0.1072067835,0.1013484365,0.0952958322,0.1066583930,0.1004297156,0.1793587652,0.1210961172,0.1061240000,0.0997461298,0.1027532682,0.1015907219,0.1008300969,0.00173342,0.00318441,0.08434735,0.07389275,0.07504146,0.07896742,0.07396546,0.77474095,0.08379138,0.08045302,0.07745894,0.08064533,0.06452909,0.96997545,1.28011231,0.08957524,0.08342909,0.08679655,0.07158577,0.07353664,0.08150724,0.08069438,0.08292721,0.07809289,0.07619548,0.08749318,0.08337698,0.11623305,0.08109490,0.08175900,0.08280648,0.08003419,0.08070322,0.07376683,0.08996256,0.07927726,0.08142555,0.06737214,0.09534996,0.75921746,0.07251299,0.08075790,0.07089858,1.02978247,1.16683300,0.09781838,0.06182052,0.10336061,0.07233275,0.10212773,50,0.0304127914,0.1269272221,0.0965144307,12.7751116751,0.1078410909,0.0942844734,-0.0948575099,1.5532602608,2.44536000,2.48935936,0.04399936,5.84891979,1.02724935,-0.08353875,-0.10316786,1.06192336
2,0x9b366000,0x160622000,6,2,0,126.28,-0.0040072003,0.0165423429,0.0938745721,0.0898213957,0.0951429416,0.0978462535,0.0987334401,0.0964533578,0.0982615194,0.0974955305,0.0974565967,0.0977293458,0.0903318617,0.0997758601,0.0988121293,0.1028581139,0.0953341428,0.0996171593,0.0899672289,0.0956784304,0.0942156422,0.1026542929,0.0986154599,0.0925010469,0.0959901231,0.0996964555,0.0929852384,0.0938745721,0.1008176766,0.0920921167,0.0938367099,0.0964920398,0.0973786228,0.0931353609,0.0988514203,0.0953341428,0.0955636679,0.0987727310,0.0921292645,0.0977293458,0.1006975513,0.0974955305,0.0922036616,0.0910482688,0.0929101259,0.0950280746,0.0928725184,0.0928725184,0.0901130621,0.1014949641,-0.00139354,0.01706095,0.06079626,0.06049198,0.06796065,0.05704018,0.04998970,0.06701049,0.05731511,0.05784246,0.05575035,0.05924244,0.06168610,0.06741809,0.07936463,0.06118841,0.05848961,0.05477855,0.06895180,0.07069485,0.06515695,0.07107866,0.06618450,0.06152498,0.05246870,0.07229698,0.06813858,0.09311174,0.06227286,0.08722504,0.07262571,0.06973195,0.07022945,0.07724574,0.06846737,0.08284742,0.11616290,0.07061345,0.04650547,0.07785285,0.07251712,0.07631607,0.07080946,0.08113473,0.06493374,0.06066539,0.06770679,0.07053471,0.06534466,0.10153663,50,0.0300268577,0.1198080288,0.0897811711,11.5773068896,0.0979601172,0.0765286773,-0.0792796816,1.5744266066,2.36544460,2.43076620,0.06532160,8.48269321,1.07387379,-0.03021122,-0.08285498,1.03966647
3,0x8ee42000,0x1dda6e000,6,4,0,126.27,-0.0043301980,0.0021638471,0.0968768296,0.0973014879,0.1007032864,0.0961440535,0.0990310675,0.1018259373,0.0939458834,0.0992670279,0.0995422792,0.0986164096,0.0961057297,0.0999355106,0.0964117979,0.0964117979,0.0972629113,0.0957997659,0.0983047267,0.0981488853,0.0962970354,0.0948742544,0.0995815701,0.0963734741,0.0981488853,0.0955942566,0.1015856866,0.1013855507,0.1014255560,0.0974558994,0.1017058120,0.0982656866,0.0962204922,0.0980318713,0.0995422792,0.0992277369,0.0969154062,0.0987333173,0.1019460626,0.0920805530,0.0980709114,0.1019860679,0.1003065885,0.0969539827,0.0920805530,0.0960675103,0.0961057297,0.0993850080,0.0920805530,0.1029490833,-0.04993091,0.01724334,0.08493214,0.08162558,0.08235814,0.09098461,0.07472749,0.07808891,0.07061975,0.07830493,0.09370127,0.07913005,0.07324859,0.09030711,0.10011220,0.09041333,0.07379643,0.08086243,0.08165045,0.08707684,0.07681937,0.08130650,0.09257468,0.08768764,0.08672898,0.07647870,0.08199155,0.09098114,0.09482388,0.09462914,0.08055784,0.08682054,0.09386166,0.07980439,0.09621650,0.08603224,0.11621789,0.08915921,0.09360365,0.06598990,0.09592799,0.08846099,0.09736942,0.06893512,0.08217130,0.08190635,0.08148902,0.07891999,0.07558206,0.09434297,50,0.0271722518,0.1182350871,0.0910628353,11.7428955943,0.0608022404,0.0714565862,-0.0787733364,1.4341097069,2.31009243,2.40169233,0.09159990,11.81683983,0.64126763,0.09396214,-0.05167658,1.01168987
4,0xdb24a000,0x3546a4000,6,3,0,128.95,-0.0108171769,0.0041331221,0.0881466437,0.0928662253,0.0931129112,0.0950275022,0.0896642045,0.0844503104,0.0861873978,0.0864211068,0.0892238178,0.0906644751,0.0881466437,0.0882259400,0.0886625026,0.0898243351,0.0885830981,0.0885434499,0.0874235205,0.0920300168,0.0894640685,0.0885434499,0.0889402561,0.0893038285,0.0884243972,0.0905836398,0.0978405485,0.0935321832,0.0926607285,0.0882259400,0.0926195393,0.0924551195,0.0897443244,0.0961502891,0.0841060228,0.0924551195,0.0828369390,0.0904220794,0.0925784624,0.0874235205,0.0884243972,0.0893839485,0.0909472333,0.0915817663,0.0939882978,0.0919484661,0.0950692935,0.0935321832,0.0838764978,0.0914593847,0.00442102,0.02597531,0.08671989,0.07886138,0.06416185,0.06927611,0.07095563,0.05863777,0.06065762,0.07730649,0.08416448,0.06355501,0.07179247,0.06788895,0.07150380,0.06161659,0.06605367,0.05544613,0.07586543,0.06968001,0.06331127,0.06190687,0.06752355,0.30966158,0.06515777,0.05870562,0.07260089,0.06952500,0.07037505,0.06892794,0.05371286,0.06142696,0.05704142,0.06582446,0.05616416,0.07141511,0.05980751,0.05889606,0.05957992,0.07119089,0.06904846,0.07547599,0.05594886,0.06712377,0.06307455,0.05980177,0.06542459,0.06645858,0.05682224,0.05830854,50,0.0265493009,0.1225877131,0.0960384122,12.6118117755,0.0354181178,0.0888327824,-0.0692964798,1.3514040098,2.34111392,2.40436347,0.06324955,8.32820396,0.51523542,0.15736946,-0.04811069,1.01653113
5,0x1e34e2000,0x1c88a2000,4,4,1,184.63,0.0019791155,0.0028881914,0.0880624441,0.0852705113,0.0831721223,0.0874354397,0.0894588018,0.0851346863,0.0897419864,0.0829726285,0.0886580971,0.0902538832,0.0883427683,0.0837511991,0.0895296221,0.0818258766,0.0906828044,0.0862844005,0.0852365783,0.0851007532,0.0841209009,0.0841209009,0.0909688495,0.0886580971,0.0852365783,0.0884128732,0.0857695778,0.0874354397,0.0912958888,0.0851007532,0.0829726285,0.0905041116,0.0884828825,0.0906113663,0.0850327943,0.0850668201,0.0870193860,0.0875048293,0.0872967551,0.0817272023,0.0884128732,0.0808105708,0.0909688495,0.0852365783,0.0819574125,0.0880624441,0.0900250744,0.0794399542,0.0894234400,0.0818915997,0.00723191,-0.00874985,0.06468015,0.04163503,0.04109097,0.05842786,0.06735114,0.06553855,0.07048877,0.03850847,0.06023816,0.05658649,0.04634606,0.06415332,0.06505013,0.05010041,0.05926634,0.05499858,0.06201612,0.06081118,0.04902180,0.07190292,0.05039571,0.05310037,0.05424720,0.05347963,0.05654169,0.06478869,0.05343291,0.06233494,0.05474711,0.06019070,0.06853810,0.06884605,0.04642448,0.05140041,0.06353067,0.06054035,0.07301080,0.11308571,0.06581223,0.05160233,0.07358601,0.06456570,0.06877088,0.06311769,0.06920088,0.06120692,0.05041234,0.04901242,50,0.0278070421,0.1058915345,0.0780844923,13.2991957020,0.0630852359,0.0583623248,-0.0644932644,1.3653352812,2.30940181,2.37882864,0.06942684,11.85516758,0.56058816,0.07518346,-0.04937476,0.98975660
6,0x31e44a000,0x33b424000,3,3,1,184.56,0.0033176238,0.0011398418,0.0921608102,0.0906075466,0.0872647001,0.0865333005,0.0802380275,0.0899930315,0.0898499602,0.0885905957,0.0888383219,0.0904630446,0.0843698009,0.0851770466,0.0884844135,0.0844376671,0.0921242772,0.0896712674,0.0839961661,0.0851426626,0.0886614160,0.0845735849,0.0897069864,0.0886967778,0.0864639109,0.0907158739,0.0884490517,0.0909686047,0.0893852223,0.0865679479,0.0866719850,0.0937336944,0.0902789790,0.0907158739,0.0844376671,0.0899214958,0.0864639109,0.0895640127,0.0918326107,0.0919420105,0.0845735849,0.0862211892,0.0866719850,0.0904992194,0.0864639109,0.0865333005,0.0864639109,0.0897069864,0.0893852223,0.0863252263,0.00302405,-0.00832440,0.07237972,0.06543285,0.07112106,0.06563399,0.07475982,0.06742003,0.07286712,0.07244071,0.07886883,0.07979797,0.06913564,0.06856153,0.07102246,0.07109367,0.08062410,0.06073623,0.05985189,0.06428559,0.06653030,0.06644331,0.07387725,0.07044230,0.07034485,0.08111517,0.07278633,0.06294289,0.08553460,0.05570535,0.07122073,0.06748066,0.07943294,0.06333704,0.07610350,0.07637009,0.06130746,0.07316828,0.07013579,0.07084644,0.08073285,0.07118997,0.07448930,0.05707983,0.08037004,0.06286027,0.06845807,0.06785189,0.08252934,0.06321802,50,0.0214105645,0.1067912961,0.0853807315,14.5150185292,0.0393777381,0.0834778101,-0.0624338802,1.3018011589,2.31592094,2.36729676,0.05137582,8.72010561,0.65995384,0.06381938,-0.04801740,1.01054676
7,0x16a3d9000,0x20dfb8000,11,1,0,128.99,-0.0324736938,-0.0431910369,0.0620323688,0.0627497709,0.0614264899,0.0595066732,0.0612244567,0.0840830367,0.0614264899,0.0612244567,0.0612648193,0.0955925421,0.0769847340,0.0618303356,0.0548382923,0.0594273770,0.0639131434,0.0648290048,0.0618708084,0.0637487235,0.0638308773,0.0616284127,0.0569939589,0.0646631552,0.0657001014,0.0603876436,0.0615475774,0.0617899731,0.0629535919,0.0625053415,0.0646216079,0.0619920062,0.0624237908,0.0605077689,0.0606278943,0.0615072149,0.0648704389,0.1385534180,0.0625053415,0.0630758622,0.0660347741,0.0792562300,0.0939462673,0.1211253081,0.0626683315,0.0612244567,0.0639542203,0.0646631552,0.0612648193,0.0597051305,-0.03115329,-0.02914271,0.04660511,0.04162995,0.02701241,0.02893814,0.04724915,0.88461485,0.84017204,0.03078312,0.05931953,0.98785937,1.18778228,0.91601937,0.05079722,0.04701539,0.05699044,0.04428421,0.04198075,0.05387125,0.04227029,0.02589939,0.03290181,0.04002328,0.04582047,0.02789695,0.04855148,0.03189328,0.05200939,0.03198297,0.07045878,0.02299872,0.05298245,0.02845136,0.05292984,0.04556688,0.03511961,0.94166516,0.03988694,0.03914749,0.04330320,1.02827344,0.98362944,1.20072766,0.05289616,0.02964045,0.04706084,0.03285287,0.02882792,0.03202085,50,0.0320716216,0.1275280720,0.0954564504,12.5823518698,0.1077765027,0.0880185991,-0.0854498514,1.3548279471,2.46334917,2.51217742,0.04882826,6.46962990,1.04140291,-0.02512749,-0.03531313,1.01839524
8,0x27ef93000,0x210fcb000,8,8,1,184.61,0.0016930346,-0.0005834080,0.0838076833,0.0858989217,0.0804616302,0.0849951559,0.0880602651,0.0850659762,0.0816105363,0.0848182500,0.0831770256,0.0829690289,0.0829690289,0.0855057195,0.0821596492,0.0828996393,0.0827956023,0.0883884645,0.0805294964,0.0758475668,0.0804616302,0.0760752747,0.0869435282,0.0825182332,0.0862206858,0.0845350654,0.0826915652,0.0837725830,0.0899240995,0.0880602651,0.0824488436,0.0849951559,0.0837725830,0.0835624594,0.0825528806,0.0838426879,0.0836324687,0.0790788574,0.0814389912,0.0857916670,0.0858989217,0.0807332803,0.0823448065,0.0838076833,0.0854198845,0.0871600842,0.0805294964,0.0827609548,0.0837025737,0.0835273591,-0.00268143,-0.00521139,0.06503232,0.07668658,0.05591122,0.06548406,0.07295006,0.06301751,0.05952575,0.05648171,0.06986940,0.06126177,0.05936614,0.05989773,0.06979404,0.05777971,0.08665135,0.07676093,0.05420081,0.06174978,0.06310054,0.06086656,0.08359527,0.04671309,0.06162123,0.07317764,0.07074752,0.05953074,0.06888993,0.05788652,0.07101533,0.06369053,0.06509539,0.07608895,0.06595297,0.05426759,0.07257284,0.06827196,0.05517115,0.06262635,0.07021000,0.06728346,0.06382474,0.05902613,0.04761389,0.07758547,0.06159366,0.07379083,0.05358772,0.07846873,50,0.0311701330,0.1098681150,0.0786979820,13.3771917500,0.1048142140,0.0649020373,-0.0679477262,1.4049855448,2.47392342,2.46513131,-0.00879212,-1.43843596,0.88861294,-0.00158027,0.00394642,1.04017402
9,0x33abfc000,0x1dbce8000,3,4,0,128.84,-0.0011016676,0.0061126949,0.1025413281,0.0964922772,0.0958084449,0.0990101085,0.0969287315,0.0968494352,0.1046646315,0.1000903898,0.0992928667,0.1004979205,0.0967303826,0.1002533798,0.0991716689,0.1003756502,0.0944550573,0.0978097019,0.0991313063,0.0982100832,0.1023754786,0.0982100832,0.1000088392,0.1023339313,0.0964922772,0.1046646315,0.1001718292,0.0992928667,0.1015406985,0.0945330312,0.0939173039,0.1014585446,0.1023339313,0.1008829067,0.1041162410,0.0923752175,0.0960444053,0.0949225816,0.0990101085,0.0969287315,0.1014173555,0.1029974428,0.1021680817,0.0927576200,0.0966113299,0.0990908336,0.1044959226,0.1003348192,0.0980899579,0.1000903898,0.00187360,-0.00134604,0.07784273,0.07122661,0.04988873,0.06335946,0.06358605,0.07120729,0.08012156,0.07286915,0.06526644,0.07244802,0.07907955,0.06004551,0.08232500,0.05925646,0.04730503,0.07082448,0.07231557,0.08341809,0.06638166,0.08097567,0.08644214,0.08238024,0.07854517,0.06792696,0.05431450,0.08080057,0.07533539,0.06427875,0.06297161,0.07291216,0.07009320,0.06944977,0.07484032,0.06125585,0.07456575,0.07369464,0.08106277,0.05913354,0.07518921,0.07406074,0.06555363,0.06410233,0.06440841,0.07402771,0.06421028,0.06987432,0.07857948,0.07390768,50,0.0234492069,0.1236116632,0.1001624562,13.1464060904,0.0411597682,0.0961772963,-0.0799770852,1.0189299521,2.30115951,2.38494879,0.08378928,10.99131889,0.47638869,0.07254366,-0.05189680,1.00777886
10,0x1c812c000,0x2ecbde000,4,7,0,129.03,0.0003186050,-0.0050625910,0.0997057024,0.1011942288,0.0975833568,0.1008682487,0.0993825817,0.0935255752,0.1004198870,0.1009496881,0.0973452514,0.0986648214,0.0997057024,0.1005422686,0.1004607180,0.0998672627,0.0929517626,0.0953816090,0.0942619261,0.1004607180,0.0997461752,0.1001096584,0.1016212307,0.1050264945,0.0932195070,0.0960300823,0.1003384476,0.0996249774,0.0987848374,0.0951868338,0.1019089936,0.0997057024,0.0934490320,0.0988249520,0.1009905190,0.0981843201,0.1003384476,0.1020322243,0.1007866980,0.1028659319,0.0996249774,0.1006237080,0.0975436003,0.0934108127,0.0998672627,0.1028659319,0.0987848374,0.0976626530,0.1005422686,0.1033634806,0.01620924,0.01329319,0.08504195,0.07349116,0.08367431,0.07930218,0.07391632,0.08489448,0.08920901,0.08903713,0.07871164,0.08779743,0.07947233,0.08131245,0.07864540,0.08058231,0.07159425,0.08011969,0.08632369,0.08438614,0.08770785,0.11699000,0.08299352,0.07911339,0.07652929,0.08432405,0.07479066,0.10153726,0.07120729,0.06505549,0.07660954,0.07145176,0.06824050,0.08036992,0.08607382,0.06795212,0.06785844,0.07607300,0.08242055,0.09680253,0.06740705,0.08918188,0.07294293,0.07434161,0.07550742,0.07037761,0.07838060,0.07452304,0.08470904,0.07027114,50,0.0281353110,0.1235041588,0.0953688478,12.5355081212,0.0549458033,0.0734085332,-0.0753339257,1.5219265420,2.32269414,2.43381836,0.11112422,14.64561235,0.64714330,0.07328287,-0.05710434,1.00961422
11,0xadfc000,0x16b51f000,0,11,0,127.75,0.0011353591,0.0032066291,0.0961833611,0.1029162425,0.0973430460,0.0916341353,0.0973823370,0.0920093903,0.0961833611,0.0959106121,0.0957547706,0.0899917922,0.0929782291,0.1013440207,0.0894394304,0.1012216391,0.0959106121,0.0960275197,0.0975003171,0.0982660562,0.0964951504,0.0905179238,0.1016700008,0.0969498146,0.0941360216,0.0974216279,0.0957158369,0.0918592678,0.0985040533,0.0963782427,0.0937918385,0.0981866516,0.0950251016,0.0951795132,0.0894394304,0.0902948341,0.0949478431,0.0951022547,0.0963392026,0.0953339248,0.0897340569,0.0972643568,0.0981866516,0.0979088981,0.0981470035,0.0929402634,0.0917466503,0.0962224013,0.0963392026,0.1006286523,-0.01130375,-0.00830837,0.09335641,0.08147032,0.08634445,0.06831071,0.07702639,0.06717761,0.06387517,0.07262667,0.07236996,0.08937727,0.07307194,0.07338530,0.07037847,0.08739744,0.08012181,0.06427841,0.07541658,0.07911467,0.06692767,0.06093329,0.07470644,0.06064102,0.06479224,0.06797757,0.08169974,0.07412003,0.08182697,0.08072905,0.08114612,0.08456811,0.07989844,0.08105787,0.06603427,0.08285084,0.07018666,0.11655422,0.07488797,0.08848814,0.07580853,0.07786140,0.08319880,0.09691118,0.07171673,0.07485691,0.07740265,0.08010015,0.07520435,0.09970334,50,0.0294745644,0.1194283581,0.0899537937,11.6223521805,0.0590162118,0.0733924602,-0.0672723051,1.5275509117,2.30693137,2.39732590,0.09039453,11.70374899,0.63562228,0.05888761,-0.04394708,1.00808556
12,0x204771000,0x21f8d5000,8,8,1,184.64,-0.0511737180,0.0511737180,0.0450220811,0.0374548900,0.0284977986,0.0286694374,0.0439804837,0.0294369253,0.0306885104,0.0365580485,0.0429769974,0.0297143891,0.0432497465,0.0300264056,0.0309337342,0.0580824608,0.0628046966,0.1253490689,0.0500540344,0.0405067865,0.0331666133,0.0490997115,0.0274199763,0.0445702773,0.0577307454,0.0426263808,0.0295756099,0.0569134763,0.0553565953,0.0491407884,0.0374548900,0.0547943542,0.0333453061,0.0558757080,0.0447046794,0.0494285513,0.0361161590,0.0587208927,0.0375292871,0.0419720769,0.0505102622,0.0508005273,0.0319435856,0.0490997115,0.0307936200,0.1169395316,0.0328448492,0.0308286246,-0.0533872521,0.0343562401,-0.63054565,0.63054565,-0.44278684,-0.50751501,-0.52156013,-0.51492451,-0.52128141,-0.53332389,-0.24808635,-0.51439570,-0.52526925,-0.53403613,-0.50983179,-0.50919256,-0.52869496,-0.30252342,0.35609298,0.53858878,0.45121836,0.48654662,0.30252170,0.37847178,0.37708799,0.48182679,0.42642144,0.46400623,0.44936791,0.45489104,0.46156514,0.44564174,0.45168080,0.51048224,0.45490596,0.46029532,0.49759294,0.44584456,0.47259849,0.45107339,0.46203357,0.45413307,0.47341461,0.47993435,-0.49743141,0.29206690,-0.52689146,0.52674208,-0.51354811,-0.52746904,-0.59454622,-0.51237070,50,0.0786990799,0.1131853144,0.0344862345,5.8904762363,0.1101774268,0.0168251933,-0.0131330881,1.7060474145,2.40156680,2.43576544,0.03419864,5.82944089,1.00493050,-0.01836554,-0.02074903,1.01522758
13,0xa298000,0x3c9d22000,0,5,0,128.98,-0.0676420732,0.0381786579,0.0327788209,0.0319816559,0.0329826419,0.0341878067,0.0308992306,0.0296579935,0.0307390999,0.0293008354,0.0428062421,0.0298564508,0.0278077914,0.0317393705,0.0308992306,0.0339000438,0.0286556871,0.0324528408,0.0332271826,0.0339821976,0.0263763193,0.0277298175,0.0276518436,0.0271452792,0.0301785880,0.0328603715,0.0274960022,0.0306590893,0.0341055406,0.0286163962,0.0324935605,0.0348144755,0.0293008354,0.0329010912,0.0274960022,0.0319816559,0.0271063455,0.0277298175,0.0308192199,0.0316181727,0.0292215392,0.0295786973,0.0317393705,0.0320221287,0.0298166943,0.0307792146,0.0329010912,0.0343111496,0.0285769979,0.0319009309,-0.04992027,0.02759928,0.02407835,0.03577913,0.02662256,0.04209035,0.03368026,0.03508106,0.01431965,0.02954479,0.03470078,0.06456820,0.02966556,0.02774331,0.01884699,0.03873300,0.02891922,0.01938023,0.02101913,0.02534559,0.00462091,0.02645417,0.03431651,0.02896600,0.02678151,0.02150996,0.01552843,0.04165753,0.02936026,0.01808818,0.01711142,0.02403649,0.02080938,0.01606364,0.01970075,0.09209326,0.02178012,0.02519884,0.00768986,0.02842196,0.03310701,0.02548003,0.01322196,0.01300764,0.05640154,0.02088910,0.05010293,0.03355656,0.03650589,0.03904531,50,0.0819256591,0.1215303196,0.0396046605,5.1841818805,0.0825017395,0.0142307792,-0.0214715833,1.7071295646,2.38574939,2.42593356,0.04018417,5.23410464,0.69096406,0.00447938,-0.01782110,1.01062055
14,0x358183000,0x15cfbd000,10,11,0,128.97,-0.0559171687,0.0478326379,0.0388191010,0.0480309868,0.0450152700,0.0445520352,0.0422399204,0.0510339443,0.0450152700,0.0564355722,0.0445520352,0.0489533924,0.0508709543,0.0453595717,0.0411985739,0.0507894037,0.0411610688,0.0487132511,0.0478722860,0.0408999671,0.0426187492,0.0468699796,0.0489935071,0.0446291883,0.0525254421,0.0518264612,0.0444362002,0.0488733818,0.0507485727,0.0435481927,0.0514414751,0.0504383441,0.0435865165,0.0475548844,0.0477135852,0.0454765858,0.0431656857,0.0497921027,0.0499940256,0.0398961647,0.0454765858,0.0391136269,0.0435481927,0.0453986119,0.0474358317,0.0442816832,0.0403794920,0.0437394983,0.0459051763,0.0541912022,-0.55134769,-0.43645338,-0.43594386,-0.43312519,-0.43879016,-0.43500457,-0.44108925,-0.43839945,-0.43927710,-0.40884312,-0.43122305,-0.42602748,-0.43566800,-0.43538682,-0.44932999,-0.44485382,-0.43340155,-0.43086953,-0.43375106,-0.44469728,-0.46044538,-0.44122736,-0.42309502,-0.42963464,-0.41560740,-0.42776377,-0.42256720,-0.42882274,-0.42970188,-0.44638143,-0.43131343,-0.43347815,-0.41054069,-0.44143344,-0.40939317,-0.42153260,-0.41420654,-0.42591616,-0.38769764,-0.44258300,-0.40655929,-0.44608265,-0.42171780,-0.44872107,-0.41534937,-0.45167735,-0.42599252,-0.43157480,-0.43594847,-0.42776042,50,0.0837304466,0.1197942577,0.0360638110,4.7617603048,0.0511151345,0.0162090331,0.0021559843,1.3709058097,2.39680151,2.40399253,0.00719102,0.90454135,0.65373677,-0.00457084,-0.01093344,1.01175348
15,0x2865c2000,0x9bb6000,7,0,0,128.94,-0.0795471590,0.0219666412,0.0243324535,0.0261663190,0.0249631652,0.0275809149,0.0237618214,0.0281153079,0.0240471931,0.0242101831,0.0236396623,0.0236939885,0.0236803820,0.0273717302,0.0232091972,0.0212030447,0.0232091972,0.0229264390,0.0240471931,0.0226033183,0.0236939885,0.0210442356,0.0217665052,0.0414716783,0.0339898489,0.1322315202,0.0241286325,0.0247575562,0.0215262545,-0.0773736614,-0.0796887118,0.0208855348,0.0204490804,0.0206475377,0.0253741588,0.0251686620,0.0241286325,0.0204490804,0.0236939885,0.0216062652,0.0410068233,0.0230476368,0.0230476368,0.0212030447,0.0236939885,0.0228457140,0.0226033183,0.0252097389,0.0226840433,0.0197259572,-0.13760699,0.01755231,-0.00896074,0.01339040,0.00210137,0.00828481,-0.00506404,0.04052529,-0.01643421,-0.01111048,-0.00115442,-0.00599831,-0.00107690,-0.00624437,-0.00960176,-0.00688766,-0.00901961,-0.00346639,0.00998268,-0.00151762,0.00898592,-0.00667418,-0.00669780,0.92046445,1.23046997,0.15469207,0.01265145,-0.00044428,0.03056146,-0.13500684,-0.12603130,-0.00771173,-0.00996862,-0.01882654,-0.00829618,0.00062898,-0.01932317,0.00155539,0.17231443,0.01452747,0.92511289,0.01298208,0.01780012,0.00780874,0.01640326,-0.02042447,-0.01101587,0.01592994,-0.01634007,0.00696159,50,0.0780106698,0.1205889037,0.0425782338,5.6082416902,0.0813895691,0.0238632293,-0.0343539610,2.4511535266,2.33736096,2.44904413,0.11168316,14.79283399,0.88844259,0.04678517,-0.09302277,1.02622548
16,0x29aa5e000,0x2f2391000,7,14,0,126.27,0.0429900112,0.0435155937,0.0521376108,0.0455663982,0.0456428369,0.0455281788,0.0414603881,0.0424326992,0.0462233455,0.0474182481,0.0464164391,0.0462620275,0.0466481091,0.0497743002,0.0429900112,0.0485363906,0.0486149725,0.0413499157,0.0509351694,0.0506949188,0.0435530987,0.0417634300,0.1461686230,0.0704929614,0.0497346521,0.0441057549,0.0522588086,0.0370539994,0.0462620275,0.0528533363,0.0530570461,0.0518144901,0.0551777140,0.0595862214,0.0522992814,0.0508950548,0.0563420492,0.0639117475,0.0618361943,0.0541381525,0.0581219682,0.0466095326,0.0492980895,0.0528126166,0.0614000647,0.0617053435,0.0634683474,0.0630062514,0.0856937946,0.0575921120,0.02339333,-0.01829897,-0.00813493,-0.01496611,0.03011680,0.00380490,-0.00052370,-0.00607136,-0.00566875,-0.00314835,-0.01633266,0.00169289,0.00385333,-0.01176256,-0.01721209,-0.01577024,-0.02339553,-0.02026305,-0.01477022,-0.02597112,-0.01301254,0.26831876,0.98650189,0.82865552,0.99953169,-0.00939625,0.59307019,0.00252844,-0.00958553,0.98376357,0.01478181,0.01473928,0.86153258,0.98656713,0.92108723,0.01683496,0.22660409,0.94296056,0.96734114,0.93524895,0.89917629,0.64620059,0.94997808,0.99054073,1.00738033,0.97557650,0.95716812,0.91172697,0.77042382,0.94925595,50,0.0758669554,0.1204736205,0.0446066651,5.7484996022,0.0945139897,0.0285119426,-0.0060333536,2.3326232428,2.34309511,2.45655119,0.11345608,14.67365940,0.97923354,0.01900979,-0.06303361,1.03781603
17,0x2f2668000,0x2a7356000,7,7,1,184.53,-0.0261667897,-0.0252105149,0.0591597832,0.0579054334,0.0616078861,0.0594401074,0.0608571031,0.0614648147,0.0602408121,0.0568947720,0.0624028810,0.0599222656,0.0581481551,0.0664643008,0.0615363504,0.0558827635,0.0613218410,0.0602408121,0.0611431482,0.0636297320,0.0632651987,0.0580441180,0.0613218410,0.0559846555,0.0559846555,0.0622224012,0.0612504029,0.0591597832,0.0634838988,0.0602408121,0.0621140740,0.0613218410,0.0590546736,0.0611788673,0.0620778992,0.0602408121,0.0580441180,0.0613933767,0.0516576786,0.0633744990,0.0631192659,0.0589846643,0.0601700884,0.0580787654,0.0590897739,0.0572723399,0.0582868396,0.0599577241,0.0576279697,0.0590897739,-0.02568665,-0.03265616,0.02904978,0.01352914,0.02924897,0.01163357,0.04130705,0.01026869,0.03097138,0.02248791,0.02880822,0.02205078,0.01632888,0.04117070,0.03356335,0.01872260,0.06008004,0.02590320,0.06002553,0.02709718,0.07063183,0.04501390,0.04194287,0.03015547,0.05648307,0.01553619,0.02930136,0.02058413,0.55332814,0.03677370,0.03981736,0.04617434,0.00605922,0.02463852,0.03244694,0.02967480,0.02208106,0.03155505,0.02072292,0.02740392,0.00789774,0.02034352,0.02745414,0.01492232,0.03205776,0.03144228,0.02409661,0.02247435,0.01818506,0.01755160,50,0.0769768803,0.1109241951,0.0339473148,5.7798941932,0.0651971050,0.0103566518,-0.0243172193,2.0163110509,2.38892189,2.39828993,0.00936804,1.65064778,0.80605901,-0.01577688,0.03518776,0.99095438
18,0x7dfdc000,0x23916000,0,0,1,184.64,0.0585476784,0.0373911236,0.0374262239,0.0510873077,0.0537681282,0.0381536060,0.0406342213,0.0543207524,0.0384367906,0.0512461168,0.0533238096,0.0360327367,0.0557686699,0.0622980926,0.0435426401,0.0492046069,0.0569326469,0.0395889980,0.0384721524,0.0557686699,0.0396961551,0.0533238096,0.0489707916,0.0372160046,0.0394459266,0.0525656868,0.0546875635,0.0320192886,0.0402370870,0.0553986410,0.0392672338,0.0468909518,0.0535662053,0.0367262541,0.0503634701,0.0546468438,0.0392314172,0.0370057854,-0.0490010868,-0.0469291289,0.0392314172,0.0527258175,0.1309516308,0.0413141728,0.0524855668,0.0492046069,0.0526857028,0.0393744885,0.0560976219,0.0566009478,0.04718710,0.03236152,0.00746352,0.01501255,0.03106417,0.01875853,0.01051607,0.07782582,0.02071764,0.06626868,0.05355909,0.02615818,0.02988624,0.75206173,0.72499114,0.03824283,0.04390147,0.01978546,0.02389616,0.04865640,0.02870371,0.02678835,0.04092303,0.02491465,0.02772851,0.04930473,0.04281514,0.00414305,0.01004321,0.04656927,0.03343421,1.14742819,0.03767220,0.02510797,0.02561889,0.04604665,0.03621927,0.02343797,-0.01327186,-0.07946484,0.02162810,0.04192022,0.63669985,0.04843095,0.09629207,0.04243260,1.11632536,0.85171354,0.04770804,0.04548971,50,0.0825940990,0.1144347795,0.0318406805,5.4180699021,0.0910316068,0.0174135724,-0.0217865498,2.7554123072,2.47480721,2.43398621,-0.04082101,-6.95621188,0.96622828,-0.01520412,-0.09810571,1.00756074
19,0x162c1f000,0x26b2e000,11,0,0,126.25,-0.0751622727,0.0232656851,0.0278343192,0.0211035831,0.0197931668,0.0247434870,0.0244657335,0.0210650065,0.0230298321,0.0163705595,0.0221457557,0.0221068220,0.0262260247,0.0157721758,0.0261856622,0.0198696055,0.0198313862,0.0212966766,0.0211808416,0.0180107186,0.0219509805,0.0202138931,0.0167423419,0.0221846895,0.0214125116,0.0230691231,0.0275083391,0.0263472225,0.0202138931,0.0277935995,0.0239102265,0.0253877819,0.0202138931,0.0243864372,0.0224964787,0.0228331627,0.0176354636,0.0196782999,0.0189795574,0.0212579947,0.0169654317,0.0230691231,0.0174852386,0.0214125116,0.0177104736,0.0210650065,0.0207560780,0.0212966766,0.0233443744,0.0206346194,-0.05091414,0.01431405,0.00605198,0.00449172,0.00474161,0.00685358,0.01879755,0.00796918,0.00917965,0.00723731,0.02871463,0.00785508,0.01825566,0.00271743,0.01747174,0.01000050,0.01075373,-0.00954596,0.00477640,0.00303228,0.01799826,0.01773454,0.02459346,0.01624142,0.04354193,0.01774011,0.02640667,0.01254789,0.03058505,0.01517436,0.02877434,0.02188350,-0.00633856,0.01569128,0.00960037,0.00072162,-0.01371998,0.00841919,0.00485581,0.01177543,0.01406688,0.01717410,0.00685196,0.01427246,-0.00198155,0.00732120,0.01790296,0.00497168,0.01482051,0.01099381,50,0.0791109715,0.1188581192,0.0397471476,5.1012144896,0.0704554923,0.0200029755,0.0130490506,2.0152681286,2.38808735,2.43451255,0.04642519,5.99834145,0.78548992,-0.04135261,0.10435521,0.98984199
20,0x1dd1be000,0x19fa2a000,4,4,1,184.64,-0.0259205737,0.0754581105,0.0776562868,0.0640908682,0.0777774846,0.0739466292,0.0756168113,0.0650302666,0.0607004321,0.0754977586,0.0817222565,0.0800203117,0.0962356895,0.0605271001,0.0547948461,0.0713337949,0.0605617476,0.0789392053,0.0717545212,0.0581280287,0.0582299206,-0.0280933472,0.0659668809,0.0616427654,0.0786132252,0.0586714216,0.0626884324,0.0679430761,0.0616077607,0.0835164197,0.0828836171,0.0650302666,0.0630069789,0.0789800362,0.0744971318,0.0604924527,0.0716780824,0.0616427654,0.0604230631,0.0792652966,0.0785723943,0.0636618494,0.0781409678,0.0787762152,0.0616427654,0.0852109694,0.0795681290,0.0640193326,0.0626884324,0.0789392053,0.60810583,-0.03785690,-0.17346038,-0.17869817,-0.18747268,-0.19789009,-0.20368525,-0.22794024,-0.22616882,-0.19258727,-0.17375650,-0.16177593,0.58497404,-0.22020100,-0.22744748,-0.19160338,-0.21710391,-0.20251895,-0.17292444,-0.21691189,-0.23317467,-0.31116799,-0.20563503,-0.20933055,-0.18846740,-0.21058982,-0.21476323,-0.21783138,-0.21840254,-0.20535527,-0.18542191,-0.21303541,-0.20871709,-0.18921146,-0.20090231,-0.20962565,-0.21732985,-0.21388502,-0.21348600,-0.19325263,-0.18635843,-0.21394855,-0.18695847,-0.19583450,-0.20627428,-0.19406520,-0.17481990,-0.21632255,-0.20838044,-0.19372145,50,0.0787987620,0.1123281566,0.0335293946,5.6925218267,0.0596912129,0.0249879457,-0.0305385851,2.6502850173,2.40012090,2.37738357,-0.02273733,-3.76820567,0.80042167,0.00064188,-0.02336758,1.04356565
21,0x2c8c69000,0x2f393b000,14,14,1,184.55,-0.0016534584,0.0049002853,0.0811978925,0.0826990026,0.0856857847,0.0817934499,0.0830175491,0.0816183310,0.0840299028,0.0802602066,0.0817934499,0.0801215220,0.0861232844,0.1082832987,0.0829820907,0.0882138838,0.0815833263,0.1214102241,0.0944291201,0.0888827407,0.0819336598,0.0784782079,0.0826281823,0.0763811568,0.0811978925,0.0847520298,0.0864150503,0.0816183310,0.0813731071,0.0805723178,0.0873531175,0.0816533356,0.0878792492,0.0808497816,0.0815833263,0.0847520298,0.0858316179,0.0793197439,0.0795599632,0.0814081117,0.0773964636,0.0794912889,0.0795256729,0.0785460740,0.1093610768,0.0847881061,0.0867270740,0.0781045731,0.1796892673,0.0841371575,0.01921756,-0.06064928,0.08720088,0.08330442,0.09786162,0.07703663,0.08094436,0.09456438,0.09372768,0.08755572,0.08484306,0.08761181,0.25868167,0.87677614,0.12580918,0.08033218,0.08216075,1.04497431,1.02184060,1.02388461,0.62437490,0.07521266,0.09906507,0.08589581,0.09541706,0.08938684,0.09246787,0.08845501,0.07075586,0.09286978,0.08826050,0.08901240,0.08331182,0.07059826,0.08705813,0.09073360,0.07613833,0.07745337,0.09099716,0.08277428,0.06869781,0.08526113,0.06153101,0.08267458,0.94390731,0.08930826,0.08495369,0.07402991,0.71250963,0.33398216,50,0.0320366144,0.1091493136,0.0771126992,13.0996588083,0.0884022416,0.0648441276,-0.0820298425,1.6920070905,2.42145825,2.44295252,0.02149427,3.63818023,0.87383950,0.06820392,-0.00866782,0.99186677
22,0x359bb0000,0x15a0b2000,3,2,0,128.97,-0.0011113235,0.0000590733,0.1076207149,0.1057568525,0.1026392418,0.1015986087,0.1005175023,0.1059227021,0.1071709770,0.1005572587,0.1028816375,0.1052528122,0.1010380968,0.1023160109,0.1050473154,0.1059227021,0.1002795052,0.1024776815,0.1712959079,0.1043895237,0.1055080215,0.1005572587,0.1048828956,0.0975833331,0.1062545144,0.1037606000,0.1047595526,0.0981218020,0.0996331761,0.1035976100,0.1047595526,0.1002397488,0.1055080215,0.1055910029,0.1035976100,0.0993185265,0.1037606000,0.1060056835,0.0995151959,0.1027200771,0.0972358280,0.1077894239,0.1082534023,0.1273488353,0.1187576961,0.1070036977,0.0992792355,0.0990825661,0.1024776815,0.1680624631,0.01541701,-0.01732668,0.09396220,0.09650747,0.10397206,0.10965749,0.09426452,0.10807107,0.09450666,0.10401756,0.10333030,0.07950287,0.09712896,0.11586645,0.92925604,0.10215501,0.11329788,0.09454037,1.09853131,1.24556150,0.10352220,0.10115965,0.10590244,0.11176519,0.11225798,0.09774674,0.10966722,0.08088502,0.08454270,0.08894895,0.09471725,0.09999501,0.10528313,0.09234205,0.10273143,0.10078915,0.13223758,0.08776848,0.12858733,0.09074416,0.11073776,0.09163301,0.19280223,0.94783213,0.15265015,0.09388826,0.12393068,0.09493083,0.11930337,1.03289584,50,0.0282070604,0.1275917632,0.0993847028,13.0637886160,0.1203592868,0.0782752400,-0.0912354344,1.6617084571,2.35514198,2.49450931,0.13936733,18.29575717,1.05228887,-0.00367393,-0.14777338,1.04989443
23,0xa2814000,0x8fbcc000,6,6,1,184.48,-0.0007622340,0.0001940154,0.0855914291,0.0874602921,0.0822464596,0.0845818383,0.0894951173,0.0874967255,0.0836059190,0.0800879646,0.0791766939,0.0783283775,0.0858058409,0.0865995036,0.0857701219,0.0835008094,0.0832555855,0.0835008094,0.0826278658,0.0848295645,0.0810298691,0.0856271481,0.0892005913,0.0867439071,0.0824197916,0.0877884915,0.0801898566,0.0814760175,0.0858773766,0.0876062249,0.0824545337,0.0791766939,0.0842632918,0.0833256905,0.0825584762,0.0824545337,0.0834658048,0.0785611807,0.0848295645,0.0833606951,0.0851981293,0.0823504967,0.0791766939,0.0844756561,0.0793110892,0.0823504967,0.0810298691,0.0769159618,0.0846880205,0.0845818383,0.04521174,0.01065369,0.07807489,0.03324819,0.07688512,0.04646107,0.08369450,0.04105808,0.07493607,0.04497630,0.07161369,0.03613143,0.07031503,0.04502629,0.05766023,0.02663730,0.05053829,0.03251383,0.04367046,0.04874706,0.04370063,0.05267976,0.03792014,0.04398871,0.04421639,0.04192876,0.03416463,0.03019296,0.04579095,0.05242279,0.04408675,0.02817243,0.04714569,0.03357085,0.04195583,0.05820751,0.04501630,0.03489095,0.06053965,0.04499390,0.05179343,0.04807520,0.04700208,0.04367243,0.03984316,0.03227779,0.04607824,0.05885657,0.04208088,0.03814015,50,0.0320544509,0.1085195210,0.0764650701,12.9653761803,0.0704134614,0.0450585086,-0.0736142845,1.8082761016,2.41640565,2.41192062,-0.00448504,-0.80528823,0.74067700,0.06120113,-0.00949138,0.99360471
24,0x3554bf000,0x2c8dab000,10,14,0,126.19,0.0014310081,0.0002341588,0.0992248051,0.0941121251,0.0932641186,0.0939172435,0.0889371638,0.0906459366,0.0995507852,0.0972308083,0.0994286261,0.0939952174,0.0974310536,0.0941121251,0.0997138865,0.0874503540,0.0963903097,0.0965093624,0.0903192307,0.0941510589,0.0986325327,0.0965886586,0.0955456316,0.0921441883,0.0943459404,0.0973109282,0.0949164398,0.0918764438,0.0919528826,0.0917999007,0.0973509336,0.0928393550,0.0888627668,0.0910248688,0.0924501520,0.0922588464,0.0916085950,0.0949164398,0.0921058645,0.0928780369,0.0921824076,0.0888627668,0.0940731913,0.0955849225,0.0933799536,0.0996323358,0.0864454981,0.0899438732,0.0928393550,0.0933412717,-0.00256356,0.00822153,0.07385817,0.07411593,0.05490284,0.06765733,0.05030013,0.07919838,0.08050843,0.07156011,0.06489959,0.06932232,0.07106083,0.07396248,0.06608986,0.06788159,0.06608303,0.06882907,0.07164112,0.06479172,0.07031834,0.06513271,0.05894492,0.06928767,0.05553577,0.06627354,0.07619393,0.05935866,0.06620725,0.05805510,0.06002735,0.07749439,0.04657256,0.05706876,0.05606017,0.05552594,0.05850570,0.05933193,0.06556780,0.07187542,0.07499255,0.05692147,0.06645070,0.07452807,0.06154181,0.07460259,0.07377389,0.06632520,0.05936351,0.07020891,50,0.0266984367,0.1180557261,0.0913572894,11.7976969199,0.0461073488,0.0869776794,-0.0445610860,1.2376780802,2.32863571,2.42420120,0.09556549,12.34853361,0.59568835,0.06499332,-0.04976046,1.00746647
25,0x3592c8000,0x31e493000,3,10,0,126.22,0.0013044568,-0.0008504571,0.0949403756,0.0975232040,0.0964420976,0.0906320103,0.0921180042,0.0932742231,0.0906320103,0.0985649087,0.0955524076,0.0921924013,0.0955140838,0.1003259151,0.1005261604,0.0964035210,0.0911106903,0.0920064593,0.0964420976,0.0974062963,0.0971335472,0.0995264945,0.1030912830,0.1007663017,0.0939390362,0.1003259151,0.0971335472,0.1027653029,0.0975622441,0.0965193561,0.0945833141,0.0971724810,0.0995661426,0.0933492331,0.0994868463,0.0918577667,0.0998042480,0.0983289483,0.0975622441,0.1003659204,0.0982502591,0.0932742231,0.0940148641,0.0988008690,0.0944316585,0.0922666969,0.0982109681,0.0911842715,0.0912579533,0.1006862910,-0.00640068,-0.00163232,0.06149268,0.04677500,0.04294929,0.05721160,0.05858643,0.05071748,0.05001913,0.04840548,0.04939356,0.05009105,0.06920092,0.05704765,0.06602536,0.05338318,0.04412508,0.05708798,0.06236595,0.04614722,0.09580992,0.07298471,0.09502006,0.05333568,0.11525300,0.06071389,0.09896530,0.07725845,0.08940523,0.06274427,0.08351536,0.06290839,0.09064548,0.06224809,0.07578310,0.06958513,0.08336651,0.05432906,0.09488586,0.07538390,0.08383338,0.04545194,0.06243560,0.05832028,0.06267742,0.03786144,0.05368189,0.06117644,0.06029493,0.05223617,50,0.0264634417,0.1186405850,0.0921771432,11.8660742439,0.0254259338,0.0622623393,-0.0963864575,1.7458654278,2.25246065,2.35742223,0.10496158,13.54390290,0.46496472,0.05664935,-0.06965703,1.00838871
26,0xdb55b000,0x1c8676000,15,4,0,126.25,-0.0008553687,0.0003161054,0.0898145579,0.0971332801,0.0939019785,0.0994877633,0.0895568226,0.0933932614,0.0963678992,0.0996478939,0.0998080246,0.0974478224,0.0950561954,0.0909309145,0.0939019785,0.0973692405,0.0918979735,0.0943227048,0.0974085314,0.0951721358,0.0940932842,0.0971332801,0.0943610286,0.0950561954,0.0994877633,0.0954037005,0.0886623385,0.0922358260,0.0963289655,0.0972118620,0.0983690447,0.0962900317,0.0897040855,0.0954037005,0.0986467982,0.0908193696,0.0901090838,0.0911168564,0.0963678992,0.0974478224,0.0964069394,0.0943227048,0.0993675287,0.0951721358,0.0957126290,0.0975658025,0.1004453068,0.0960214522,0.0922358260,0.0940932842,0.00088964,0.01223207,0.06869540,0.07126751,0.07130978,0.08658083,0.05550831,0.06456193,0.06357730,0.08426491,0.06166477,0.07306056,0.06302372,0.07898180,0.07356573,0.05728774,0.06400709,0.06893830,0.08019130,0.06307102,0.07036959,0.05520464,0.05321637,0.06512907,0.06841440,0.07476396,0.05732716,0.06665179,0.07139003,0.07480211,0.07005839,0.06534863,0.06120184,0.06890275,0.07452354,0.06932098,0.06303909,0.06282915,0.08112917,0.07005441,0.06315861,0.06498464,0.05631825,0.06149988,0.07322056,0.07042023,0.06575789,0.08874372,0.06332325,0.07622416,50,0.0293620307,0.1177651311,0.0884031003,11.3581540238,0.0529964418,0.0665897303,-0.0817539121,1.7231125352,2.34223650,2.41148302,0.06924652,8.93766897,0.65228879,0.07079749,-0.06509701,1.03581804
27,0x352563000,0x354e11000,10,10,1,184.64,-0.0085685252,-0.0105897289,0.0706733760,0.0682063567,0.0698243071,0.1015298694,0.0843005527,0.0863418150,0.0715513473,0.0758067775,0.0728411657,0.0782606013,0.0714826731,0.0681066098,0.0700959572,0.0701639161,0.0736097151,0.0726330916,0.0747257486,0.0762357964,0.0716886021,0.0728411657,0.0744072022,0.0759497513,0.0742656582,0.0760928226,0.0703677000,0.0704695920,0.0778959684,0.0728064236,0.0756638038,0.0736097151,0.0706733760,0.0771405482,0.0746903868,0.0760928226,0.0974273551,0.0866957555,0.0921045321,0.0725637020,0.0779688353,0.0758425942,0.0714826731,0.0756638038,0.0711737795,0.0758067775,0.0722515907,0.0736798201,0.0740651582,0.0725290545,-0.00135249,-0.00089647,0.10960282,0.05667852,0.05426802,0.90801527,1.10062511,1.00474123,0.08764068,0.05796021,0.07930816,0.08602864,0.06272672,0.05971546,0.04217473,0.06284403,0.04683611,0.05537360,0.04890322,0.06316575,0.03925282,0.06356997,0.04721998,0.06445194,0.07036753,0.05296475,0.06358406,0.04950354,0.06696482,0.06425430,0.08785996,0.06906093,0.07463734,0.06717708,0.04941044,0.05191540,0.78427326,0.87498028,1.16837336,0.06807044,0.07947267,0.06562804,0.07158580,0.06613701,0.05909485,0.05679930,0.06552977,0.06765003,0.06791917,0.05503332,50,0.0312740685,0.1076819136,0.0764078451,12.9620011808,0.0930596845,0.0542020350,-0.0756330538,1.8269033410,2.36292146,2.38688758,0.02396612,4.04001607,0.90253083,0.07004525,-0.05841653,1.03223456
28,0x39e9eb000,0x153108000,12,2,0,128.93,0.0021078914,-0.0043289398,0.1058673848,0.1042890844,0.1065261933,0.1044964813,0.0990261745,0.0994627371,0.1048281805,0.1012214893,0.1069901718,0.0991849836,0.1049111619,0.0992642799,0.1038294509,0.1358152198,0.1207157590,0.1143787563,0.1436366563,0.1039527938,0.0991849836,0.1029921697,0.1010599289,0.1022585477,0.1037061079,0.1048697278,0.1035416880,0.1015043577,0.1019083137,0.1025846390,0.0994229807,0.1065261933,0.1049111619,0.1016255555,0.1068214628,0.1014235224,0.1015850828,0.1036650310,0.1038294509,0.1037471848,0.1050770114,0.0970272804,0.2129310682,0.1017871159,0.1046623309,0.1090235682,0.1226827013,0.2068953426,0.1522218214,0.1046623309,0.01704547,-0.01600906,0.08625366,0.07337563,0.08524416,0.07418015,0.07881220,0.08014433,0.07305195,0.07021907,0.09060960,0.06477991,0.08917204,0.07065362,0.07256282,0.87727740,1.06949986,1.02736205,0.88982751,0.07183865,0.07990063,0.07487822,0.07535243,0.07746989,0.07624038,0.07939133,0.07226499,0.08143583,0.07081839,0.08407632,0.07847668,0.07890344,0.08261372,0.06942678,0.09236551,0.07015448,0.08613997,0.08566600,0.08368731,0.06871269,0.09716502,0.06636785,1.02413042,0.07440055,0.08365495,0.07344171,0.94124008,1.21442643,1.12330642,0.98655247,50,0.0306138694,0.1282940900,0.0976802206,12.8723278695,0.1271097385,0.1018114128,-0.0732137282,1.1578726441,2.48863413,2.54809411,0.05945998,7.85213301,1.13499089,-0.00315313,-0.21967354,1.07647713
29,0x15d494000,0xa620000,2,0,0,126.17,0.0005555316,0.0005269368,0.0959133732,0.0986482273,0.0934811353,0.0951741630,0.0903485100,0.0947534366,0.1000074454,0.0984344205,0.0925502622,0.0946004547,0.0957589616,0.0942178434,0.0955272916,0.1001675760,0.0924752522,0.0937085153,0.0901275652,0.1007252057,0.0956818085,0.0920622872,0.1000074454,0.0957589616,0.1000074454,0.0903117193,0.0954501385,0.0970749560,0.0955659735,0.0921373997,0.0989656289,0.1018848926,0.0995269441,0.0976872485,0.0956818085,0.0925127572,0.0955659735,0.0951412099,0.0986878754,0.0943709297,0.0968022069,0.0954115619,0.0922875222,0.0968022069,0.0970749560,0.0945239116,0.0951026334,0.0954115619,0.0977659377,0.0986482273,-0.01713807,-0.01791328,0.05487852,0.04017457,0.05712095,0.05502948,0.03732738,0.05322998,0.07293861,0.04357325,0.05318820,0.04559712,0.05978928,0.04618662,0.05581910,0.06493792,0.05716016,0.05232051,0.04635965,0.05894093,0.04919278,0.05800229,0.07469590,0.06833338,0.06264973,0.06518785,0.05722148,0.06850249,0.04266044,0.05923176,0.05297880,0.06377010,0.05468103,0.06330297,0.05865233,0.03803307,0.06086344,0.04612058,0.05931310,0.05765860,0.04780992,0.06109341,0.05384142,0.04962801,0.06400548,0.04314723,0.04602163,0.04557879,0.05910608,0.05376719,50,0.0303883191,0.1187580956,0.0883697765,11.3976918811,0.0815688189,0.0632703216,-0.0758379345,1.6493333986,2.38275265,2.40206651,0.01931386,2.55216425,0.68000490,-0.00994013,0.03398503,0.97456461
30,0x12ab4000,0x910bd000,0,15,0,126.24,-0.0001586328,-0.0014423604,0.0947416306,0.0935852687,0.0950118772,0.0969409858,0.0958216644,0.0957437969,0.0891578507,0.0970589660,0.0972162371,0.0949347241,0.0897470031,0.0976641090,0.0983386687,0.0948188891,0.0895260584,0.0935470493,0.0959776122,0.0940059950,0.0950505592,0.0918397137,0.0891578507,0.0918397137,0.0982990206,0.0891946413,0.0956268892,0.0957437969,0.1085215176,0.0959385720,0.0993819150,0.0991416644,0.0981799679,0.0987412831,0.0889736966,0.0947803125,0.0957437969,0.0948574656,0.0962892950,0.0912391212,0.0919523312,0.0892683230,0.0968230056,0.0991816697,0.0955489153,0.0912391212,0.0935087256,0.0934321824,0.0970982569,0.0871819916,-0.01447721,-0.02334355,0.03534266,0.04383060,0.03785343,0.04142117,0.02410961,0.05450461,0.03591707,0.05812410,0.02822375,0.04168261,0.01717039,0.04405300,0.05472355,0.02923762,0.04054978,0.02551356,0.03072965,0.03561432,0.06613273,0.04147226,0.03545805,0.04754906,0.03383330,0.03352043,0.05056605,0.03863864,0.04943211,0.03218188,0.03739826,0.05017804,0.02901208,0.05394290,0.03464211,0.04054169,0.04947522,0.03442318,0.04916096,0.02996619,0.04431893,0.04124751,0.04730578,0.03420537,0.03463313,0.03081443,0.03370452,0.05459218,0.05055241,0.02883874,50,0.0257878891,0.1185647723,0.0927768832,11.9758771464,0.0444642371,0.0855146119,-0.0859655305,1.4674660175,2.36111351,2.41513201,0.05401850,6.97660205,0.48868746,0.11634857,-0.00187723,1.00924926
31,0x7d1f3000,0x9f747000,9,15,0,126.27,0.0005114630,0.0005811736,0.1066217665,0.1023713569,0.1022933830,0.1021764753,0.1014814505,0.0997849526,0.1041401177,0.1052194370,0.1008638042,0.1050591971,0.0958744340,0.0977397644,0.1006707107,0.1002056789,0.0947916061,0.1052994477,0.1111174293,0.1082104880,0.1100754787,0.1148459790,0.1084160970,0.2513584161,0.1152353135,0.1125188533,0.1000909164,0.1031001998,0.1023323167,0.1054195730,0.0999379345,0.1049791864,0.1049791864,0.1033361602,0.0945363731,0.0955798075,0.1044178712,0.1011726274,0.1000909164,0.1017131206,0.1032574709,0.1002438983,0.1092875517,0.1008251223,0.1010953689,0.0945728065,0.1034147421,0.1042988185,0.0975896419,0.0977773719,0.01397693,-0.01297698,0.08829454,0.09462729,0.07213892,0.07107384,0.95216195,0.07628462,0.08888623,0.08699228,0.07677924,0.07712296,0.07224043,0.07037315,0.07425355,0.09086859,0.11501561,0.17497109,1.06320118,1.05381612,1.04813692,0.79435824,1.05853786,1.22340858,1.15275992,1.06828712,0.09892570,0.09290634,0.08762689,0.07496031,0.08168985,0.08884188,0.07704720,0.08461347,0.08113568,0.08343639,0.10498726,0.10262608,0.08088972,0.07824200,0.08445506,0.08047294,0.08992437,0.09742476,0.08180808,0.07370047,0.08309946,0.07043449,0.07113639,0.08213022,50,0.0236754382,0.1179029305,0.0942274923,12.1624617191,0.0444342717,0.0804750452,-0.0797225831,1.2361113463,2.26032211,2.37679543,0.11647332,15.07367857,0.70861430,0.02492690,-0.07129742,1.02558560
32,0x34b946000,0x35966a000,3,3,1,184.55,-0.0074785111,-0.0184693323,0.0699004698,0.0711184799,0.0713637037,0.0688226585,0.0720560812,0.0701779335,0.0699352119,0.0702819706,0.0714337131,0.0756542473,0.0635962905,0.0726931741,0.0691315521,0.0694061554,0.0713987084,0.0692345166,0.0712585941,0.0634986887,0.0720560812,0.0713637037,0.0709782699,0.0704206551,0.0704900447,0.0712235895,0.0658220170,0.0733842185,0.0704900447,0.0746089475,0.0664204075,0.0731338924,0.0736701660,0.0753260479,0.0689600070,0.0699004698,0.0711184799,0.0680505122,0.0711884892,0.0681863372,0.0676769701,0.0671038786,0.0708381557,0.0660214200,0.0634335913,0.0658220170,0.0712935988,0.0702819706,0.0702125810,0.0705246922,0.00240602,-0.00755326,0.05333562,0.05250746,0.04869009,0.04037094,0.06205911,0.04232466,0.05165736,0.05853715,0.04985808,0.06669916,0.04903102,0.07282792,0.05074887,0.06762312,0.05740548,0.06720744,0.05039012,0.05926353,0.05776633,0.09124658,0.04849689,0.10247058,0.05549359,0.08680011,0.04743386,0.07238551,0.05525495,0.10270548,0.05080028,0.05165184,0.06767775,0.05862629,0.05040041,0.04804321,0.06295125,0.04258387,0.04051167,0.04869942,0.05929802,0.04579806,0.04539628,0.05520959,0.04415948,0.04694619,0.03961190,0.05829084,0.04109597,0.05091091,50,0.0283452022,0.1068958536,0.0785506514,13.3575139425,0.0696638495,0.0521262519,-0.0917559154,1.9247009455,2.31913705,2.41016090,0.09102385,15.50670918,0.71881854,0.05561352,-0.07954066,1.02099877
33,0x285c5b000,0x2c9849000,14,14,1,184.63,-0.0048109177,0.0037869007,0.0830448901,0.0839871388,0.0846048595,0.1239409739,0.0910717490,0.0903318234,0.0895482038,0.0902943184,0.0884643478,0.0910717490,0.0817182902,0.0838810532,0.1835732981,0.0979791344,0.0781044162,0.0848551856,0.0816142531,0.1119077521,0.0838102329,0.0848909046,0.0804652644,0.1157692634,0.1876244224,0.0943051938,0.0868334484,0.0802936256,0.0849624403,0.0859715873,0.0879856678,0.0816835481,0.0763770669,0.0856826818,0.0849624403,0.0792158033,0.0806369032,0.0807397740,0.0794875462,0.0870886814,0.0816142531,0.0824492370,0.0817875851,0.0860799146,0.0876721138,0.0794195873,0.0848909046,0.0836686889,0.0855382783,0.0814755686,-0.00658489,-0.00629591,0.05256646,0.06596146,0.09324593,0.09636096,1.00315197,1.03703689,1.02240073,0.97135012,1.04643467,1.06853783,0.05867897,0.56344263,1.02974090,0.95393602,0.11433075,0.07178843,0.06254411,0.89394000,0.06732625,0.05817805,0.06669917,0.89194629,0.95370296,1.26564993,0.07417127,0.06799943,0.07277458,0.06226420,0.07254884,0.05099120,0.05144384,0.07047624,0.06911094,0.06043838,0.06254541,0.04472068,0.05772038,0.04464060,0.06087527,0.04865300,0.05386607,0.06663623,0.06115543,0.04566900,0.05689391,0.05955819,0.07585961,0.05922848,50,0.0261036172,0.1083107933,0.0822071761,13.9698146677,0.0835802857,0.0550608256,-0.0818643890,1.6268652052,2.33736313,2.42567058,0.08830746,15.07987393,0.67216266,0.05003733,-0.09760367,1.02372705
34,0x16b62c000,0xa4f50000,2,6,0,126.23,0.0005335487,0.0070090004,0.0914526678,0.1000662148,0.0967826443,0.0905195387,0.0992651170,0.1319964856,0.0968613336,0.0985843704,0.0962714327,0.0955068735,0.1028955933,0.1021467672,0.1029371406,0.1420773156,0.1011067377,0.0927617588,0.0998641817,0.1160581135,0.0946978008,0.0899990636,0.0946205423,0.0909646928,0.1852211275,0.1349297492,0.1011067377,0.1051778252,0.0970972939,0.0954679397,0.0913775553,0.0913775553,0.1025578730,0.0969399155,0.0912274328,0.0957796226,0.0960134379,0.0997834567,0.0985843704,0.0964681021,0.0935395466,0.0933483454,0.0911899278,0.0953509257,0.0980223408,0.0964287038,0.0964287038,0.0965467913,0.0902593011,0.0952730582,-0.00273053,-0.00403341,0.06634019,0.05459002,0.05826425,0.04690836,0.04960006,0.11386282,0.05848086,0.06129730,0.05677927,0.09099774,1.01265813,1.02190817,1.03610337,1.02830326,1.02194699,1.04281805,0.80849085,1.04398170,0.06422225,0.05751254,0.06825153,0.07822851,0.18777205,0.78430256,1.02115839,0.98394869,0.34234727,0.07736360,0.07249585,0.04481831,0.10172293,0.06441057,0.09869174,0.05742139,0.09175607,0.06361816,0.05518400,0.05864304,0.06230826,0.06423741,0.03642134,0.06771164,0.06818394,0.06089456,0.07099867,0.04814853,0.06836067,0.05422352,50,0.0314289521,0.1217721021,0.0903431500,11.6720344318,0.1103964945,0.0711250915,-0.0646536644,1.7688375378,2.35790034,2.47893665,0.12103632,15.69620751,1.12606884,0.16161704,-0.04300033,1.01661501
35,0x1a5425000,0x16be51000,13,11,0,126.21,0.0018958177,-0.0013790813,0.0940336295,0.0965901873,0.0987451395,0.1001797185,0.0923175410,0.1004178239,0.0959335971,0.0969376924,0.0917553340,0.0989418089,0.1000210177,0.0936206645,0.0962013415,0.0978236664,0.0989418089,0.0939210120,0.0981353493,0.0990203908,0.0958952733,0.0927265727,0.0966287638,0.1003780675,0.0933579245,0.0977456925,0.0947005876,0.1010603317,0.1037477247,0.0999019650,0.0991383710,0.0955893095,0.0997035078,0.0955893095,0.1023007437,0.0953597845,0.1011003371,0.1010603317,0.1002193667,0.0991383710,0.0976287848,0.0958570539,0.1035032953,0.1010603317,0.0946248633,0.1005765247,0.0930951845,0.0960865790,0.1023411062,0.1001797185,0.02404572,0.00572097,0.06512068,0.08144808,0.07311309,0.08447353,0.07182286,0.06951913,0.07885518,0.07541454,0.07489695,0.08750170,0.07661312,0.07437773,0.07362838,0.07462990,0.08384421,0.12559668,0.07085955,0.08766157,0.06881945,0.07355016,0.07943302,0.06433697,0.07244705,0.08045972,0.07106425,0.06812608,0.08120708,0.07705704,0.08277660,0.07228889,0.07870557,0.07805853,0.09449170,0.08137291,0.06939532,0.05494083,0.07260611,0.07998899,0.07151937,0.07712466,0.08870921,0.08617357,0.08214693,0.09104664,0.06693599,0.07953983,0.08844465,0.09920258,50,0.0241692101,0.1212086106,0.0970394005,12.5293286864,0.0791751863,0.0985108406,-0.0847836098,1.1110750125,2.38706988,2.47778747,0.09071759,11.73231397,0.99667702,0.04360572,-0.04662999,0.97898617
36,0x1daa7a000,0xa0cd000,4,9,0,126.27,0.0128620650,-0.0207949685,0.0732520519,0.0723987935,0.0742941139,0.0689293873,0.0768086203,0.0732902713,0.0784553297,0.0730990700,0.0749890187,0.0772572066,0.0787355857,0.0763368070,0.0782550845,0.0691503321,0.0783350951,0.0754914135,0.0793361030,0.0750237829,0.0752965319,0.0732902713,0.0762975160,0.0688189150,0.0749848491,0.0752186644,0.0783350951,0.0764547871,0.0758420301,0.0761008466,0.0712408975,0.0732520519,0.0739466087,0.0782550845,0.0772175585,0.0808574624,0.0788155964,0.0806944723,0.0790558470,0.0750237829,0.0712033925,0.0777334174,0.0761794285,0.0754914135,0.0771779103,0.0709781575,0.0688557056,0.0754523734,0.0784553297,0.0743712670,-0.05374810,-0.01429682,0.10002468,0.06611916,0.07581718,0.06868539,0.04198245,0.07026428,0.07196691,0.06663165,0.05289057,0.04942101,0.07090662,0.06430726,0.05586304,0.04766591,0.07010876,0.05968677,0.06749392,0.05909159,0.04784021,0.07822765,0.06360244,0.06459466,0.04759174,0.06614423,0.06294825,0.06300162,0.06596107,0.06066051,0.05381330,0.05082244,0.07512146,0.06798581,0.04278740,0.07227245,0.06827801,0.06032384,0.06392699,0.06880965,0.05421924,0.07246016,0.06423295,0.07689200,0.06249382,0.04132055,0.06000064,0.06179096,0.07089718,0.04816572,50,0.0289414681,0.1185846041,0.0896431360,11.5389230081,0.0325503691,0.0671457917,-0.0644905429,1.5196027950,2.41365844,2.37762888,-0.03602956,-4.66838579,0.41345425,0.04474550,-0.03964510,1.03182642
37,0x1cab000,0x345b76000,9,3,0,129.07,-0.0003066304,0.0041468896,0.0998805295,0.0980846330,0.0966856584,0.1001657899,0.0991255140,0.1025344612,0.1066069793,0.1012876160,0.0979645076,0.1001250702,0.1045306030,0.1040666245,0.0980846330,0.1047415755,0.0991255140,0.1045306030,0.0959611055,0.1008585810,0.1014520359,0.1023271776,0.1010410423,0.1003694996,0.0987619205,0.1005326009,0.1002473406,0.0967254148,0.0976841424,0.0991255140,0.0993275471,0.1022027621,0.1043197455,0.0991255140,0.0971221127,0.0969634119,0.1031987455,0.1002065096,0.0958824162,0.0987619205,0.0976041317,0.1002065096,0.0998396986,0.1068642735,0.1004103306,0.0986811954,0.0945677116,0.1014520359,0.1030731433,0.1031987455,-0.00683510,0.01901965,0.06642812,0.07690913,0.08180287,0.08055689,0.08443569,0.07564257,0.08679167,0.08688531,0.06846612,0.08617376,0.07749762,0.06892944,0.05393291,0.08984094,0.08554468,0.08511629,0.07041324,0.07028153,0.08184871,0.07297440,0.07173793,0.06954367,0.06850024,0.06592717,0.07552899,0.06050284,0.06932953,0.07364063,0.06171903,0.08670509,0.07144269,0.07169443,0.07073777,0.06797704,0.05980333,0.08496706,0.05652294,0.06768776,0.05792207,0.07455452,0.12749572,0.07049135,0.07255768,0.07028327,0.07114163,0.08188223,0.07238655,0.07545751,50,0.0281005211,0.1243379396,0.0962374185,12.6530784624,0.0465837523,0.0825725748,-0.0842454632,1.6019437615,2.38247108,2.43565211,0.05318103,6.98976772,0.62011292,0.10629055,-0.05664406,1.01853675
38,0x2101de000,0x276e16000,1,1,1,184.50,0.0055908573,0.0004094995,0.0918472104,0.0896915879,0.0887554173,0.0922119428,0.0873251094,0.0896047780,0.0887554173,0.0859638509,0.0853803540,0.0886492352,0.0891446875,0.0856206671,0.0896915879,0.0864581653,0.0848459247,0.0843365576,0.0864235178,0.0902993971,0.0899776330,0.0848799505,0.0944861381,0.0910583158,0.0899776330,0.0855862831,0.0843365576,0.0855177025,0.0910583158,0.0886137767,0.0879213993,0.0900133521,0.0901563258,0.0921754098,0.0867356290,0.0885430530,0.0876761754,0.0854834123,0.0845403415,0.0865969445,0.0941516050,0.0896915879,0.0892155078,0.0869783507,0.0867356290,0.0922848096,0.0865969445,0.0924671758,0.0870477403,0.0891093257,0.01507357,0.01386035,0.06468847,0.06189871,0.06130022,0.05815048,0.06682106,0.06471081,0.05792659,0.05079583,0.05944874,0.05298108,0.05656458,0.04598247,0.06512776,0.04920081,0.05852220,0.04835315,0.06144807,0.07027502,0.05403792,0.06661219,0.05730700,0.07840123,0.04258384,0.06166453,0.06967527,0.06210522,0.06632454,0.06423992,0.06719067,0.05312172,0.06859554,0.05290163,0.05975614,0.06158967,0.05566692,0.05902794,0.06026213,0.04770446,0.07552406,0.04887649,0.08895290,0.05449395,0.08561818,0.06960937,0.08670702,0.05067182,0.05150855,0.04859711,50,0.0268543788,0.1072721062,0.0804177274,13.6234870468,0.0420676411,0.0629722109,-0.0696515140,1.4281199023,2.30499922,2.35114149,0.04614227,7.79610091,0.62363190,0.04521852,-0.04791812,1.01313759
39,0xdaab6000,0x9ff3c000,6,6,1,184.66,-0.0169952354,0.1355554278,0.0288559508,0.0510520669,0.0225993098,0.0240253104,0.0260139304,0.0247927873,0.0259785686,0.0215200568,0.0241293475,0.0204408148,0.0248978969,0.0225993098,0.0195610666,0.0249680018,0.0214181648,0.0270592403,0.0251431208,0.0247927873,0.0246175727,0.0236785517,0.0280676720,0.0193947916,0.0259432067,0.0217577738,0.0281399230,0.0583987524,0.0224963452,0.0249329015,0.0216898149,0.0375120166,0.0270592403,0.0336569825,0.0241293475,0.0269162665,0.0239212733,0.1010818384,0.0236091621,0.1198639711,0.0490587909,0.0249680018,0.1035424118,0.0397069742,0.0448451133,0.0338843626,0.0326502816,0.0332400847,0.0235397725,0.0247577826,0.52579110,0.41482625,0.79468944,-0.38681378,-0.40310008,-0.41160766,-0.40736365,-0.42417067,-0.41199771,-0.41356074,-0.41202185,-0.41609944,-0.42577871,-0.41785978,-0.40907645,-0.41855416,-0.41277682,-0.40600969,-0.40637952,-0.40518861,-0.40793122,-0.42088118,-0.41050033,-0.42410960,-0.42017530,-0.41583636,-0.42123682,-0.39083305,-0.41544608,0.36596398,-0.41539086,0.61283175,0.13647206,0.55521196,-0.41777731,0.15930513,-0.40664905,-0.31941837,0.52754122,0.63634482,-0.39187912,-0.40274217,0.07440962,0.52206113,0.57712921,0.56202248,0.51007808,0.45985799,-0.41204146,-0.13485125,50,0.0306283121,0.1077223160,0.0770940039,13.0682017222,0.0752180503,0.0531552604,-0.0669229390,1.7427206124,2.39170525,2.42136741,0.02966216,4.99861356,0.73302205,-0.02372885,-0.05060246,1.04209184
40,0x2c9a12000,0x28653e000,7,7,1,184.58,-0.0410211759,-0.0410669431,0.0484622098,0.0455698250,0.0500770099,0.0489223003,0.0455698250,0.0456041152,0.0452953153,0.0445216455,0.0497552458,0.0498982196,0.0517343226,0.0438084944,0.0495765530,0.0498625005,0.0441141704,0.0455698250,0.0797852821,0.0645585360,0.0618409501,0.0888538930,0.0422237627,0.0442499954,0.0491346646,0.0520988558,0.0474537882,0.0419245221,0.0453638959,0.0497552458,0.0516248232,0.0440801446,0.0464092048,0.0500411933,0.0453982799,0.0521718222,0.0442160623,0.0509442559,0.0494692007,0.0491700265,0.0485683920,0.0519530226,0.0518436228,0.0422570722,0.0465478893,0.0790242206,0.0505470230,0.0500770099,0.0479092313,0.0713686796,-0.51776203,-0.53118400,-0.44933493,-0.43172591,-0.45235015,-0.44343528,-0.44296362,-0.42059137,-0.43636705,-0.44928710,-0.43323333,-0.43284353,-0.44257220,-0.44081046,-0.43266743,-0.44638992,-0.44232752,-0.43784152,-0.26389804,0.55928449,0.71616501,0.78536440,-0.42980884,-0.43692125,-0.44262154,-0.45176838,-0.44591233,-0.43711951,-0.43773988,-0.42496449,-0.44141411,-0.44626967,-0.45715781,-0.44582370,-0.45869573,-0.42156381,-0.44764565,-0.44154360,-0.44798700,-0.44366906,-0.42295250,-0.44621120,-0.44553366,-0.45443722,-0.43935177,0.42221288,0.44141603,-0.44067963,-0.42835881,-0.35872370,50,0.0363524578,0.1123140180,0.0759615602,12.9333791845,0.1330543236,0.0825315463,-0.0436676034,1.2588973752,2.53104692,2.53326623,0.00221931,0.36967629,1.11643146,0.07669751,0.14630588,0.96908886
41,0x20af54000,0x22393e000,1,1,1,184.62,-0.0146339070,-0.0092484150,0.0696195010,0.0728625877,0.0715042008,0.0717815699,0.0739082547,0.0674574433,0.0751676192,0.0728625877,0.0749532073,0.0761779364,0.0685048963,0.0729676973,0.0717469224,0.0720590336,0.0674574433,0.0725122542,0.0709751443,0.0729676973,0.0672912590,0.0686057157,0.1446795853,0.0794974314,0.0799436109,0.0739436165,0.0825536171,0.0738374344,0.0750246454,0.1555184786,0.0835569971,0.0705289959,0.0663764144,0.0728275830,0.0724071446,0.0694497429,0.0703916474,0.0652628812,0.0749532073,0.0738728929,0.0728976880,0.0708377958,0.0718509595,0.0682360139,0.0681016186,0.0715388482,0.0719896440,0.0731078116,0.0703916474,0.0660803914,-0.02598032,0.00800869,0.10186613,0.03368034,0.05413513,0.03081695,0.03906395,0.03509446,0.03499086,0.03311820,0.03036406,0.03990939,0.02850297,0.03690465,0.02873872,0.04328077,0.02660142,0.04705756,0.03407347,0.03499607,0.05824990,0.01560482,1.21639662,1.01628275,0.99859527,0.96570637,1.03565767,1.02632018,0.06841398,0.77046066,1.05473517,0.03777458,0.80338895,0.04386591,0.05540999,0.04068927,0.07837072,0.03999672,0.05417281,0.03167857,0.04501491,0.03411791,0.02894012,0.03727728,0.05350348,0.04059650,0.04940190,0.02935082,0.04242749,0.03903036,50,0.0274259474,0.1056948698,0.0782689224,13.2776611004,0.0734336094,0.0585596653,-0.0654425115,1.6974387441,2.31358022,2.36644407,0.05286385,8.96714631,0.73401076,0.07156173,0.00693361,0.98835640
42,0x212f0b000,0x214b15000,8,8,1,184.61,0.0042635098,-0.0021175539,0.0802938043,0.0843433054,0.0840215413,0.0820761380,0.0799849107,0.0860020579,0.0800192010,0.0831207325,0.0792099038,0.0753990514,0.0835454611,0.0867971291,0.0843433054,0.0800878752,0.0829791885,0.0846293505,0.0862136967,0.0837355938,0.0786324851,0.0823213619,0.0810655824,0.0843791220,0.0828021860,0.0795730526,0.0787684029,0.0834746408,0.0818659188,0.0843075863,0.0821462430,0.0807881186,0.0810655824,0.0816550627,0.0844862791,0.0743863376,0.0828021860,0.0843433054,0.0789042279,0.0810655824,0.0799849107,0.0807881186,0.0844505601,0.0807881186,0.0811002298,0.0786665109,0.0842360507,0.0807881186,0.0786324851,0.0809268978,0.01647100,-0.00422433,0.06302024,0.05820738,0.05466476,0.07073516,0.05276793,0.05321408,0.07447543,0.05748694,0.08206710,0.06247501,0.06836952,0.05131785,0.06145840,0.07420691,0.04267826,0.05507060,0.06215935,0.05276963,0.07552614,0.05852670,0.06617875,0.06285452,0.91732220,0.07071572,0.05999393,0.05812684,0.05184734,0.05064796,0.07318057,0.04896529,0.05635317,0.05883720,0.04891127,0.06340409,0.04460362,0.05802590,0.05885384,0.05747884,0.06968414,0.06474675,0.05926159,0.06556639,0.06127624,0.03209192,0.05137303,0.05610750,0.05989461,0.04851677,50,0.0296271989,0.1066852544,0.0770580556,13.0712981867,0.0370010982,0.0541182675,-0.0751933495,1.6401764785,2.27945246,2.39334528,0.11389281,19.39676156,0.65128840,0.03796750,-0.05594100,1.00125928
43,0x33a076000,0x34416e000,3,3,1,184.66,-0.0443368616,0.0746736019,0.0465828993,0.0497934734,0.0465828993,0.0464788622,0.0476649896,0.0453635430,0.0453635430,0.0464442147,0.0453635430,0.0477700992,0.0467563259,0.0443847522,0.0496862187,0.0518475621,0.0476649896,0.0528914542,0.0505502469,0.0464442147,0.0521027951,0.0487117292,0.0497219377,0.0496862187,0.0529282448,0.0483931827,0.0476999942,0.0486409089,0.0518475621,0.0445205773,0.0498291924,0.0487117292,0.0478051039,0.0507669015,0.0463401776,0.0471745418,0.0464095672,0.0507669015,0.0465482518,0.0453978333,0.0497934734,0.0453978333,0.0483223624,0.0475248753,0.0409093094,0.0496862187,0.0466175467,0.0476299849,0.0456724366,0.0467563259,-0.53302406,-0.40158545,-0.48271495,-0.45041273,-0.48857228,-0.45511017,-0.47715170,-0.45808092,-0.48509342,-0.46238554,-0.48041321,-0.47527671,-0.47844680,-0.47130075,-0.48941541,-0.48046250,-0.48929995,-0.44936973,-0.48273749,-0.46419113,-0.47505646,-0.47905381,-0.47249878,-0.47777913,-0.49441476,-0.48454620,-0.47429986,-0.48682724,-0.49638436,-0.48849587,-0.46628180,-0.49042463,-0.49269320,-0.49826974,-0.48839957,-0.48803398,-0.47698442,-0.48486703,-0.48304379,-0.48274635,-0.48616899,-0.47148328,-0.48002122,-0.46840089,-0.48395534,-0.49049892,-0.47892297,-0.48816896,-0.47171550,-0.48721899,50,0.0309120144,0.1075757200,0.0766637056,13.0103461080,0.0596877732,0.0394054993,-0.0719997870,1.8527520962,2.31904216,2.39882669,0.07978453,13.53749203,0.61895377,0.02915560,-0.04695872,1.00648946
44,0x2ec856000,0x90a3f000,7,15,0,128.95,-0.0003094930,0.0007425839,0.1031991327,0.1014487384,0.1012857484,0.1002855880,0.0954520689,0.0988836158,0.1003663131,0.1001240277,0.1031991327,0.1011634780,0.1019968259,0.1003663131,0.1004067859,0.0954520689,0.1025724638,0.1029917358,0.0996795989,0.1034478504,0.1012857484,0.0968830731,0.1008374980,0.0982411079,0.1025724638,0.1041105908,0.1001643902,0.0982013515,0.1052301602,0.0999624674,0.0976854926,0.1018324060,0.0986833705,0.1021613580,0.1058208143,0.1010820386,0.1022847010,0.1021613580,0.0987633811,0.0991237571,0.1004471484,0.1054832812,0.1005929573,0.1009189373,0.1000028299,0.0994441277,0.1037796628,0.1004067859,0.0982013515,0.0986032505,-0.01645428,0.01010154,0.07461563,0.07913923,0.06470502,0.07013657,0.05858243,0.06277958,0.07889810,0.05926422,0.07265141,0.07011593,0.05882325,0.07062866,0.07175667,0.06320292,0.07726185,0.06868454,0.05246503,0.07394228,0.06467397,0.06703777,0.07693444,0.05514082,0.07259572,0.05149927,0.07112625,0.06925892,0.06396901,0.07624725,0.05712920,0.08388169,0.06306957,0.10012761,0.04717106,0.07287335,0.08127166,0.07807860,0.07277754,0.07616455,0.07191507,0.07402144,0.06120636,0.08280007,0.06879864,0.07242467,0.07315742,0.08665328,0.06824333,0.09045958,50,0.0291981559,0.1233999660,0.0942018101,12.3658874799,0.0480132907,0.0715444870,-0.0797933707,1.6413730523,2.33149084,2.39850547,0.06701463,8.82363421,0.56705476,0.05381367,-0.04977640,1.03516393
45,0xdaa37000,0xfa163000,15,15,1,184.62,0.0016832172,0.0037680516,0.0859159525,0.1652049274,0.0966914770,0.0973478144,0.0867871093,0.0856384888,0.0815570838,0.0878663512,0.0847658912,0.0880078952,0.0834134656,0.0858465629,0.0805747292,0.0844912879,0.0837871004,0.0893387953,0.0829069950,0.0859506000,0.0858119154,0.0793625217,0.0825037173,0.0850404008,0.0818231057,0.0838549666,0.0859506000,0.0762777674,0.0855344517,0.0791673181,0.0854651567,0.0800814474,0.0836512754,0.0835493834,0.1175013408,0.1826248355,0.0910311107,0.0828061756,0.0912863437,0.0826717803,0.0803773806,0.0847658912,0.0848001815,0.0849374363,0.0772329683,0.0869973285,0.0866468993,0.0835493834,0.0819227618,0.0848001815,0.44133389,-0.12133895,-0.06657543,0.89055947,1.07344665,1.12460234,-0.04744354,-0.06859252,-0.07310809,-0.07741838,-0.05420572,-0.07936260,-0.05397898,-0.07011817,-0.06732210,-0.07671876,-0.05709750,-0.08144479,-0.08577875,-0.08299754,-0.06581805,-0.08042208,-0.06291621,-0.07110389,-0.07102596,-0.07515989,-0.07653337,-0.07770381,-0.06765408,-0.08827629,-0.06430037,-0.08153719,-0.07251086,-0.06737524,0.67258931,0.50094141,1.11542102,-0.07459096,-0.05801247,-0.08093251,-0.05813191,-0.09145446,-0.07752300,-0.06845913,-0.09125074,-0.07008936,-0.07506983,-0.08459639,-0.08700092,-0.06924236,50,0.0343863018,0.1087106494,0.0743243475,12.6144449502,0.0974714248,0.0604255999,-0.0710456011,1.5229413078,2.45326401,2.49246440,0.03920039,6.71335730,1.06488993,0.12955138,-0.01641285,1.02210592
46,0xfa5f9000,0x617b1000,15,9,0,126.26,-0.0128723332,-0.0021510590,0.0919671155,0.0929316724,0.0900316844,0.0931264476,0.0936973041,0.0918125985,0.0888355691,0.0887980641,0.0909239810,0.0930095399,0.0887230540,0.0930875138,0.0895770278,0.0931653814,0.0908857617,0.0953302320,0.0941299339,0.0899179944,0.0952509358,0.0888355691,0.0905796934,0.0940905356,0.0888731766,0.0920442685,0.0918125985,0.0928536985,0.0941299339,0.0861919274,0.0906944560,0.0926198832,0.0936580132,0.0925461853,0.0899938222,0.0932433553,0.0916581869,0.0964127683,0.0896907178,0.0856246707,0.0951715312,0.0930875138,0.0929706062,0.0882725841,0.0884603140,0.0861919274,0.0930095399,0.0900696501,0.0939332645,0.0877530328,-0.49205388,-0.49791023,-0.44176352,-0.41356515,-0.43261024,-0.42263868,-0.41841495,-0.42122369,-0.43542038,-0.42569588,-0.41449981,-0.41581011,-0.42522094,-0.42092953,-0.42790499,-0.42478419,-0.42067922,-0.41573236,-0.43125227,-0.42305961,-0.41336270,-0.43562708,-0.41070316,-0.42058137,-0.41220612,-0.42074910,-0.40348050,-0.41953723,-0.41533445,-0.42197990,-0.40086192,-0.42030673,-0.40635433,-0.41804118,-0.40570090,-0.41368125,-0.40866055,-0.41350840,-0.41067727,-0.42686574,-0.40646423,-0.42610750,-0.41402966,-0.43490485,-0.40451482,-0.42376748,-0.40833825,-0.42976892,-0.39978746,-0.43018629,50,0.0274042981,0.1199590761,0.0925547780,11.9417215000,0.0944337140,0.0763675129,-0.0826382712,1.3477500364,2.30590233,2.43346088,0.12755855,16.51049563,0.94436588,0.12517097,-0.06741731,0.98930653
47,0x1dbaa9000,0x19fa4c000,13,4,0,126.24,-0.0173601038,-0.0161246281,0.0820388248,0.0770598185,0.0741413915,0.0769450560,0.0799575571,0.0789548925,0.0807206856,0.0821990647,0.0769067322,0.0845654821,0.0860598395,0.0798002860,0.0720614493,0.0746293665,0.0801148282,0.0793055091,0.0811176001,0.0779120044,0.0863171939,0.0730273253,0.0748544990,0.0871465549,0.0808398466,0.0789548925,0.0809985474,0.0765243297,0.0722823940,0.0801148282,0.0801148282,0.0778347460,0.0792276416,0.0795643256,0.0769067322,0.0769450560,0.0818786941,0.0738824350,0.0817985741,0.0800755373,0.0796429075,0.0770214947,0.0838726909,0.0773715112,0.0719141863,0.0744791415,0.0823190807,0.0801935174,0.0796823058,0.0733991077,-0.03440066,-0.02574263,0.08654398,0.04490140,0.04200860,0.04995220,0.05347519,0.04560890,0.04504127,0.03813124,0.04699492,0.04564755,0.06516747,0.03365528,0.05152825,0.03764515,0.04684248,0.04162472,0.05919180,0.05370320,0.28352042,0.04475782,0.03047768,0.05759610,0.05795902,0.03953173,0.05999760,0.02236881,0.04174278,0.04872458,0.04447407,0.04201466,0.04832543,0.05636835,0.04096485,0.03859393,0.05846977,0.04766797,0.04001092,0.04680190,0.07311595,0.04017431,0.05209506,0.02956562,0.04558626,0.03430025,0.06409059,0.03368820,0.06283472,0.01990885,50,0.0313011753,0.1192293452,0.0879281700,11.3420432396,0.0605649211,0.0812776435,-0.0821301863,1.8687718541,2.40702436,2.41061200,0.00358763,0.44213737,0.57356787,0.04476971,-0.05493224,1.04868638
48,0x359b0a000,0x19ec7d000,3,13,0,128.94,-0.0183312592,-0.0162099523,0.0830938627,0.0861711108,0.0824039535,0.0818973891,0.0898203106,0.0919837326,0.0863326712,0.0862519462,0.0864135065,0.0885741798,0.0822091783,0.0824039535,0.0845305867,0.0843321295,0.0904418609,0.0840147278,0.0885741798,0.0873715174,0.0854533505,0.0872084162,0.0882041509,0.0882041509,0.0861711108,0.0866154294,0.0875752272,0.0840941324,0.0868174625,0.0861711108,0.0878197679,0.0821701382,0.0920680295,0.0875752272,0.0899447261,0.0815077323,0.0885741798,0.0834084049,0.0850128546,0.0886563336,0.0843321295,0.0828186114,0.0900691416,0.0840941324,0.0821701382,0.0797786155,0.0861306380,0.0897373292,0.0894886115,0.0872084162,0.00492619,-0.05727994,0.08600315,0.09087534,0.08658936,0.06658991,0.09406307,0.08862615,0.09885256,0.09009358,0.08504275,0.08075661,0.09034597,0.08007369,0.08404920,0.08749653,0.09107870,0.07555965,0.07236334,0.08607409,0.08692693,0.08240462,0.09697659,0.09258065,0.07596235,0.08815924,0.08302952,0.07949566,0.07586691,0.06557320,0.07117683,0.08959133,0.08007230,0.09104696,0.08676745,0.06570255,0.06316630,0.08180223,0.06764892,0.09752858,0.07483790,0.08083907,0.08148096,0.07694286,0.07914905,0.07404087,0.09301959,0.09050730,0.08362515,0.07568919,50,0.0287942678,0.1235620008,0.0947677331,12.4581950296,0.0288111625,0.0751097359,-0.0499204895,1.3325365255,2.37806767,2.41841943,0.04035177,5.30048677,0.55555775,0.00233056,-0.03455859,1.01995399
49,0x16a90f000,0x160ecd000,11,11,1,184.59,-0.0045910675,0.0073892540,0.0783317547,0.0785977766,0.0807930531,0.0772868948,0.0864842426,0.0765340350,0.0852587126,0.0806232949,0.0828858270,0.0838610208,0.0851171686,0.0830591590,0.0851879889,0.0840361397,0.0818398028,0.0882144220,0.0860909428,0.0861981975,0.0850818067,0.0839661304,0.0829898640,0.0820113478,0.0788970173,0.0862697331,0.0883967882,0.0840712400,0.0837208109,0.0785645579,0.0852233508,0.0874236409,0.0840011351,0.0786643048,0.0787307422,0.0807591200,0.0864842426,0.0875681430,0.0785645579,0.0785645579,0.0845966924,0.0821486963,0.0884332216,0.0829551219,0.0788970173,0.0851171686,0.0819427673,0.0797120242,0.0807251869,0.0829898640,-0.00824999,0.00647352,0.03524274,0.03811646,0.03922899,0.03361543,0.05192794,0.03661124,0.04835391,0.04399954,0.04683055,0.03134598,0.05879624,0.04827470,0.05638715,0.04733013,0.04571099,0.04500735,0.05763928,0.04553986,0.05492166,0.03302169,0.06377297,0.04445475,0.03412674,0.04981980,0.05325795,0.06330976,0.04697159,0.03797131,0.04064892,0.05729028,0.05237003,0.04167328,0.07222106,0.03415629,0.08244862,0.05384982,0.05144508,0.03379606,0.05736876,0.05522882,0.06902962,0.05066658,0.05117771,0.04130702,0.04341285,0.03871009,0.04187735,0.06247712,50,0.0311179160,0.1062659533,0.0751480374,12.7432982571,0.0624899972,0.0382014251,-0.0776870500,1.8559271107,2.33180849,2.37375138,0.04194289,7.13766010,0.75362546,-0.01787130,-0.05914108,1.03372346
50,0x34bc15000,0x344a0f000,10,10,1,184.58,-0.0121631874,-0.0068059328,0.0756147142,0.0777470233,0.0755799721,0.0786518617,0.0804141844,0.0795169625,0.0764182683,0.0752679555,0.0730393566,0.0793363842,0.0753372505,0.0777824818,0.0763832636,0.0795530387,0.0765583825,0.0766985924,0.0719933333,0.0773931150,0.0786518617,0.0741876410,0.0754066401,0.0805965506,0.0711128707,0.0753026030,0.0794808862,0.0785446070,0.0786161426,0.0785803260,0.0764182683,0.0789378092,0.0748864547,0.0742219313,0.0761029394,0.0811799830,0.0742562216,0.0751985659,0.0734469245,0.0752679555,0.0805965506,0.0785446070,0.0798057695,0.0729035315,0.0763832636,0.0821180502,0.0751985659,0.0701294437,0.0797336170,0.0761029394,-0.05381932,-0.06315410,0.00100201,0.00582258,0.01468335,-0.00028566,-0.01162292,0.00391462,-0.00158191,-0.00532231,0.00083025,0.01608637,0.00093728,-0.00335739,-0.01308897,0.00016159,0.00299356,-0.00005204,-0.00181331,0.00417856,-0.02646003,-0.00589349,-0.00982002,0.01301952,-0.00733914,-0.00540420,0.00050474,0.00763774,0.01545364,-0.00903642,-0.01302200,-0.00682033,-0.00614211,-0.00193257,0.00538592,-0.01573012,-0.00986158,-0.01012555,0.00865172,-0.00934694,0.02458378,-0.01296801,0.00966272,-0.01334065,0.00967246,0.00237633,0.00795564,-0.01999026,-0.00390332,0.00099598,50,0.0239960767,0.1070790790,0.0830830023,14.0908224571,0.0426509151,0.0703380568,-0.0486490083,1.3453391760,2.33300136,2.41497989,0.08197853,13.90404533,0.60852622,0.01049151,-0.02912823,1.00734671
51,0x641d000,0xdb3d000,9,9,1,184.63,-0.0088131120,-0.0056375899,0.0787384714,0.0776906492,0.0807618345,0.0805165150,0.0829224635,0.0765413960,0.0828509279,0.0776567161,0.0814527822,0.0800282898,0.0815943263,0.0800282898,0.0797161786,0.0829581826,0.0798895106,0.0733622435,0.0753269526,0.0819483312,0.1275392706,0.0925673533,0.0955659112,0.0907523984,0.0774529322,0.0775548241,0.0846526541,0.0789444005,0.0778264743,0.0774529322,0.0783609036,0.1602360557,0.0793694199,0.0806917296,0.0775887572,0.0818066906,0.0781321502,0.0876154818,0.0731020313,0.0796121415,0.0830654373,0.0790816553,0.1046574591,0.0752605152,0.0746088321,0.0992916562,0.0841111164,0.0863474717,0.0789444005,0.0806917296,-0.51600426,-0.52582453,-0.47830816,-0.46620838,-0.45775542,-0.46027602,-0.44411507,-0.46931912,-0.45322896,-0.45548493,-0.44018401,-0.45869691,-0.45254501,-0.45303364,-0.44743562,-0.46484585,-0.43273854,-0.45890774,-0.44706899,-0.45383730,0.29153992,0.52127764,0.65615340,0.34461021,-0.42300746,-0.46190271,-0.42955095,-0.39778460,-0.45341370,-0.45987251,-0.45946420,-0.37093022,-0.44301682,-0.45104757,-0.45207677,-0.44965919,-0.43970069,0.49049821,0.14484414,-0.43920451,-0.44108395,-0.45757687,-0.42013085,-0.44865624,-0.44574732,-0.33880590,-0.42551891,0.46852968,-0.43198231,-0.45614381,50,0.0322737013,0.1100380842,0.0777643829,13.2745548117,0.1375484916,0.0779617357,-0.0677317482,1.7966138522,2.49894344,2.47891088,-0.02003256,-3.44148969,1.10185754,0.04957162,0.06679346,0.99890874
52,0x277458000,0x274354000,1,1,1,184.57,0.0039545611,-0.0035450706,0.0807751819,0.0796941530,0.0861803373,0.0810383433,0.0774685153,0.0870862362,0.0827692684,0.0847904148,0.0832061220,0.0872263505,0.0842559855,0.0891016488,0.0842900113,0.0872263505,0.0892804391,0.0892447201,0.0853052375,0.0761679250,0.0872964554,0.0848934731,0.0826347813,0.0829372396,0.0818229920,0.0882716603,0.0915490372,0.0864578011,0.0865964856,0.0839504023,0.0842900113,0.0860416528,0.0873664647,0.0852365632,0.0842900113,0.0850307279,0.0806436460,0.0869460263,0.0873664647,0.0819891763,0.0850307279,0.0832061220,0.0840182685,0.0804791589,0.0861110424,0.0831388785,0.0850993084,0.0912572712,0.0851679827,0.0864230589,-0.00645356,-0.01179491,0.06106843,0.06097633,0.06317741,0.05569428,0.05799844,0.07304347,0.05288363,0.05865635,0.06039109,0.05025518,0.06606255,0.07060799,0.05349438,0.07788802,0.07323693,0.06639080,0.04950722,0.05459689,0.06412969,0.04122787,0.06565613,0.05696543,0.05365165,0.07144563,0.07712310,0.06416243,0.05733022,0.06404618,0.07877255,0.06224506,0.06243485,0.06525675,0.06005035,0.06192770,0.05417208,0.06400749,0.06875586,0.06599282,0.06166184,0.09742503,0.06802839,0.07165930,0.07713065,0.06982376,0.05901473,0.05462582,0.06248417,0.08311642,50,0.0287201692,0.1070763521,0.0783561829,13.3105101936,0.0898089806,0.0606224428,-0.0636093484,1.4198584258,2.39222485,2.43394919,0.04172434,7.04782368,0.72264349,0.03268062,0.00460414,1.04565208
53,0x162970000,0x3e510000,2,0,0,129.27,-0.0067546443,0.0052146082,0.0905472663,0.0925592469,0.0892446106,0.0912161232,0.1016092494,0.0951058912,0.0892078200,0.0961898582,0.0947969626,0.1007533569,0.0959560429,0.0916290881,0.0944494575,0.0969197737,0.0902870288,0.0890604565,0.0939072726,0.0919293332,0.0982781657,0.0894655553,0.0934865463,0.0957222276,0.1106292867,0.1015276987,0.1056495150,0.0991211667,0.1042334885,0.2272682344,0.1029061641,0.1056495150,0.0992812974,0.0916665932,0.0980400603,0.0999598770,0.0939072726,0.0957611614,0.0954147143,0.0944494575,0.0956832938,0.0933716794,0.0970377539,0.0934865463,0.0915164707,0.0915164707,0.0969590647,0.0982385176,0.0990811614,0.0904728692,-0.00917192,0.00719682,0.05005406,0.05120423,0.04088713,0.04206035,0.06146869,0.04181377,0.04422473,0.04314891,0.05599113,0.06523265,0.06376727,0.04486440,0.07255352,0.06165218,0.06563051,0.04882719,0.06071257,0.05220826,0.06091505,0.76453849,0.07815932,0.65114447,1.00055161,1.01791073,1.02228429,0.83045999,1.04203806,1.20410103,1.03219380,0.99470977,0.74221606,0.05964307,0.05317245,0.04834139,0.07456070,0.06273516,0.05556666,0.03624813,0.05105538,0.04716088,0.05765101,0.05061663,0.05219721,0.04141025,0.06442602,0.05221688,0.05482238,0.04928460,50,0.0261152890,0.1168341787,0.0907188897,11.7831828369,0.0402302474,0.0707557510,-0.0895602025,1.4061117662,2.33686395,2.35881759,0.02195364,2.82330991,0.57426378,0.03446410,-0.05478432,1.02927632
54,0x33a2a7000,0x345d01000,10,10,1,184.47,-0.0035003876,-0.0002530118,0.0882941828,0.0829945023,0.0841787713,0.0891216790,0.0870015040,0.0884728756,0.0851919349,0.0869660455,0.0848798237,0.0829945023,0.0892661811,0.0885085946,0.0804991781,0.0955885244,0.0849492133,0.0906006450,0.0830284354,0.0873554123,0.0852612299,0.0848451762,0.0851572875,0.0886516660,0.0858882343,0.0872492302,0.0850185083,0.0854000091,0.0850185083,0.0875323182,0.0861685585,0.0883299018,0.0869306837,0.0894828356,0.0885085946,0.0853306195,0.0893022573,0.0882583662,0.0883656209,0.0830623685,0.0838699714,0.0883656209,0.0830963016,0.0852265824,0.0873554123,0.0903818454,0.0850532504,0.0832322193,0.0894105846,0.0904912452,0.00822003,0.00090765,0.07429016,0.06183148,0.07561863,0.07479395,0.07014969,0.08182001,0.08283710,0.07419837,0.08188416,0.05894210,0.08192614,0.06310186,0.05074783,0.08438160,0.07544894,0.07173483,0.08024023,0.07504355,0.07063979,0.06267652,0.06824669,0.05960780,0.06486031,0.06803178,0.07522091,0.06187021,0.08501770,0.07623401,0.07205759,0.06777082,0.07873636,0.06732751,0.07231960,0.06958327,0.07440938,0.08386585,0.07567759,0.07921693,0.07802299,0.07971504,0.06531189,0.06581841,0.06068934,0.07206759,0.07131298,0.07652099,0.09184874,0.06783226,50,0.0297573260,0.1085842298,0.0788269038,13.3790216902,0.0693713865,0.0602004998,-0.0624012030,1.3074977355,2.40791155,2.40960023,0.00168869,0.26325986,0.61418917,0.00236311,-0.04680512,1.02455308
55,0x8b3da000,0x9bf1c000,6,6,1,184.64,-0.0060400376,-0.0060400376,0.0740955728,0.0757335021,0.0686868405,0.0730816836,0.0771992504,0.0747958162,0.0783152839,0.0769514276,0.0684591326,0.0737180049,0.0737180049,0.0758736164,0.0677337727,0.0724025027,0.0772346122,0.0706508352,0.0706176165,0.0793237156,0.0762240455,0.0781365911,0.0709167664,0.0774823384,0.0730477505,0.0761539405,0.0761189359,0.0750386325,0.0736837147,0.0716968585,0.0761889452,0.0726401827,0.0796486974,0.0752119645,0.0752466120,0.0741298631,0.0751773170,0.0744387566,0.0737866792,0.0664278954,0.0664278954,0.0743015018,0.0730477505,0.0749345954,0.0752466120,0.0762240455,0.0706508352,0.0741641533,0.0743357921,0.0761539405,-0.00899052,-0.00353984,0.04552413,0.03394907,0.02921315,0.03444890,0.05089352,0.05080905,0.03968068,0.03941157,0.03501693,0.04997704,0.04767716,0.04802943,0.03690683,0.03846137,0.04301411,0.03500074,0.04388375,0.05239103,0.02971807,0.03637742,0.04297382,0.05337174,0.03183760,0.03136658,0.03517613,0.06952839,0.04243290,0.03212987,0.04226854,0.04522427,0.04478687,0.03902712,0.04644874,0.03706273,0.06547521,0.04304144,0.06328441,0.03096145,0.04456852,0.04569825,0.06538940,0.04512913,0.04685782,0.04745495,0.05721811,0.04240353,0.05017603,0.04856668,50,0.0264068684,0.1048942137,0.0784873453,13.3222509697,0.0457918552,0.0575942281,-0.0759473334,1.4636904700,2.30136301,2.37968519,0.07832219,13.33051314,0.58010905,0.08553964,-0.00929610,1.00356416
56,0x33b56e000,0x344442000,3,3,1,184.60,-0.0076896482,-0.0054639520,0.0780308560,0.0778539501,0.1980025701,0.1172950432,0.0786854659,0.0702159276,0.0746087285,0.0786854659,0.0805229112,0.0780663144,0.0802341042,0.0731533384,0.0765969913,0.0785423945,0.0755864356,0.0731873642,0.0767722059,0.0769824251,0.0737307571,0.0809897830,0.0788641587,0.0806980170,0.0777477679,0.0754131036,0.0749175284,0.0776415858,0.0788641587,0.0755864356,0.0796202168,0.0853124919,0.0786139302,0.0798730462,0.0725123807,0.0745400542,0.0781016763,0.0733231892,0.0742311606,0.1895569629,0.0768072105,0.0735609062,0.0780663144,0.0810262164,0.1380438284,0.0908744958,0.0844570884,0.1453667354,0.0799091224,0.0753783615,-0.01231844,-0.00435179,0.05293600,0.07089539,0.60755144,0.10300769,0.08111610,0.04061766,0.04771927,0.05959910,0.04170731,0.05176890,0.04641989,0.05369840,0.03074684,0.05236826,0.03869130,0.06515293,0.04061160,0.07102337,0.03322802,0.06768653,0.05755320,0.13912494,0.04522127,0.05511370,0.05219720,0.06936534,0.04835236,0.06055083,0.04522741,0.06393172,0.03955848,0.04728690,0.04115465,0.04673017,0.04114921,0.04817146,0.03928595,0.98719153,0.03991917,0.03690457,0.04419557,0.03689017,1.04416130,1.02992516,1.21058955,0.90824806,0.07597968,0.04905404,50,0.0321227850,0.1103231015,0.0782003165,13.2715605203,0.0979117970,0.0571567322,-0.0809620641,1.8904403490,2.40515636,2.44230528,0.03714892,6.32991636,0.91183736,-0.04120058,-0.15651712,1.03190739
57,0x357183000,0x353e51000,10,10,1,184.61,-0.0016691780,0.0005747447,0.0882538925,0.0859488610,0.0923234673,0.0845557320,0.0827057744,0.0893002860,0.0827737333,0.0850065278,0.0858437514,0.0870298899,0.0838211983,0.0848678432,0.0856335322,0.0856335322,0.0870298899,0.0825699493,0.0891558825,0.0847985483,0.0859488610,0.0837868143,0.0848331957,0.0869591662,0.0859488610,0.0837525241,0.0826718413,0.0901271433,0.0848678432,0.0806102448,0.0873130745,0.0880751997,0.0793311519,0.0848678432,0.0866759816,0.0781539510,0.0848331957,0.0871714339,0.0848678432,0.0860889753,0.0867113434,0.0826718413,0.0881109188,0.0880394807,0.0851453070,0.0850065278,0.0818936279,0.0824680574,0.0889754028,0.0860889753,0.01051540,-0.00994377,0.06408176,0.06754389,0.06977197,0.05169061,0.04523203,0.05978917,0.05629523,0.05116895,0.04686798,0.06435290,0.06112030,0.08537705,0.04435986,0.07626010,0.05226881,0.05898765,0.07079413,0.07510961,0.05099477,0.07242807,0.06067708,0.07374745,0.06215982,0.08008179,0.04147400,0.06695452,0.06589143,0.05889396,0.06500701,0.06358493,0.06236946,0.06063619,0.05091556,0.04616356,1.01703257,0.07927838,0.07508779,0.07234572,0.05802673,0.03699403,0.05759772,0.05863982,0.05421295,0.07628401,0.05898828,0.04965903,0.04549443,0.05791324,50,0.0292217614,0.1107954952,0.0815737338,13.8525804444,0.1078814807,0.0543273578,-0.0636764719,1.9449546416,2.37477609,2.48592546,0.11114937,18.96356877,0.99091094,0.06478623,-0.07255617,1.01406575
58,0x1c8bb1000,0x1a271b000,13,13,1,184.60,0.0051455153,0.0040283858,0.0807772116,0.0783787618,0.0818925197,0.0842325559,0.0809158962,0.0859234405,0.0766221269,0.0821377436,0.0808465066,0.0811239703,0.0820326340,0.0764226331,0.0751453281,0.0874799428,0.0863974731,0.0785146796,0.0829378296,0.0843756272,0.0829731914,0.0836963799,0.0818925197,0.0820326340,0.0785146796,0.0794909681,0.0842325559,0.0819626247,0.0851345459,0.0809851911,0.0789561806,0.0801773358,0.0840181441,0.0850622948,0.0818575151,0.0843756272,0.0840538631,0.0830793736,0.0840538631,0.0808465066,0.0808465066,0.0774354376,0.0746206233,0.0786844377,0.0771665553,0.0808465066,0.0830440117,0.0826900068,0.0785486127,0.0786844377,0.01170151,0.00115775,0.07533701,0.06236587,0.06913034,0.06382966,0.06442002,0.05976627,0.06107219,0.05094529,0.07375374,0.07424367,0.05552878,0.05598515,0.06070042,0.07034871,0.07200394,0.05254487,0.07708456,0.06978806,0.08371577,0.07502311,0.07494467,0.04862009,0.06918132,0.07513578,0.06798608,0.05196676,0.05643876,0.06364154,0.06230994,0.06980141,0.05362639,0.07399157,0.05828058,0.07187651,0.09523832,0.07534209,0.09760966,0.05442649,0.09495427,0.07190597,0.07151699,0.07332930,0.05736261,0.06179801,0.06997544,0.07412888,0.07539933,0.05336128,50,0.0257847080,0.1064489913,0.0806642833,13.6913183519,0.0501315341,0.0664709086,-0.0677979971,1.4286496802,2.34624897,2.39610126,0.04985228,8.46736572,0.66631668,0.04497784,-0.04643208,0.99081017
59,0x162c43000,0x162f9f000,11,11,1,184.87,-0.0015722079,-0.0016923263,0.0835960058,0.0826225888,0.0781980101,0.0816470267,0.0815419171,0.0837747962,0.0783338351,0.0837389795,0.0826579506,0.0772192304,0.0836317248,0.0805999410,0.0796550944,0.0823394042,0.0832742417,0.0825872269,0.0795178396,0.0785036860,0.0784017940,0.0838819533,0.0783678609,0.0786055780,0.0770175915,0.0786055780,0.0782659690,0.0785715522,0.0835602867,0.0815069125,0.0805652936,0.0835245677,0.0793119106,0.0780621850,0.0837389795,0.0804959040,0.0804612565,0.0796208041,0.0782999020,0.0781640770,0.0814368075,0.0815419171,0.0841679983,0.0782319432,0.0770848350,0.0783678609,0.0782319432,0.0801837927,0.0801837927,0.0812265883,-0.00778079,0.00137555,0.09296958,0.05922576,0.07272831,0.05348344,0.05639378,0.06492855,0.06006858,0.05794910,0.05904271,0.04774133,0.05170702,0.03190628,0.05219828,0.08377055,0.06260472,0.07183672,0.06703687,0.05474616,0.03872501,0.05730120,0.05179898,0.06247198,0.06570526,0.06547481,0.05617427,0.07316437,0.04961505,0.07364879,0.06542934,0.09502037,0.05045033,0.06901603,0.06109370,0.06809339,0.06285505,0.07282950,0.05182292,0.05942684,0.05939627,0.07726727,0.05242338,0.06600639,0.03434011,0.07083442,0.06118474,0.06851355,0.05881184,0.06223283,50,0.0254745309,0.1049607122,0.0794861813,13.5065526852,0.0434226678,0.0701252224,-0.0803630145,1.3385086332,2.33698190,2.34269629,0.00571439,0.96718026,0.57461843,0.02068473,-0.02383869,1.01378994
60,0x3c95fc000,0x3dd5c4000,5,5,1,184.61,0.0008916580,-0.0035622357,0.1468881738,0.0922142495,0.0869739081,0.0884093001,0.0842553081,0.0927348261,0.0892379675,0.0908273072,0.0966741651,0.1457774746,0.0832400819,0.0914693182,0.0851304079,0.0873279131,0.0904261414,0.0829344060,0.0883020454,0.0863515400,0.0818873102,0.1065418928,0.1997938985,0.0989520785,0.0917638441,0.0950870589,0.0851304079,0.0841523436,0.0839807985,0.1714862506,0.1004234687,0.1884262392,0.0915797906,0.1089130654,0.0976352523,0.1446957637,0.0870801869,0.0881590716,0.0939288057,0.0836719049,0.1013458743,0.1026289031,0.0912851641,0.0904991078,0.0940039182,0.1225890011,0.0787743297,0.1102086095,0.0988298317,0.0926975768,-0.12136826,0.35711993,0.03966320,0.89872644,0.93955410,-0.05514801,0.22282525,0.86693071,0.90795242,0.89582661,1.09046451,0.73270226,-0.05542803,0.89810136,0.22647717,-0.04860791,-0.03062505,-0.07245204,-0.04700407,-0.06542472,-0.06002602,0.87499414,0.86503922,0.92651494,1.07210785,0.88816629,0.03462064,-0.04833543,0.26639590,0.76580508,0.93457389,1.02658904,0.89115712,1.05641309,0.90989517,0.59158495,0.82578786,0.93053991,0.87573527,0.65682190,1.09659489,0.91467486,0.89008978,0.90546023,0.95583593,0.79609299,0.96720290,0.90425722,0.90977022,0.54970480,50,0.0270797646,0.1070538536,0.0799740890,13.5727072162,0.0532774602,0.0602869107,-0.0764928690,1.6338521088,2.31673281,2.42102541,0.10429260,17.76260030,0.73832232,0.01769244,-0.03941911,1.00121990
61,0xda161000,0x352aef000,15,10,0,128.91,0.0145674316,-0.0116117618,0.0776818101,0.0766451079,0.0872502269,0.1540973175,0.0810450350,0.0806038758,0.0777236014,0.0750178116,0.0723711383,0.0670913173,0.0768939389,0.0744064599,0.0771012226,0.0744880105,0.0754432715,0.0733691546,0.0770183544,0.0736922753,0.0734499899,0.0717286305,0.0704491776,0.0712921762,0.0714905251,0.0747732709,0.0738538356,0.0756078036,0.0711730151,0.0748141019,0.0689395914,0.0716095778,0.0833344139,0.0697806948,0.0719269794,0.0671678605,0.1247293794,0.0886904439,0.0822972420,0.0778277526,0.0736115502,0.0736922753,0.0777655068,0.0715301732,0.0735710774,0.0682870755,0.0764792584,0.0770183544,0.0747732709,0.0715301732,0.46789858,0.50438601,0.63845665,0.53515404,0.82998297,0.55106009,0.54777867,0.50376734,0.71731881,-0.41594696,-0.43671137,-0.43675760,-0.43381261,0.25822199,-0.42637615,-0.44595638,-0.43158948,-0.42082781,-0.44658835,-0.43653098,-0.41893242,-0.41750627,-0.44832388,-0.42583107,-0.44563201,-0.40995318,-0.43732029,-0.45018698,-0.45868048,-0.43881680,-0.45483367,-0.41579860,-0.41926107,-0.41472842,-0.43488321,0.27984018,0.51657692,0.56137584,0.52024004,0.50538284,0.27639636,-0.43427685,-0.43121589,-0.42140181,-0.43669167,-0.42778560,-0.44724213,-0.43787418,-0.45542056,-0.43680799,50,0.0281658347,0.1248056497,0.0966398150,12.6899136974,0.0697807767,0.0716970010,-0.0853940856,1.6846398168,2.35483390,2.43199806,0.07716416,10.15113099,0.76419366,0.01724256,-0.05457884,1.03528863
62,0x357848000,0x33abea000,3,3,1,184.60,-0.0443922775,-0.0466515740,0.0419581576,0.1012863994,0.0409804505,0.0799232761,0.0582483861,0.0847364081,0.0453788544,0.0418887680,0.0452001616,0.0418194731,0.0399665613,0.0429337086,0.0452001616,0.0398307362,0.0495972233,0.0505660704,0.0428987040,0.0376354598,0.0422702688,0.0406028826,0.0410490310,0.0421314896,0.0430388182,0.0427584940,0.0418887680,0.0493741335,0.0418887680,0.0387497074,0.0397968032,0.0388169509,0.0490766467,0.0452358806,0.0453074163,0.0436343756,0.1102692208,0.0646100592,0.0551210152,0.0430388182,0.0452358806,0.0398307362,0.0465335751,0.0450571879,0.0411519955,0.0441548518,0.0398307362,0.0401024791,0.0451286259,0.0398647620,-0.21916786,0.46249854,-0.16887609,-0.10916106,-0.16311052,0.83252802,0.94392141,0.99857544,-0.09134478,-0.15564013,-0.14126233,-0.16992097,-0.15328263,-0.16980572,-0.15676082,-0.16760637,-0.15400813,-0.15822196,-0.15475992,-0.16898133,-0.17452990,-0.16907142,-0.18630624,-0.16005845,-0.17860958,-0.16754257,-0.17805835,-0.16135968,-0.16953817,-0.17213993,-0.15837899,-0.16639325,-0.14810623,-0.14771119,-0.15173598,-0.17837114,0.86587840,0.78435649,1.00455024,-0.16970714,-0.15654712,-0.17336357,-0.15891730,-0.16357426,-0.14660346,-0.16902389,-0.15338592,-0.16624942,-0.16536003,-0.17411336,50,0.0332599326,0.1121859207,0.0789259880,13.4296267533,0.1322009281,0.0627329789,-0.0596138394,1.5098164174,2.46337355,2.50565994,0.04228639,7.19106477,1.10106601,-0.09063628,-0.12860226,1.05239378
63,0x3e18fa000,0xe904000,5,0,0,128.97,-0.0019963722,0.0014261948,0.1009713884,0.1019297565,0.0987652377,0.0981997213,0.0932757361,0.0986036774,0.0999292137,0.0983613920,0.0973225457,0.0973225457,0.1021785874,0.0966002761,0.0963225226,0.0981997213,0.1017639069,0.1085946721,0.0982805567,0.0985229523,0.1003957505,0.1014735286,0.0976828124,0.0993178620,0.0997662236,0.0964019272,0.1060851427,0.1015980573,0.0985229523,0.0935845592,0.0920027194,0.1000107643,0.1007657794,0.0963622790,0.0992771423,0.1031369554,0.1060851427,0.1003957505,0.0988057105,0.0981593588,0.0975226817,0.0975627963,0.1003135967,0.0986036774,0.1018467751,0.1000107643,0.0972024204,0.0961241737,0.0921558057,0.1009301993,0.04453573,0.04835144,0.10480933,0.10313054,0.10087667,0.10256387,0.09815722,0.09399012,0.08696409,0.09179091,0.09409578,0.10437449,0.10459276,0.09539115,0.11331615,0.10701583,0.13187682,0.10837249,0.12030228,0.10186662,0.10906669,0.11156861,0.11692711,0.10414551,0.11456332,0.10126093,0.09262932,0.09604201,0.10493924,0.09620705,0.10318434,0.09731265,0.09713756,0.07934762,0.10073344,0.09678592,0.10295849,0.09185632,0.09317274,0.10489458,0.09537371,0.10520590,0.11047311,0.09410853,0.09525618,0.09845328,0.09009435,0.09257464,0.09570457,0.09674164,50,0.0272783514,0.1238708492,0.0965924978,12.7125910370,0.0421042384,0.0757417670,-0.0783627360,1.5104761913,2.32637670,2.43460633,0.10822963,14.27276178,0.62408350,0.02559416,-0.04086681,0.98451532
64,0x29a01c000,0x15b177000,7,11,0,128.91,-0.0052023566,0.0024374098,0.1122540485,0.1105310545,0.1126498184,0.1059127612,0.1102282781,0.1639889437,0.1483237825,0.1137308141,0.1091922894,0.1003981581,0.1035725967,0.1031243463,0.1073290307,0.1040838978,0.1025537143,0.1026760959,0.1020010900,0.1000742338,0.1031650660,0.0994790787,0.1049582119,0.1029613563,0.1006384087,0.1026760959,0.0995187268,0.1029205253,0.1068649371,0.0994394305,0.1063728077,0.0970868458,0.1031650660,0.0983211807,0.1033280560,0.1025945452,0.1020415628,0.1026760959,0.1026760959,0.1013952111,0.1029205253,0.1050826274,0.1003181474,0.1026760959,0.1050826274,0.1007585340,0.0998361284,0.1048339096,0.1027575353,0.1007585340,0.22306409,0.50908893,0.85777456,0.69901853,0.67626993,0.68473343,0.67373715,0.40556972,0.61612431,0.64964503,-0.24692029,-0.26268808,-0.25451400,-0.26354258,-0.25989983,-0.26405811,-0.27885976,-0.25700177,-0.26304424,-0.26481732,-0.26957367,-0.27564428,-0.26017288,-0.27900035,-0.27649451,-0.26420960,-0.27268126,-0.25195045,-0.26592873,-0.24984168,-0.27756034,-0.27522397,-0.26791164,-0.27244351,-0.27257879,-0.26174065,-0.28065412,-0.26260270,-0.27402901,-0.25480841,-0.27677681,-0.27977959,-0.27577661,-0.28180902,-0.27008883,-0.27844471,-0.28571750,-0.26855745,-0.26578835,-0.27991109,50,0.0285901413,0.1235458892,0.0949557479,12.4756368523,0.0558718571,0.0827655300,-0.0667214982,1.4574846660,2.33499809,2.39265589,0.05765780,7.59084244,0.54731343,0.07667631,-0.04788342,1.03194852
65,0x2fe2b6000,0x2f3284000,7,7,1,184.66,0.0029018693,-0.0002790106,0.0840562940,0.0804413484,0.0841603311,0.0839869044,0.0858304046,0.0847876936,0.0828715852,0.0841603311,0.0828372949,0.0862904951,0.0835361086,0.0823224723,0.0850329175,0.0825969819,0.0795963404,0.0849979129,0.0828715852,0.0875160250,0.0850679222,0.0795298122,0.0844030527,0.0873729537,0.0852781414,0.0804413484,0.0817909025,0.0862904951,0.0859012249,0.0837095353,0.0850329175,0.0851730318,0.0852080365,0.0870870062,0.0869082158,0.0851030225,0.0836747932,0.0850679222,0.0837095353,0.0817229436,0.0838135724,0.0860074071,0.0850679222,0.0830431303,0.0871585419,0.0882749437,0.0902153423,0.1453303303,0.0980009778,0.1949632637,0.03260713,0.03192452,0.09930591,0.07658675,0.07217899,0.08272212,0.09295985,0.08336411,0.08768711,0.09181195,0.08645206,0.07971232,0.07710594,0.06819605,0.06906454,0.08178409,0.07813809,0.07505406,0.07642573,0.07876856,0.07439510,0.08105926,0.07427068,0.07565389,0.08949164,0.07936024,0.06255768,0.07833387,0.08218549,0.08217470,0.11077363,0.07702075,0.11008540,0.08238317,0.10787555,0.07538854,0.11683302,0.09619084,0.08400917,0.08331190,0.09908619,0.09408831,0.10103349,0.08014130,0.09651974,0.09810032,0.14467692,0.16239697,0.11210857,1.09194271,50,0.0323208016,0.1060928998,0.0737720982,12.5024699748,0.0476702260,0.0371108987,-0.0818530722,1.8704410216,2.34258048,2.38138548,0.03880500,6.55254207,0.62763160,0.00737739,0.03422661,0.99972958
66,0x293829000,0x345dfe000,14,3,0,126.21,-0.0166585877,-0.0165838793,0.0827903393,0.0772354841,0.0843114752,0.0773491741,0.0819062629,0.0869486948,0.0815131388,0.0811984892,0.0775764507,0.0786588760,0.0856655544,0.0874831436,0.0780851678,0.0861546358,0.0829093920,0.0859916458,0.0760811628,0.0811356268,0.0828299875,0.0815131388,0.0810576529,0.0828697439,0.0752627964,0.0829886883,0.0809797854,0.0825125858,0.0818276810,0.0825919904,0.0786206566,0.0786971998,0.0831474974,0.0763439028,0.0791179261,0.0797799833,0.0804342872,0.0788119623,0.0802783394,0.0794324782,0.0764940253,0.0791622315,0.0827506912,0.0738135931,0.0775764507,0.0821029323,0.0744027455,0.0776522785,0.0780851678,0.0787354192,-0.00386100,-0.00056370,0.07122803,0.07297193,0.05344955,0.05706150,0.05556705,0.07136330,0.04744647,0.06066154,0.06591716,0.06179663,0.06721577,0.07126578,0.06789321,0.05544703,0.05885017,0.06475348,0.05995155,0.05813771,0.06425183,0.06215337,0.07679144,0.06424337,0.05721774,0.06314616,0.05446372,0.05597221,0.06329002,0.07354242,0.05694251,0.06102983,0.10621809,0.05051160,0.05554882,0.06490112,0.06545719,0.04308104,0.05610324,0.04644140,0.07115765,0.05877017,0.06495092,0.04682218,0.04396187,0.06081087,0.04720023,0.04559026,0.05428599,0.07172966,50,0.0288819916,0.1184440089,0.0895620173,11.5469840520,0.0412546129,0.0760001546,-0.0804636817,1.4810456934,2.28060508,2.38195509,0.10135001,13.08792615,0.56690823,0.04742113,-0.05326191,1.00284013
67,0x21d461000,0x2750fb000,8,8,1,184.63,-0.0205460515,-0.0280313906,0.0541747417,0.0518139046,0.0531594349,0.0571426164,0.0554262441,0.0583616044,0.0597250069,0.0565441704,0.0573159484,0.0585367233,0.0623546630,0.0560637317,0.0587119379,0.0530597788,0.0562695670,0.0594419189,0.0585717280,0.0608797166,0.0530264693,0.0517810431,0.0591940961,0.0528602850,0.1284654546,0.0669283147,0.0659613662,0.1145379582,0.0573159484,0.0581162849,0.0589921664,0.0561323122,0.0606294881,0.0571078743,0.1391378581,0.0640209233,0.0628286956,0.0639840322,0.0684669308,0.0593357367,0.0554602699,0.0548828512,0.0574199855,0.0614942317,0.0617108862,0.0554602699,0.0563039510,0.0585717280,0.0619636170,0.0596188248,-0.51404607,-0.52985399,-0.47753967,-0.47204524,-0.45706399,-0.45949976,-0.45442086,-0.47928075,-0.46625842,-0.46390005,-0.46179726,-0.45529111,-0.46247129,-0.46162353,-0.47323834,-0.46891415,-0.46398288,-0.46182135,-0.44748575,0.35884609,-0.46781120,-0.46167204,-0.45910886,-0.47526177,-0.31691029,0.52317586,0.66510770,0.82134485,-0.45416934,-0.44531839,-0.46566226,-0.43855075,-0.44479206,-0.46407254,0.49182773,0.50222911,0.10125114,0.49812934,0.50372171,0.53238904,0.48083434,-0.45588584,-0.46684002,-0.45772425,-0.45554587,-0.46968789,-0.44263632,-0.46743511,-0.45103108,-0.45185413,50,0.0276629658,0.1082999786,0.0806370129,13.7060120845,0.1022753689,0.0714510182,-0.0772014193,1.4633442931,2.43072992,2.45194152,0.02121160,3.59778400,0.96985466,-0.01751491,0.01584477,0.99922430
68,0x19f088000,0x1e3048000,4,4,1,184.65,-0.0121517342,-0.0154538158,0.0709909602,0.0808688906,0.0731530290,0.0732224186,0.0763961046,0.0720720001,0.0730489919,0.0762174118,0.0712627030,0.0762888499,0.0763603855,0.0751028080,0.0708212020,0.0720034196,0.0744442660,0.0706852843,0.0755628019,0.0727022332,0.0729796970,0.0710589191,0.0762531308,0.0729103074,0.0733611032,0.0720377099,0.0739187180,0.0763961046,0.0760743404,0.0774771445,0.0732917136,0.0753150757,0.0753858960,0.0712627030,0.0732570661,0.0625915995,0.0709909602,0.0698763554,0.0807945950,0.0709570271,0.0710249860,0.0709570271,0.0763246665,0.0706852843,0.0754212578,0.0720377099,0.0709909602,0.0764319212,0.0711947441,0.0687956837,0.00558493,-0.01675940,0.06990298,0.06788939,0.06484905,0.06927746,0.07286807,0.05784866,0.06268136,0.06874362,0.04593865,0.05787401,0.06299377,0.08411201,0.06192895,0.06329071,0.05456236,0.12385619,0.05772171,0.06476894,0.05928552,0.05945262,0.05790036,0.04548087,0.04726056,0.07063365,0.05776182,0.06617709,0.07069592,0.06380054,0.05573369,0.06071698,0.06033635,0.06452254,0.05928384,0.04658859,0.05929913,0.06967221,0.08172105,0.08768584,0.04614009,0.07724970,0.06582208,0.06486791,0.05378926,0.07813768,0.05670925,0.06486700,0.05894645,0.05003425,50,0.0383818856,0.1108605014,0.0724786158,12.3423260488,0.1282136836,0.0447605203,-0.0691355658,2.4407224270,2.48117809,2.49206220,0.01088411,1.91432531,1.08941679,0.02000587,-0.01619544,1.07799527
69,0x8e5df000,0x3dd674000,15,5,0,129.00,0.0062162732,-0.0056650431,0.0987600919,0.0935559379,0.0976694217,0.1000292686,0.1000703455,0.1010665729,0.0987464855,0.1035188292,0.0972329899,0.1010251388,0.0992762865,0.1012324225,0.1013983853,0.0981137402,0.0936338055,0.0994392766,0.0971928752,0.0998236596,0.1022287631,0.0967926033,0.0988687558,0.0981945756,0.0956738847,0.1009007233,0.1000703455,0.1024378336,0.0980330152,0.0988279249,0.0955151839,0.0969927393,0.0988687558,0.0976733765,0.0963484444,0.0956342366,0.0981137402,0.0990317458,0.1002758423,0.0971128646,0.0991947359,0.1012739698,0.0998236596,0.1011909884,0.0979521799,0.0978714549,0.1003991853,0.1006047943,0.0946740805,0.1014398193,0.00305280,-0.02479161,0.06843986,0.07660851,0.07619435,0.09354536,0.09266933,0.11539703,0.08247757,0.11499682,0.08144110,0.11441272,0.09085116,0.10044390,0.09226475,0.10362835,0.07270194,0.09363385,0.08425472,0.07687998,0.08871408,0.07962990,0.08483247,0.08947872,0.08849553,0.09214764,0.08412824,0.09725676,0.08972658,0.06381986,0.07640740,0.09090021,0.07381906,0.08757860,0.07695510,0.11276406,0.08102390,0.10836908,0.08636537,0.09656443,0.07992343,0.09707262,0.07655962,0.10853932,0.08192333,0.07839393,0.09230272,0.09564662,0.07700373,0.08593335,50,0.0284488477,0.1232117536,0.0947629059,12.4299512342,0.0296792066,0.0680177495,-0.0911745258,1.7165470836,2.25417570,2.37747927,0.12330357,16.21941122,0.59865445,0.11462424,-0.07574232,1.00581932
70,0x29b49e000,0x223001000,7,8,0,126.00,-0.0183296595,-0.0161743884,0.0860954755,0.0814757534,0.0747860980,0.0802370176,0.0747860980,0.0789629284,0.0770261721,0.0844082428,0.0817485025,0.0820880459,0.0812419381,0.0781851406,0.0735943280,0.0842881175,0.0803528526,0.0788864897,0.0840878722,0.0768009371,0.0814368197,0.0802755941,0.0811250305,0.0784274396,0.0743074180,0.0828902156,0.0812030044,0.0790394715,0.0818914839,0.0810471629,0.0765758046,0.0791542341,0.0744179908,0.0743810997,0.0776166905,0.0768009371,0.0765006921,0.0789247090,0.0791924534,0.0788099465,0.0774651383,0.0817485025,0.0757942278,0.0803141707,0.0812030044,0.0814368197,0.0799280890,0.0817735037,0.0800053475,0.0748229891,0.01897061,0.03575113,0.09678888,0.08540872,0.07248005,0.08238527,0.08653347,0.07348883,0.07166461,0.07992652,0.09377155,0.07672268,0.07433173,0.08131800,0.08422183,0.08810637,0.08623359,0.09750619,0.08257852,0.08957421,0.08018595,0.08000626,0.08522298,0.07344715,0.06316858,0.09709445,0.08239672,0.08998310,0.06938283,0.09965971,0.14380409,0.08781592,0.08099619,0.07265839,0.09116378,0.08787585,0.08072360,0.07725453,0.07288834,0.06454282,0.09677814,0.09575373,0.09499464,0.07481255,0.08244991,0.08492068,0.08671210,0.09768560,0.07993815,0.08537124,50,0.0294083828,0.1179242868,0.0885159040,11.4148247528,0.0516653146,0.0842060084,-0.0760115981,1.2303905758,2.34125698,2.41967363,0.07841665,10.12068814,0.62138272,0.07242705,-0.04510122,1.01275309
71,0x27549c000,0x1a5ec6000,1,4,0,128.93,-0.0219692410,-0.0110963815,0.0859838421,0.0810246117,0.0819467971,0.0781881985,0.0834951561,0.0841117587,0.0881437991,0.0785421391,0.0872747378,0.0837007651,0.0791866804,0.0803839798,0.0827847930,0.0829070634,0.0843233889,0.0817448743,0.0815833139,0.0752226026,0.0771104204,0.0824994214,0.0857747716,0.0824994214,0.0805041051,0.0849454663,0.0799406447,0.0813409183,0.0828662324,0.0824587017,0.0840706818,0.0890951337,0.0775001836,0.0815429514,0.0850283345,0.0804640998,0.0846136540,0.0776169848,0.0838651850,0.0826625227,0.0839473388,0.0819872699,0.0795040820,0.0829070634,0.0837829190,0.0884841928,0.0842762908,0.0868950563,0.0773053020,0.0835773099,-0.02233382,0.01357668,0.06852732,0.09522696,0.06906973,0.07712815,0.06748076,0.08028704,0.07242953,0.04731674,0.07308081,0.05579058,0.05865697,0.06772143,0.07806400,0.07170903,0.07430259,0.06886755,0.06414804,0.06925941,0.04032172,0.07702577,0.07086368,0.05990668,0.05896660,0.05975589,0.07141656,0.06905583,0.06266863,0.06177933,0.07509556,0.07582870,0.05392916,0.06064713,0.05914390,0.05005448,0.06459168,0.05564618,0.06713989,0.06927961,0.05457096,0.06976476,0.06685404,0.07552724,0.06789657,0.08795161,0.05372532,0.06649299,0.06974361,0.06351895,50,0.0323227731,0.1232814095,0.0909586364,11.9319218280,0.0349370374,0.0755496359,-0.0701982539,1.3778421563,2.30265016,2.36910270,0.06645254,8.69788781,0.54597606,0.05078780,-0.06583899,1.01491632
72,0x3f525c000,0x9b727000,5,15,0,129.01,-0.0192431989,-0.0149033554,0.0854274653,0.0830273684,0.0834278590,0.0855090160,0.0851829246,0.0842668171,0.0842668171,0.0845495753,0.0789863871,0.0851829246,0.0868775280,0.0831476030,0.0866308421,0.0791793753,0.0809897893,0.0920359311,0.0820686409,0.0797160561,0.0858758270,0.0818701836,0.0823066379,0.0842264546,0.0819494799,0.0851829246,0.0855497357,0.0820686409,0.0855497357,0.0853867456,0.0824653388,0.0857127257,0.0857127257,0.0844687400,0.0847919710,0.0800277390,0.0864664222,0.0841051465,0.0844687400,0.0877533850,0.0803004881,0.0856312863,0.0876704036,0.0887928334,0.0865486882,0.0902113621,0.0803004881,0.0845495753,0.0855497357,0.0911250742,-0.01703962,-0.01501795,0.10134260,0.05870537,0.04646500,0.04847611,0.07679320,0.05927837,0.08690106,0.07818106,0.07147601,0.05689566,0.06075112,0.05722371,0.07406056,0.05952082,0.06084843,0.07660510,0.07308019,0.04393011,0.07096222,0.05458849,0.04764517,0.04251633,0.05286163,0.05912371,0.06457177,0.05534950,0.05637905,0.05781466,0.79425736,0.06672608,0.06971553,0.05299263,0.05391368,0.05474846,0.05786047,0.06231534,0.05046009,0.04751424,0.05759307,0.05656610,0.07838106,0.06124966,0.05623835,0.06322335,0.04485911,0.04907240,0.04858740,0.05612113,50,0.0291474666,0.1239518952,0.0948044286,12.4404913197,0.0478454701,0.0673339848,-0.0795452160,1.7003207990,2.37008380,2.42598261,0.05589881,7.36490172,0.46131103,-0.03772383,0.02004568,1.01829539
73,0x286618000,0x2a69da000,7,7,1,184.61,-0.0246806131,0.0390186409,0.0630064040,0.0636055021,0.0706622925,0.1449534208,0.0498867834,0.0548457905,0.0541769658,0.0563729678,0.0560955987,0.0552576486,0.0596160433,0.0582872883,0.0542449247,0.0521153694,0.0564770048,0.0619239343,0.0549830453,0.0552919389,0.0563729678,0.0584642908,0.0584996526,0.0561649883,0.0552576486,0.0541430328,0.0584996526,0.0599020884,0.0542788578,0.0553606131,0.0560608565,0.0528274118,0.0554978679,0.0808505039,0.1600828023,0.0603721015,0.0609859888,0.0542788578,0.0521485881,0.0516166350,0.0577343098,0.0589597431,0.0575940998,0.0539052230,0.0574539856,0.0596518600,0.0588181991,0.0509678123,0.0559221720,0.0562342832,-0.36506956,0.54274605,0.77900845,0.86909379,0.95313168,-0.14789479,-0.24634956,-0.25585220,-0.23823172,-0.25278274,-0.24918847,-0.26052461,-0.24834763,-0.25131300,-0.24502252,-0.24361319,-0.25344432,-0.24808405,-0.25172504,-0.24606524,-0.24268619,-0.23836105,-0.24407446,-0.25259669,-0.25573667,-0.25936482,-0.24517569,-0.25491210,-0.25562627,-0.25004441,-0.25151798,-0.26739137,-0.24168172,0.68985167,0.85289970,0.91529909,-0.21733632,-0.24886023,-0.23662667,-0.22334657,-0.24315638,-0.22225867,-0.24662014,-0.25240804,-0.24573420,-0.24281393,-0.26004960,-0.25563673,-0.23814177,-0.25443455,50,0.0291632393,0.1077684997,0.0786052603,13.3147912796,0.0923533908,0.0573097547,-0.0730589140,1.5088700014,2.33620366,2.42275131,0.08654765,14.68377986,0.82273206,0.03160834,-0.01292525,1.05393078
74,0x34bec6000,0x210cd1000,3,8,0,127.72,0.0008250637,0.0040016739,0.0945185555,0.1021472809,0.0905373170,0.0979890351,0.0903163723,0.0955966917,0.0940845936,0.0970256615,0.0978710549,0.0981070153,0.0907213706,0.0959055149,0.1278924573,0.1090066114,0.1032262430,0.0971035290,0.1527971888,0.1129361285,0.1119012113,0.1031850539,0.0958669384,0.0906108983,0.0924373954,0.0965580308,0.0913955811,0.0960986084,0.0906476889,0.0903899535,0.0937056614,0.1171142345,0.1001897137,0.1051747615,0.1056348080,0.1011491543,0.0995490818,0.1906858847,0.0980283260,0.2130428874,0.0959055149,0.0906845800,0.1027178017,0.1012299896,0.0906108983,0.0978710549,0.0913955811,0.0979890351,0.0924749004,0.0926625280,0.01585951,0.02715929,0.34367428,0.07258742,0.07338893,0.07354432,0.07243165,0.06439490,0.07897553,0.07948625,0.07023120,0.06534706,0.07813598,0.05705497,0.87127521,0.10112296,0.06240749,0.05933577,1.09683544,1.05752427,1.16649196,1.26166845,0.11025012,0.04989997,0.08362218,0.06188448,0.08530545,0.14996628,0.21151623,0.63988193,0.07601081,0.81478310,1.02249892,1.00581766,1.03993317,1.03267131,1.05719812,0.56469393,1.01775391,1.17001783,0.06353124,0.06337792,1.00456429,0.07050921,0.06655607,0.06213587,0.06918971,0.07134019,0.06536547,0.06885230,50,0.0375998686,0.1235495454,0.0859496768,11.0958827163,0.1160013571,0.0711473262,-0.0640432157,1.6523646191,2.47202247,2.54505583,0.07303336,9.46587775,1.08945301,0.10342724,0.05972727,1.05070456
75,0x33b438000,0x356a21000,3,10,0,126.24,0.0102622675,-0.0027451110,0.0988680146,0.0980169012,0.0978255955,0.0984819329,0.1012259643,0.1010686932,0.1018322872,0.1033109152,0.1051890768,0.0997929224,0.0958137267,0.1002994868,0.1010686932,0.1019116918,0.0974813079,0.0997539886,0.1008328402,0.0999098300,0.1029505393,0.0943222602,0.1044329887,0.0985205095,0.0990224262,0.1001825791,0.0933542392,0.1051483571,0.0933542392,0.1043926262,0.0936856562,0.0980551205,0.1022290934,0.0989838496,0.0981316637,0.0937224469,0.1040290327,0.0936487651,0.0977108330,0.0989065911,0.1042714284,0.1002215129,0.1034310406,0.0978255955,0.0987136030,0.1009901113,0.1027904086,0.0946940427,0.0986363445,0.0972901067,0.00863064,-0.01224609,0.08485708,0.08287958,0.09182391,0.07673446,0.10344996,0.08963333,0.07818408,0.08204805,0.07607703,0.07008132,0.08605626,0.06593382,0.07976967,0.06291253,0.06500897,0.07669958,0.07622738,0.08289905,0.08999392,0.08147369,0.08274911,0.08108677,0.07586257,0.07198451,0.06839894,0.07233482,0.06064692,0.09172229,0.07096336,0.07568553,0.13774575,0.07436330,0.07572840,0.06119301,0.07910451,0.06024662,0.06394249,0.07212220,0.08377484,0.08080526,0.08026006,0.08734344,0.08509148,0.08262363,0.07158847,0.05877290,0.07621264,0.05614985,50,0.0217779970,0.1179951729,0.0962171758,12.4129438929,0.0385322524,0.0909008381,-0.0305567847,1.1881051897,2.24366576,2.37028059,0.12661484,16.34998976,0.48045717,0.06676877,-0.06084157,1.00280469
76,0x7e42f000,0x7b5f5000,9,9,1,184.61,-0.0254338532,-0.0253212563,0.0624308579,0.0554856768,0.0609866370,0.0546448562,0.0632930983,0.0640394593,0.0577828332,0.0578879428,0.0570149992,0.0589689717,0.0622850247,0.0567722775,0.0591813360,0.0567376301,0.0600142815,0.0619568253,0.0570843888,0.0612754440,0.0624308579,0.0543052472,0.0589689717,0.0578879428,0.0600500006,0.0578529381,0.0661572638,0.0567722775,0.0597282364,0.0618109921,0.0555886413,0.0589689717,0.0611310405,0.0601215362,0.0545769900,0.0577478285,0.0600142815,0.0597282364,0.0567722775,0.0590397920,0.0633299894,0.0569456095,0.0585088812,0.0575726140,0.0603360456,0.0564948138,0.0564948138,0.0576427189,0.0577128239,0.0617659783,-0.35667606,-0.35668079,-0.28904124,-0.28923939,-0.27815214,-0.27355013,-0.27511763,-0.28077428,-0.28119133,-0.28256967,-0.28505124,-0.29331130,-0.27740975,-0.28516296,-0.28461869,-0.28707646,-0.29192493,-0.27903271,-0.28353087,-0.29123308,-0.27942070,-0.28290774,-0.25935029,-0.27328075,-0.26905591,-0.29008007,-0.26972915,-0.29264194,-0.27570040,-0.28928461,-0.27128975,-0.29092859,-0.29540946,-0.29044632,-0.27991415,-0.29655183,-0.29304555,-0.28901072,-0.28799731,-0.28818638,-0.29249467,-0.28813183,-0.27170255,-0.28990698,-0.28062536,-0.28783950,-0.27993524,-0.29055158,-0.30155713,-0.28588729,50,0.0319074705,0.1079148833,0.0760074128,12.8857827003,0.0478325564,0.0377322213,-0.0586483113,1.7958016042,2.37463117,2.41016426,0.03553308,6.04896082,0.69991508,0.05994521,-0.10330131,1.00076819
77,0x2f3ebe000,0x28e906000,7,7,1,184.63,-0.0167420874,0.0620761254,0.0630131080,0.0622531279,0.0624654922,0.0686310312,0.0618637611,0.0654983606,0.0622531279,0.0653159944,0.0653159944,0.0655712274,0.0654253942,0.0632276174,0.0590079063,0.0622531279,0.0646332820,0.0634063102,0.0621823076,0.0589049417,0.0672527952,0.0640193946,0.0697116697,0.0600202609,0.0641999729,0.0634063102,0.0602977247,0.0600202609,0.0643443764,0.0553968937,0.0631203627,0.0674758849,0.0624654922,0.0609611644,0.0597081497,0.0617222171,0.0621823076,0.0653525274,0.0608911551,0.0618637611,0.0589736160,0.0652431276,0.0672527952,0.0578581921,0.0644887799,0.0630846437,0.0663959618,0.0651337278,0.0580959091,0.0623946719,-0.01720973,0.10421986,0.03133528,0.04410289,0.04115926,0.04010967,0.04100434,0.04463114,0.03164805,0.04424813,0.04332779,0.04710067,0.06025768,0.04131526,0.02100764,0.04860291,0.03599918,0.04938829,0.04083151,0.04262557,0.03630913,0.07593625,0.05009954,0.05955681,0.04203762,0.06748522,0.05314827,0.06205141,0.05464710,0.04303199,0.04092279,0.05765834,0.04529366,0.03888782,0.04335523,0.04597681,0.05415699,0.05431817,0.03894720,0.04986590,0.03640830,0.05646784,0.05558524,0.04170277,0.03431036,0.03423235,0.03022447,0.04277370,0.04728483,0.03665774,50,0.0262143610,0.1088714857,0.0826571246,14.0361736688,0.0543714482,0.0782166380,-0.0615422056,1.2764658429,2.38735496,2.40376205,0.01640708,2.85976109,0.75676240,0.00310316,-0.04494269,1.05415323
78,0x27724d000,0x27759b000,8,8,1,184.58,0.0030199234,-0.0045898195,0.0848707158,0.0820265259,0.0880704929,0.0839920401,0.0913754512,0.0916256797,0.0889374370,0.0862884942,0.0872329947,0.0893936126,0.0894636219,0.0905092889,0.0870957399,0.0903323831,0.0919117248,0.0904384686,0.0851395064,0.0873015752,0.0916614963,0.0825828411,0.1504417263,0.1910118002,0.0883826041,0.0884173463,0.1020820279,0.0896738411,0.0877134334,0.1122928947,0.1010432900,0.2465087115,0.0894636219,0.0893936126,0.0907570151,0.0818314111,0.0859488852,0.0820265259,0.0858469932,0.0814735083,0.0871643204,0.0890081788,0.0861186433,0.0945373603,0.0876104688,0.0887987524,0.0817988180,0.0873015752,0.0861526691,0.0895687315,0.00747347,-0.01752819,0.06913418,0.06380846,0.08935726,0.05737962,0.08620624,0.06282650,0.08261777,0.07430811,0.05629419,0.08371526,0.07441790,0.06683856,0.05339892,0.07905770,0.05540993,0.06429400,0.06319715,0.07849751,0.08177486,0.11158969,0.71640255,0.32915396,0.72284729,0.07848171,1.06490497,1.01229958,1.01907614,1.02809440,1.04497632,1.23111334,0.08129436,0.09053973,0.09139328,0.07215346,0.07443783,0.06275515,0.06614639,0.07423328,0.07692562,0.06553656,0.09451206,0.99810424,0.08979784,0.07649088,0.05524123,0.07925267,0.07450571,0.07573175,50,0.0224918360,0.1050291333,0.0825372973,14.0353608230,0.0571525524,0.0771066223,-0.0442097974,1.1271111425,2.25594526,2.36878646,0.11284120,19.22209199,0.58141251,0.05612959,-0.02189558,1.00184132
79,0x191d39000,0x190985000,13,13,1,184.55,-0.0232458670,0.0805479189,0.0675670546,0.0710525490,0.0688060367,0.1156398082,0.0535386477,0.0515424967,0.0555977298,0.0577597876,0.0534356832,0.0577597876,0.0522527512,0.0542739904,0.0504586074,0.0479980234,0.0501261480,0.0562894885,0.0542393429,0.0568203027,0.0556678348,0.0530582090,0.0574380235,0.0545167120,0.0542046008,0.0540659163,0.0493747180,0.0542046008,0.0502258949,0.0501925854,0.0502258949,0.0545167120,0.0936239067,0.0674890807,0.0704519225,0.0663308212,0.0480305277,0.0523546432,0.0565372147,0.0490786951,0.0534356832,0.0511056431,0.0545167120,0.0557378441,0.0526263860,0.0544820646,0.0520489673,0.0574738401,0.0588408275,0.0524226021,-0.20560235,0.68607665,0.82040913,1.01637439,1.05803577,-0.08984511,-0.15361456,-0.17642908,-0.15360741,-0.17523853,-0.16832994,-0.15885388,-0.15565371,-0.16460294,-0.16296363,-0.15269452,-0.17548978,-0.15625827,-0.15873775,-0.14703164,-0.17261770,-0.15075541,-0.16792534,-0.15702644,-0.18298960,-0.15849457,-0.17060380,-0.15849761,-0.17443243,-0.16640201,-0.17523184,-0.16188699,0.70984100,0.84210951,0.91937972,0.99639017,-0.17529465,-0.17626932,-0.17383022,-0.17187639,-0.16934009,-0.17255732,-0.18786524,-0.15912635,-0.16762642,-0.17162155,-0.16652009,-0.16880562,-0.16134340,-0.16728373,50,0.0301629052,0.1097705554,0.0796076502,13.5411674244,0.1171808770,0.0649480512,-0.0785149126,1.7163325134,2.39049091,2.50353122,0.11304031,19.24383851,1.03622079,-0.02509739,-0.12974286,1.06616903
80,0x1fd28000,0x354d77000,0,10,0,128.97,0.0007731449,-0.0034980596,0.0959880441,0.1035192766,0.0980728877,0.0993125842,0.1004352351,0.0957563741,0.0998746138,0.1023969811,0.0980728877,0.1011947876,0.0948297900,0.1027230724,0.1045590831,0.1023969811,0.0976153641,0.1009523919,0.1025599711,0.0986777809,0.1023969811,0.1024378120,0.1020710010,0.1011544251,0.0966022353,0.1002349898,0.1001949844,0.0999948485,0.0990745871,0.1019487306,0.0969918921,0.0968360506,0.0955632805,0.1043103654,0.1045590831,0.1009928647,0.1015583811,0.0993919887,0.1009523919,0.1015180186,0.1021525516,0.1045590831,0.1011140626,0.0999948485,0.0985983764,0.1013564582,0.1021525516,0.0991142352,0.0945238262,0.0959107857,-0.00118674,0.00053719,0.07089536,0.08541907,0.08281742,0.93883725,0.07154060,0.08013587,0.08814416,0.08646315,0.08056878,0.08227266,0.07179195,0.07420555,0.08293737,0.08462588,0.07471457,0.07700973,0.08709573,0.08734344,0.08522084,0.08216483,0.08812853,0.08574729,0.07702956,0.07797104,0.08563086,0.08345975,0.07754362,0.09284932,0.08891991,0.06193284,0.07898529,0.08464675,0.09787135,0.07899794,0.09752690,0.07970630,0.09440196,0.08367961,0.10043820,0.12340864,0.07585468,0.11792324,0.07273833,0.10127741,0.06738838,0.08651153,0.07117966,0.09558769,50,0.0295957981,0.1241313341,0.0945355360,12.4543508534,0.0679856705,0.0823130439,-0.0840928158,1.3781916639,2.37879697,2.43443484,0.05563787,7.28920906,0.85174337,0.02625581,-0.00906568,1.00187572
81,0x2f3a90000,0x2fec5e000,7,7,1,184.28,0.0002906310,0.0013444948,0.0856647473,0.0844103975,0.0916675711,0.0908490586,0.0834341201,0.0930818823,0.0847224140,0.0907384857,0.0846531191,0.0910699028,0.0868165965,0.0853494185,0.0855596377,0.0834341201,0.0864272297,0.0899524294,0.0895148302,0.0920393535,0.0896971964,0.0879697788,0.1017589937,0.0873120488,0.0870289608,0.0901346960,0.0835027006,0.0881128501,0.0888717688,0.0877553670,0.0835713749,0.0848611933,0.0843063604,0.0878268051,0.0878268051,0.0866750525,0.0881128501,0.0822519025,0.0877910860,0.0943130005,0.0900618292,0.0921508984,0.0851385624,0.0897336298,0.0878268051,0.0867457762,0.0853494185,0.0858048616,0.0824216607,0.0931569948,-0.00066965,-0.01333403,0.04919263,0.04700720,0.04697575,0.03289597,0.03411636,0.05455494,0.04749381,0.06178035,0.04466458,0.03797441,0.04172799,0.03397608,0.03961064,0.04591664,0.05172528,0.04330727,0.09236619,0.05466920,0.04472784,0.04119399,0.69883688,0.03756975,0.02708761,0.04254990,0.04006709,0.05459185,0.05468884,0.04443587,0.04782816,0.03002906,0.04723965,0.05279793,0.05074989,0.03538217,0.04903351,0.04186958,0.03919296,0.05218334,0.03713634,0.03813275,0.04540853,0.04889707,0.05093548,0.03670599,0.03230654,0.07645965,0.04307217,0.05534550,50,0.0255440880,0.1087561268,0.0832120387,14.1315553210,0.0589271445,0.0699219158,-0.0542846789,1.4893193709,2.33533245,2.41836875,0.08303629,14.13884402,0.62969337,0.05303560,0.02065944,1.00527220
82,0x2c9b6e000,0x356df4000,7,3,0,126.26,0.0041153538,0.0007428540,0.0833121417,0.0902419951,0.0881232215,0.0903589028,0.0915957399,0.0861906508,0.0885056240,0.0917137200,0.0881614409,0.0907096258,0.0860030233,0.0861906508,0.0873474743,0.0894723197,0.0957568432,0.0864909983,0.0861906508,0.0849979996,0.0904758104,0.0839549676,0.0860030233,0.0901250875,0.0926767355,0.0937578419,0.0960013839,0.0896653079,0.0873474743,0.0926767355,0.0991629309,0.0896653079,0.0895880494,0.0883144228,0.1011973998,0.0955530222,0.0906705856,0.1042192746,0.0935977113,0.0902810353,0.0937979566,0.0933974660,0.0863783808,0.0851095444,0.0922249317,0.0922402812,0.0905537843,0.0909272571,0.0884291853,0.0885056240,-0.06155107,0.15852286,-0.01884920,-0.00124770,0.00438697,-0.00134534,-0.00329215,-0.01175145,-0.00765023,-0.01352843,-0.01316227,-0.00219903,-0.02042658,-0.00857188,-0.01964523,-0.00385564,-0.00881199,-0.01351064,-0.02290058,-0.01775085,-0.01036576,-0.00380421,-0.01310667,-0.01026340,-0.01426761,-0.01821311,-0.00264137,-0.01295682,-0.02169109,-0.01510862,0.03602403,-0.01163361,0.04856427,-0.00896967,0.89654761,0.81454459,0.96755465,0.86196485,0.96245378,0.94497727,1.01302170,0.93742936,0.00959997,-0.00532722,0.01728562,-0.00593644,0.01388906,-0.00412820,0.00484090,-0.01156973,50,0.0240274400,0.1188934484,0.0948660083,12.2301998591,0.0606844931,0.0859745562,-0.0716897497,1.2144092070,2.34633797,2.41159949,0.06526152,8.44937313,0.56950143,0.04868325,-0.04033183,0.99963456
83,0x2c9a2c000,0x7b28e000,7,0,0,128.94,-0.0010141796,-0.0011092664,0.1057723959,0.1037369651,0.0981334164,0.0984508180,0.0989724851,0.1015748630,0.1013304336,0.0995730024,0.1017786840,0.0937782513,0.1010450619,0.0958580912,0.1004131423,0.1004535048,0.1028203893,0.0972901679,0.0960528663,0.1037369651,0.1006150652,0.0992527411,0.1012080520,0.1022037867,0.1011266126,0.1036125496,0.1015748630,0.1026971586,0.1022037867,0.0946640094,0.1035711155,0.1034467000,0.1000495488,0.1036540969,0.1048598662,0.1043579142,0.1050271454,0.0982921172,0.1033637186,0.1028203893,0.0988079761,0.1004938674,0.1022448636,0.1036125496,0.1037369651,0.0978953110,0.1000495488,0.0994529864,0.0995730024,0.1058568079,0.00537272,-0.00500786,0.07030482,0.08125466,0.08575451,0.06915294,0.07815408,0.07908761,0.07712306,0.07668155,0.08683638,0.06483353,0.08695904,0.06909834,0.08161516,0.07879694,0.07504922,0.07184751,0.08298310,0.08654023,0.06866201,0.08691098,0.06949709,0.07745506,0.06258121,0.09377854,0.08722230,0.08663801,0.08181998,0.07158677,0.09838902,0.07619991,0.07497531,0.07590788,0.08706208,0.07954983,0.08922611,0.07168245,0.10714867,0.06771179,0.08183186,0.07245781,0.07025214,0.07857136,0.08961740,0.07893801,0.07576884,0.08166016,0.07581083,0.07965438,50,0.0249468267,0.1225205303,0.0975737035,12.8155065477,0.0354760571,0.0885813149,-0.0887038829,1.4236426543,2.33826651,2.38539547,0.04712896,6.17996020,0.59186932,-0.01775402,-0.11240726,1.02907589
84,0x1c8de0000,0x1a2be8000,4,4,1,184.60,-0.0037623414,-0.0037322964,0.0784183879,0.0739612957,0.0807574370,0.0770284654,0.0779675921,0.0796045153,0.0791840768,0.0794293963,0.0805097108,0.1534933903,0.0890374532,0.0806158930,0.0822334560,0.0749064995,0.0792541818,0.0740610426,0.0815542087,0.0754441725,0.0837870877,0.0774060332,0.0803681668,0.0743602832,0.0773030687,0.0773717429,0.0761544270,0.0759167100,0.0793592914,0.0815900253,0.0758148180,0.0786958516,0.0793942960,0.0781410188,0.0793592914,0.0814112350,0.0770284654,0.0837506543,0.0891904351,0.0804742524,0.0837870877,0.0861342494,0.0705938219,0.0794644010,0.1149860298,0.0809343429,0.0891904351,0.0834224549,0.0793942960,0.0743602832,0.00258689,-0.01383797,0.04302114,0.02593362,0.04741504,0.02596894,0.04267028,0.76380836,0.04050141,0.04516219,0.02268345,0.66050227,1.14491363,0.05174170,0.04819487,0.02792541,0.03646169,0.02436750,0.04058788,0.03844296,0.03927046,0.05184414,0.03845639,0.04148458,0.03021332,0.03475667,0.04236948,0.02246194,0.04557888,0.04178385,0.05214980,0.05012001,0.05119104,0.10513199,0.17042227,0.08518734,0.04029767,0.75518182,1.04292307,1.01402920,1.00067124,1.01502560,0.96091518,0.66881503,1.02064622,0.98002699,0.80280618,0.98602847,0.98068249,0.05970350,50,0.0237478619,0.1067017152,0.0829538534,14.0719162970,0.0578823476,0.0714567249,-0.0864610070,1.1906022308,2.25664273,2.40593572,0.14929298,25.39367600,0.80234510,0.04536255,-0.06199318,1.00391471
85,0x31ed80000,0x33ac5e000,3,3,1,184.63,-0.0150561210,-0.0140347976,0.0745445422,0.0697314077,0.0715502533,0.0683694167,0.0678203038,0.0764083766,0.0665722725,0.0637049638,0.1522284095,0.0853513034,0.1035843524,0.0765571708,0.0713378890,0.0723116631,0.0701868508,0.0811829396,0.0711609831,0.0666741645,0.0705721889,0.0724904535,0.0737888634,0.0732472270,0.0704670793,0.0626571536,0.0713378890,0.0649514626,0.0722402251,0.0672855163,0.0713025271,0.0724189179,0.0672855163,0.0691758423,0.0708777985,0.0647187501,0.0699415313,0.0693839165,0.0702568601,0.0716210736,0.0666062983,0.0742527762,0.1294947096,0.0768174083,0.0787156989,0.0819923696,0.0700817412,0.0703619697,0.0683007425,0.0727049629,-0.08260845,-0.08778795,-0.00178217,-0.01900665,-0.01573208,-0.00831734,-0.02519747,-0.02068866,-0.01758132,-0.03571852,0.90295428,0.86663550,0.87753058,1.15727773,0.00501951,-0.01320886,-0.00327317,0.94317787,-0.02094038,-0.02406583,-0.01059772,-0.02692332,-0.02209845,-0.01963204,-0.02597247,-0.02187232,-0.01798917,-0.02969511,-0.03187955,-0.01903237,-0.01435295,-0.00845082,-0.02760756,-0.01729197,-0.03590301,-0.03575810,-0.02280227,-0.03123155,-0.01676943,-0.01409396,-0.00921566,0.00165836,1.61558354,0.96341633,1.05700486,1.19136830,0.01136734,-0.02225362,-0.01817488,-0.02524551,50,0.0408284822,0.1116098649,0.0707813827,12.0056536799,0.1240884561,0.0642394110,-0.0606626621,1.7169135716,2.60437672,2.49851007,-0.10586666,-17.98047398,1.20822777,0.03577786,0.03194132,1.05143032
86,0x8ae67000,0xa4f71000,15,15,1,184.51,-0.0004566801,-0.0027581690,0.0826913770,0.0879549774,0.0866301543,0.0880965214,0.0904752447,0.0860038643,0.0923470667,0.0893920597,0.0817433137,0.0867001636,0.0846132265,0.0881673417,0.0871556068,0.0936131885,0.0880965214,0.0793832817,0.0818763700,0.0869454832,0.0851280491,0.0911937748,0.0851280491,0.0881673417,0.0867352639,0.0881673417,0.0838064317,0.0857611427,0.0834667299,0.0791229807,0.0845102619,0.1089312952,0.0888557861,0.0936503363,0.0870855974,0.0879549774,0.0916313740,0.1061007880,0.0860038643,0.1043934830,0.0835007557,0.0837724059,0.0869804878,0.0793832817,0.0974396553,0.0869804878,0.0844759717,0.0858998272,0.0847848652,0.0856571056,-0.00591669,0.00291153,0.07516277,0.07809142,0.07931800,0.07880634,0.08141216,0.07101850,0.07307180,0.08028206,0.08190574,0.08750649,0.06826063,0.08010239,0.10395677,0.07016718,0.10359241,0.06330476,0.09259586,0.07966887,0.08045060,0.08398296,0.07982159,0.07033704,0.10695504,0.07014013,0.96269311,0.07685433,0.13935822,0.07895890,0.33141254,0.78706853,0.18611869,0.75920107,0.08057688,0.08182083,0.07464658,1.06471064,0.08480392,0.79665390,0.08938685,0.10026618,0.07723342,0.15351310,1.02758514,0.08370372,0.08022372,0.07622201,0.07762284,0.07725894,50,0.0327375872,0.1087168267,0.0759792395,12.9179479018,0.0725908766,0.0521157429,-0.0654097372,1.5156617127,2.48265862,2.42803748,-0.05462115,-9.16832579,0.80986924,0.02684365,0.00617610,0.98909100
87,0x3dc9d0000,0x14e478000,5,2,0,129.03,0.0022731513,0.0000142130,0.1025150111,0.1028409911,0.1014358023,0.1033887214,0.1015973626,0.1015973626,0.1050882197,0.0998724293,0.1023519098,0.1005968441,0.1017185605,0.1052126352,0.0995153795,0.1037998272,0.1020416812,0.1052126352,0.1052126352,0.1034297983,0.1044247082,0.1017185605,0.1002764735,0.1046321051,0.1015570001,0.1025964505,0.1038410164,0.1073803472,0.1060037240,0.1005968441,0.1013146045,0.1029225418,0.1016377251,0.1003565935,0.0984733167,0.1050052383,0.1014761648,0.1015165273,0.1059200272,0.1017992855,0.0993963268,0.1058782360,0.0973136318,0.1016377251,0.1003565935,0.0993169223,0.1026372814,0.1016377251,0.1061290978,0.1072537867,0.01177413,-0.01147272,0.06035404,0.05982725,0.05412133,0.06535538,0.06201347,0.07522043,0.06274348,0.05284086,0.08412019,0.06924298,0.06055483,0.06231809,0.06889098,0.08150919,0.06425684,0.05711424,0.06108810,0.96099546,0.06781099,0.08541183,0.07061638,0.08533945,0.06210506,0.08727846,0.07756846,0.09317295,0.07669108,0.07550524,0.05504566,0.06952017,0.04965942,0.07364373,0.06190487,0.07573810,0.05454505,0.06000706,0.06923707,0.06590784,0.06103488,0.06876413,0.05660656,0.07272262,0.05250749,0.05588554,0.06350194,0.06415264,0.07250916,0.06704336,50,0.0243866832,0.1236624457,0.0992757625,13.0409164842,0.0411796876,0.1005241233,-0.0714116567,1.0348072776,2.40477535,2.43574836,0.03097301,4.17384004,0.65298897,0.03136264,-0.02626009,1.01927274
88,0xeb8c000,0x1a59bf000,0,13,0,126.29,-0.0026930920,-0.0004631212,0.0998149101,0.1003214745,0.1055370446,0.1018542749,0.0979241264,0.0966150354,0.0956480869,0.0949019723,0.0984596152,0.1012873503,0.0978859070,0.0957607044,0.1100764007,0.1007761387,0.0964634832,0.0976946013,0.0946417348,0.0965393110,0.0997759763,0.1033329029,0.1011693701,0.0959859394,0.0988900023,0.0996589623,0.0975032956,0.0968424154,0.1012873503,0.1024891865,0.0980005651,0.1044549764,0.1012479520,0.0954979644,0.0997759763,0.1000096853,0.0990058373,0.1020923803,0.0933026456,0.0934130175,0.1009727007,0.0975032956,0.1017352222,0.0947904274,0.0996589623,0.0986583322,0.1068248327,0.1003214745,0.0980005651,0.0968045532,-0.00068111,0.01681128,0.06754783,0.07865688,0.06439306,0.07865151,0.07159194,0.06656737,0.06010039,0.03316453,0.06676201,0.05173762,0.05694559,0.05396245,0.06352721,0.06648424,0.06503232,0.05587800,0.05522233,0.05336431,0.06884032,0.06894434,0.07476402,0.05804366,0.05866104,0.06150454,0.06909173,0.04794507,0.07021330,0.06562224,0.06808587,0.07777522,0.05973364,0.05142928,0.06242975,0.06097196,0.06696928,0.07071624,0.05172155,0.05333638,0.06226770,0.05645182,0.07258458,0.06025964,0.05784825,0.06916211,0.07410719,0.05884504,0.07252672,0.04681192,50,0.0245748128,0.1175394183,0.0929646055,11.9854970024,0.0338582330,0.0814892051,-0.0767412163,1.2075137712,2.31569555,2.37041700,0.05472145,7.04804277,0.72971041,0.02508383,-0.04484068,1.01451581
89,0x285c9d000,0x1fa4c000,14,0,0,128.97,0.0002522930,0.0034978712,0.1047442724,0.1052197473,0.1030169251,0.1031770557,0.1041383935,0.1049344869,0.1050974770,0.1055050077,0.1040171957,0.1020945195,0.0977647072,0.1042191186,0.1075068680,0.1050974770,0.1042594811,0.1115793861,0.1030169251,0.1095874218,0.1051381967,0.1036939647,0.1017771179,0.1059311830,0.1092500039,0.1027366691,0.1048936560,0.1068849038,0.1044211517,0.1048529363,0.1071337348,0.1069677720,0.1027767838,0.1027767838,0.1068849038,0.1030169251,0.1038151626,0.1057667632,0.1053011867,0.1005008825,0.1040979207,0.1041383935,0.1042191186,0.1048121053,0.1095030097,0.1018167660,0.0999687089,0.1095874218,0.1072581503,0.1047306660,0.00503103,0.00608006,0.08638384,0.07051531,0.08928684,0.07579739,0.07594426,0.07592436,0.08058424,0.08452129,0.08539684,0.07530449,0.07677940,0.08189817,0.09171630,0.07952552,0.10979869,0.09041853,0.07775933,0.08712408,0.07791572,0.08816276,0.09097999,0.09948688,0.07289237,0.06615598,0.09116770,0.07508135,0.08637049,0.09391513,0.08500865,0.09000565,0.08678789,0.07815243,0.08627099,0.08731793,0.07688134,0.07868564,0.08610948,0.07346617,0.07020602,0.06913396,0.07541335,0.07256219,0.07953037,0.08366481,0.07772068,0.07519632,0.07970105,0.08566525,50,0.0274579002,0.1233646237,0.0959067235,12.6088232449,0.0407217577,0.0813849954,-0.0597436716,1.3650672565,2.38250523,2.42665657,0.04415134,5.82358822,0.55562110,0.02716721,-0.04594970,1.02363501
90,0x153d73000,0x1532b5000,11,11,1,184.64,-0.0051914628,0.0153799109,0.0825180628,0.0804905051,0.0823779485,0.0834236155,0.0824830581,0.0791348619,0.0848260514,0.0788291860,0.0832820715,0.0798384277,0.0799413922,0.0823779485,0.0812276358,0.0792706869,0.0826582727,0.0823779485,0.0826582727,0.1064608580,0.0822028296,0.0834944359,0.1624971711,0.0768398385,0.0815743945,0.0810195616,0.0807650148,0.1069388031,0.1945883415,0.0987145906,0.0792028208,0.0714104212,0.0845400063,0.0813316729,0.0812276358,0.0845042872,0.0815050049,0.0844327516,0.0856210462,0.0826582727,0.0820626197,0.0804905051,0.0743878349,0.0747457377,0.0842182422,0.0833882537,0.0823429439,0.0825881677,0.0781882283,0.0769728041,0.01676447,0.03069237,0.05431828,0.05807396,0.03251974,0.05882664,0.05696771,0.04640244,0.04777714,0.04438067,0.05273538,0.05214651,0.02892701,0.02603709,0.03560856,0.04755908,0.03938980,0.04577272,0.04994059,0.06366950,0.04225268,0.03513071,0.14495300,0.03967195,0.05107592,0.05026736,0.05767513,0.89933569,1.16684437,1.18622789,1.11586090,0.67363944,0.06336056,0.04782066,0.04612055,0.05413815,0.04663896,0.04096246,0.04725032,0.04227683,0.05404176,0.04745313,0.04611058,0.04384493,0.04875883,0.06518860,0.05854292,0.05507669,0.03799204,0.04462402,50,0.0317493546,0.1073300309,0.0755806763,12.8232493525,0.0679476605,0.0676590542,-0.0751221518,1.3049540873,2.34000111,2.41580993,0.07580882,12.90744508,0.80264043,0.04118600,-0.03729605,0.97764711
91,0x3ea9a000,0x7f334000,0,0,1,184.56,-0.0043540580,0.0109079686,0.0785151479,0.0788240415,0.0790986448,0.0777770273,0.0766956403,0.1051119775,0.0862807712,0.0852008038,0.0816778468,0.1090042336,0.0765948208,0.0821025755,0.0820671170,0.0767963679,0.0756142532,0.0799050703,0.0784808576,0.0769308550,0.0777430015,0.0788240415,0.0786524964,0.0834341910,0.0788927157,0.0798357754,0.0743683790,0.0799744599,0.0774033925,0.0799050703,0.0795929591,0.0780147443,0.0767627920,0.0777090684,0.0775393103,0.1186794612,0.0710977917,0.0774373256,0.0799050703,0.0782863944,0.0777430015,0.0777090684,0.0806357546,0.0765275773,0.0798704229,0.0795929591,0.0841570334,0.0775732434,0.0777090684,0.0839764551,0.00231017,0.01332484,0.05613359,0.06801958,0.06308920,0.03282528,0.05935738,0.84620060,1.05660209,1.02422065,0.98153694,1.03752411,0.07490819,0.07757736,0.07269233,0.07994494,0.05414618,0.08731919,0.07226538,0.07889472,0.06493719,0.08315376,0.06195389,0.08046151,0.06887126,0.06470878,0.06188226,0.06217375,0.06943369,0.07022358,0.12121754,0.07942967,0.05843351,0.07068908,0.05431345,0.97590616,0.70193261,0.05963180,0.06436703,0.06079994,0.06579411,0.05513101,0.05577174,0.06588337,0.05394533,0.07755799,0.07490666,0.08038526,0.06568881,0.08502811,50,0.0301389668,0.1098145499,0.0796755831,13.5558610541,0.1338108231,0.0717795000,-0.0461368453,1.3439739634,2.48160690,2.51822886,0.03662197,6.31695764,1.12077734,0.03723282,0.04258729,1.03708226
92,0x3c91d3000,0x7d57000,12,9,0,128.82,0.0037879869,-0.0004585558,0.1031139354,0.1041531388,0.1017137510,0.1033966936,0.1054384244,0.1033563311,0.1009143304,0.1027908147,0.1030332104,0.1084715133,0.1061049845,0.1032756060,0.1066856278,0.1054795013,0.1043569598,0.1023943882,0.1009937349,0.1065197782,0.1053972353,0.1061049845,0.1034371664,0.1006762250,0.0996380950,0.0996774933,0.1043161289,0.1033159685,0.1038678785,0.1040716994,0.1025545189,0.1018338763,0.1038678785,0.1043976795,0.1006762250,0.1033966936,0.1072246681,0.1025545189,0.1044791189,0.1066026464,0.1066026464,0.1007158731,0.1052328154,0.1039901488,0.1039901488,0.1044791189,0.1029928478,0.1042346895,0.1033159685,0.1029928478,-0.00152738,0.00513717,0.07616462,0.08676533,0.08266393,0.09845033,0.08049734,0.08734564,0.07935775,0.08484303,0.08978766,0.09665211,0.09312507,0.08296112,0.10379125,0.08714787,0.09319180,0.07686737,0.08810912,0.07692695,0.09356452,0.08825840,0.08803296,0.08113777,0.09138392,0.09381869,0.08485489,0.09218308,0.09467762,0.08177673,0.11721434,0.08745076,0.11435417,0.10397480,0.09708835,0.08887088,0.08777797,0.09017151,0.09250778,0.08676563,0.08410316,0.08628417,0.08338798,0.09983607,0.08104903,0.09361871,0.09363950,0.06782786,0.07855544,0.09173763,50,0.0279603041,0.1237133365,0.0957530324,12.5682867974,0.0598013224,0.0802265434,-0.0876544430,1.4189661974,2.30627895,2.39099401,0.08471506,11.14488747,0.59660901,0.08444131,-0.03398055,1.02424581
93,0x9fa72000,0x1dd283000,6,13,0,126.28,-0.0258529937,0.0764479102,0.0736788772,0.0764082621,0.0681965297,0.0757244298,0.0749165405,0.0758424100,0.0737947122,0.0699832743,0.0746437914,0.0733313721,0.0679020038,0.0723294218,0.0749165405,0.0725589469,0.0725206231,0.0703962393,0.0744879499,0.0779659375,0.0705087543,0.0758031191,0.0722528786,0.0734857837,0.0695750122,0.0710606952,0.0737560303,0.0721763355,0.0780459482,0.0695006151,0.0692775254,0.0754097802,0.0750952380,0.0767256637,0.0690545371,0.0744490162,0.0780459482,0.0710228330,0.0738332888,0.0723676412,0.0764875583,0.0683437927,0.0758031191,0.0735630422,0.0769241210,0.0777256869,0.0731326551,0.0757637208,0.0706589793,0.0733700540,-0.00828192,0.09692606,0.04380652,0.05345895,0.03140373,0.04329449,0.04951679,0.03145617,0.04370965,0.03634156,0.03974665,0.03963891,0.03743578,0.02153903,0.03324985,0.03675123,0.03498303,0.04005828,0.02712213,0.03120296,0.03380904,0.03411289,0.04259453,0.03503153,0.02986876,0.05194450,0.03643826,0.06301050,0.04948913,0.04079486,0.02981307,0.04541352,0.03405404,0.04374982,0.03378230,0.05138068,0.05023496,0.05014722,0.03550568,0.04886623,0.04503433,0.05019893,0.03664019,0.05293648,0.05546636,0.04799741,0.05156911,0.03526960,0.02841517,0.02297934,50,0.0277391777,0.1190081770,0.0912689993,11.7762557923,0.0672155362,0.0753886928,-0.0747892032,1.3844799352,2.38095357,2.41952627,0.03857270,5.04654529,0.52711903,0.05096512,-0.03888350,1.01615401
94,0x1c8edc000,0x21fe10000,4,1,0,128.95,-0.0050662473,-0.0019490020,0.1039618487,0.1037173080,0.1031238528,0.1039618487,0.1015610355,0.1031238528,0.0982874761,0.0965526402,0.1059151251,0.1018412915,0.0983654500,0.0964378777,0.1038395784,0.1005224369,0.0958258457,0.1024371386,0.1080721120,0.1052066606,0.1020414275,0.1006414896,0.1042062782,0.1035134871,0.1016811608,0.1008001904,0.1019214115,0.1037988587,0.1008001904,0.1029622925,0.1030027653,0.1017611715,0.1024371386,0.1025986990,0.1064127871,0.1031238528,0.1036764771,0.1052888144,0.0996012146,0.0992079831,0.1062053902,0.0997585931,0.1005621934,0.1011177004,0.1036764771,0.1003637361,0.1031238528,0.1042878288,0.1025986990,0.1052888144,-0.30786463,-0.31651146,-0.25524167,-0.26007634,-0.24828347,-0.24523318,-0.25023998,-0.24728586,-0.26822060,-0.26748773,-0.24957175,-0.25600735,-0.25232592,-0.25976960,-0.25421251,-0.25547931,-0.26204776,-0.25676746,-0.24734696,-0.26402028,-0.25206624,-0.24651610,-0.24759774,-0.26656031,-0.25128029,-0.24948244,-0.24539981,-0.25327009,-0.25797947,-0.25400213,-0.24561965,-0.25214911,-0.25824077,-0.25670041,-0.25468682,-0.25448982,-0.25340210,-0.24568337,-0.25851936,-0.25762547,-0.25551631,-0.26274930,-0.24695210,-0.24878982,-0.25231858,-0.24725536,-0.25024691,-0.25597184,-0.25113247,-0.24755009,50,0.0247228033,0.1230454952,0.0983226919,12.9122701769,0.0541419525,0.0830043701,-0.0860583007,1.1517634656,2.29959186,2.37886258,0.07927071,10.42832597,0.55161420,0.05916208,-0.05618152,0.98773866
95,0x33a5da000,0x352134000,3,3,1,184.55,0.0019143240,-0.0034586440,0.0809957071,0.0883609152,0.0829914898,0.0893332707,0.0875279697,0.0857083915,0.0817424898,0.0851189112,0.0874926078,0.0871033377,0.0873156054,0.0851535587,0.0828217317,0.0896220777,0.0831952738,0.0885038889,0.0873156054,0.0873510638,0.0873156054,0.0808959603,0.0832632327,0.0875987900,0.0866550149,0.0894055217,0.0821456757,0.0862345765,0.0885396080,0.0893693469,0.0862345765,0.0863746907,0.0798799391,0.0894776742,0.0904128588,0.0875987900,0.0862345765,0.0850495216,0.0868555149,0.0873156054,0.0829575568,0.0849108371,0.0809623977,0.0871033377,0.0816080027,0.0905586920,0.0848761896,0.0804305353,0.0894776742,0.0832632327,0.00755877,-0.01557355,0.05904901,0.07556203,0.05349113,0.06389722,0.07585248,0.05583707,0.05421950,0.06622998,0.06512553,0.05366804,0.08204069,0.05653611,0.05912655,0.07424817,0.05974996,0.06152181,0.05677036,0.05215314,0.06471174,0.05036274,0.04050596,0.05927645,0.07537914,0.07676907,0.06180956,0.06526416,0.05967349,0.05095891,0.06248191,0.05787305,0.04988630,0.06666365,0.06715461,0.06267290,0.06918585,0.06471207,0.04836008,0.06680071,0.05816165,0.04878152,0.06040326,0.06113640,0.08842257,0.06166497,0.08478774,0.04957173,0.09595482,0.06128971,50,0.0215503868,0.1067271384,0.0851767517,14.4729387118,0.0571194478,0.0819937673,-0.0606299657,1.1026939822,2.27522152,2.40823146,0.13300994,22.64854376,0.70474642,0.06899026,-0.04055684,0.99886845
96,0xea0d000,0x39c9b000,9,9,1,184.65,-0.0037264047,-0.0016229731,0.1333140541,0.2228400688,0.0970753361,0.0959526871,0.0881514685,0.0834790670,0.0838952153,0.0890504783,0.0871772275,0.0849423010,0.0880431413,0.0859886834,0.0847670864,0.0869985347,0.0891598781,0.0794338329,0.0837911782,0.0859886834,0.0867124896,0.0851525202,0.0847320817,0.0868198419,0.0890869117,0.0892692779,0.0849423010,0.0814932843,0.0871772275,0.0847320817,0.0796000172,0.0870700704,0.0860240452,0.0860947689,0.0785175586,0.0791678110,0.0849423010,0.0869985347,0.0856346784,0.0826758591,0.0873202988,0.0848721960,0.0888681121,0.0881152937,0.0838952153,0.0819008522,0.0884041993,0.0861655892,0.0896339107,0.0881875448,-0.00683579,-0.00891649,1.20872332,1.11540913,1.16138313,0.32397115,0.09490759,0.06446154,0.07653187,0.06960551,0.07007836,0.06866141,0.06279405,0.05353530,0.07775250,0.05456713,0.07023357,0.05915140,0.93652222,0.05668628,0.07019483,0.04771372,0.05122602,0.06539060,0.06460394,0.06830464,0.05864931,0.05731529,0.05622170,0.04343444,0.05086574,0.05270482,0.06257272,0.06391462,0.05273264,0.05614001,0.06204513,0.06738509,0.06613166,0.06389925,0.09703112,0.05608052,0.07774479,0.06481398,0.06288395,0.05007595,0.06407404,0.06057027,0.07671995,0.03785420,50,0.0298187278,0.1098167068,0.0799979790,13.5960972499,0.0922013206,0.0686435955,-0.0629568749,1.4214602037,2.46068350,2.45726761,-0.00341589,-0.56165090,0.81410180,0.08687615,-0.00483024,0.99342138
97,0x2ec20e000,0x9adca000,7,6,0,128.81,-0.0234442856,0.0617368341,0.0897535807,0.0965928135,0.0900588595,0.0777666099,0.0835289678,0.0757280678,0.0833216841,0.0824479721,0.0869848261,0.0812854263,0.0811631560,0.0736849121,0.0821191324,0.0837363647,0.0812445954,0.0823658183,0.0804070679,0.0811224363,0.0817336768,0.0800435847,0.0760786844,0.0800435847,0.0836533833,0.0811224363,0.0757280678,0.0790447438,0.0822835523,0.0780444718,0.0835289678,0.0902332875,0.0779254191,0.0811224363,0.0828180011,0.1163576652,0.0943392566,0.0922658587,0.0951024621,0.0821602093,0.0842754049,0.0804474304,0.0748806703,0.0825713151,0.0790447438,0.0760397506,0.0781237680,0.0767282301,0.0827769241,0.0790447438,-0.27451612,0.80043208,0.79442518,0.91187532,1.02160057,-0.15075127,-0.19085091,-0.17887681,-0.18727894,-0.11602223,-0.17877498,-0.19841752,-0.18298008,-0.20518909,-0.19262524,-0.19791871,-0.18251281,-0.18881460,-0.19916826,-0.19908520,-0.19982172,-0.20259081,-0.19618793,-0.21509033,-0.20683906,-0.17801892,-0.19547786,-0.20164454,-0.20068657,0.50146812,-0.18464188,-0.18249929,-0.20550792,-0.20079694,-0.20780085,0.78917571,0.80301481,0.96466833,0.96526985,-0.13370294,-0.17783120,-0.18234086,-0.21067374,-0.18588579,-0.19361082,-0.20245285,-0.18975643,-0.19636523,-0.20580888,-0.20419685,50,0.0264738701,0.1279480096,0.1014741396,13.3856848988,0.1250613396,0.0961366631,-0.0778340324,1.2200379642,2.35491670,2.52953106,0.17461435,23.03074796,1.09689762,0.14139941,-0.24381655,1.01893075
98,0x9b7ed000,0x39e08000,15,0,0,126.24,-0.0035417573,0.0019363037,0.0966343225,0.0993090669,0.0973420962,0.0966736134,0.0917743734,0.0922880950,0.0977906825,0.0989888056,0.0990288110,0.0957521403,0.0942062541,0.0934412403,0.0937855278,0.0936325459,0.0968309919,0.0988285657,0.0939385097,0.0927048894,0.0952136714,0.0930459594,0.0930838216,0.0916993634,0.0980287879,0.1014317692,0.0939002904,0.0959469155,0.0909524319,0.0940150529,0.0961807308,0.0924775093,0.0983859459,0.0906550466,0.0983462978,0.0914366234,0.0915867459,0.0945572377,0.0957910741,0.0969488647,0.0989888056,0.0960248894,0.0955572587,0.0949047428,0.0893523909,0.0901717193,0.0971455341,0.0966736134,0.0971062432,0.0988685710,0.00060076,-0.00101172,0.07063727,0.08474447,0.07774541,0.07467817,0.07903216,0.08210885,0.07593634,0.07750006,0.09313609,0.07725388,0.06565024,0.06900062,0.08039065,0.07705263,0.10011319,0.08402750,0.09511569,0.07770037,0.06520627,0.06677447,0.08122986,0.06087633,0.08673190,0.06974480,0.81401219,0.07684856,0.08007880,0.07363361,0.06323802,0.06776242,0.08238997,0.07526160,0.09416641,0.07270129,0.06946405,0.07094306,0.07029838,0.07496087,0.08296780,0.07032475,0.08251487,0.07611000,0.08928482,0.07151831,0.09653253,0.07325903,0.09592521,0.07620813,50,0.0271248617,0.1193632561,0.0922383944,11.8984676885,0.0638601891,0.0704819630,-0.0945013733,1.3422729559,2.30641385,2.42266764,0.11625379,15.03934403,0.64983506,0.04384112,-0.05596055,1.00760916
99,0x7d91d000,0x111b3000,9,9,1,184.67,-0.0195205582,-0.0130343849,0.0615233889,0.0907015245,0.0644908117,0.0615233889,0.0680427809,0.0923395090,0.0713224005,0.0675826904,0.0615899171,0.0656380126,0.0657074022,0.0669617520,0.0639904082,0.0787361952,0.0666114185,0.0681136012,0.0654299384,0.0672420762,0.0660194188,0.0680074190,0.0659501238,0.0688020456,0.1873612816,0.1699354458,0.1695905687,0.0615566076,0.0653488183,0.0605085300,0.0614568607,0.0629065189,0.0680427809,0.0658807342,0.0648683796,0.0666464232,0.0667866331,0.0682551452,0.0655686230,0.0691238098,0.0713952673,0.0692667835,0.0689093979,0.0604427172,0.0655339755,0.0677242344,0.0655686230,0.0712858675,0.0647311248,0.0633451233,-0.02794733,-0.02597875,0.02941205,0.09128225,0.08996693,0.06721789,0.05150630,0.08438406,0.21770180,0.05007571,0.18048251,0.05734399,0.06191521,0.04407984,0.04107315,0.77287225,0.81994904,0.05127120,0.03226332,0.02662584,0.02965461,0.02699688,0.06623625,0.03663880,0.34370599,0.15494168,0.14152788,0.05958928,0.03160718,0.03996023,0.03969909,0.04933424,0.02254346,0.04604748,0.02871733,0.03563843,0.04219403,0.04172579,0.05122088,0.05921406,0.05823510,0.05021400,0.05537505,0.03713972,0.03068548,0.03067130,0.04684480,0.03815185,0.02967099,0.04086734,50,0.0278933526,0.1073050174,0.0794116648,13.4616494143,0.0550386334,0.0600991948,-0.0629068197,1.5520231141,2.31249244,2.37264013,0.06014768,10.19192983,0.60419363,0.05980770,-0.04759335,1.01237950
100,0x21d7bd000,0x3dafd7000,8,12,0,126.22,0.0059469134,0.0016113502,0.0979569776,0.0957553363,0.0956427188,0.0979951970,0.0943017321,0.1018091504,0.1010067309,0.0997706082,0.1003939739,0.1006920813,0.0990004692,0.0943388798,0.0963444250,0.0955676063,0.1011640020,0.0959429638,0.0934813311,0.1008887507,0.0987687992,0.1001212248,0.0943017321,0.1023250093,0.1030472789,0.0997706082,0.1022853611,0.1010067309,0.0976127945,0.1028470336,0.1000043172,0.1013212732,0.1012425839,0.1017298541,0.0953799788,0.0956427188,0.1005348102,0.1043688833,0.0953799788,0.1057354975,0.0958679538,0.1027670229,0.0953423713,0.1157321243,0.0985757056,0.1021266603,0.1475695656,0.1075715082,0.0935918035,0.1007707706,-0.04005305,0.02193857,0.08695002,0.08186391,0.07059198,0.08256048,0.07209268,0.08986362,0.09060407,0.08939664,0.08717675,0.08076003,0.07728146,0.08638421,0.09356184,0.09035739,0.09529238,0.08412192,0.06832753,0.09062238,0.08653295,0.08651513,0.07725869,0.09804058,0.08148367,0.08354450,0.08661872,0.08163978,0.09959444,0.10333115,0.10598962,0.09149563,0.09341135,0.08142756,0.07285919,0.08771654,0.08398909,1.19563793,0.08197045,0.08299779,0.23736579,0.09127453,0.08942622,0.81915304,0.23366996,0.07320669,0.15400328,0.93944216,0.07667673,0.07527289,50,0.0228760174,0.1191349485,0.0962589311,12.4283815896,0.0389981043,0.0960613176,-0.0730853354,1.1061045399,2.31652916,2.41885617,0.10232702,13.27046053,0.50099295,0.12784487,-0.05512716,1.01020567
101,0x344820000,0x3539c2000,3,3,1,184.57,-0.0222356389,0.0643746938,0.0642695842,0.0656688024,0.0616963938,0.0589327539,0.0577197413,0.0624171455,0.0667168751,0.0638491458,0.0632235711,0.0638491458,0.0623827615,0.0629114598,0.0663236729,0.0631195340,0.0672227048,0.0609256772,0.0626916551,0.0623484712,0.0629808494,0.0645849130,0.0684464377,0.0675476866,0.0621082519,0.0610275691,0.0642345795,0.0656688024,0.0664666466,0.0640593650,0.0613332451,0.0641294699,0.0624171455,0.0663593919,0.0667526917,0.0690663036,0.0639892600,0.0652440737,0.0643045889,0.0642695842,0.0611973273,0.0610275691,0.0632929607,0.0587000415,0.0640593650,0.0633622556,0.0612652862,0.0626340907,0.0586002038,0.0663593919,-0.01013708,0.06403980,0.04802507,0.02700832,0.02965645,0.01605809,0.03433717,0.03383369,0.03311074,0.02668754,0.02882686,0.03204159,0.04198832,0.03116209,0.03491192,0.03274409,0.03900301,0.02491323,0.03348231,0.02729856,0.90721945,0.03548334,0.04569144,0.03550045,0.03740832,0.01241696,0.01372121,0.03886510,0.02703636,0.02225402,0.02336268,0.02579381,0.03558286,0.01308257,0.03946477,0.01798818,0.04715406,0.02132055,0.04415480,0.04274447,0.02126505,0.03384534,0.89660289,0.03843763,0.03395162,0.01817646,0.03613597,0.04220483,0.02219023,0.03819716,50,0.0275352127,0.1070811362,0.0795459235,13.4883772911,0.0508064159,0.0646949694,-0.0642153908,1.3910087446,2.33107095,2.39319831,0.06212736,10.55722895,0.65826893,0.05667644,-0.04098667,1.01254719
102,0x211bdb000,0x276e73000,8,8,1,184.66,0.0062997416,-0.0079116388,0.0850307698,0.0848892257,0.0830081220,0.0831815487,0.0827654004,0.0924439415,0.0807760419,0.0842654269,0.0870837969,0.0922922859,0.0850307698,0.0914397428,0.0875171060,0.0869032186,0.0829734745,0.0861114414,0.0859684677,0.0808099750,0.0827307529,0.0851015901,0.0833202332,0.0806741499,0.0804363402,0.0850661316,0.0850661316,0.1140737865,0.0991195513,0.1023626490,0.0892429952,0.0856824226,0.0816515110,0.0806741499,0.0861471605,0.0883092182,0.0871198732,0.0905456509,0.0808439081,0.0851369519,0.0841953219,0.0840552077,0.0902854134,0.0807080830,0.0839500981,0.0912896202,0.0893902582,0.0826267158,0.0841603173,0.0808439081,0.02199175,0.01220956,0.08160627,0.07146066,0.06432285,0.06040412,0.06583244,0.05030591,0.05670036,0.05621602,0.05924394,0.07198384,0.06296930,0.05787568,0.05150508,0.06031010,0.06214624,0.05586624,0.05516363,0.06155992,0.05309746,0.07283767,0.05010165,0.07207620,0.06071120,0.06594880,0.04712031,1.02093101,1.06672061,0.99876063,1.19788495,0.07858488,0.06667964,0.07657476,0.06348337,0.05891562,0.06283705,0.06582950,0.05878823,0.06303297,0.05577119,0.04735594,0.06652837,0.04524233,0.05317606,0.06907815,0.06212187,0.05157850,0.05190367,0.04509133,50,0.0305565326,0.1110837793,0.0805272467,13.6965879274,0.0962223116,0.0720198739,-0.0683779429,1.2676378775,2.39934587,2.47296915,0.07362328,12.57062671,0.96594839,0.01943972,-0.01833029,1.01029078
103,0x3db142000,0x357e29000,5,10,0,126.25,0.0043552255,-0.0043645168,0.1146848621,0.1017819776,0.1080624532,0.1100047631,0.0865141710,0.0993335415,0.0949343317,0.0950512394,0.0958172283,0.0940863252,0.0926603267,0.0984133908,0.0929280711,0.0938546552,0.0928898517,0.0972919209,0.0957386464,0.0936615616,0.0960138977,0.0887512407,0.0949343317,0.0990506730,0.0984133908,0.0958172283,0.0894619851,0.0973315690,0.0939319136,0.0902405998,0.0961318779,0.0892760432,0.0928133086,0.0962105671,0.0916576611,0.0926986505,0.0952850547,0.0950123056,0.0959353158,0.0948174241,0.0950901732,0.0964071292,0.0948174241,0.0928516324,0.0954408961,0.0963284399,0.0893875881,0.0963678382,0.0957386464,0.0947005164,0.01154668,-0.00289141,0.77036123,1.03959892,1.15560473,1.20325902,0.08753488,0.07881824,0.09790752,0.07042872,0.08633274,0.07151845,0.09623292,0.08837525,0.96568762,0.06272825,0.09461187,0.06701337,0.09486025,0.06249971,0.08403581,0.06393331,0.08053310,0.05777670,0.09047410,0.06913477,0.07568097,0.05545735,0.08762194,0.08567401,0.07834557,0.06075383,0.06729239,0.06585772,0.05701650,0.06551264,0.06414945,0.06180781,0.06018805,0.06472993,0.06413870,0.06886941,0.05799910,0.07944289,0.06685782,0.05634254,0.07604278,0.05920503,0.06925910,0.05754581,50,0.0307308086,0.1240378931,0.0933070845,12.0572329922,0.1341901660,0.0761714049,-0.0791522438,1.5870741885,2.41901186,2.55058564,0.13157378,17.08491787,1.09354334,0.15718233,-0.07417850,1.06904147
104,0x2a6655000,0x21585b000,14,8,0,126.22,-0.0211035965,-0.0221999992,0.0774727561,0.0737409674,0.0743729873,0.0785555396,0.0742614424,0.0739640571,0.0740383527,0.0785555396,0.0793656850,0.0795993939,0.0827667702,0.0827667702,0.0850116315,0.0800920257,0.0782466110,0.0773197742,0.0773579936,0.0791318696,0.0794435525,0.0804065679,0.0780149409,0.0782466110,0.0772432310,0.0794046187,0.0804852572,0.0825265195,0.0770137060,0.0784782811,0.0801706076,0.0825665249,0.0783624461,0.0778934824,0.0814071948,0.0811537400,0.0783624461,0.0731415112,0.0795993939,0.0826866502,0.0846042120,0.0729573571,0.0774727561,0.0775875186,0.0775875186,0.0779377878,0.0801706076,0.0736294225,0.0770902492,0.0772814504,-0.01417186,-0.02106219,0.08577578,0.05627770,0.04220751,0.04796905,0.04399555,0.04135578,0.04919828,0.05413554,0.04606707,0.04449428,0.04818726,0.03238649,0.04896286,0.04030163,0.04762100,0.04598575,0.02789226,0.03783699,0.04449804,0.04873023,0.03426600,0.04549453,0.07781421,0.05007052,0.06523960,0.04604551,0.04338233,0.04414344,0.05866673,0.05758752,0.05707995,0.04166971,0.03579994,0.03135166,0.04463499,0.04855737,0.06285349,0.04078092,0.05446684,0.03272414,0.05240858,0.03986371,0.06305719,0.05264050,0.02767889,0.03197642,0.04680064,0.04441094,50,0.0304601590,0.1178542054,0.0873940464,11.2341301017,0.0434799576,0.0534487811,-0.0806607028,1.8364126613,2.26596328,2.36729147,0.10132819,13.05860504,0.59229314,0.07911415,-0.06327886,1.01136251
105,0x207343000,0x27632b000,8,8,1,184.67,-0.0065022644,-0.0043208891,0.0819834622,0.0812512526,0.0766554759,0.0788146741,0.0821235765,0.0811125680,0.0768217509,0.0832038910,0.0771874289,0.0821935858,0.0811125680,0.0789165661,0.0748215872,0.0869553005,0.0788146741,0.0810779206,0.0767552227,0.0841054151,0.0766222571,0.0821935858,0.0799972489,0.0767884414,0.0813900318,0.0738027954,0.0819834622,0.0789165661,0.0799972489,0.0786788491,0.0821935858,0.0812512526,0.0865542343,0.0779367138,0.0813900318,0.0842842055,0.0830977088,0.0809738835,0.0809392360,0.0727189061,0.0840338795,0.0843556436,0.0784750651,0.0781383527,0.0821935858,0.0808004568,0.0849672982,0.0775670120,0.0842483889,0.0812166051,0.00261628,-0.00685724,0.05250986,0.05841043,0.04716686,0.04346853,0.03945392,0.03326219,0.05668148,0.05439356,0.06090741,0.05447917,0.05912619,0.04719223,0.04559990,0.06002753,0.04608910,0.07386766,0.03633393,0.07726211,0.04229585,0.07785797,0.04269325,0.06475690,0.04238065,0.07573074,0.05882233,0.06850293,0.05641647,0.06791349,0.04137270,0.05643804,0.05966961,0.05515976,0.06157143,0.06602269,0.05919133,0.05508265,0.05255684,0.04423193,0.05123108,0.06208489,0.05860479,0.03009920,0.05204477,0.06068895,0.06748595,0.04537131,0.05814222,0.07494116,50,0.0246210899,0.1055879732,0.0809668833,13.7468909210,0.0506833207,0.0729993582,-0.0661463000,1.3628591953,2.28302829,2.39208895,0.10906067,18.60842497,0.56845708,0.04266664,-0.04052269,1.01186280
106,0x15a917000,0x14f8c6000,11,2,0,126.26,-0.0225835194,-0.0149079920,0.0857320560,0.0832893409,0.0811294947,0.0787017933,0.0853685728,0.0847297507,0.0838051998,0.0792372822,0.0840491134,0.0797406377,0.0852473750,0.0818555846,0.0757669070,0.0846096253,0.0799337312,0.0748338886,0.0810905609,0.0832893409,0.0774728202,0.0864113958,0.0791608434,0.0799337312,0.0788548796,0.0803197075,0.0742625994,0.0843293694,0.0758784518,0.0846897453,0.0791226240,0.0847297507,0.0798177908,0.0744287898,0.0841291241,0.0809347195,0.0819734574,0.0833290974,0.0833687455,0.0830909920,0.0790843003,0.0857725288,0.0780412702,0.0831306401,0.0833687455,0.0834083936,0.0797406377,0.0866514913,0.0855704957,0.0747602069,-0.02935872,-0.00829043,0.11642709,0.02680535,0.04687297,0.03471114,0.04066938,0.04876852,0.06154584,0.03894820,0.04401189,0.04215427,0.05420568,0.05548679,0.01598717,0.07027815,0.03667253,0.05821609,0.04301100,0.04596269,0.03706845,0.07344240,0.04024022,0.05733758,0.03361227,0.05432755,0.03352455,0.05579817,0.03508778,0.04146480,0.03377719,0.04391569,0.02985739,0.03716857,0.04668951,0.05264565,0.05573403,0.04654455,0.05542834,0.04840719,0.04090047,0.04803180,0.04065262,0.04464954,0.03412304,0.05287048,0.05108853,0.05598994,0.05030057,0.03150262,50,0.0256742997,0.1182911205,0.0926168208,11.9442842754,0.0289381882,0.0822246083,-0.0822330196,1.3160785666,2.30396152,2.37572922,0.07176770,9.25846843,0.58496100,0.04540938,-0.09280127,1.01733307
107,0x1e2f27000,0x190955000,13,13,1,184.64,0.0029469978,0.0040691318,0.0840317378,0.0810353028,0.0766997455,0.0780581556,0.0793908608,0.0787287561,0.0795659797,0.0783127024,0.0793557605,0.0743324731,0.0787981457,0.0772345330,0.0753469738,0.0817617090,0.0754813691,0.0818331471,0.0849289818,0.0826614563,0.0799514135,0.0807521182,0.0781392757,0.0821191921,0.0838129382,0.0837035384,0.0800915278,0.0839587714,0.0785207766,0.0787981457,0.0795659797,0.0827697835,0.0816901733,0.0742659449,0.0774747523,0.0793557605,0.0761563526,0.0768355706,0.0788675353,0.0796010800,0.0752798220,0.0796360846,0.0796710893,0.0808936622,0.0763940696,0.0805398505,0.0804335717,0.0783127024,0.0750445155,0.0768355706,0.01300795,-0.00054912,0.05443181,0.06625913,0.04435967,0.05720094,0.06551693,0.06949244,0.04707683,0.05983912,0.05157963,0.07157096,0.05416165,0.05979420,0.04315250,0.03296959,0.05050035,0.05187457,0.04664665,0.05080156,0.06160666,0.05222795,0.03786463,0.05596266,0.05104962,0.05523714,0.05374066,0.04657273,0.04705769,0.04880427,0.05393993,0.06372730,0.05244190,0.04835254,0.05577680,0.05029663,0.05657165,0.05039643,0.04525483,0.06749482,0.04724144,0.06625315,0.04326315,0.05041909,0.06359545,0.05754893,0.03614397,0.06510465,0.05234106,0.06348139,50,0.0314202965,0.1068114568,0.0753911603,12.8006104066,0.0628592357,0.0621455846,-0.0560045469,1.3551676135,2.37076274,2.40112888,0.03036614,5.23705612,0.75110799,0.04911444,-0.03965433,1.01465613
108,0x9a5a0000,0x19e20d000,6,13,0,126.20,0.0021020024,-0.0043856152,0.0930378567,0.0963231058,0.0958945153,0.0926210623,0.0981309068,0.0928104767,0.0940817055,0.1006529181,0.0965179874,0.0994103621,0.0970124070,0.1771129288,0.1134637486,0.1059808588,0.1385389142,0.0978928014,0.0941581442,0.0983292557,0.0936608748,0.0960503567,0.0994904821,0.0991702208,0.0974842204,0.0968943195,0.0935844360,0.0983292557,0.0992902368,0.0984086603,0.0992102261,0.0971302799,0.0973269493,0.0983690121,0.0958555815,0.1000874018,0.1026946490,0.0992502315,0.0956217662,0.0959335554,0.1062339798,0.0973269493,0.0899756954,0.1001682371,0.1729202815,0.1089233263,0.1057277378,0.1034857377,0.0952405696,0.0972876583,-0.00218110,0.00767337,0.08014989,0.07761330,0.07751144,0.07784509,0.06040499,0.07216093,0.06069408,0.77680079,0.05804068,0.05873460,0.06243669,0.74860391,1.03878129,1.24173747,1.27417692,0.06813085,0.07462640,0.07248996,0.07619479,0.07235184,0.08478244,0.07405541,0.07451437,0.07578389,0.07283815,0.07698293,0.06567667,0.07122277,0.08521827,0.06199367,0.04915795,0.06666364,0.05365109,0.05934060,0.07569437,0.06783609,0.06285042,0.07106989,0.89970066,0.06201378,0.04934318,0.06620221,1.05418026,1.07937058,1.25603244,1.28464293,0.06884081,0.06010773,50,0.0292826935,0.1222346101,0.0929519165,12.0024278802,0.1065784889,0.0788452987,-0.0843680254,1.3137395449,2.44737862,2.50064188,0.05326326,6.90741944,0.94042243,-0.01818458,0.03040875,1.04863203
109,0x210da3000,0x21f94d000,8,8,1,184.48,0.0018423780,-0.0035609805,0.0858487245,0.0828927656,0.0839734262,0.0859917958,0.0839033213,0.0826500440,0.0826153018,0.0828927656,0.0872154523,0.0867424812,0.0841485451,0.0815718746,0.0826153018,0.0809011693,0.0807314111,0.0869265468,0.0829274131,0.0829968027,0.0795499200,0.0886243124,0.0842186501,0.0892663234,0.0828927656,0.0850894597,0.0844878252,0.0897082128,0.0882596795,0.0817434197,0.0818120939,0.0853018241,0.0827540810,0.0806974781,0.0849125539,0.0850187360,0.0886243124,0.0829274131,0.0851602801,0.0842186501,0.0862420243,0.0794491006,0.0884055128,0.0904574342,0.0832048768,0.0809011693,0.0850540979,0.0885513460,0.0809691282,0.0838683166,-0.01344855,-0.00734474,0.06793159,0.07368735,0.06999364,0.05882228,0.08322863,0.07370129,0.07996827,0.08204957,0.07477616,0.08159453,0.08129939,0.07894962,0.08197189,0.07373296,0.07653665,0.07825968,0.07635381,0.05642038,0.07447824,0.06641918,0.06820229,0.07544337,0.07769319,0.06991915,0.07196673,0.08904844,0.07790746,0.05554216,0.06954346,0.08072425,0.07661574,0.07186138,0.07586388,0.08822957,0.08476805,0.05194523,0.07713869,0.07286376,0.08576120,0.05765997,0.07964736,0.08614306,0.07460547,0.06129964,0.08233380,0.08637469,0.06501361,0.07577135,50,0.0340989739,0.1107263933,0.0766274195,13.0255695828,0.1159631748,0.0748817744,-0.0674214314,2.0364537319,2.50197532,2.47406001,-0.02791532,-4.77190275,1.05498816,0.05307200,-0.12129562,1.07953138
110,0x2c9dc7000,0x2c9afd000,14,14,1,184.65,-0.0005568657,0.0037747509,0.0786346258,0.0822695161,0.0752527629,0.0805278122,0.0792770141,0.0816088411,0.0843871788,0.0815395462,0.0771517489,0.0873057404,0.0826198496,0.0772847145,0.0799901652,0.0858246294,0.0773180240,0.0848877333,0.0797185151,0.0816435833,0.0837001641,0.0824446350,0.0847804786,0.0815395462,0.0786346258,0.0803562671,0.0828299732,0.0762036857,0.0838063463,0.0761708241,0.0826548543,0.0823745301,0.0752527629,0.0851379618,0.0793789061,0.0846732239,0.0780632851,0.0835231616,0.0785673823,0.0840540724,0.0829701831,0.0804592317,0.0856802259,0.0784329869,0.0738808044,0.0794807981,0.0794467723,0.0802189187,0.0752202586,0.0772514958,0.00288567,0.01282477,0.05130875,0.07403894,0.03263588,0.08151990,0.05576347,0.06151774,0.05346125,0.05713991,0.04957646,0.08512835,0.06703871,0.06609269,0.05641696,0.06818697,0.05706590,0.09381585,0.06052852,0.05501739,0.07167681,0.05567319,0.06601967,0.07649545,0.05152719,0.06035427,0.05177716,0.05337468,0.07029108,0.05155730,0.05340028,0.04949812,0.02865871,0.05466682,0.03125015,0.05446707,0.05349139,0.04150977,0.04028050,0.04838181,0.05366548,0.03179453,0.06934836,0.06434144,0.04673344,0.05116015,0.05860931,0.06697862,0.04476060,0.06301169,50,0.0254065272,0.1056717810,0.0802652538,13.6406183349,0.0554198852,0.0600858842,-0.0760048516,1.5390496100,2.29590757,2.37984977,0.08394220,14.29887249,0.73397605,0.04210460,-0.07571339,1.01837838
111,0x1d803e000,0x21d18f000,4,8,0,128.84,-0.0094000131,-0.0019279056,0.0956857183,0.0911506524,0.0929810553,0.0891487917,0.0897060632,0.0848188685,0.0929395080,0.0885482745,0.0909062230,0.0918027238,0.0898273714,0.0843556338,0.0902312171,0.0958122788,0.0929395080,0.0895445029,0.0934786040,0.0880662555,0.0919029190,0.0931883390,0.0899080964,0.0933543017,0.0911506524,0.0954747457,0.0930640367,0.0911914833,0.0907838414,0.0832009544,0.0909469426,0.0933957358,0.0875901530,0.0946447261,0.0865907060,0.0875107485,0.0914767437,0.0903120524,0.0875107485,0.0858235373,0.0887485198,0.0899484589,0.0901101295,0.0933127544,0.0901101295,0.0917795761,0.0898273714,0.0933543017,0.0907024020,0.0955591578,-0.48916726,-0.48912077,-0.42901565,-0.43581182,-0.43070437,-0.43919799,-0.45307114,-0.44464686,-0.42684743,-0.43396489,-0.43491475,-0.42896907,-0.43923665,-0.44782365,-0.43332005,-0.43261704,-0.43559872,-0.43229299,-0.42939457,-0.43680008,-0.43182381,-0.42629638,-0.43302820,-0.43801726,-0.43964305,-0.43021218,-0.43273747,-0.43207051,-0.43189550,-0.44542438,-0.42982558,-0.43677413,-0.45349364,-0.42541032,-0.44626029,-0.42870753,-0.43855503,-0.43657667,-0.44386095,-0.42116964,-0.42997026,-0.41921869,-0.42733672,-0.42331991,-0.42362926,-0.42522103,-0.44110984,-0.42408192,-0.43668470,-0.42780016,50,0.0257584382,0.1230444208,0.0972859826,12.7750522733,0.0365946281,0.0806324554,-0.0709410243,1.3573786634,2.34206087,2.39636248,0.05430160,7.11862780,0.54927841,0.06011049,-0.05933976,0.99737528
112,0x9bd9f000,0x9f5b5000,15,15,1,184.53,0.0038790565,0.0015890007,0.0829136067,0.0823179537,0.0821070976,0.0823179537,0.0859125551,0.0849383140,0.0847239022,0.0818297285,0.0847953403,0.0844735762,0.0826683828,0.0774941601,0.0792883039,0.0801967262,0.0859847075,0.0790845200,0.0833957649,0.0803682713,0.0827383922,0.0793562628,0.0858763803,0.0838558554,0.0772281382,0.0812748957,0.0818297285,0.0829136067,0.0844735762,0.0815522647,0.0837497699,0.0818297285,0.0815522647,0.0826332825,0.0811708586,0.0757195504,0.0813095431,0.0856598243,0.0750660804,0.0825632732,0.0801623423,0.0823179537,0.0833957649,0.0812401535,0.0795260210,0.0839974961,0.0871032313,0.0825982779,0.0807458392,0.0813789327,-0.01698428,0.01064326,0.06694479,0.07761239,0.07336905,0.10245682,0.06661381,0.08403328,0.05993306,0.08859808,0.06880539,0.09290287,0.06636024,0.08709060,0.06443425,0.06844164,0.07548199,0.08624382,0.07640609,0.09006244,0.07065954,0.07209010,0.07234034,0.08299006,0.06781328,0.08097616,0.07331497,0.08754504,0.07868534,0.07613622,0.07597380,0.08043375,0.06594425,0.08247821,0.07142989,0.06985897,0.06092283,0.06885343,0.07028125,0.07025572,0.06145567,0.07917975,0.06747690,0.07292109,0.07268891,0.05666085,0.07183210,0.06968786,0.06621118,0.07036273,50,0.0247095737,0.1065132943,0.0818037206,13.9177412684,0.0593754167,0.0852560983,-0.0680796546,1.1674592057,2.37373397,2.39565115,0.02191718,3.73698919,0.69410680,-0.00440536,-0.03412980,1.03012712
113,0x1a3194000,0x3a33ca000,4,5,0,129.03,-0.0114917634,-0.0190275181,0.0878913710,0.0896473176,0.0836077504,0.0790094753,0.0832036842,0.0890146303,0.0826865273,0.0846482733,0.0859349887,0.0836884755,0.0865201103,0.0785807784,0.0868933567,0.0855649598,0.0878913710,0.0866859599,0.0866859599,0.0832845195,0.0798916575,0.0868103754,0.0866859599,0.0835672776,0.0833653548,0.0822461407,0.0838905086,0.0823261513,0.0932965708,0.0820458954,0.0834460798,0.0855238829,0.0863542607,0.0832036842,0.0835672776,0.0832441569,0.0838905086,0.0834057173,0.0875149070,0.0793990257,0.0856472259,0.0886770972,0.0834460798,0.0815638764,0.0864371289,0.0889723666,0.0858937996,0.0869762249,0.0858937996,0.0831229591,-0.00080415,-0.00525451,0.07864207,0.08282960,0.08237784,0.06810441,0.09076552,0.08370877,0.05688638,0.06907806,0.06349132,0.06604609,0.05978752,0.06809623,0.06261557,0.04798025,0.07062970,0.06677169,0.07347732,0.06476274,0.06372218,0.05916947,0.07698479,0.06883023,0.05862853,0.05343782,0.06969774,0.07237320,0.06056060,0.06202196,0.04333803,0.06794840,0.05761878,0.06502071,0.05295948,0.07653222,0.07050163,0.06162627,0.07018903,0.05406168,0.06575506,0.07333002,0.06543828,0.06873469,0.04778014,0.09253679,0.07107862,0.05307645,0.06113622,0.05233494,50,0.0268759899,0.1247239278,0.0978479378,12.8666837329,0.0498025795,0.0829635467,-0.0683362380,1.3209774920,2.37896581,2.43333444,0.05436864,7.20176118,0.40459403,0.01436870,-0.09483881,1.01724137
114,0x28de45000,0xda1a1000,14,15,0,128.95,0.0038034454,-0.0113524186,0.0998963714,0.0946516584,0.0977757034,0.0966947078,0.0962503892,0.0945326057,0.0976942640,0.0920589316,0.0974904430,0.0943342568,0.0952533362,0.0953735708,0.0967351806,0.0970986638,0.1007679393,0.0944929576,0.0951733255,0.0996475404,0.0968562681,0.0959340827,0.1157316724,0.1107030883,0.1063368464,0.1082085475,0.1016880324,0.0942548522,0.0946120103,0.0968967409,0.0946913065,0.0973274530,0.0942946087,0.0921758392,0.0962503892,0.0942152041,0.0956137121,0.0924485883,0.0962503892,0.0974088924,0.0979386935,0.0951733255,0.0968967409,0.0919420239,0.0967755431,0.0956538268,0.1027747478,0.0989390759,0.0936088812,0.1002696178,-0.19021751,0.63523170,-0.13021895,-0.14504819,-0.12970074,-0.13336446,-0.12599234,-0.13839480,-0.12213050,-0.13953813,-0.12451221,-0.14050753,-0.13141561,-0.12174648,-0.10667680,-0.14054946,-0.11677445,-0.14204371,-0.14159902,-0.13787391,-0.13428607,-0.13756415,0.83734942,0.42227639,0.91356971,0.95869248,-0.12681512,-0.13955329,-0.12287653,-0.13811617,-0.13651993,-0.14849804,-0.14712308,-0.15209847,-0.15000195,-0.14109061,-0.12701675,-0.13964600,-0.12825031,-0.11911308,-0.14969580,-0.11737197,-0.13096878,-0.12708587,-0.14105096,-0.13058173,-0.13083965,-0.12307018,-0.13837366,-0.12220108,50,0.0360832449,0.1283408393,0.0922575944,12.1784244000,0.1135734265,0.0830437719,-0.0632102012,1.1356896493,2.45841813,2.51033332,0.05191519,6.85872543,1.10235013,-0.06470039,0.03318135,1.01474217
115,0x1e214d000,0x19ef17000,13,13,1,184.61,0.0024458997,0.0013920358,0.0910538342,0.0906162350,0.0928433730,0.0845698152,0.0867311475,0.0887852361,0.0857545239,0.0855118023,0.0867311475,0.0864508233,0.0900454246,0.0880595453,0.0869062664,0.0931407584,0.0878471810,0.0870464763,0.0856504869,0.0846041055,0.0889997456,0.0877056370,0.0944460272,0.0896842680,0.0866961428,0.0877056370,0.0865560285,0.0885707267,0.0890711836,0.0836249575,0.0854077652,0.0889282099,0.0842952119,0.0935497901,0.0888924908,0.0858585610,0.0896842680,0.0878471810,0.0835910244,0.0864859236,0.0868012524,0.0890354646,0.0867311475,0.0847070700,0.0864508233,0.0869763714,0.0888567718,0.0869062664,0.0835230655,0.0888924908,0.00266827,-0.00595464,0.07973537,0.08663817,0.08131812,0.07334292,0.06660391,0.07665826,0.07987567,0.06490400,0.05818768,0.07729865,0.07538112,0.06406985,0.08303751,0.08886493,0.06355286,0.07190088,0.06974785,0.08052125,0.06809578,0.08042733,0.08158038,0.07471553,0.07428997,0.07263170,0.08628076,0.07762539,0.05584472,0.09730825,0.06462898,0.07258270,0.05751723,0.08582881,0.07114790,0.06515005,0.06167208,0.06646796,0.06544112,0.06076671,0.05989953,0.06298365,0.06515661,0.06443061,0.07491555,0.05650132,0.08669626,0.05599329,0.05747273,0.05885242,50,0.0322319433,0.1118051033,0.0795731601,13.5451511453,0.1136798657,0.0830685838,-0.0754146909,2.0784187118,2.50761904,2.49416253,-0.01345652,-2.28860607,0.92545421,-0.02500005,-0.01048547,1.04800660
116,0x27519b000,0x20a410000,8,1,0,126.30,-0.0043307326,0.0130522467,0.1114909276,0.0940229779,0.1007156337,0.0943432392,0.1012447746,0.0939028526,0.0969760574,0.0963465305,0.0876926210,0.0888125513,0.0887743320,0.0960612701,0.0895857963,0.0885065876,0.0915083641,0.0837477524,0.0844473772,0.0908209571,0.0841528513,0.0888890945,0.0886213501,0.0842632231,0.0943032339,0.0867235275,0.0898560430,0.0909378648,0.0895472198,0.0885065876,0.0953860174,0.0917836154,0.0853431462,0.0854546911,0.0897787845,0.0905871418,0.0914296749,0.0868361450,0.0894312793,0.0915869460,0.0866484150,0.0936626020,0.0883535012,0.0941029886,0.0887361126,0.0876547588,0.0906261819,0.0905091679,0.0898946195,0.0887743320,0.26124800,0.65999102,0.58270076,0.59893294,0.60435668,0.63122736,0.60098062,0.62327795,0.56166437,-0.36120505,-0.35311418,-0.36590642,-0.37263217,-0.36928901,-0.37704864,-0.30664683,-0.36478731,-0.40101292,-0.39270438,-0.36407399,-0.38720789,-0.37669549,-0.36282983,-0.38385278,-0.36361833,-0.37780689,-0.36861289,-0.37278884,-0.35637505,-0.36298902,-0.38176852,-0.36541152,-0.36774212,-0.37719237,-0.36092232,-0.37469930,-0.35959834,-0.38140592,-0.36656453,-0.37276290,-0.38264078,-0.37549831,-0.37310718,-0.37282275,-0.36158530,-0.37364038,-0.37484796,-0.37843099,-0.36863688,-0.35207558,50,0.0266871979,0.1177035808,0.0910163829,11.7273502548,0.0422673155,0.0838562409,-0.0620970870,1.2200789986,2.34350877,2.37998397,0.03647520,4.68826368,0.56231843,0.02904484,-0.06247658,1.03852450
117,0x3c8436000,0x3a3526000,5,5,1,184.47,-0.0084203306,-0.0073468213,0.0767164515,0.0837746204,0.0734819323,0.0801296415,0.0760500466,0.0751034946,0.0788019590,0.0769938206,0.0750694688,0.0777595096,0.0777595096,0.0772018948,0.0745260759,0.0757412467,0.0756382821,0.0748317518,0.0802368962,0.0767164515,0.0802011772,0.0747638856,0.0798436940,0.0766817094,0.0747638856,0.0703125215,0.0790143233,0.0756038982,0.0783551626,0.0759814660,0.0733138693,0.0703775302,0.0756725724,0.0740196053,0.0800582034,0.0782149527,0.0747978187,0.0749336438,0.0738515424,0.0753751447,0.0780398338,0.0766817094,0.0791558673,0.0823989539,0.0747978187,0.0766817094,0.0717202010,0.0748317518,0.0747978187,0.0744921428,-0.01133101,-0.01948501,0.04627767,0.06681740,0.03938991,0.04697301,0.04649581,0.05853597,0.04327380,0.05200756,0.03826289,0.04612951,0.04719041,0.05316122,0.03821262,0.04483359,0.04639655,0.04230336,0.05124056,0.03709761,0.04910370,0.04340872,0.05611285,0.06520078,0.04472218,0.04575280,0.04141572,0.05622606,0.05304056,0.06222836,0.03735322,0.05957908,0.04132272,0.05951856,0.04647178,0.05817156,0.04442523,0.05745938,0.05472096,0.03123479,0.04630202,0.03531405,0.04197444,0.04250744,0.02930878,0.04349958,0.04630109,0.04122336,0.04181660,0.04748019,50,0.0265538181,0.1060659938,0.0795121757,13.5041046170,0.0503065360,0.0573772859,-0.0749202216,1.4406871055,2.34810680,2.39736808,0.04926128,8.37801429,0.58155794,0.04787992,-0.05524802,1.02978669
118,0x3d64b1000,0x3da565000,12,12,1,184.63,0.0048284447,-0.0016695305,0.0804446871,0.0838633354,0.0783866554,0.0805140768,0.0789300483,0.0844034544,0.0805140768,0.0834343166,0.0827815912,0.0773056265,0.0862456235,0.0837203617,0.0808261880,0.0851617453,0.1075744794,0.0840063092,0.0835058523,0.1027441484,0.0881158931,0.0864644231,0.1760761523,0.0967241853,0.0859538575,0.0789300483,0.0804794293,0.0880787453,0.0782508303,0.0819100662,0.0791588018,0.0816297420,0.0802366130,0.0806874088,0.0803060026,0.0817698563,0.0838276164,0.0826754091,0.0792961503,0.0781489384,0.0816297420,0.0816998470,0.0802366130,0.0838990545,0.0899369252,0.0859174241,0.0804446871,0.0801673181,0.0791588018,0.0834700357,0.00208978,-0.00806458,0.05530780,0.03669200,0.05568075,0.02739068,0.04600143,0.02935047,0.03909195,0.04792571,0.04851669,0.02351759,0.04581730,0.04199169,0.03649850,0.85256708,0.06701714,1.01518522,0.99606820,1.02148621,1.02137405,1.00843649,0.87748914,0.99038562,0.98986995,0.04041373,0.05567336,0.04186670,0.04829588,0.03920129,0.03238383,0.03515641,0.03416917,0.04844774,0.03608679,0.04250642,0.04223383,0.05061721,0.03075721,0.04179860,0.03060845,0.02099195,0.04275130,0.03737673,0.06442591,0.04871573,0.04054704,0.02838950,0.04489646,0.04748123,50,0.0277234329,0.1070445405,0.0793211076,13.4701648118,0.0439297614,0.0540153626,-0.0827958007,1.4219506907,2.29126530,2.37394710,0.08268180,14.11746102,0.65559559,0.02600848,-0.04377656,1.02550247
119,0x352ea7000,0x35928d000,10,10,1,184.59,0.0309019080,-0.0082138895,0.0675682149,0.0668325433,0.0630368333,0.0640152559,0.0663818250,0.0675682149,0.0762279060,0.0673580913,0.1006172343,0.0758111116,0.0641850140,0.0664511199,0.0717522162,0.0818782490,0.0686506735,0.1153995997,0.0642529729,0.0885846555,0.0772721120,0.0912107360,0.0904701340,0.0670427625,0.0778908400,0.0735424693,0.0735796171,0.0739515010,0.0717157827,0.0749578532,0.0748452357,0.1334846371,0.0731278826,0.0640831220,0.0672879864,0.0692683943,0.0684029474,0.0692683943,0.0638793381,0.0663470828,0.0598283942,0.0695544394,0.0628015269,0.0664511199,0.0671127718,0.0639133639,0.0664511199,0.0694829037,0.0643208391,0.0642529729,0.35641370,0.55307338,-0.37149343,0.21493829,-0.34132255,-0.38574763,-0.39080466,-0.40198409,0.55188264,0.32168126,-0.26082273,0.50182387,-0.39057149,-0.39262032,-0.14017206,0.66146103,0.49841811,0.21265392,-0.24675691,-0.36530640,0.58767623,0.60409480,0.60229028,-0.34651200,0.53494802,0.55358815,0.58011495,0.58124621,0.48178398,0.71237071,0.54616303,0.40311564,0.54273556,-0.37615182,-0.38093598,-0.37397805,-0.38942842,-0.38423472,-0.40788523,-0.39958725,-0.40783539,-0.40094943,-0.41326123,-0.39125311,-0.38655711,-0.40327512,-0.40745835,-0.40861271,-0.24358018,-0.41588357,50,0.0323618014,0.1074710940,0.0751092926,12.7532115599,0.0765325725,0.0572112610,-0.0770456749,1.5591088025,2.48733851,2.43642832,-0.05091018,-8.70385363,0.80991874,-0.01183178,-0.02916330,0.99031352
120,0x1c906a000,0x15a9ba000,4,2,0,126.25,-0.0444764276,0.1379342830,0.0583321863,0.0577815764,0.0524301829,0.0601774936,0.0550837249,0.0578996639,0.0793378011,0.0687742372,0.1730334234,0.0548541998,0.0560506733,0.0560506733,0.0582927880,0.0570545212,0.0560120968,0.0685168259,0.0526554179,0.0642070318,0.0695078067,0.1034301882,0.0593752133,0.0604177443,0.0678223043,0.0551984874,0.0602976189,0.0776398376,0.0664462857,0.0599773576,0.0795237938,0.0616210103,0.0568597461,0.0668259672,0.0734915990,0.0690745113,0.1644849219,0.0714568828,0.0632529538,0.0753419891,0.0613786146,0.0589785155,0.0621336302,0.0702863576,0.1240171656,0.0635819058,0.0664462857,0.0732698990,0.0604177443,0.0562823434,-0.21951879,0.69267364,-0.14221667,-0.15886869,-0.16166292,-0.16179393,-0.17247854,-0.15293616,0.20982468,0.78992812,0.59976682,0.72095975,-0.17025223,0.01771719,-0.13597485,-0.15773822,-0.16277791,-0.14285092,-0.16393518,0.76630295,0.82605434,0.85978868,0.43482722,-0.14846831,0.67470438,-0.16035346,-0.13875643,0.99305260,0.77121521,0.78669531,0.81762722,0.85517788,1.01062478,0.77789719,0.82540877,0.73535350,0.96122571,0.81597520,0.80958188,0.81347867,0.83333126,0.65631163,0.80202876,0.80757207,0.91866088,0.96426577,0.99435978,0.54093588,-0.13154249,-0.16128128,50,0.0349913410,0.1241519638,0.0891606228,11.5205423002,0.1296700854,0.0607486989,-0.0698479108,1.9123496192,2.45259381,2.54639521,0.09380140,12.13296298,1.04805286,-0.09415668,-0.07435932,1.07486540
121,0x1dcc64000,0x3daf17000,4,12,0,128.98,-0.0205383269,0.0763825857,0.0750766224,0.0747131392,0.0779157641,0.0725105643,0.0768347685,0.0744707435,0.0716262381,0.0742283479,0.0769991883,0.0753054116,0.0722725673,0.0726296170,0.0759574830,0.0709970463,0.0761204731,0.0732312948,0.0746726664,0.0735916707,0.0753190181,0.0720741100,0.0748342267,0.0728677224,0.0742687104,0.0720587605,0.0745111060,0.0742323027,0.0711543174,0.0735516654,0.0771637205,0.0731454759,0.0746726664,0.0746323039,0.0735916707,0.0775425177,0.0723122154,0.0724312681,0.0722725673,0.0744303810,0.0735116601,0.0779573114,0.0756722227,0.0727486697,0.0765881948,0.0764647396,0.0779987455,0.0755906720,0.0758759324,0.0770403775,-0.02291663,0.09282458,0.06338257,0.04296877,0.03860651,0.06076729,0.06129369,0.05365172,0.05499497,0.05642052,0.04391313,0.04519956,0.06395818,0.06996558,0.04678698,0.08235387,0.06169179,0.05332476,0.05128783,0.06833566,0.05828935,0.04494564,0.06010188,0.04844982,0.04495266,0.04077103,0.05260552,0.05335365,0.04839713,0.04245668,0.06419750,0.05080731,0.06236530,0.06487719,0.04342088,0.05551377,0.04954112,0.04804183,0.04641417,0.04895478,0.03996863,0.04525295,0.32212702,0.04744740,0.04799014,0.05294181,0.04308929,0.04462603,0.07011383,0.05481473,50,0.0310099342,0.1241765360,0.0931666018,12.2097060622,0.0668724691,0.0561666689,-0.0866565543,2.0311131264,2.32877973,2.42117373,0.09239400,12.08416841,0.75563801,0.00019915,-0.05677232,0.98337597
122,0x353e95000,0xd7a2b000,10,15,0,128.96,-0.0228955611,0.0750227020,0.0743819822,0.0754630886,0.0772582688,0.0703639570,0.0745406830,0.0722590310,0.0755432086,0.0796213324,0.0741836332,0.0785006895,0.0782950805,0.0750227020,0.0765440842,0.0825623689,0.0747391402,0.0808681776,0.0795384642,0.0741042287,0.0790351383,0.0779511712,0.0761804907,0.0745010348,0.0798287292,0.0772990998,0.0760997657,0.0849760527,0.0712932960,0.0797871819,0.0812028503,0.0799945788,0.0764633592,0.0765845570,0.0779511712,0.1492948306,0.0797871819,0.0739455278,0.0712161429,0.0741042287,0.0751027126,0.0760997657,0.0761401282,0.0797043137,0.0776250799,0.0787061863,0.0747391402,0.0763017988,0.0763825239,0.0730651335,0.00747042,0.03921008,0.08034251,0.06401935,0.08466102,0.05437015,0.08089685,0.06449909,0.09049188,0.06617939,0.08088125,0.05901264,0.09333976,0.07007413,0.07102164,0.08785965,0.07416709,0.06920905,0.08476024,0.06818857,0.07318903,0.07183056,0.06276987,0.06325632,0.08150231,0.06653416,0.06154955,0.07731733,0.07352373,0.05982209,0.07171456,0.07808570,0.06441931,0.06354631,0.06803541,0.17300882,0.07742422,0.08398866,0.05937290,0.06274675,0.06599714,0.07575778,0.06025021,0.06486018,0.07394233,0.05341348,0.06072095,0.06695542,0.06838941,0.05978725,50,0.0278930340,0.1236529999,0.0957599659,12.5761681189,0.0406643227,0.0701632469,-0.0717812007,1.5720667416,2.38310940,2.43548098,0.05237158,6.91128476,0.60990485,0.08692301,-0.06870026,1.02835483
123,0x1c851a000,0x1dd048000,4,4,1,184.60,-0.0221078880,-0.0124562019,0.0656546179,0.0685247961,0.0640054660,0.0698149606,0.0673419690,0.0717289350,0.0696748464,0.0707908799,0.0653521596,0.0685941857,0.0729168725,0.0729168725,0.0699901752,0.0621426489,0.0699901752,0.0705786122,0.0694296225,0.0721579538,0.0683514641,0.0693945222,0.0694997274,0.0738516999,0.0680969173,0.0681780374,0.0688369074,0.0675135141,0.0735599339,0.0697098510,0.0698149606,0.0683861116,0.0678224076,0.0697098510,0.0689062970,0.0673419690,0.0664667644,0.0652513402,0.0645707285,0.0718361897,0.0686288332,0.0696748464,0.0652513402,0.0719434444,0.0718719088,0.0668743323,0.0730973522,0.0739610997,0.0689062970,0.0693945222,-0.01057859,-0.03173552,0.03926544,0.03763195,0.04474120,0.03408971,0.04203995,0.03858225,0.03877411,0.04512065,0.02958621,0.02862045,0.03117933,0.03042865,0.03031601,0.02713160,0.02897347,0.04053360,0.03893562,0.02547619,0.03064995,0.03073885,0.03751378,0.04363163,0.03432585,0.03631808,0.04149450,0.02920355,0.04202373,0.04803380,0.03914628,0.04046155,0.03358261,0.03805466,0.04834766,0.03546154,0.02724144,0.03565427,0.02457146,0.03997885,0.03533775,0.03637270,0.03001401,0.03374069,0.03769815,0.03366220,0.03769358,0.03417169,0.04503819,0.04047625,50,0.0259403416,0.1063138758,0.0803735342,13.6435903917,0.0360641567,0.0747522236,-0.0327680936,1.1174791583,2.36643329,2.34326885,-0.02316444,-3.92875420,0.55792871,0.04701220,0.09280681,1.02704864
124,0x15afd5000,0x1dbade000,11,4,0,126.27,0.0021037911,-0.0043859551,0.0926632453,0.0970141202,0.0948947408,0.1048083360,0.0947445158,0.1014869053,0.1016059580,0.0962766968,0.0976643716,0.0974731703,0.1004069822,0.0953451083,0.1005249623,0.0992491915,0.0980153552,0.0985559538,0.1028873097,0.1002104201,0.0969759008,0.1004856714,0.1005249623,0.0980926137,0.0997557559,0.0984786953,0.0994050329,0.1024469231,0.0994830068,0.0938157787,0.0939272221,0.1056835884,0.0965798012,0.1006822335,0.0971288827,0.0973584078,0.1020821688,0.0971288827,0.1016853626,0.1000924399,0.0964282490,0.0947070108,0.0960114546,0.0951574808,0.0990153762,0.1006429425,0.0994050329,0.1011695037,0.1043600856,0.1084268261,0.04251593,0.01063258,0.08820178,0.06982674,0.07241655,0.06534811,0.06926470,0.07170193,0.06620962,0.04126975,0.08207558,0.06267447,0.06819668,0.04430161,0.06556763,0.09256216,0.06434828,0.06057473,0.07297574,0.06232247,0.04775284,0.06812696,0.07412711,0.06725601,0.04843780,0.05523625,0.05968826,0.05438259,0.05609370,0.04846159,0.05456193,0.06216318,0.05401971,0.06834885,0.06066617,0.06446059,0.07047738,0.05165955,0.05640071,0.06899133,0.05723575,0.06763974,0.05866373,0.09289749,0.09202636,0.90937952,0.63750470,0.97372692,0.99601745,1.05185836,50,0.0292964146,0.1190332979,0.0897368833,11.5800931966,0.0461356949,0.0757852775,-0.0602439357,1.3177569820,2.40956510,2.42328706,0.01372196,1.81580166,0.61149990,0.04365125,-0.09008822,1.01184556
125,0x1357f000,0x6aad000,9,9,1,184.62,0.0035414133,-0.0018780333,0.0790740573,0.1618277569,0.0964781087,0.0951215036,0.0922672408,0.1992835145,0.0878270567,0.0855920316,0.0896144151,0.0836430415,0.0811306603,0.0968351585,0.0826653343,0.0832891331,0.0801543829,0.0815120665,0.0812693448,0.0853031260,0.0853031260,0.0832891331,0.0792098824,0.0769134283,0.0814426768,0.0846186035,0.0834660390,0.0845470679,0.0823150008,0.0823850101,0.0842253037,0.0788362476,0.0831474925,0.0825952293,0.0860892598,0.0814426768,0.0807839016,0.0801199989,0.0845828845,0.0870008916,0.0835368593,0.1018435521,0.1102701598,0.1021753644,0.0987620147,0.0883878339,0.0836075830,0.0828644045,0.0812693448,0.0867091256,-0.16858457,0.56572140,0.39857977,0.74983329,0.89851547,0.86644234,0.70392143,0.95081805,0.84589546,0.87257337,0.87065866,0.85691531,0.89685689,1.12577652,-0.08730144,-0.06331432,-0.11439734,-0.07594852,-0.10663473,-0.09342973,-0.11747179,-0.10101893,-0.11459825,-0.11300364,-0.12224663,-0.09099122,-0.10641540,-0.09110981,-0.12207465,-0.10689708,-0.10074995,-0.09607546,-0.09800165,-0.10123923,-0.11122481,-0.11237307,-0.11423864,-0.10723403,-0.09757836,-0.11125198,-0.09119494,0.02145102,0.70833949,0.81686541,1.06780435,1.04277928,-0.08295354,-0.10224264,-0.11615353,-0.11315624,50,0.0240887122,0.1085403016,0.0844515895,14.3582263817,0.0865713479,0.0792512416,-0.0613277881,1.1127224336,2.31953841,2.42277861,0.10324021,17.57175965,0.85720441,0.03363785,-0.14910628,1.01994546
126,0x14f156000,0x15363e000,2,2,1,184.66,-0.0156443607,-0.0145894243,0.0708887486,0.0750698923,0.0729807014,0.0697376258,0.0684507616,0.0769701601,0.0729807014,0.0718996725,0.0678472998,0.0740617413,0.0718996725,0.0611530505,0.0706435247,0.0677793409,0.0930523726,0.0875852824,0.0729807014,0.0892373791,0.0761502179,0.0814359000,0.1702733004,0.0870340879,0.0675755570,0.0698070154,0.0715104023,0.0671680818,0.0708186436,0.0773791918,0.0795048624,0.1635897563,0.0748145597,0.0754345251,0.0717227667,0.0697723680,0.0707486343,0.0731236751,0.0750333593,0.0642996089,0.0675755570,0.0675076908,0.0697376258,0.0719351310,0.0686223067,0.0706435247,0.0686565970,0.0729807014,0.0708186436,0.0709237532,-0.00846471,-0.00937032,0.04936058,0.05675774,0.04899462,0.05321564,0.06682804,0.06051764,0.04927968,0.14594721,0.59796469,0.05215885,0.06264921,0.49662507,0.07158706,0.06112500,0.08560910,0.80084067,0.05656524,1.06513904,1.04896401,1.19325703,1.51469199,1.13109718,0.03881552,0.04948030,0.06507902,0.05566732,0.05083806,0.98368450,0.91300214,1.05008923,0.03696189,0.05819426,0.05195624,0.05978592,0.05871741,0.05118100,0.05625922,0.05183241,0.04142596,0.04895211,0.04604675,0.05370545,0.03991568,0.05556413,0.03289546,0.05059912,0.04164056,0.05708049,50,0.0330746941,0.1121160161,0.0790413221,13.4366842208,0.1320359065,0.0622129486,-0.0768431867,1.2849686783,2.39459556,2.50361222,0.10901667,18.51095390,1.08122838,0.09299441,0.03578774,0.98841233
127,0x33b76b000,0x2778e3000,10,8,0,126.26,0.0165917332,-0.0256817093,0.0794751781,0.1290037650,0.0817215831,0.0778558332,0.0948980993,0.1071772955,0.0867335514,0.0805591452,0.0778175095,0.0923102089,0.0759983751,0.0818934883,0.1619426500,0.0805591452,0.0813283516,0.0812890606,0.0811317895,0.0759232626,0.0811710805,0.0805591452,0.0819728929,0.0776105705,0.0826078045,0.0784295415,0.0823300510,0.0843291639,0.0812497697,0.0768905682,0.0789732614,0.0761860026,0.0771558104,0.0801694884,0.0795137546,0.0819728929,0.0773074661,0.0781235777,0.0770422239,0.0793593431,0.0846522846,0.0820919456,0.0812890606,0.0779704913,0.0792435080,0.0767390160,0.0803253298,0.0759983751,0.0792435080,0.0857747153,0.62160706,-0.12853775,-0.06882937,0.85878978,-0.05786666,0.02682126,0.92057698,0.92365316,-0.04912755,-0.05474071,-0.05323484,0.58854992,-0.06878147,-0.04703301,0.03100123,-0.05451659,-0.05482006,-0.03735099,-0.05407720,-0.05402481,-0.07583827,-0.04001457,-0.05509099,-0.07354645,-0.05533835,-0.07194637,-0.06763721,-0.06616275,-0.05671876,-0.07142269,-0.07335073,-0.06448699,-0.07371530,-0.06998793,-0.06358835,-0.06285708,-0.06787820,-0.07177153,-0.06871436,-0.06425291,-0.05663296,-0.05799240,-0.05269958,-0.07058104,-0.05077319,-0.07824159,-0.06478801,-0.07094316,-0.05988585,-0.07359593,50,0.0259303618,0.1187721550,0.0928417932,11.9729013198,0.0535307271,0.0863786448,-0.0741470004,1.4425336594,2.37281489,2.41498556,0.04217068,5.42453811,0.63842579,0.13011154,-0.04288957,1.00762734
128,0x2237d4000,0x2251c6000,1,1,1,184.49,0.0001024229,-0.0108723160,0.0744374710,0.0799727325,0.0834989927,0.0867506607,0.0834281724,0.0874294623,0.0745350727,0.0819596603,0.0802473358,0.0799041520,0.0753525830,0.0846186011,0.0828972616,0.0841538632,0.0786539755,0.0818194504,0.0764303942,0.0779450590,0.0824151034,0.0831450844,0.0748278781,0.0810537614,0.0840824251,0.0820997746,0.0824151034,0.0779450590,0.0735509303,0.0829327201,0.0818194504,0.0786539755,0.0788916926,0.0830389022,0.0807763923,0.0764303942,0.0819596603,0.0767296348,0.0820997746,0.0818895553,0.0799041520,0.0833573521,0.0809150769,0.0832512666,0.0823449984,0.0822748935,0.0800756971,0.0840108895,0.0790954765,0.0820997746,-0.00627376,-0.01160152,0.05665458,0.04350576,0.06080474,0.07391464,0.04133470,0.05243527,0.05468141,0.05089287,0.03904776,0.04917895,0.04910406,0.05624470,0.05933412,0.06441200,0.05299315,0.05907798,0.03040301,0.05415610,0.04814554,0.04590711,0.04455689,0.04190692,0.05323765,0.04562110,0.05218300,0.04012624,0.04725822,0.05625698,0.04027560,0.06012733,0.06925278,0.03776511,0.05343448,0.04725465,0.06362327,0.04687482,0.06465588,0.04448505,0.04917541,0.04291671,0.05696347,0.05568087,0.05352263,0.05465798,0.03259833,0.04456286,0.04558064,0.03899338,50,0.0247357690,0.1064648828,0.0817291138,13.8794796608,0.0546461200,0.0708342096,-0.0579663545,1.2082931181,2.30385593,2.38790721,0.08405128,14.27705182,0.66314230,0.03084522,-0.03669669,1.03462869
129,0x3e1e50000,0x21cde5000,5,8,0,126.27,0.0011078416,0.0010506326,0.0960524942,0.0995679846,0.0947819797,0.0994885800,0.0928898779,0.0919957860,0.0950880479,0.0906931303,0.0993695273,0.1028132284,0.1002093105,0.0947437604,0.0980536438,0.0984075844,0.0990367762,0.0948967422,0.0974824302,0.0998060900,0.0920700816,0.0927022504,0.0981717314,0.0969758657,0.0989330730,0.0962454823,0.0998060900,0.0948585229,0.0996076327,0.0972487212,0.0981323331,0.1038539733,0.1001292998,0.0951262673,0.0973656289,0.0990917738,0.0974045626,0.0941593188,0.0947437604,0.0974824302,0.0925896329,0.0993298792,0.0930401029,0.0947437604,0.0958594006,0.1005296811,0.0984469827,0.0968200243,0.0971318135,0.0963227408,0.03373477,0.03870205,0.09440119,0.10278351,0.09165101,0.07486840,0.10186515,0.08979879,0.09503695,0.08519754,0.10110312,0.08933228,0.10736319,0.08879890,0.10409567,0.09747699,0.10336248,0.08899965,0.09290589,0.07821232,0.10766437,0.07944292,0.08964962,0.08782505,0.08208108,0.07303060,0.08332797,0.10674544,0.10051376,0.09503946,0.10218812,0.10033842,0.10003693,0.07855177,0.96638106,0.09972172,0.10436150,0.09747008,0.08310882,0.08112095,0.08716761,0.09306734,0.08661346,0.09788470,0.09100176,0.09612049,0.09936524,0.09042217,0.09856597,0.08785412,50,0.0248700204,0.1189299865,0.0940599661,12.1364709610,0.0444736591,0.0798003072,-0.0730702503,1.2993403400,2.30701006,2.39810462,0.09109456,11.76167045,0.49209108,0.05692576,-0.09100611,1.01149069
130,0x160974000,0x15b0d6000,2,2,1,184.67,0.0064800169,-0.0021249736,0.1438472975,0.0807763976,0.0798720241,0.0756533634,0.0827890463,0.0973476435,0.0844792277,0.0897779453,0.1580864357,0.0832537842,0.0733294096,0.0800107087,0.0768012786,0.0798373766,0.0802881724,0.0735245243,0.0829320201,0.0799414137,0.0767004592,0.0790669346,0.0781203826,0.0801147457,0.0802881724,0.0844792277,0.0799066716,0.0796639500,0.0789296798,0.0801147457,0.0766332156,0.0792042831,0.0743424815,0.0800107087,0.0788610992,0.0808114979,0.0832896008,0.0818542089,0.0773052840,0.0835398293,0.0736221261,0.0775429639,0.0795599129,0.0767340350,0.0845514787,0.0795599129,0.0823851197,0.0784835314,0.0743424815,0.0732317190,0.01960389,-0.01023360,1.02483461,0.06749245,0.07229212,0.07222653,0.06788008,0.89471067,0.06022223,1.00237764,0.16747558,0.07772355,0.05361213,0.05255547,0.06728657,0.05113224,0.05442477,0.06445794,0.05478182,0.05183077,0.04504933,0.04259138,0.03986250,0.04641069,0.03545172,0.07168115,0.06042160,0.05195841,0.07576660,0.05704058,0.06194229,0.04787247,0.04064227,0.05793086,0.04585401,0.04420423,0.04992191,0.06299988,0.04951196,0.04314188,0.03074050,0.08390263,0.04790836,0.06517352,0.05779706,0.06173872,0.05788517,0.07956448,0.03288214,0.04742215,50,0.0260630156,0.1060234678,0.0799604522,13.5756597656,0.0430056984,0.0670496956,-0.0709695154,1.4369250213,2.33781213,2.39592178,0.05810965,9.89068901,0.51981768,0.08164377,-0.07743978,1.01064921
131,0x7f7fd000,0x21c8d2000,9,1,0,128.95,0.0013700530,0.0067773356,0.1052207441,0.1008547453,0.1888341994,0.1004104268,0.1043466740,0.0998938750,0.0942537873,0.1017320312,0.1000941203,0.1770157165,0.0961020614,0.1793710584,0.0986529951,0.1008547453,0.1040978430,0.1011779763,0.1026468185,0.1010163056,0.1039319934,0.1020580113,0.1005316246,0.0952179808,0.1017320312,0.0990931124,0.1054716059,0.0990101532,0.1009355806,0.1006528224,0.1036746391,0.1047187921,0.1050952561,0.0990101532,0.0956039571,0.1031401903,0.0942537873,0.0954495455,0.0984942943,0.1052625354,0.1454522332,0.2240920152,0.1181512295,0.1063442464,0.1031812672,0.1149081318,0.1062598343,0.1006931849,0.0999739949,0.1039734275,0.00872146,0.00163593,0.08837425,0.07019630,0.30381394,0.07928849,0.06448949,0.06576641,0.06641193,0.07388753,0.08183511,0.15604514,0.05959693,0.21416043,0.06652507,0.06438283,0.09293555,0.08789590,0.09007894,0.07738702,0.09027690,0.07624949,0.08808408,0.92178278,0.08886813,0.05013871,0.08494956,0.07076519,0.07040877,0.07550425,0.07285600,0.06315432,0.07928265,0.06540573,0.07170904,0.06413320,0.04861959,0.06922399,0.07592172,0.07468761,1.08415752,1.22311831,0.90694430,1.25262077,1.13200080,1.20105254,0.09150946,0.08616428,0.07415460,0.07135168,50,0.0290287536,0.1248872151,0.0958584615,12.5886328684,0.0756091275,0.0774654282,-0.0678034955,1.6338674405,2.32719348,2.43897018,0.11177670,14.72352766,0.71663504,0.05827977,-0.01089361,1.00075508
132,0x12c72000,0x3559d3000,0,10,0,128.88,0.0026957792,0.0049908192,0.1019174828,0.1044011660,0.1081797303,0.1029963344,0.1043196154,0.1062329997,0.1998113797,0.1027134659,0.1475607705,0.1038713650,0.1103768310,0.1083907029,0.1149083251,0.1131423409,0.1048662730,0.1087281208,0.1156300880,0.1061084710,0.1287424738,0.1030366969,0.1027943012,0.1000742113,0.1793338679,0.1236366254,0.1288895465,0.1128807584,0.1407572457,0.1020776134,0.1055651417,0.1054829879,0.1086437087,0.1048662730,0.1014733239,0.0987976187,0.1040751860,0.0997202707,0.1032386197,0.1006797115,0.1007987642,0.1017572428,0.1040751860,0.1007193596,0.1027943012,0.1029154990,0.1007193596,0.1029154990,0.1046457067,0.1031174219,-0.00186869,0.00475124,0.09720989,0.08079264,0.10038696,0.08650613,0.10441158,0.09721040,0.89528955,0.07753530,0.79948602,0.93545749,1.01899674,1.04199508,1.05598917,1.05088893,1.08420273,1.05892119,0.89144218,0.23680916,0.26616812,0.08701020,0.16990326,0.08269986,0.75007038,0.90785731,0.99815447,1.24987786,0.87777468,0.08826217,0.10456034,0.09988997,1.02658458,0.09387353,0.08750006,0.07905346,0.07992236,0.08000647,0.08855925,0.08168588,0.08941346,0.08279988,0.08659845,0.09127544,0.06899733,0.06964121,0.07593502,0.08101737,0.09285197,0.08220518,50,0.0400339552,0.1272894404,0.0872554852,11.4988089881,0.1139737474,0.0722752568,-0.0521990324,1.6285424637,2.65998714,2.56333197,-0.09665517,-12.67951595,1.09097000,-0.03939760,0.05382546,1.04778368
133,0x15367d000,0x2fe30c000,11,7,0,128.93,0.0016549748,-0.0049363101,0.1008094289,0.1038004799,0.1007293090,0.1054166397,0.1054166397,0.1022521209,0.1008894396,0.1013299355,0.1066238386,0.1038826337,0.1056654706,0.1064146539,0.0999284585,0.1020098355,0.1016462420,0.0992538988,0.1001269158,0.1012098102,0.1031715562,0.1033753772,0.0999284585,0.1018482752,0.1050019591,0.0968011958,0.1020905606,0.1074956496,0.1012098102,0.1050433932,0.0979613488,0.1032531069,0.0915748983,0.1055824892,0.1066238386,0.1063310714,0.1054166397,0.0994920042,0.1032123872,0.0952600776,0.1010896849,0.1040882428,0.1053752056,0.1005691783,0.1030901168,0.1008894396,0.0955661458,0.1027640255,0.1053336583,0.1052507901,0.01669900,-0.00755883,0.08834833,0.08350164,0.08280661,0.08426536,0.09271006,0.07686703,0.08152071,0.09056334,0.08475197,0.10067770,0.08337477,0.09306862,0.06523910,0.09422995,0.06574286,0.07818659,0.07797153,0.08692383,0.07918358,0.09480344,0.07767879,0.08125844,0.07646810,0.07725644,0.07883356,0.08918028,0.08674727,0.06884240,0.07025752,0.07983963,0.07510138,0.07612104,0.07145681,0.10356582,0.08441293,0.06424531,0.09181405,0.08343443,0.06467956,0.07759016,0.09013549,0.06585206,0.07980218,0.08079748,0.05553889,0.07139004,0.07996840,0.06829453,50,0.0324868674,0.1244088042,0.0919219368,12.0799302950,0.0585855445,0.0814767915,-0.0716359031,1.3300862088,2.29339999,2.41632642,0.12292643,16.21865651,0.73237806,0.06441798,-0.04060213,0.98929649
134,0x286550000,0x1a2d9b000,7,13,0,128.69,-0.0151453289,-0.0183226398,0.0821716912,0.0818914352,0.0866215195,0.0860824234,0.0874530830,0.0840491384,0.0785377558,0.0767263768,0.0862069521,0.0839675877,0.0791222941,0.0828086162,0.0800481637,0.0881536828,0.0882379797,0.0778073724,0.0853746742,0.0861239707,0.0832530450,0.0831318471,0.0806140158,0.0821315765,0.0842935678,0.0846196592,0.0827722084,0.0852925204,0.0812885755,0.0877458503,0.0832530450,0.0838860371,0.0796942232,0.0817712006,0.0842935678,0.0830106493,0.0820515659,0.0840898581,0.0838453174,0.0840083074,0.0810504701,0.0809711739,0.0810504701,0.0831318471,0.0811298747,0.0816911899,0.0832125722,0.0840491384,0.0790443202,0.0838453174,-0.01719675,-0.01130576,0.07644254,0.06797280,0.08964395,0.06082208,0.06812088,0.07259530,0.06045784,0.05578886,0.05551024,0.06279349,0.06138560,0.05532003,0.06370426,0.07074030,0.06004371,0.05324133,0.05540581,0.08226759,0.06406303,0.04960427,0.07432997,0.03890307,0.05685553,0.06683740,0.05354214,0.09863324,0.04497944,0.08839791,0.06046741,0.06907596,0.04838838,0.05601932,0.05548650,0.06344737,0.07200348,0.06644863,0.04611335,0.07397750,0.04692297,0.05054167,0.06532946,0.05642947,0.06061284,0.05060291,0.06403880,0.06922675,0.06330044,0.06606903,50,0.0270706730,0.1238125626,0.0967418895,12.7132769244,0.0475747746,0.0685533034,-0.0817195272,1.6296261760,2.36452419,2.43840539,0.07388120,9.70260541,0.54875585,0.06701969,-0.07209337,1.00818676
135,0x29a2ae000,0xa30e000,7,0,0,129.18,0.0002863549,-0.0072629809,0.1019424040,0.0941415040,0.1006969885,0.1038513894,0.1018595358,0.1021498009,0.1019009699,0.0994543219,0.1030233997,0.0994134909,0.0967356615,0.0987801416,0.1026888411,0.0976984306,0.1020253854,0.0999432920,0.0986993063,0.1017351203,0.0961007499,0.0964579080,0.1440471989,0.1021498009,0.0962992072,0.1032325844,0.0972980493,0.0983357128,0.1006148347,0.0994950416,0.1114036822,0.0976183106,0.0971779240,0.0952596465,0.1016107049,0.1021082536,0.1007792545,0.1623571698,0.0998211329,0.0954956069,0.0994134909,0.0945700945,0.1008614084,0.0997395822,0.0940635301,0.0951022681,0.0947648697,0.0964181515,0.0932169534,0.0993320515,0.00042699,-0.01379576,0.07433522,0.06941607,0.07870916,0.07523987,0.08452099,0.05662269,0.08461346,0.06052294,0.38155756,0.08876878,0.07982313,0.07438612,0.08041278,0.06143110,0.09429694,0.07757516,0.08934246,0.06334210,0.07277469,0.05988643,0.75804354,1.01969840,0.08948250,0.08799414,0.05575303,0.06825039,0.07490713,0.67756493,0.40893877,0.06325782,0.08207692,0.05890722,0.07703529,0.07548459,0.08724994,0.30578936,0.09486235,0.06820964,0.09019170,0.06868565,0.07401003,0.07644681,0.07004083,0.10446702,0.06582457,0.08371073,0.05189044,0.06540858,50,0.0263907516,0.1224134668,0.0960227152,12.6950183033,0.0267663143,0.0767758347,-0.0794527951,1.4183471362,2.29907716,2.36275934,0.06368218,8.41783422,0.49277965,0.04667549,-0.02269047,0.98268016
136,0x286701000,0x2f221f000,14,14,1,184.40,-0.0014383239,-0.0088975765,0.0821033755,0.0781928487,0.0773902614,0.0796903730,0.0814955663,0.0793750441,0.0764462118,0.0762763610,0.0784009228,0.1315446809,0.0771157518,0.0788517186,0.1537089081,0.0859927311,0.0882656636,0.1758668317,0.0819603042,0.1250584855,0.0763782529,0.0782621436,0.0858811862,0.1472420186,0.0821033755,0.0761065101,0.0861414238,0.0997765550,0.0821033755,0.0836877217,0.0821033755,0.0807009397,0.0828983704,0.0756000395,0.0823929088,0.0947897212,0.1733742587,0.1435482763,0.0921950968,0.0762763610,0.0766159700,0.0785049599,0.1069448523,0.0762084948,0.1574893518,0.0820318398,0.0818173304,0.0860298789,0.0764121860,0.0797253776,0.02234529,-0.00632782,0.06685067,0.05437202,0.06835079,0.07374506,0.08987554,0.05076903,0.06374956,0.06673072,0.07621968,0.13235180,0.06954076,0.07280066,1.14251038,1.29335325,1.04311411,0.77793718,0.09154193,1.10395040,1.36622145,0.07335596,0.75543091,1.08788464,0.06549838,0.08274108,0.22823179,1.05044768,0.08757878,0.08366941,0.07326105,0.07954841,0.24557394,0.07091640,0.66363794,1.01568804,1.09297687,1.11206698,1.09752580,0.07057857,0.08533941,0.08780384,0.11788531,0.08567147,0.88339860,0.22291224,0.07913013,1.01110374,0.93768506,0.70440170,50,0.0265246105,0.1071411236,0.0806165131,13.7220217090,0.0468805494,0.0846348277,-0.0511170481,0.9933593472,2.36738807,2.41441492,0.04702685,8.02183831,0.79117611,0.11836353,0.02183679,1.01096333
137,0x8f31000,0x1db7000,9,9,1,184.64,-0.0304813420,0.0612553100,0.0593026715,0.0620852984,0.0588518758,0.0611844897,0.0548731699,0.0592333766,0.0537588315,0.0558873134,0.0590946920,0.0625500363,0.0595801353,0.0608055575,0.0570019182,0.0587131912,0.0597545570,0.0594414507,0.0615737598,0.0605253290,0.0597895617,0.0594414507,0.0588518758,0.0646785201,0.1217529771,0.0744173997,0.0649337531,0.0676621398,0.0594067086,0.0647149535,0.0608659432,0.0616092183,0.0546071479,0.0591639870,0.0590946920,0.0628360814,0.0558537375,0.0554840357,0.0559545569,0.0548066417,0.0605253290,0.0581173421,0.0564585623,0.0613260337,0.0603151097,0.0633436990,0.0610074872,0.0554840357,0.0571377432,0.0548398604,-0.05556705,0.04961602,0.03308398,0.01892910,0.02178331,0.03633477,-0.00257504,0.03808496,-0.00064897,0.28149941,0.00267373,0.02171990,0.01576605,0.00664062,0.04919268,0.00159938,0.04229784,0.03651886,0.03755717,0.43920616,-0.00175916,0.01607703,0.01493502,0.03007663,1.05256409,1.01196901,1.12904473,1.13470469,0.04801109,0.02662355,0.01655309,0.03336017,0.01635688,0.02641752,0.02438214,0.03637562,0.02135783,0.02423929,0.00420415,0.00879283,0.01728358,0.02167167,0.02196422,0.02233525,-0.00421056,0.29205407,0.03095761,0.00672353,0.01306018,0.00851100,50,0.0337447482,0.1074136166,0.0736688684,12.5123181763,0.0787438855,0.0485800508,-0.0765112899,1.7688676865,2.34847144,2.41844667,0.06997523,11.84657749,0.82521962,0.05920131,-0.04316486,1.00037146
138,0xd7e19000,0xa4f91000,15,15,1,184.64,-0.0166491918,-0.0055772327,0.0685962960,0.0699582688,0.0658350758,0.0649860069,0.0698874485,0.0666100826,0.0729847019,0.0623202463,0.0720134411,0.0707182489,0.0728753021,0.0645831235,0.0668503020,0.0685261911,0.0643143329,0.0644487282,0.0650199771,0.0689465339,0.0695689020,0.0623202463,0.0698874485,0.0674132906,0.0684560861,0.0793464174,0.0872251550,0.0784592297,0.0722661718,0.0969131483,0.0730941017,0.0677254018,0.0688064196,0.0654275079,0.0644151523,0.0666787569,0.0728023357,0.0689115292,0.0612067131,0.0677254018,0.0720495173,0.0664728278,0.0730211353,0.0644487282,0.0666100826,0.0686313007,0.0676561069,0.0710400130,0.0631020346,0.0678294389,-0.00834362,0.00853219,0.04395655,0.04642421,0.03555262,0.04625158,0.04525395,0.05823506,0.04799830,0.02835835,0.06576526,0.04898156,0.06234349,0.03882730,0.05237864,0.04387542,0.06131934,0.05260779,0.02654332,0.04528376,0.04196487,0.03487148,0.04170658,0.04135596,0.04725732,0.88901763,1.04014305,1.00187773,1.23385124,1.25570305,0.08954714,0.05440081,0.07951912,0.03290571,0.04090743,0.05317100,0.06659307,0.04696715,0.05287940,0.03718273,0.06587187,0.04717543,0.06209244,0.04769575,0.05757096,0.04848387,0.05655784,0.05285131,0.05040062,0.03766486,50,0.0321425914,0.1108979405,0.0787553490,13.3846415703,0.1350204584,0.0736927724,-0.0534594162,1.1872370571,2.38668209,2.51361187,0.12692978,21.60808256,1.07311945,0.00175596,-0.13378708,1.02878203
139,0x33a8e9000,0x33bb0f000,10,10,1,184.63,-0.0163652662,-0.0141317109,0.0698324491,0.0657929470,0.0736858482,0.0715180696,0.0682664127,0.0655212042,0.0714465339,0.0700802719,0.0648802465,0.0688948478,0.0669423040,0.0690349621,0.0721325847,0.0690349621,0.0634321099,0.0679889489,0.0685437818,0.0733940822,0.0735034820,0.0660986229,0.0676768377,0.0625509319,0.0702925396,0.0671825234,0.0676768377,0.0655212042,0.0682664127,0.0702571778,0.0657590139,0.0678502644,0.0627811421,0.0699740898,0.0633655817,0.0711605864,0.0670451749,0.0713035602,0.0639308443,0.0664961556,0.0701509956,0.0668393395,0.0709102604,0.0710533317,0.0733576488,0.0680236911,0.0667363750,0.0722769882,0.0687897382,0.0659627052,-0.00527052,0.00451399,0.05526762,0.06593384,0.05731830,0.06634095,0.05873050,0.06234900,0.06433212,0.06690642,0.06194796,0.05718569,0.05057237,0.04898614,0.06197222,0.05962635,0.05566400,0.05227737,0.07095233,0.11449265,0.05353316,0.04149712,0.04941160,0.04413549,0.06078963,0.04909513,0.05736152,0.03866617,0.05657628,0.05249437,0.05017249,0.04946601,0.05012652,0.04605272,0.05504274,0.05309001,0.05361365,0.05990534,0.03994747,0.04513677,0.05462400,0.05447542,0.06440217,0.07670480,0.05300430,0.06713638,0.04217950,0.05810620,0.03333453,0.05422855,50,0.0269029340,0.1064960376,0.0795931035,13.5173420458,0.0765729321,0.0591243665,-0.0752139404,1.4283074299,2.32651849,2.39743436,0.07091586,12.10270100,0.66316159,0.03386699,-0.04097552,1.01076398
140,0x1a2ed7000,0x16b2e4000,13,2,0,126.27,-0.0027413557,0.0005410463,0.0996499945,0.0979215982,0.0988074614,0.1011689851,0.1000864488,0.0996499945,0.1000071526,0.0930288009,0.0992399839,0.0999277480,0.0951063852,0.0977268230,0.0978437306,0.0998484518,0.0935542809,0.0912427707,0.0965302387,0.0961827336,0.1009288438,0.0965688153,0.1010889744,0.0965688153,0.0967619088,0.0932915409,0.0979215982,0.0925836467,0.0955272159,0.0988467524,0.0977657567,0.0977268230,0.0959861616,0.0964530856,0.0932915409,0.0914268243,0.1010489691,0.0963371452,0.0924721018,0.0957949604,0.1005684678,0.1008487238,0.0943332446,0.0963371452,0.0977657567,0.0968390619,0.0913532431,0.1032931161,0.1024938061,0.0987681705,0.00593501,0.00773604,0.08041345,0.07069254,0.08739044,0.06611609,0.10708227,0.07166394,0.09301949,0.05904577,0.08514930,0.07340044,0.07332402,0.06789905,0.07472604,0.07669948,0.07076804,0.06870269,0.08441829,0.05984457,0.08205583,0.06124831,0.07848783,0.05636038,0.06531641,0.05304468,0.06834546,0.06885281,0.08629360,0.06332702,0.06373229,0.07817740,0.06979968,0.06940735,0.05640347,0.06610866,0.06529301,0.06444455,0.04696828,0.07379084,0.06319251,0.07270993,0.06166643,0.07729373,0.06394168,0.06330377,0.06861120,0.06854681,0.08987098,0.06958549,50,0.0233274989,0.1176572208,0.0943297219,12.1648576000,0.0420660135,0.0912336842,-0.0678826304,1.2598911489,2.26899807,2.36089164,0.09189357,11.90114954,0.47867361,0.06223451,-0.05087251,1.01900935
141,0x7d695000,0x23f3b000,9,9,1,184.21,-0.0002127964,-0.0014150104,0.0828427448,0.0818996851,0.0839930575,0.0923760685,0.0810217137,0.0889006055,0.0862980890,0.0873084063,0.0829120397,0.0827387077,0.0882077732,0.0828773923,0.0829467819,0.0831895035,0.0804442950,0.0872361552,0.0909997852,0.0817624303,0.0889006055,0.0816594658,0.0904792086,0.0892141594,0.0821056142,0.0862980890,0.0808857960,0.0879889736,0.1014117678,0.0875250608,0.0807160378,0.0873084063,0.0839930575,0.0893982130,0.0860478606,0.0825999285,0.0929445185,0.0861909319,0.0846139959,0.1513600630,0.0952220026,0.0880619400,0.0851095449,0.0882807396,0.0861551153,0.0853572710,0.0856903774,0.0883537060,0.0837478336,0.0884630063,0.01089325,0.00384710,0.07788614,0.07574314,0.08143495,0.09233515,0.07275117,0.08245007,0.08004149,0.10057264,0.07935036,0.06683919,0.06453033,0.07765211,0.08468527,0.08327865,0.10410198,0.07349595,0.26960664,0.07477491,0.22574271,0.08541819,0.20919882,0.11780967,0.12407054,0.36718229,0.08818842,0.08310919,0.92382146,0.11851896,0.08474887,0.08635443,0.10257304,0.09386486,0.08400816,0.07406196,0.09607689,0.64110471,0.08007583,0.15535154,1.02521074,0.09497975,0.08105189,0.08030934,0.07595154,0.08856015,0.07930747,0.07263232,0.07660793,0.07481695,50,0.0328620449,0.1083430471,0.0754810022,12.8158793829,0.0717923228,0.0572921350,-0.0650000645,1.5976260309,2.34275755,2.42810566,0.08534811,14.55793970,0.66533698,0.07006333,-0.10258985,1.00139501
142,0x162ecc000,0x33be70000,2,3,0,128.91,-0.0010647689,-0.0032797279,0.1044820281,0.1017831426,0.0984557450,0.1025753029,0.0998605767,0.0974532194,0.1001708053,0.1047774128,0.0974532194,0.1024094533,0.1024510006,0.0980152491,0.1028241338,0.0972945186,0.1001708053,0.1026997184,0.1005376163,0.1025338688,0.1006598866,0.1003339066,0.0992143353,0.0969771170,0.0982956143,0.1012898830,0.0990123021,0.0984557450,0.1015365689,0.1024924347,0.1004561769,0.0990930272,0.0972152223,0.1022436037,0.1015365689,0.1005376163,0.1000893659,0.0979752437,0.1060704492,0.0993758956,0.0970565215,0.1036552260,0.1049461217,0.0981354837,0.0948988183,0.1022436037,0.1016187227,0.1000893659,0.0990162569,0.1002931869,-0.00473456,-0.01815043,0.07261776,0.07405880,0.07910577,0.07070320,0.08975923,0.07667205,0.09072931,0.09340349,0.07045492,0.06585773,0.07300194,0.07129977,0.93129361,0.06930180,0.07732360,0.08099391,0.09045731,0.07212442,0.08948728,0.07311931,0.06863414,0.07346758,0.07055783,0.07383570,0.06826669,0.07670878,0.09625474,0.06787770,0.06717694,0.08001628,0.08506682,0.07391920,0.07620819,0.07902482,0.05929670,0.07311443,0.07935062,0.08446262,0.06245043,0.07610847,0.09190950,0.07150816,0.07127720,0.08520431,0.08449274,0.06745706,0.06211810,0.06540871,50,0.0324922099,0.1232411287,0.0907489188,11.9067940577,0.0412933958,0.0756140093,-0.0849360373,2.0025233715,2.35026761,2.36915979,0.01889219,2.48972573,0.70508922,0.02893455,-0.09833302,1.00974193
143,0x19e562000,0x3525d5000,4,10,0,128.85,-0.0030099282,-0.0019428307,0.1020310741,0.0993057115,0.0995859675,0.1019089151,0.1008275613,0.1062344411,0.1017866447,0.1031136104,0.0994659515,0.1017866447,0.0960344046,0.0981885321,0.1015828237,0.1041131676,0.1040301862,0.2031130955,0.1256507637,0.1962765757,0.1133572740,0.1073159057,0.1054458545,0.1031547995,0.0998262181,0.1040717335,0.1058124959,0.1029491905,0.1011752930,0.1019496348,0.0985456902,0.1016643744,0.1051111818,0.0996260821,0.1032781425,0.1006658906,0.1031958765,0.1008679238,0.1018680841,0.1051111818,0.1003831325,0.1029491905,0.1040301862,0.1042790171,0.1855170095,0.1008679238,0.1082255739,0.1016643744,0.0997060928,0.1003427699,-0.00292606,-0.05142450,0.09669415,0.08941294,0.10333067,0.08876733,0.09040021,0.09172640,0.08837973,0.11006608,0.10108733,0.09381231,0.11045858,0.09904011,0.12207559,0.10011746,0.13739886,0.21785173,1.04938514,1.16211951,1.26732583,1.32896937,0.11542261,0.12009660,0.11053917,0.11217742,0.10791315,0.10564993,0.08979170,0.10929182,0.10005750,0.10895951,0.09787116,0.11067915,0.09723517,0.08460035,0.08033364,0.11234526,0.08690496,0.10931350,0.09545432,0.09063903,0.10208842,0.10913808,0.21026561,0.09217697,0.12309088,0.10798751,0.10360182,0.08295761,50,0.0354639994,0.1273162933,0.0918522939,12.0804043998,0.0974677155,0.0557811909,-0.0764895350,2.1444119199,2.44053990,2.51635135,0.07581146,10.00519213,0.86295719,0.00747300,-0.06969820,1.06019109
144,0x8f811000,0x11b50d000,15,11,0,126.25,0.1190877548,-0.0252335706,0.0691026057,0.0566708813,0.0538120766,0.0525791706,0.0534331444,0.0564370660,0.0554757269,0.0588292989,0.0523539356,0.0582613017,0.0564759997,0.0535468344,0.0501217257,0.0522037106,0.0575141297,0.0570605381,0.0567487488,0.0564759997,0.0570994718,0.0590674042,0.0609474645,0.0511630714,0.0625152862,0.0515720016,0.0579860504,0.0569436304,0.0606645960,0.0546271157,0.0538120766,0.0990257052,0.0759154916,0.0689285094,0.0698379366,0.0533194544,0.0596625594,0.0525040581,0.0554370450,0.0570214979,0.0559776436,0.0567098151,0.0557845501,0.0575141297,0.0554370450,0.0608261564,0.0521287006,0.0554757269,0.0567098151,0.0568656565,0.60366404,0.55234396,0.65851658,-0.46242712,-0.48007879,-0.48418559,-0.48473261,-0.48088559,-0.47869766,-0.48457791,-0.50845158,-0.49463965,-0.48239810,-0.49767136,-0.51394328,-0.50960954,-0.50461501,-0.48152831,-0.50265310,-0.48940195,-0.49609321,-0.50404485,-0.49102803,-0.51315212,-0.48327745,-0.47963531,-0.50344557,0.13256683,-0.48967788,0.19119297,-0.48325317,0.40981005,0.38313915,0.60307209,0.63030700,-0.44114477,-0.47712867,-0.49377758,-0.47982912,-0.49934191,-0.48305090,-0.49326378,-0.46895700,-0.48593383,-0.47594311,-0.50137814,-0.50301267,-0.49815818,-0.48412622,-0.49425402,50,0.0305820695,0.1222602170,0.0916781475,11.8183615604,0.1117211180,0.0749057893,-0.0787277991,2.1008602886,2.43708673,2.50699091,0.06990418,8.98802374,1.06472518,0.03620788,-0.03837207,1.10993260
145,0x2a4aed000,0x20e730000,14,1,0,126.18,0.0061030305,0.0029768515,0.0886487838,0.0936395891,0.0945622411,0.0930614720,0.0966392185,0.0919386823,0.0937564967,0.0871230383,0.0950734527,0.0949947635,0.0871598290,0.0932931421,0.0935617216,0.0954820337,0.0948768907,0.0923278852,0.0967193385,0.0944835519,0.0888694184,0.0935617216,0.0923278852,0.0871598290,0.0978383047,0.0870125660,0.0915943947,0.0966793331,0.0978786672,0.0939513783,0.0961169453,0.0908166069,0.0928684839,0.0886115345,0.0917473766,0.0901723290,0.0903239846,0.0895075159,0.0872335107,0.0981210629,0.0926753903,0.0937564967,0.0913649741,0.0914031934,0.0946016394,0.0987947747,0.0921734736,0.0917857004,0.0970797144,0.0892822809,0.00583745,-0.01314172,0.03951223,0.07312223,0.05747476,0.04648622,0.06809066,0.08191047,0.06541129,0.06437449,0.06977609,0.07591969,0.05358456,0.07253171,0.05420931,0.06421439,0.06369569,0.06112373,0.07850592,0.06172367,0.05762253,0.05904064,0.06287289,0.05143623,0.07803394,0.06436337,0.05505355,0.05979689,0.06709397,0.04487349,0.06136249,0.05553406,0.06246721,0.04827795,0.05650414,0.06676569,0.04431053,0.05745361,0.03905663,0.06832272,0.04740705,0.07725990,0.05775466,0.06141905,0.07187189,0.07717756,0.06931403,0.06605324,0.06480642,0.06504539,50,0.0296446650,0.1192761553,0.0896314903,11.5586742346,0.0524613824,0.0536167219,-0.0746494607,1.8235931784,2.29769143,2.41163350,0.11394207,14.77201978,0.59495516,0.07425832,-0.01916680,0.98213450
146,0x28e875000,0x9b982000,14,6,0,128.90,-0.0021476679,0.0021056595,0.0991488296,0.1013866528,0.1001864931,0.1058708786,0.1039590338,0.1034199378,0.1044141334,0.0987054944,0.1016310822,0.1004693615,0.1025066918,0.1013866528,0.1037103161,0.1012235515,0.1028355316,0.1018756229,0.1026711117,0.0987054944,0.0979515302,0.0949518986,0.0969924466,0.1017940722,0.1005500865,0.1004288887,0.1014273725,0.1023010828,0.1035444665,0.0983879845,0.1015496428,0.1005905593,0.1029177976,0.1059551755,0.1041249966,0.0980308264,0.0994690909,0.0940638911,0.1005500865,0.1005500865,0.0985864417,0.1013866528,0.1027944547,0.1026300348,0.1027121886,0.0984277409,0.0983879845,0.1001057680,0.1017126328,0.0949133221,-0.02077313,0.02979349,0.08290583,0.10034979,0.09487773,0.10166573,0.10906397,0.09667853,0.09062486,0.06755579,0.09608403,0.06040989,0.09677078,0.09161691,0.09831885,0.07243573,0.08676951,0.07898692,0.09735784,0.07640417,0.09209359,0.07006882,0.09048127,0.09048521,0.08275363,0.07650784,0.08442706,0.09707863,0.06940899,0.08208358,0.07703875,0.06381691,0.10731975,0.09165834,0.08524153,0.07194451,0.09761905,0.07656438,0.07756622,0.07350187,0.07868794,0.07723119,0.07049806,0.08514389,0.08646100,0.07839414,0.06808213,0.08723613,0.07815342,0.06847301,50,0.0273932651,0.1235998213,0.0962065562,12.6385249557,0.0418457593,0.0704542420,-0.0918399976,1.6236925254,2.29970995,2.40638700,0.10667705,14.02819499,0.60393231,0.05182952,-0.04112015,0.98690030
147,0x3549f0000,0x3458a2000,3,3,1,184.62,-0.0014036582,-0.0057277737,0.0839268995,0.0785924788,0.0817315394,0.0774782312,0.0773784843,0.0787268741,0.0861958668,0.0785924788,0.0785253270,0.0856506446,0.0773452656,0.0788613612,0.0855076709,0.0786261464,0.0787268741,0.0826363658,0.0828815896,0.0799452505,0.0805830025,0.0827414754,0.0782900205,0.0817662816,0.0804456540,0.0810291509,0.0782900205,0.0831969185,0.0807545476,0.0798093327,0.0795037495,0.0804456540,0.0829165943,0.0784916594,0.0764962338,0.0782900205,0.0828815896,0.0850429330,0.0806515831,0.0793678317,0.0818703186,0.0780434030,0.0756096932,0.0776444155,0.0808232219,0.0796395746,0.0796056415,0.0810291509,0.0837145352,0.0804456540,-0.00335422,0.00198935,0.04936141,0.07396413,0.06978656,0.05587982,0.04255065,0.36483346,0.05426017,0.05781498,0.04719259,0.06908972,0.03315464,0.06040704,0.04106521,0.05560264,0.03868156,0.05401699,0.05439165,0.05864281,0.04619403,0.06151502,0.05531764,0.06478259,0.05011398,0.06538856,0.04483448,0.04986364,0.04946993,0.03458046,0.03638074,0.03732738,0.06156041,0.03812288,0.03260426,0.04523761,0.06557657,0.03978796,0.05594151,0.05571037,0.05966626,0.04213609,0.03799412,0.05361209,0.05344195,0.05337729,0.04704204,0.04219822,0.05882333,0.03860733,50,0.0235921630,0.1047586310,0.0811664681,13.7680382957,0.0540354938,0.0697470216,-0.0498998193,1.1922804641,2.25748214,2.37719439,0.11971225,20.40830346,0.47422440,0.04402128,-0.08228381,1.00289563
148,0x19fb26000,0x1dc9b2000,4,4,1,184.60,-0.0151765957,-0.0130152523,0.0690818628,0.0723928156,0.0748409185,0.0690818628,0.0692516210,0.0691837548,0.0699562593,0.0735800267,0.0755998371,0.0679678807,0.0706426271,0.0677662418,0.0708610021,0.0712077608,0.0757803168,0.0711384658,0.0742331093,0.0715892616,0.0744834353,0.0698532948,0.0766804977,0.0734738445,0.0671539463,0.0757803168,0.0723578110,0.0766804977,0.0699218754,0.0680015483,0.0745548734,0.0724629206,0.0689799709,0.0702307690,0.0709996866,0.0734738445,0.0691157959,0.0735446648,0.0722877060,0.0721125871,0.0700592239,0.0701964787,0.0711731133,0.0714158349,0.0691157959,0.0757803168,0.0709996866,0.0681695195,0.0723928156,0.0691497290,-0.48931649,-0.53050951,-0.46449365,-0.46349253,-0.46155164,-0.45064657,-0.48574251,-0.47446450,-0.47646351,-0.46777688,-0.46010229,-0.48110382,-0.46218745,-0.48310972,-0.47816200,-0.47667350,-0.45359048,-0.47038151,-0.45936417,-0.45409699,-0.46487455,-0.47789910,-0.47192106,-0.46479052,-0.48102851,-0.46262140,-0.48251445,-0.47119348,-0.48882785,-0.45721035,-0.46926167,-0.47326051,-0.47006034,-0.46847427,-0.47517542,-0.47605014,-0.46631584,-0.46377131,-0.47652622,-0.47233902,-0.48026156,-0.48041891,-0.47829700,-0.48054532,-0.47717728,-0.45658003,-0.46299407,-0.48034045,-0.46762075,-0.46688232,50,0.0240997234,0.1068166615,0.0827169380,14.0662553208,0.0695062000,0.0751253231,-0.0665670523,1.1326305260,2.40350197,2.40582275,0.00232077,0.35389468,0.69019678,0.04837467,-0.03282731,0.99518522
149,0x1a5e21000,0x33b667000,13,10,0,128.90,-0.0076023249,-0.0075719305,0.0975167011,0.0952288637,0.0983539822,0.0996845241,0.0973535998,0.0956249330,0.0961500869,0.0973128801,0.0982717161,0.2269140750,0.0961904494,0.0927879345,0.0950286184,0.0988965971,0.1918881054,0.1109262061,0.0996845241,0.1129910224,0.0947884771,0.0968237987,0.0971906097,0.0976961904,0.1015569667,0.0949486077,0.0961500869,0.0991868622,0.0920973099,0.0978426811,0.0946282371,0.0960288890,0.0975167011,0.0917076532,0.0981895623,0.0996015427,0.0994771273,0.0960288890,0.0917855207,0.0979428764,0.1002246369,0.1053592004,0.0962711744,0.1402259179,0.1048443589,0.0967559657,0.1006009867,0.1138829347,0.1037197851,0.1091267757,-0.59683491,-0.66238747,-0.51924455,-0.53682158,-0.54095838,-0.53881081,-0.53559158,-0.53048640,-0.54061769,-0.54352012,-0.51501520,0.41959619,-0.53156681,-0.53943706,-0.54116438,-0.51665826,0.31881774,0.31775314,0.60719518,0.57762781,-0.51933980,-0.52858997,-0.53203415,-0.54069253,-0.52703988,-0.53695752,-0.54479503,-0.51587368,-0.54036705,-0.53490791,-0.53835390,-0.54515067,-0.52166095,-0.53596619,-0.53187359,-0.53580921,-0.52614597,-0.53443265,-0.53918875,-0.53749799,-0.53117304,-0.52602031,-0.51301886,-0.44911094,-0.49890329,-0.53131148,-0.52344416,0.42216546,0.46222668,0.58311605,50,0.0322531830,0.1273481526,0.0950949695,12.5068249991,0.0972942481,0.0725739373,-0.0903218752,1.8034725377,2.39974565,2.47783308,0.07808743,10.22212106,0.90019047,0.05979307,-0.03795434,0.99160409
150,0xa4f0d000,0x8b17d000,15,15,1,184.61,0.0017129738,0.0016246736,0.0827086261,0.0867875177,0.0877952240,0.0924378970,0.0893020540,0.0862291875,0.0859864659,0.0879722264,0.0871028465,0.0859170763,0.0848706949,0.0848706949,0.0891233612,0.0891947993,0.0899508575,0.0903841665,0.0890518256,0.0913933900,0.0897667919,0.0857437443,0.0868926273,0.0883969551,0.0861944454,0.0825406548,0.0804478940,0.0859517238,0.0891233612,0.0845961853,0.0843330479,0.0862291875,0.0880784086,0.0882553144,0.0868576226,0.0881845908,0.0914662569,0.0913204237,0.0848364046,0.0839595058,0.0805795196,0.0834839790,0.0916486231,0.0891947993,0.0816609066,0.0857783917,0.0862291875,0.0911745904,0.0856049651,0.0834839790,0.00465363,-0.00205598,0.06368575,0.05758252,0.92242277,0.04609557,0.05325376,0.04243944,0.06129175,0.04834445,0.05594179,0.03729576,0.05395847,0.04574274,0.06609058,0.04705673,0.05619621,0.05725359,0.04861353,0.05627288,0.03066785,0.05332812,0.04762551,0.04738164,0.05704343,0.04628370,0.30474566,0.04209769,0.04849998,0.04180836,0.03422440,0.05190433,0.03203352,0.03913496,0.03168409,0.05336026,0.05801716,0.05935536,0.04331501,0.04620959,0.04963482,0.03751340,0.03910690,0.06370318,0.05348113,0.04325057,0.04708471,0.04783591,0.04458462,0.04391746,50,0.0319597549,0.1122953679,0.0803356130,13.6748395120,0.1298631492,0.0553210047,-0.0673714011,1.8194423322,2.37824010,2.52345434,0.14521424,24.74324228,1.06632263,-0.00431279,-0.07919531,1.02371299
151,0xa678000,0x1db636000,0,4,0,126.27,-0.0094987291,-0.0129420102,0.0837056453,0.0810299401,0.0792908139,0.0790230695,0.0787553251,0.0775626800,0.0840295696,0.0791760514,0.0764849019,0.0807961248,0.0861444061,0.0745133894,0.0841096895,0.0801044233,0.0807182573,0.0833882437,0.0798341767,0.0846301961,0.0822278434,0.0829516810,0.0845901908,0.0790612889,0.0833485955,0.0814586370,0.0785640194,0.0799499063,0.0841898095,0.0780553023,0.0845901908,0.0796410832,0.0782069579,0.0836263490,0.0811468478,0.0817166318,0.0794094131,0.0852690183,0.0784110375,0.0758160451,0.0845901908,0.0831501383,0.0789465264,0.0821492616,0.0796410832,0.0790612889,0.0819133012,0.0800657414,0.0981753171,0.0785640194,-0.00986164,-0.00106043,0.06901772,0.05395942,0.04418994,0.05152677,0.03504573,0.05558531,0.04606996,0.03972981,0.04166541,0.05766299,0.07142017,0.03631350,0.03499336,0.05511435,0.06916234,0.06028726,0.04725190,0.05087515,0.05113291,0.04726112,0.05868499,0.06129019,0.04962979,0.04167830,0.04696200,0.04753435,0.04975273,0.05534393,0.05619404,0.04346410,0.04943633,0.05809339,0.04358361,0.05058324,0.04127880,0.04902527,0.04546872,0.04964053,0.05116486,0.05627934,0.66631029,0.08045022,0.14228643,0.02456865,0.06459046,0.05662309,0.85008367,0.09744012,50,0.0232271652,0.1183704353,0.0951432701,12.2597671538,0.0357996117,0.0858178780,-0.0822059053,1.2113899125,2.28382243,2.38125127,0.09742884,12.55552149,0.63154019,0.05602796,-0.05648953,1.00367370
152,0xfa149000,0x2fe1e4000,15,7,0,128.80,-0.0160279255,-0.0161105185,0.0833666728,0.0835687060,0.0868171674,0.0822856772,0.0831243875,0.0777299084,0.0843662291,0.0832859478,0.0811649227,0.0850765922,0.0793933025,0.0842032391,0.0889827344,0.0833666728,0.0844069488,0.0846106585,0.0844884994,0.0883920803,0.0834071456,0.0842439587,0.0830435521,0.0877744629,0.0847737598,0.0873143022,0.0833666728,0.0847737598,0.0889827344,0.0843253981,0.0786918565,0.0822056665,0.0844476685,0.0790816196,0.0843662291,0.0840808575,0.0832859478,0.0843662291,0.0802022644,0.0786529227,0.0852410121,0.0820455359,0.0854054319,0.0789647120,0.0813236235,0.0862780714,0.0834071456,0.0839994181,0.0840808575,0.0792763948,-0.00605830,-0.02712610,0.09732073,0.09886328,0.05438267,0.09289448,0.06198410,0.06333019,0.06358944,0.07317542,0.05397145,0.08387782,0.04884826,0.08157027,0.06702336,0.07706149,0.07530588,0.07530592,0.05614525,0.05984181,0.06028026,0.05027587,0.04179915,0.06518196,0.05595457,0.05804228,0.07341152,0.06407928,0.06172329,0.06408733,0.05057401,0.08630527,0.05224345,0.04705640,0.06202254,0.06076516,0.06003039,0.05121537,0.05818631,0.04588005,0.06768372,0.06016333,0.06899606,0.04239194,0.06855905,0.06889160,0.60568416,0.06703603,0.06108638,0.06374588,50,0.0269193760,0.1237075245,0.0967881486,12.7148370998,0.0598369498,0.0706928883,-0.0875832307,1.6813213981,2.30564496,2.40737006,0.10172510,13.39125961,0.55265173,0.04158687,-0.07164500,1.01638370
153,0x350469000,0x353493000,10,10,1,184.66,0.0032706179,0.0011300042,0.0823945388,0.0863797627,0.0850913851,0.0833425104,0.0875308008,0.0830369272,0.0860994385,0.0859943289,0.0873185331,0.0871768925,0.0814436151,0.0867300962,0.0907374541,0.0873185331,0.0851954222,0.0855074387,0.0787524637,0.0912114867,0.0859943289,0.0861344431,0.0872122544,0.0853687542,0.0807453870,0.0855768283,0.0850566429,0.0855768283,0.0865198769,0.0789801716,0.0845623286,0.0886118297,0.0841504705,0.0876369830,0.0876723449,0.0852647171,0.0896207172,0.0854727912,0.0830369272,0.0863446624,0.0852300696,0.0788500655,0.0885403917,0.0870707104,0.0856462179,0.0865898862,0.0861344431,0.0855074387,0.0833425104,0.0800951346,0.01107439,0.01837104,0.06502283,0.08570571,0.06657353,0.07859555,0.08130048,0.06501222,0.07600646,0.07384134,0.08024335,0.06442864,0.06526924,0.07199502,0.07792631,0.07195065,0.07958937,0.07559769,0.08397844,0.08057490,0.06810682,0.07269810,0.07829664,0.06203211,0.07379376,0.08341807,0.06887688,0.07573829,0.08046335,0.06855193,0.06710356,0.07664706,0.06167571,0.07374107,0.06724136,0.06564756,0.07518691,0.07470630,0.06792320,0.08399576,0.07917892,0.07472432,0.07369801,0.06609552,0.07352252,0.07742205,0.07526897,0.06284853,0.07299514,0.08521764,50,0.0306877834,0.1064238301,0.0757360467,12.8592565343,0.0616506628,0.0493339218,-0.0786571818,1.5791822184,2.33043331,2.39704623,0.06661292,11.32311737,0.49321074,0.02349952,-0.05616352,1.00487632
154,0x2c9cd9000,0x2fe749000,14,14,1,184.59,0.0046088624,-0.0029433378,0.0890856608,0.0867820701,0.0905971383,0.0867474227,0.0921872034,0.0898107339,0.0802958858,0.0918225706,0.0897033816,0.0919319704,0.0881434121,0.0888733931,0.0867820701,0.0878280833,0.0899894267,0.0846200013,0.0903111908,0.0869901443,0.0856667510,0.0900251457,0.0867820701,0.0892273014,0.0824579435,0.0824912530,0.0899537076,0.0899537076,0.0856667510,0.0845521351,0.0888379347,0.0875477591,0.0867820701,0.0954303455,0.0866780331,0.0923330367,0.0846200013,0.0900251457,0.0845860682,0.0869207547,0.0875477591,0.0886610288,0.0857010413,0.0845181093,0.0868514597,0.0877930786,0.0890149371,0.0875477591,0.0909617821,0.0901681194,0.00254418,-0.00078786,0.05045887,0.08115459,0.07243713,0.03859236,0.04399219,0.05596863,0.04648654,0.12088965,0.07746643,0.05662550,0.07438844,0.04761134,0.08956087,0.04821437,0.06856135,0.04889967,0.05150230,0.04602443,0.06702405,0.05636530,0.06847287,0.05296706,0.05805471,0.05388251,0.06454211,0.05403285,0.05617537,0.06191255,0.06471077,0.05626110,0.04936051,0.04922437,0.04031241,0.06046615,0.03860312,0.05455733,0.06910194,0.07740042,0.05794715,0.08442754,0.06214850,0.05530072,0.06800426,0.05618726,0.06651600,0.05606360,0.04564827,0.05719647,50,0.0253600945,0.1071962330,0.0818361384,13.8815948167,0.0439853873,0.0674538165,-0.0735763777,1.4448637927,2.31313640,2.35317409,0.04003769,6.82447604,0.59520539,0.03957900,-0.00933640,1.01596816
155,0x15d815000,0x166055000,11,11,1,184.62,-0.0795323783,-0.0774704315,0.0079308609,-0.0021601560,0.0035720980,0.0057687921,0.0002292524,0.0036067454,0.0645820116,0.0237730587,0.0142640302,0.0054502456,0.0046177539,0.0068498210,0.0009013207,0.0045126443,0.0017164194,0.0036067454,-0.0005178874,0.0032946342,0.0014446766,0.0060519767,0.0045126443,0.0004644672,0.0047228635,0.0034680609,0.0038842092,0.0090848451,0.0028003199,0.0013768104,-0.0007173812,0.0100561281,0.0043724344,0.0045126443,0.0014107435,0.0025601005,0.0092306783,0.0027659359,0.0013768104,0.0037801721,0.0610085684,0.0167739957,0.0199823425,0.0135633964,0.0298975087,0.0046877632,0.0032946342,-0.0008835654,0.0051082017,0.0046177539,-0.56335782,-0.57151449,-0.47359722,-0.53030356,-0.51589409,-0.52108691,-0.52466318,-0.51126364,0.52615784,0.50446895,0.67276504,0.68914712,-0.47871875,-0.50669387,-0.50404517,-0.51967960,-0.50466083,-0.52332211,-0.50560001,-0.51967746,-0.51876163,-0.53048568,-0.51686615,-0.49024622,-0.50844945,-0.50998952,-0.52225927,-0.51265782,-0.52430812,-0.51602534,-0.53966789,-0.51247920,-0.51256790,-0.51849955,-0.52416794,-0.52455625,0.31476249,-0.51770137,-0.51356220,-0.52705961,0.23626890,0.46031010,0.23185930,0.56691002,0.65185871,-0.49017315,-0.51344065,0.35863756,-0.50590379,-0.50273021,50,0.0372182402,0.1101347377,0.0729164974,12.4320712188,0.1172837106,0.0544722267,-0.0686710691,1.7007876020,2.46777677,2.53156792,0.06379114,10.88266294,1.02304505,0.03035892,-0.00005461,0.98958471
156,0x40346000,0x7df0c000,0,0,1,184.60,0.0004855510,0.0026468944,0.0840125998,0.0782939125,0.0837322756,0.0844947580,0.0829287216,0.0861088428,0.0859658690,0.0834169468,0.0805571479,0.0858943334,0.0838023806,0.0803872970,0.0783271312,0.0858228953,0.0847779426,0.0858228953,0.0804891890,0.0858228953,0.0861803785,0.0824432783,0.0847779426,0.0871197768,0.0867226426,0.0805571479,0.0826512578,0.0901812789,0.0859658690,0.0845655783,0.0769500794,0.0791057018,0.0834870517,0.0819820871,0.0838723899,0.0870837006,0.0869032209,0.0850610307,0.0850610307,0.0839424948,0.0794081601,0.0825125733,0.0837322756,0.0877647247,0.0792401889,0.0858943334,0.0848133045,0.0877281917,0.0879835243,0.0781941656,-0.06019288,0.03019262,0.07456390,0.08457119,0.08253604,0.10855055,0.06216844,0.08250647,0.07016765,0.06572621,0.10043939,0.08386532,0.07397778,0.07722681,0.05909880,0.07252316,0.09388199,0.09334475,0.07790897,0.07485436,0.08187272,0.08632692,0.08866488,0.08790176,0.06588574,0.05413264,0.06772326,0.08357410,0.06248909,0.07687482,0.08830551,0.06037829,0.07925267,0.07584803,0.06872318,0.09561328,0.07915348,0.08405097,0.07870196,0.07878009,0.07676819,0.08972887,0.08088613,0.06978127,0.06542686,0.07073028,0.07621402,0.09244249,0.09822548,0.07623423,50,0.0329696516,0.1099592256,0.0769895740,13.0800760166,0.1025359320,0.0730067089,-0.0594686219,1.6655394403,2.41092982,2.47399410,0.06306428,10.72857942,0.84090015,0.07236763,-0.03556174,1.02708596
157,0x7eb69000,0x16167000,9,9,1,184.39,-0.0004655381,0.0058522696,0.0824083431,0.0781950562,0.0835576900,0.0760358579,0.0817459759,0.0818500130,0.0803199752,0.0825134527,0.0785983339,0.0771154570,0.0815032543,0.0826185624,0.0840177805,0.0824784481,0.0825134527,0.0791048045,0.0846726510,0.0812604380,0.0827936813,0.0837345959,0.0829338912,0.0814685121,0.0817112338,0.0817112338,0.0849585985,0.0747935595,0.0749887631,0.0823733385,0.0812604380,0.0832141197,0.0816419388,0.0760358579,0.0752164710,0.0793765473,0.0752164710,0.0750538605,0.0840177805,0.0818500130,0.0804572301,0.0753466659,0.0782622997,0.0809033784,0.0830039005,0.0783294515,0.0814338647,0.0771819852,0.0784638468,0.0825835577,-0.00288386,0.00557445,0.04959895,0.01652242,0.02842055,0.02439183,0.02750300,0.03727814,0.03078404,0.01633877,0.01903369,0.02381933,0.01641183,0.01739792,0.02252820,0.01956986,0.02446376,0.04007876,0.03231293,0.02402953,0.03943825,0.02761092,0.03474504,0.02933741,0.02540597,0.06011105,0.02547844,0.05336854,0.02356334,0.02326536,0.02809858,0.04339392,0.01252982,0.04423601,0.01817533,0.04126614,0.01192651,0.02679967,0.02671063,0.03968916,0.03484723,0.02893279,0.03655964,0.01832913,0.02256682,0.02432444,0.01835494,0.02334009,0.04286823,0.04113204,50,0.0256982937,0.1046831646,0.0789848710,13.4053911339,0.0475459282,0.0752711885,-0.0474573730,1.1610540455,2.32360768,2.34974152,0.02613384,4.47835318,0.71727111,-0.00107512,-0.06166253,1.00270359
158,0x3dc57a000,0x805f000,5,9,0,128.96,-0.0123351418,-0.0221158839,0.0873286886,0.0845053299,0.0817144149,0.0813140336,0.0902338960,0.0847930927,0.0883692085,0.0808317657,0.0818745455,0.0839172371,0.0862043578,0.0851219325,0.0849575126,0.0841209469,0.0829166084,0.0819146602,0.0845874837,0.0850808556,0.0805936604,0.0828358833,0.0866594574,0.0882427632,0.0836319768,0.0849987017,0.0847930927,0.0783544095,0.0869522246,0.0870777126,0.0831993665,0.0786271586,0.0869522246,0.0758884888,0.0878208180,0.0852864646,0.0781205942,0.0861629237,0.0772743757,0.0881583511,0.0834281558,0.0825531252,0.0816744096,0.0827146855,0.0812740283,0.0818345402,0.0827954105,0.0838764062,0.0787831064,0.0830378062,0.00225616,0.00193491,0.06869322,0.07673405,0.08040126,0.06092391,0.07982509,0.07894144,0.08003870,0.07646562,0.06770932,0.06926417,0.10108635,0.08408654,0.10616370,0.04392470,0.08049111,0.06849199,0.08354096,0.06524807,0.08322847,0.07210691,0.08194919,0.08302397,0.06892263,0.08159141,0.07300415,0.06141881,0.10330566,0.08594993,0.07000665,0.07905923,0.08743656,0.04704466,0.07153046,0.07774307,0.06499415,0.07718887,0.05629774,0.06502627,0.06028521,0.07782083,0.05114797,0.06265313,0.07444886,0.07258960,0.07240346,0.05215786,0.04340733,0.06073493,50,0.0332553098,0.1240359573,0.0907806475,11.9186767721,0.0502915484,0.0727711780,-0.0835969724,1.5538962378,2.39964710,2.43365766,0.03401057,4.46654375,0.62198100,0.10050627,-0.05805518,0.99950727
159,0x209152000,0x20af1e000,1,1,1,184.64,-0.0007753871,-0.0019286221,0.0842133910,0.0835177114,0.0779810201,0.0878780017,0.0821277889,0.0791935848,0.0879501542,0.0835871010,0.0769990227,0.0815594265,0.1212594571,0.0843535053,0.0857859402,0.0910477325,0.0921284817,0.0908990399,0.0891052109,0.0940985574,0.1079952476,0.1435630294,0.0870468320,0.0810839925,0.0812198175,0.0848089484,0.0791271474,0.0822994277,0.0835871010,0.0848439531,0.0878057507,0.0834830639,0.0824366825,0.0856443962,0.0912335730,0.0804762525,0.0822651374,0.0837951752,0.0811858844,0.0815254934,0.0821964632,0.0907502457,0.0822994277,0.0883029789,0.0847038388,0.0832056002,0.0870468320,0.0845987292,0.0890322445,0.0812198175,0.02468325,0.00705324,0.05877366,0.04143340,0.05120670,0.05552993,0.05791631,0.05608529,0.08079602,0.06816824,0.08680806,0.12147842,0.10503077,0.05886059,0.08814990,0.99170189,1.04536885,1.04169913,1.01127064,1.03497736,1.03693485,1.12970907,0.06226196,0.06792403,0.07872789,0.06955742,0.05534652,0.06510876,0.07009787,0.06919590,0.05412189,0.05655293,0.05731730,0.06432508,0.91374402,0.05026362,0.06117557,0.04633409,0.05692586,0.06170803,0.05661194,0.06111364,0.04764417,0.05487970,0.04575575,0.04189894,0.06092153,0.05994928,0.04901511,0.05554148,50,0.0278170933,0.1060966127,0.0782795194,13.2791487190,0.0719687530,0.0567266729,-0.0634860965,1.6958106339,2.32562159,2.38484541,0.05922382,10.06541509,0.70015304,0.02027579,-0.03870703,1.02292190
160,0xfa0a5000,0x8921f000,15,15,1,184.63,0.0029956152,-0.0002778492,0.0817113203,0.0883261728,0.0810270430,0.0859227386,0.0904506381,0.0885384405,0.0794558601,0.0818775045,0.0894422064,0.0807968329,0.0949957427,0.0866509981,0.0851538210,0.0808955072,0.0890131875,0.0840049148,0.0862002024,0.0850165662,0.0817113203,0.0894422064,0.0870005388,0.2591076502,0.0916399831,0.0828909327,0.0875961918,0.0878764204,0.0884323550,0.0816114826,0.0817777577,0.0825548985,0.0821767452,0.0862002024,0.0832606345,0.0894422064,0.0880783500,0.0848449274,0.0895494611,0.0874559819,0.0848793113,0.0880783500,0.0872458583,0.0828909327,0.0881491703,0.0875610915,0.1284922757,0.0892276969,0.0816114826,0.0879368060,-0.00311486,-0.00102342,0.04446577,0.07533716,0.04029892,0.05907301,0.07085492,0.04391894,0.05196803,0.06222416,0.05657614,0.03443939,0.05965494,0.05264534,0.06977229,0.04434655,0.06670859,0.04488396,0.04367295,0.05354608,0.05639132,0.05206123,0.04287110,0.75552554,0.06305926,0.05432513,0.04473045,0.05066776,0.06466132,0.04877045,0.04930068,0.04050169,0.03783510,0.04439414,0.04492988,0.04777041,0.04721971,0.04474300,0.06417955,0.06558838,0.05044794,0.05319566,0.06807528,0.04526034,0.04329133,0.80351960,0.58759730,0.17392026,0.04422161,0.06375117,50,0.0244296390,0.1089531616,0.0845235226,14.3653277967,0.0968609943,0.0796370556,-0.0512302233,1.1246678790,2.35257303,2.44637602,0.09380298,15.97740724,0.88617294,0.04721831,-0.08226413,0.99681913
161,0x20e777000,0x21d0d5000,8,8,1,184.62,-0.0016898213,0.0027729914,0.0814603691,0.0783191745,0.0869316865,0.0837937195,0.0846652335,0.0880484454,0.0785493846,0.0837243299,0.0847353384,0.0848053477,0.0835509979,0.0780231515,0.0836896825,0.0869316865,0.0836550350,0.0783521258,0.0815962869,0.0847703431,0.0870032221,0.0880484454,0.0866456414,0.0807501146,0.0825747205,0.0835509979,0.0815283280,0.0815622611,0.0860279206,0.0829179044,0.0880846202,0.0870032221,0.0838630145,0.0848404480,0.0840017937,0.0782534514,0.0826433011,0.0834122187,0.0859218351,0.0836896825,0.0844900189,0.0826433011,0.0795331689,0.0829179044,0.0834469608,0.0858863766,0.0852257862,0.0859571969,0.0868959674,0.0838630145,0.00659665,0.01345936,0.05991847,0.05440511,0.05808636,0.05331217,0.07344543,0.07043944,0.08347436,0.05170148,0.06460211,0.05864849,0.08568004,0.05376874,0.05605745,0.05965535,0.07743989,0.04688972,0.07250519,0.05478415,0.06757127,0.05184808,0.07255716,0.06310632,0.06894504,0.06926831,0.05582004,0.05583457,0.08445558,0.04865341,0.06404822,0.07686436,0.05341694,0.08704984,0.06048295,0.07283533,0.05085849,0.05541577,0.07483203,0.05123019,0.05918411,0.05926070,0.05535911,0.04815830,0.06886932,0.06806435,0.06472464,0.05621351,0.06843947,0.07618001,50,0.0336616595,0.1112972844,0.0776356249,13.2056040891,0.1335545640,0.0525170547,-0.0747521045,2.2063158818,2.48277771,2.54033790,0.05756018,9.78469170,1.14639646,-0.03041693,-0.07784421,1.10990889
162,0x344e2e000,0xdb71000,3,9,0,128.94,-0.0018256686,0.0034636485,0.1008313700,0.1011980698,0.0992652249,0.1031184907,0.1003422886,0.0973490924,0.1003558951,0.1007905391,0.1007905391,0.0975474413,0.1020360653,0.0941113555,0.0986285478,0.1007090997,0.1069764603,0.0994672580,0.1018716455,0.0982681718,0.0984684171,0.1000327744,0.0941499320,0.1003422886,0.1007498194,0.1046506540,0.1027039234,0.0981881611,0.0992652249,0.1005461096,0.0997095434,0.0944974372,0.1011166304,0.1008720897,0.1029941884,0.1020772545,0.0974283887,0.1004237280,0.0994672580,0.1028697729,0.1006275490,0.0992652249,0.0995883456,0.0961911944,0.1009535291,0.1007905391,0.0986285478,0.0995479831,0.0973094443,0.1009535291,0.00391266,0.01119120,0.06902416,0.04699936,0.07086209,0.06518566,0.05677993,0.05824460,0.07086534,0.07254841,0.05290050,0.05869510,0.07543203,0.06192656,0.06757249,0.08182692,0.07933612,0.07825179,0.07308644,0.07613400,0.08249798,0.06320654,0.09014135,0.05561799,0.09485943,0.06201537,0.06663459,0.05390491,0.07130350,0.05049114,0.10208035,0.05765604,0.06655630,0.05661685,0.06730823,0.07597615,0.06629149,0.08104692,0.06386850,0.06388379,0.06394061,0.05065053,0.05675831,0.06824931,0.06025774,0.07313196,0.07379113,0.06136415,0.07202176,0.06776425,50,0.0236879013,0.1225810497,0.0988931484,12.9849817797,0.0377626000,0.0904446891,-0.0831043523,1.2086894035,2.27277999,2.37337340,0.10059341,13.22964797,0.45407700,0.04226713,-0.01216628,0.99531204
163,0x8e625000,0xda259000,15,15,1,184.32,0.0251560887,-0.0106000981,0.0800047590,0.0745405904,0.0798616877,0.0790316993,0.0755504538,0.0807554444,0.0800047590,0.0739661609,0.0800047590,0.0780564944,0.0709747052,0.0704541919,0.0716667566,0.0790670611,0.0804694969,0.0798616877,0.0813006666,0.0791378814,0.0801120137,0.0755504538,0.0798616877,0.0725165028,0.0793147873,0.0793856076,0.0777060652,0.0813006666,0.0758593474,0.0821632429,0.0801477328,0.0803264256,0.0759280216,0.0821632429,0.0759966022,0.0790670611,0.0758593474,0.0811200883,0.0778812798,0.0793856076,0.0736637027,0.0744726315,0.0783017183,0.0820173102,0.0801477328,0.0789962408,0.0812644918,0.0823090762,0.0787838765,0.0744726315,0.06435744,0.02058710,0.09199397,0.10175039,0.09363772,0.10251946,0.16909179,0.10009767,0.10012785,0.08935035,0.09485700,0.08197400,0.10276645,0.06864892,0.09721324,0.09312948,0.10145336,0.09398364,0.11152486,0.09381326,0.10850853,0.08483912,0.09824832,0.09445775,0.10598093,0.09070579,0.11053197,0.09611314,0.09834257,0.09410588,0.09807565,0.09995637,0.10116822,0.09945418,0.10760627,0.10181156,0.11310515,0.10340056,0.10056334,0.10919253,0.09506023,0.11762108,0.12224525,0.10315551,0.11715381,0.10296975,0.12465826,0.10721595,0.11298571,0.10354923,50,0.0294775227,0.1080140080,0.0785364853,13.3170612818,0.0712521396,0.0507418584,-0.0728230237,1.5867966702,2.40254649,2.42235713,0.01981064,3.34184312,0.68667249,0.03088298,-0.03721019,1.01169066
164,0x277504000,0x15a0e2000,1,2,0,130.16,-0.0049173631,0.0169262915,0.0957384921,0.0964570771,0.1035259516,0.0975359287,0.1044381220,0.0970225934,0.0979026285,0.0898688795,0.0942992633,0.0951721720,0.0901367283,0.0996937424,0.1041808278,0.0966590000,0.0948547704,0.1085463553,0.0990670736,0.0925701507,0.0966993625,0.0956584815,0.0970225934,0.1012326405,0.0949340666,0.0976173681,0.0951779802,0.0945372604,0.0947753658,0.0944579642,0.0951779802,0.0967801978,0.0996937424,0.0989026537,0.0945372604,0.0968205603,0.0989437306,0.0999840075,0.0946166650,0.0964570771,0.0968609228,0.1011071525,0.0997351765,0.0953782255,0.0956183668,0.0944579642,0.1006469918,0.0998180447,0.0989026537,0.0966590000,0.44293055,-0.10434396,-0.07232275,0.00328057,-0.07749175,-0.07430689,0.87244077,-0.06719112,-0.06139443,-0.08464106,-0.05851412,-0.07796001,-0.07558863,-0.08627120,0.88340697,-0.07042247,-0.07696807,0.89510982,0.52553163,-0.07930752,-0.06344952,-0.07118617,-0.06448565,-0.06770994,-0.08016603,-0.06332484,-0.06890983,-0.09486728,-0.07785538,-0.09358856,-0.08215783,-0.07982557,-0.07564919,-0.07690273,-0.07197762,-0.07685333,-0.08204719,-0.08081300,-0.08412424,-0.09435542,-0.09254621,-0.07731375,-0.08098501,-0.08923490,0.04432963,-0.08185398,-0.07511039,-0.08432278,-0.08931593,-0.07796262,50,0.0264546122,0.1224430122,0.0959884000,12.5936517986,0.0469272239,0.0840909969,-0.0810463678,1.2727279928,2.39934214,2.36481962,-0.03452252,-4.57806699,0.50331159,0.03210710,0.02075321,1.02127119
165,0x23e85000,0x7d519000,9,9,1,184.40,0.0092152942,-0.0048752671,0.0813711413,0.0806811695,0.0762805148,0.0747612026,0.0769168361,0.0802918994,0.0812996056,0.0764164325,0.0761446897,0.0780640369,0.0852348212,0.0769168361,0.0747612026,0.0764164325,0.0813711413,0.0773286942,0.0795979956,0.0774659490,0.0759069727,0.0793877763,0.0815141151,0.0759069727,0.0864670589,0.0793527717,0.0815498341,0.0760427977,0.0759409985,0.0804688052,0.0761787155,0.0793527717,0.0780293894,0.0812638866,0.0835296252,0.0812996056,0.0812996056,0.0779253524,0.0771227651,0.0816213698,0.0792476621,0.0807519898,0.0769168361,0.0782374636,0.0783067585,0.0760427977,0.0857623826,0.0788615914,0.0847193506,0.0788615914,0.02960031,-0.01452615,0.06252701,0.04323809,0.03604248,0.03824162,0.04590078,0.04226360,0.06983339,0.04539038,0.06931234,0.03800669,0.05455208,0.04246856,0.02269320,0.05593208,0.04674899,0.04663936,0.05435693,0.03915561,0.03626919,0.04690556,0.04390849,0.03466396,0.05977264,0.03626813,0.04521122,0.03150992,0.03717686,0.04402582,0.04850526,0.03502418,0.03902463,0.04729518,0.04748901,0.04656871,0.04459670,0.04514739,0.03502936,0.02667698,0.04559969,0.05367474,0.03459819,0.05693353,0.04633774,0.06091218,0.04602897,0.05163660,0.04153441,0.05433522,50,0.0308669129,0.1068816937,0.0760147807,12.8817463793,0.0462764984,0.0636194003,-0.0653629185,1.5452608824,2.35365878,2.37023639,0.01657760,2.83729822,0.57124467,0.02840577,-0.05543575,1.02583097
166,0x359f0b000,0x357fd7000,10,10,1,184.60,0.0187766183,-0.0028857886,0.0770309909,0.0595436155,0.0631346189,0.0621239555,0.0617346853,0.0600638008,0.0619470497,0.0583972237,0.0596823947,0.0554318532,0.0663787911,0.0644687478,0.0599251163,0.0630630832,0.0601678379,0.0627770381,0.0617700472,0.0663419000,0.0533370380,0.0565790531,0.0598557267,0.0607966302,0.0610068494,0.0567806919,0.0650785934,0.0620885937,0.0612170687,0.0655526260,0.1225554459,0.0741057604,0.0935505728,0.0663419000,0.0771521887,0.0601331904,0.0629915475,0.0576936579,0.0652608600,0.0601331904,0.0623009580,0.0619115912,0.0596823947,0.0619470497,0.0639271114,0.0575578328,0.0630273642,0.0654796596,0.0618762294,0.0619115912,0.36402622,0.58606886,0.75783339,-0.51077963,-0.48773277,-0.51666976,-0.49985373,-0.51315891,-0.50377938,-0.51671812,-0.52579773,-0.51718928,-0.50135756,-0.50585529,-0.51032579,-0.49392986,-0.51972989,-0.52112522,-0.52443953,-0.51369554,-0.51842591,-0.51866094,-0.51886343,-0.50517128,-0.52816417,-0.51030349,-0.51387345,-0.49574799,-0.49486558,-0.51871686,0.35036185,0.43777776,0.43307213,0.58344460,0.35267648,-0.25731949,-0.48757220,-0.50683750,-0.49299738,-0.50849857,-0.48938143,-0.48912216,-0.50042600,-0.47798861,-0.50816779,-0.51742436,-0.51013918,-0.49155880,-0.51443546,-0.50667346,50,0.0327803152,0.1110123856,0.0782320704,13.2817054847,0.1198046173,0.0569490342,-0.0650864855,1.8079127092,2.50936060,2.51319598,0.00383538,0.64091143,1.08551056,-0.09042107,-0.00430891,0.99314495
167,0x19ed07000,0x1dc95b000,13,13,1,184.61,-0.0240414579,0.0614048756,0.0645049775,0.0646837678,0.0603582307,0.0614742653,0.0616823394,0.0657289912,0.0666641757,0.0622406696,0.0600836274,0.0625559984,0.0605984501,0.0630464462,0.0550162931,0.0613355807,0.0645406965,0.0559010459,0.0604611016,0.0624508888,0.0595145496,0.0626260077,0.0659817219,0.0626260077,0.0619597085,0.0610927644,0.0602552662,0.0634253783,0.0671017749,0.0593786319,0.0602208822,0.0616129498,0.0646122322,0.0675596318,0.0657289912,0.0628012223,0.0603925210,0.0593786319,0.0592768326,0.0603582307,0.0570143116,0.0626260077,0.0667735755,0.0625559984,0.0652596059,0.0626961127,0.0646122322,0.0621705646,0.0618210240,0.0610927644,-0.02182368,0.06804245,0.04291009,0.02703133,0.04709629,0.05789602,0.03729308,0.06152152,0.05191937,0.07072107,0.04344434,0.04646000,0.03316200,0.05825713,0.04448242,0.05641097,0.04069945,0.05380425,0.04608222,0.04266861,0.04670567,0.05049393,0.06616158,0.05927224,0.06054961,0.03926701,0.04568953,0.04316989,0.06011266,0.04872232,0.05157071,0.03503427,0.04825630,0.04635977,0.06383398,0.02221542,0.04159195,0.03009332,0.04471691,0.04071296,0.03534251,0.03297730,0.04427616,0.02991621,0.03820804,0.04143260,0.03867837,0.03120711,0.02658806,0.04780889,50,0.0269371852,0.1088449690,0.0819077838,13.9035699708,0.1016634763,0.0772336310,-0.0571747106,1.5966372228,2.36697188,2.47042117,0.10344929,17.58584592,0.85809013,0.10095138,-0.10718521,1.03282267
168,0x39e440000,0x3f561e000,5,5,1,184.46,-0.0040828988,-0.0029536112,0.0800285947,0.0716867410,0.0856764497,0.0826810892,0.0788813939,0.0780753144,0.0737526277,0.0770282187,0.0812823249,0.0846676829,0.0791902875,0.0822210953,0.0815625534,0.0834429538,0.0780413814,0.0800633369,0.0802713164,0.0835143919,0.0825041834,0.0770282187,0.0778715305,0.0788813939,0.0821502750,0.0832999801,0.0779734225,0.0748661609,0.0798205206,0.0744386021,0.0739152381,0.0810370053,0.0792932520,0.0799939473,0.0813523342,0.0856035828,0.0838004370,0.0790530327,0.0800979843,0.0825749071,0.0805487801,0.0800979843,0.0800633369,0.0792589617,0.0738502295,0.0803060585,0.0833714182,0.0822210953,0.0900005873,0.0827165477,0.00414875,0.00473450,0.06276282,0.06666522,0.04678169,0.09375842,0.04655702,0.05233849,0.03825260,0.06795154,0.06063287,0.07103112,0.04888272,0.05539644,0.03970976,0.05865223,0.05049757,0.07344530,0.07176792,0.06125139,0.06840468,0.05046940,0.07036216,0.03276806,0.05413538,0.04880741,0.06644870,0.04755953,0.05591834,0.04904702,0.06181198,0.03934883,0.06298235,0.04881526,0.05751595,0.05476587,0.06692389,0.05964980,0.05867859,0.06118578,0.03758731,0.04229746,0.05670260,0.05737745,0.04402041,0.03869502,0.06055201,0.06437335,0.03536728,0.07052467,50,0.0296627829,0.1066657923,0.0770030095,13.0679617326,0.0584662580,0.0594859599,-0.0621182539,1.5761603374,2.40262452,2.38119675,-0.02142777,-3.63625436,0.67762339,0.07760185,-0.07041416,1.00267100
169,0x1db18e000,0x79dd000,4,9,0,126.21,-0.0015658675,0.0005536514,0.0976125747,0.1012495120,0.0991239487,0.0926270258,0.0914337700,0.0911392440,0.1021703770,0.0956459622,0.0945653238,0.1000082749,0.1361932020,0.0978462836,0.1264992972,0.1045791650,0.2224848104,0.1032106530,0.1022915748,0.0976515085,0.1022108498,0.0974566269,0.1010093707,0.1030476629,0.0986914263,0.0995718206,0.0968038592,0.0949063938,0.0978073499,0.0925897765,0.0924410839,0.0946031859,0.0968424357,0.0989272793,0.0953398940,0.0911023529,0.0973397192,0.0991239487,0.0982359404,0.0986520280,0.0987307172,0.1020896520,0.1019280916,0.0992419289,0.0973397192,0.0979242576,0.1034959133,0.0990059685,0.0980411652,0.0967651772,-0.03486328,0.03811912,0.09049445,0.07003519,0.07869318,0.07791199,0.07121209,0.08599829,0.10734255,0.14522662,0.64538612,0.10558663,0.23818858,0.08903213,1.00532348,0.79125533,0.97608962,1.05435731,1.06347029,1.06959799,1.05640264,0.08986079,1.03414851,0.10125221,0.10022896,0.09542751,0.09838314,0.07538067,0.06896245,0.07681866,0.08729323,0.07355966,0.08533522,0.08129826,0.08084961,0.07028950,0.06917554,0.07597645,0.08478841,0.08374735,0.08106097,0.07490831,0.09653621,0.08582980,0.09164940,0.08171433,0.09045970,0.07783608,0.08892426,0.07688170,50,0.0256159441,0.1184431003,0.0928271562,11.9678144829,0.0517132550,0.0803759345,-0.0715890417,1.2172522004,2.40084561,2.42169907,0.02085346,2.75524928,0.65991279,-0.03296657,-0.00090340,1.00701925
170,0x1db1a6000,0x19f3a1000,4,13,0,126.28,0.0024402793,-0.0008181890,0.0886566274,0.0912641948,0.0957123474,0.0986436559,0.0943194518,0.0908513323,0.0919680461,0.0935445243,0.0985636452,0.0943967103,0.0983633999,0.0971260952,0.0954005582,0.0948939938,0.0986436559,0.0976419540,0.0964815538,0.0953616244,0.0952836505,0.0896979731,0.0944738633,0.0987237759,0.0986436559,0.0932384561,0.0987637812,0.0985235306,0.0919301839,0.0886566274,0.0972847960,0.0944738633,0.0930090355,0.0988839065,0.0928941685,0.0962063025,0.0986436559,0.1061683413,0.1046657621,0.1082863982,0.0970466906,0.1417217838,0.0933149993,0.1932623870,0.0890616257,0.0974832532,0.0942036167,0.1008056472,0.0932767799,0.1406417500,0.00046590,0.00420011,0.05752429,0.08032242,0.06649608,0.08407978,0.05504413,0.09130843,0.05507948,0.08074960,0.06258289,0.07335401,0.07071618,0.07425840,0.06725604,0.07700525,0.07279436,0.08068297,0.07540185,0.07592360,0.07814747,0.07372122,0.06805865,0.06824358,0.08481292,0.07930263,0.08782944,0.06910297,0.05167322,0.07082258,0.07787388,0.06337512,0.07113148,0.07893145,0.09620728,0.09827761,1.01839582,1.04928759,1.02235819,1.05040611,1.02613337,1.14523330,0.76999979,1.08461291,0.08775501,0.07653025,0.07194350,0.07290050,0.07842665,0.99517891,50,0.0312280377,0.1182860092,0.0870579715,11.2155414837,0.0470717186,0.0608773595,-0.0685865124,1.7645976293,2.30657903,2.35811882,0.05153979,6.63019047,0.54301400,0.02852288,-0.05132735,1.01912721
171,0x3e4d7000,0x9fefc000,9,6,0,126.19,-0.0056818347,0.0061823101,0.0922824859,0.0906163334,0.0981885319,0.0926267735,0.0929327372,0.0937456313,0.0887105359,0.0959857082,0.0922824859,0.0957890388,0.0982685426,0.0938614663,0.0912432843,0.0926649928,0.0976680253,0.0858560030,0.0926267735,0.0902033684,0.0935912197,0.0949043544,0.0923207052,0.0882686465,0.0938614663,0.0976680253,0.0938614663,0.0936683728,0.0982685426,0.0927797553,0.0950991296,0.0944756575,0.0896088071,0.0925120109,0.0987490439,0.0935912197,0.0934367027,0.0947484066,0.0970670620,0.0925884497,0.0981885319,0.0958677280,0.0962609595,0.0937842078,0.0990278473,0.0947874467,0.0949822219,0.0911418134,0.0945925652,0.0937842078,-0.01646615,-0.00520394,0.06996164,0.06881885,0.07713687,0.06129718,0.06534809,0.07434825,0.07742420,0.07976717,0.06442408,0.06916026,0.07139636,0.06899147,0.06539348,0.06167695,0.06713052,0.06276926,0.07928623,0.06566935,0.06836775,0.07345590,0.07083808,0.06351380,0.06893983,0.07017154,0.06392362,0.06114082,0.07052774,0.06956891,0.11887466,0.07084186,0.06441393,0.07859261,0.06384767,0.08271893,0.05724599,0.08246498,0.09213148,0.07773411,0.06912942,0.06341182,0.07091149,0.07240689,0.07219244,0.06301202,0.07161512,0.05515741,0.06047273,0.07732291,50,0.0299456691,0.1188053720,0.0888597028,11.4370649091,0.0456779992,0.0538615976,-0.0718946282,1.9051583141,2.35544364,2.42569826,0.07025462,9.07512223,0.59929132,0.07092727,-0.04402832,1.00819070
172,0x1125f000,0x20e68e000,9,1,0,128.93,-0.0234528844,0.0749172690,0.0756672808,0.1153124566,0.0836151129,0.0868164223,0.0830874197,0.0802830719,0.1129391438,0.0761648295,0.0727133737,0.0681929661,0.0759575459,0.0716320199,0.0700743445,0.0697444527,0.0741614272,0.0690758626,0.0721477470,0.0696657635,0.0723901427,0.0736724571,0.0691939501,0.0739984372,0.0739577175,0.0715118945,0.0669201960,0.0724709780,0.0735094671,0.0786911855,0.1567200292,0.0725113405,0.0737131768,0.0733056461,0.0707885523,0.1058760099,0.0878072830,0.0851537888,0.0802400919,0.0851537888,0.0765369477,0.0725921758,0.0717921505,0.0715118945,0.0735094671,0.0772061789,0.0736316262,0.0726729009,0.0730768569,0.0682709400,-0.04176257,0.07726887,0.04063812,0.93650225,1.03591861,0.72876350,1.23931001,1.26173026,0.08965988,0.06615215,0.04215602,0.06762350,0.07825491,0.07199392,0.04245168,0.04728153,0.04687413,0.04362748,0.03525808,0.04869617,0.06016805,0.02852916,0.03880526,0.04635720,0.04116917,0.03927214,0.03924528,0.03072156,0.04318781,0.04973262,0.13854993,0.04871647,0.05347697,0.14383166,0.03375936,0.82514676,0.73732141,1.15876588,1.20254655,1.27664095,0.58428728,0.06092525,0.04654683,0.03947516,0.04509502,0.04664544,0.02846549,0.04844791,0.05568932,0.03322922,50,0.0313457934,0.1272626210,0.0959168276,12.6310714724,0.1102319089,0.0751125713,-0.0864698431,1.7882873243,2.50422041,2.50319879,-0.00102162,-0.09775338,0.98898138,-0.06318100,-0.07424091,1.00347019
173,0x19f855000,0x1a5d51000,13,13,1,184.42,-0.0057651357,0.0018800072,0.0816277270,0.0847195201,0.0805134804,0.0830286355,0.0808637182,0.0813091805,0.0732214993,0.0771748414,0.0787674863,0.0816984507,0.0828142236,0.0807236039,0.0732214993,0.0730588000,0.0808637182,0.0750192189,0.0793304749,0.0824209238,0.0829929164,0.0799200499,0.0831717068,0.0777522601,0.0828856617,0.0825997142,0.0772428003,0.0777522601,0.0820169971,0.0828499427,0.0776163424,0.0775145431,0.0788361606,0.0780239103,0.0834576543,0.0793304749,0.0785272670,0.0773786253,0.0796425861,0.0800587345,0.0828856617,0.1041201223,0.0831717068,0.0813070847,0.0785272670,0.0772768261,0.0796773283,0.0804433754,0.0806885993,0.0938139307,0.00041167,-0.00334233,0.06616907,0.06575198,0.05871712,0.05956766,0.05723363,0.06517172,0.06046730,0.06585897,0.06807732,0.05411299,0.07023758,0.08976355,0.03892779,0.35930903,0.04800285,0.09040189,0.06423583,0.05182357,0.08701953,0.06285081,0.08428822,0.05028809,0.07297597,0.05951927,0.06639411,0.06929234,0.08064602,0.05342552,0.06034187,0.05915655,0.07075308,0.06475889,0.06824472,0.16913656,0.04057122,0.08670935,0.06049893,0.06827900,0.07925734,0.96653459,0.07836171,0.07301464,0.07393571,1.02751223,0.06534796,0.06900077,0.06038608,0.95699584,50,0.0336471095,0.1102437309,0.0765966215,12.9970529271,0.1179712855,0.0574053717,-0.0542344734,1.5354250867,2.38210280,2.50647340,0.12437060,21.06845887,0.93674142,0.08661596,-0.11768741,0.99845631
174,0x35504a000,0x33a7e6000,3,3,1,184.39,-0.0185715004,0.0600829670,0.0684223689,0.0648357129,0.0636188590,0.0703910773,0.0712583232,0.0687054569,0.0669313463,0.0669313463,0.0701050322,0.0660555311,0.0657809278,0.0688470975,0.0687054569,0.0685639129,0.0648697387,0.0719388906,0.0687054569,0.0702122869,0.0679079698,0.0700693132,0.0731640764,0.0668273092,0.0702480060,0.0691301855,0.0671394204,0.0646998878,0.0642583869,0.0659181826,0.0669659938,0.0731640764,0.0697832681,0.0701408489,0.0658496020,0.0753601095,0.0678378649,0.0708610904,0.0671394204,0.0699977775,0.0701050322,0.0660555311,0.0703910773,0.0642583869,0.0690948237,0.0648017798,0.0687054569,0.0666886247,0.0667926617,0.0711139197,-0.02384123,0.07509907,0.04270710,0.05135562,0.04674982,0.05667696,0.04932473,0.06059161,0.04726390,0.04117625,0.04187949,0.05608932,0.04729791,0.04428300,0.05437889,0.05490081,0.05503564,0.05964287,0.06069709,0.03610640,0.03363663,0.04381089,0.04855912,0.04638500,0.05430105,0.04516005,0.03390538,0.04179874,0.04325018,0.05179613,0.04882029,0.05852877,0.04396218,0.04096045,0.05221277,0.04434778,0.03306460,0.03938094,0.05165748,0.04594804,0.05576777,0.04824402,0.05385917,0.04935543,0.06508862,0.04138805,0.03908267,0.04402459,0.04024623,0.04558110,50,0.0233716871,0.1078760313,0.0845043443,14.3643039666,0.0538564920,0.0759862659,-0.0732748387,1.3075087870,2.27869530,2.38349065,0.10479534,17.83736073,0.73978316,0.09763574,-0.05669062,1.01277055
175,0x210ad9000,0x211ad1000,8,8,1,184.58,-0.0013481582,0.0018766961,0.0861862484,0.0857829707,0.0906840541,0.0883476029,0.0872329870,0.0885191480,0.0852717610,0.0836302077,0.0905439398,0.0882103481,0.0851387954,0.0851055767,0.0895323116,0.0938953648,0.0938953648,0.0893936271,0.0897750333,0.0916249687,0.0886221125,0.0859510337,0.0911648782,0.0896709962,0.0837617436,0.0861526725,0.0828791359,0.0829442334,0.0886564965,0.0859173660,0.0886564965,0.0904388302,0.0875046371,0.0902286110,0.0884848577,0.0859173660,0.0897403858,0.0915187865,0.0937509613,0.0895669591,0.0863542196,0.0872669201,0.0894282746,0.0869951773,0.0902286110,0.0880729996,0.0897403858,0.0872669201,0.0875725960,0.0923842335,-0.00169640,0.01382125,0.05383780,0.06930325,0.06811829,0.07518323,0.06068327,0.07387114,0.08390710,0.04392917,0.08723589,0.05921914,0.06845430,0.07297983,0.07475495,0.07400871,0.06005947,0.07880557,0.06683743,0.05433865,0.06976248,0.05175783,0.07667660,0.06508624,0.06153718,0.04857129,0.05449822,0.06224619,0.05727261,0.05437201,0.04110907,0.06087919,0.06317609,0.05283313,0.04677030,0.04239483,0.06523405,0.04851342,0.06243799,0.07107816,0.04074774,0.03750821,0.05343303,0.06137466,0.04638053,0.05369387,0.06270468,0.05277525,0.05982862,0.05931910,50,0.0256472704,0.1049550466,0.0793077762,13.4591884770,0.0595915293,0.0736599732,-0.0566608846,1.2797649807,2.37907985,2.38195995,0.00288010,0.45871250,0.53504711,0.12812066,-0.00677034,0.99528350
176,0x28e85c000,0x275be3000,7,8,0,126.17,-0.0002862481,-0.0027682528,0.0947095520,0.0973681125,0.0963686655,0.0979973044,0.0964855732,0.0933615263,0.0999635607,0.1000435714,0.0952131603,0.0919433925,0.1000035661,0.0957150770,0.0946712282,0.0967583223,0.0933235607,0.1021669880,0.1021262683,0.0951745837,0.0966024808,0.0970700051,0.0984851816,0.0967583223,0.0955992420,0.0952517368,0.0903046253,0.0987630434,0.1022077077,0.0967583223,0.0976827621,0.0968361898,0.0991598496,0.1022484274,0.0952517368,0.0900836806,0.0904887794,0.0955606654,0.0999234461,0.0945565701,0.0975254910,0.0975647820,0.0967193885,0.0912751486,0.0945182463,0.0998834407,0.0930204563,0.0964466394,0.0978007423,0.0954062538,0.00015387,0.01032128,0.08201345,0.07437941,0.07703554,0.06553899,0.06872619,0.06539923,0.08628056,0.06086410,0.07319806,0.06913020,0.07540547,0.07052562,0.05235223,0.07731441,0.06571985,0.07412101,0.07875497,0.08174091,0.07188289,0.07040995,0.07889689,0.07796644,0.07146755,0.07710768,0.06664283,0.06654439,0.08396834,0.08557487,0.07587905,0.09816960,0.09272844,0.06727152,0.07845783,0.06165817,0.06066401,0.07752925,0.07436348,0.06042259,0.09092612,0.07219802,0.06285860,0.05807827,0.05661253,0.07268093,0.07491953,0.07148868,0.06205796,0.06799950,50,0.0266626450,0.1189837959,0.0923211509,11.8840945941,0.0432379387,0.0690099500,-0.0835215349,1.6995286534,2.31358016,2.41126251,0.09768235,12.61218031,0.48977442,0.04725695,-0.10482645,1.01576066
177,0x162ec4000,0x15b1ef000,2,11,0,126.23,-0.0153008191,-0.0251058639,0.0730789514,0.0751210355,0.0762395352,0.0762395352,0.0721521146,0.0749243661,0.0674951715,0.0679369604,0.0679369604,0.0696139470,0.0741589852,0.0743538668,0.0716930645,0.0755928489,0.0666722241,0.0777192359,0.0716165213,0.0760014298,0.0724198590,0.0695389370,0.0759860803,0.0698391820,0.0775189906,0.0725384582,0.0733878800,0.0729245398,0.0773188546,0.0778393612,0.0706160007,0.0709570708,0.0751210355,0.0741980253,0.0686848526,0.0679369604,0.0743538668,0.0785999862,0.0730017983,0.0772788492,0.0798439719,0.0740421839,0.0740421839,0.0798848029,0.0713360030,0.0680843239,0.0740421839,0.0718078270,0.0735037150,0.0729632218,-0.53625356,-0.53131063,-0.47650969,-0.45618684,-0.47486043,-0.45804370,-0.46976505,-0.45456603,-0.46886410,-0.46230247,-0.44836355,-0.46005404,-0.44824554,-0.46345314,-0.45623909,-0.45853288,-0.46891321,-0.45123721,-0.46019116,-0.45379193,-0.45511478,-0.48266278,-0.45156172,-0.47471121,-0.46783972,-0.46936526,-0.46091173,-0.48387210,-0.43702489,-0.47168181,-0.47329842,-0.47373624,-0.47393574,-0.47729575,-0.49897294,-0.47816748,-0.45239319,-0.47027796,-0.46952593,-0.46661937,-0.46707273,-0.46714141,-0.46044937,-0.47097759,-0.47359615,-0.48048775,-0.47326822,-0.46022287,-0.47584824,-0.47101952,50,0.0284561645,0.1174024159,0.0889462514,11.4534564942,0.0388884273,0.0759583827,-0.0744512761,1.5899641067,2.33661005,2.35826902,0.02165897,2.77727989,0.44078390,0.05107572,-0.07549368,1.00971442
178,0x3eaa4000,0x2a7f03000,0,14,0,128.94,-0.0021649072,-0.0000514771,0.0958125435,0.1027277947,0.1028500651,0.1012016549,0.0978896283,0.1001238768,0.1026462441,0.1047669121,0.0996016036,0.1000438662,0.0975529443,0.1014036881,0.0983221507,0.1450799528,0.1222464066,0.1189079361,0.1090895767,0.1098241007,0.1046010625,0.1013633256,0.1013633256,0.1024425343,0.0970074461,0.0988872875,0.1024018147,0.1017672816,0.1015248859,0.0967345907,0.0970853137,0.0960056371,0.1044350997,0.1048498934,0.1022794331,0.1002039968,0.1002441115,0.0991651493,0.1002441115,0.1008046234,0.1027277947,0.1011612924,0.0957353905,0.1012016549,0.1014845234,0.1035218537,0.1022387134,0.0947347654,0.1761562742,0.1055965745,-0.00825214,0.00406043,0.08653666,0.09245312,0.08664874,0.07269055,0.07542044,0.07531043,0.09639292,0.08546046,0.10172865,0.09232086,0.09352244,0.09829641,0.08582040,0.16069529,0.92936863,0.72525897,1.20791245,1.33454579,0.83669724,0.09075685,0.10350512,0.09753182,0.09879082,0.09056861,0.08812819,0.10189531,0.09315779,0.10017767,0.09507492,0.10513673,0.09551593,0.09339843,0.09471559,0.09566668,0.07514838,0.09495442,0.09645343,0.10341764,0.09463187,0.09999774,0.08972178,0.07500298,0.77389551,0.08283914,0.08330679,0.09675486,0.78846597,1.25082003,50,0.0311161138,0.1288028880,0.0976867742,12.8918758199,0.1347412774,0.0749589056,-0.0759057611,1.4836618913,2.46907611,2.58190914,0.11283303,14.93051910,1.09493820,0.05534685,-0.05510805,1.01285649
179,0x3da540000,0x3d3fbc000,5,5,1,184.60,-0.0181792168,-0.0149818974,0.0681887567,0.0723670299,0.0681543727,0.0692690712,0.0682573373,0.0725814417,0.0662296638,0.0717835975,0.0700690504,0.0693383661,0.0650142396,0.0701040551,0.0704894889,0.0685319406,0.0648480553,0.0715358713,0.0735180782,0.0695464403,0.0721167038,0.0702792697,0.0725457227,0.0711818663,0.0682573373,0.0693383661,0.0671423642,0.0695810878,0.0694424032,0.0704193839,0.0725457227,0.0690262549,0.0698931990,0.0693383661,0.0704193839,0.0711818663,0.0694424032,0.0717835975,0.0703843793,0.0660616925,0.0704193839,0.0685319406,0.0684632663,0.0628521818,0.0651139864,0.0713588688,0.0711818663,0.0725457227,0.0761191659,0.0685319406,-0.01601217,-0.00171425,0.05964225,0.05307078,0.04408817,0.03453370,0.04084819,0.03154492,0.05352761,0.05994156,0.03369302,0.02810249,0.04533500,0.04179585,0.04346897,0.04301197,0.04744439,0.04107052,0.05948588,0.04566522,0.05213024,0.04805253,0.05570179,0.05265096,0.06941964,0.06448840,0.07094118,0.05463163,0.07015173,0.06806561,0.07339802,0.05466266,0.93188823,0.04836795,0.05770913,0.06031940,0.05427667,0.05548003,0.07628307,0.03995475,0.05301648,0.04529413,0.03552107,0.05059752,0.03038080,0.04703792,0.04157979,0.04846156,0.05546937,0.05580183,50,0.0328970893,0.1099425775,0.0770454881,13.0880805648,0.1147612223,0.0510288912,-0.0623906724,1.7162124430,2.41686731,2.44548746,0.02862015,4.82635076,1.01491961,-0.00103245,0.02087722,1.03121662
180,0x237402000,0x211b32000,1,1,1,184.66,0.0019349723,-0.0056247289,0.0828373484,0.0815878873,0.0860761347,0.0837435208,0.0896795650,0.0860054110,0.0848213210,0.0860407729,0.0846462021,0.0868339698,0.0818256971,0.0872987076,0.0867839514,0.0852067548,0.0897525314,0.0850315402,0.0807453826,0.0865008634,0.0862176787,0.0869769435,0.0824369562,0.0848914260,0.0840209846,0.0895337318,0.0853468691,0.0884519986,0.0805100761,0.0858991323,0.0884880748,0.0861469550,0.0872272695,0.0831462420,0.0869769435,0.0880547658,0.0840556321,0.0826657096,0.0874059623,0.0839863371,0.0840209846,0.0832492065,0.0840903742,0.0852417595,0.0776345452,0.0840556321,0.0851016452,0.0805100761,0.0875847527,0.0819615221,-0.01698869,-0.01112041,0.06561553,0.06939550,0.07086012,0.07569750,0.06260048,0.08559827,0.05890230,0.06833663,0.05977190,0.06751034,0.05588161,0.04717907,0.06343694,0.06449201,0.06135717,0.06087980,0.05378301,0.07010306,0.06788164,0.05522797,0.05546044,0.05574106,0.06507476,0.04758483,0.06447393,0.05970851,0.06431276,0.07221732,0.07301337,0.07780819,0.06400171,0.07248271,0.06805167,0.07407337,0.06107582,0.06912848,0.05975574,0.05122541,0.06420056,0.05380958,0.07139393,0.06665548,0.05897938,0.05887613,0.06328389,0.06317250,0.06036233,0.06118539,50,0.0282231805,0.1072561836,0.0790330031,13.4388435888,0.0681579909,0.0716448634,-0.0325356361,1.3837908448,2.32882199,2.41113732,0.08231533,14.03234782,0.64730176,0.05591293,-0.00009328,1.02104842
181,0x3c9362000,0x3c88a4000,5,5,1,184.59,0.0000755150,0.0042519840,0.0854360396,0.0812127435,0.0821590198,0.0849455918,0.0851207107,0.0832397026,0.0829650993,0.0820571279,0.0840429105,0.0823287780,0.0833426671,0.0818872770,0.0842857268,0.0834799219,0.0824646958,0.0829308090,0.0817514520,0.0832739929,0.0878841424,0.0874908426,0.0830681575,0.0779664392,0.0818872770,0.0877053520,0.0853660303,0.0836858510,0.0846324855,0.0736691202,0.0822269787,0.0845630959,0.0824986288,0.0832739929,0.0843550218,0.0878841424,0.0821929529,0.0835485962,0.0808094658,0.0853309300,0.0874194045,0.0820910610,0.0823967369,0.0823287780,0.0824306700,0.0875623783,0.0821929529,0.0840429105,0.0839042260,0.0824646958,0.01014475,0.01339831,0.08063538,0.08016231,0.06590579,0.07231591,0.08014126,0.07213789,0.07764208,0.06509748,0.06228266,0.08556007,0.07575166,0.05392491,0.05717740,0.05368730,0.06764625,0.05537242,0.06609481,0.06348324,0.06423974,0.08412471,0.05587141,0.04997014,0.04866070,0.90831170,0.05708368,0.05734078,0.06478028,0.04278351,0.05460789,0.05228336,0.06583027,0.06222868,0.05367280,0.05921766,0.04123447,0.07368831,0.05607329,0.06019904,0.05244744,0.06092366,0.06863237,0.05774763,0.05755127,0.06623509,0.06166675,0.04549440,0.04866902,0.06795525,50,0.0250155303,0.1054284516,0.0804129213,13.6352188862,0.0467297033,0.0617070506,-0.0525717674,1.5357910038,2.32158601,2.39160286,0.07001685,11.93072347,0.58946336,0.10105901,-0.03014178,1.01036904
182,0xdb37a000,0x3a32e6000,6,5,0,128.84,0.0123180677,-0.0062964395,0.0966040176,0.1019326727,0.0964038816,0.0982798982,0.1005192626,0.0935904460,0.0954025370,0.0962437510,0.0964438870,0.0985244389,0.0998103277,0.0987688683,0.0986058783,0.0974845201,0.1009753772,0.0954421851,0.1010997927,0.0975248826,0.0996048309,0.0998514046,0.0970805641,0.0986058783,0.0963638763,0.0972825972,0.0955214814,0.0951644316,0.0975248826,0.1007679803,0.0982390672,0.0950056225,0.0954025370,0.0973633223,0.0981712343,0.0996048309,0.1008509617,0.0950453789,0.0971612891,0.1009338299,0.1015562087,0.0952040797,0.0985244389,0.0923127764,0.1017234880,0.1020581607,0.0994404110,0.0952834843,0.0960835110,0.0944784543,0.02517710,-0.01586239,0.07306588,0.06381008,0.09242021,0.07434681,0.08699366,0.07123096,0.07619313,0.07529848,0.07186943,0.07640781,0.08207240,0.07537881,0.07900084,0.06640325,0.08965375,0.06649920,0.07412636,0.07586249,0.07962700,0.07531022,0.07481327,0.07302324,0.06520203,0.05497273,0.08156039,0.06394010,0.07231171,0.06527493,0.06814265,0.06414137,0.06118235,0.07626888,0.06986442,0.06575752,0.08121560,0.06166356,0.06243524,0.06674838,0.07445164,0.05653161,0.06149422,0.07740175,0.07009489,0.07479361,0.07667968,0.06343549,0.07621936,0.08250047,50,0.0256157639,0.1230443902,0.0974286263,12.8025893016,0.0476406804,0.0903648018,-0.0597611453,1.3169741528,2.29405327,2.36507317,0.07101990,9.34131357,0.57807076,0.00478239,-0.03929057,1.04117979
183,0x160f1c000,0x16bc5a000,2,2,1,184.61,0.0129149287,-0.0042928643,0.0697966154,0.0754337338,0.0550368189,0.0526066849,0.0582131139,0.0570623483,0.0538203222,0.0508385193,0.0535514398,0.0569583112,0.0567848846,0.0550028859,0.0550368189,0.0571663854,0.0567848846,0.0604830451,0.0581780136,0.0484487537,0.0561532217,0.0573744596,0.0549009939,0.0559816766,0.0538203222,0.0601613786,0.0602686333,0.0583532282,0.0603043523,0.0551726440,0.0539882934,0.1685860305,0.0701084046,0.0735527128,0.0678690431,0.2206122146,0.0558787121,0.0576518287,0.0527064318,0.0557070733,0.0584583378,0.0511313247,0.0582481186,0.0592236806,0.0570969958,0.0606261164,0.0591883188,0.0558101315,0.0494654883,0.0573050700,0.34224904,0.67286592,0.70864751,-0.47402008,-0.47606064,-0.49539572,-0.49895679,-0.49988955,-0.49014544,-0.50345765,-0.49731678,-0.50341876,-0.50438519,-0.50423833,-0.50308772,-0.49675609,-0.50174010,-0.48416469,-0.50155585,-0.50638385,-0.50432989,-0.50124230,-0.50715522,-0.50758141,-0.50569870,-0.46702228,-0.49195225,-0.49015892,-0.49940915,-0.49050764,-0.49436936,0.55650621,0.50704857,0.58037538,0.69476547,0.82384375,-0.49135569,-0.48292876,-0.49471474,-0.49892498,-0.49276206,-0.49494469,-0.49715808,-0.50262712,-0.50420770,-0.48913325,-0.49651961,-0.50659290,-0.50924176,-0.50128744,50,0.0314501556,0.1072112889,0.0757611333,12.8439281194,0.1036528159,0.0747905361,-0.0521637849,1.2337565961,2.39537267,2.45155954,0.05618687,9.60475218,0.81013193,0.13235676,0.04834319,1.01787982
184,0x359813000,0x33b88b000,10,10,1,184.68,-0.0035498073,0.0040660128,0.0874969074,0.0902122908,0.0883004615,0.0890629439,0.0882304521,0.0877742765,0.0950840994,0.0883705664,0.1811374767,0.0872194437,0.0903910811,0.0882654568,0.0893461285,0.1298657581,0.0935215633,0.1065958539,0.0936688263,0.0958677190,0.0847857247,0.0858295212,0.0883004615,0.0836738877,0.0807332593,0.0879851326,0.0912908284,0.0862070890,0.0829618452,0.0848196578,0.0851931999,0.0828953171,0.0872541858,0.0904625192,0.0883355618,0.0848876167,0.0862070890,0.0903910811,0.0904625192,0.0883705664,0.0882654568,0.0872888333,0.0808308611,0.0910345118,0.1293310031,0.0870461116,0.0907485643,0.0904268002,0.0870807591,0.1177564334,-0.00808529,0.01361610,0.04937418,0.05731267,0.06277960,0.06663367,0.07279080,0.06003937,0.06149631,0.06542333,0.15559520,0.05500649,0.05723101,0.16897249,0.33995920,0.86197891,1.02002713,0.99358702,1.26058176,1.14046325,0.08297028,0.08605641,0.07253250,0.07003841,0.04623374,0.07052665,0.07289207,0.07376855,0.06622731,0.06596409,0.07537769,0.05552206,0.05097413,0.04926527,0.04330644,0.05919892,0.96887916,0.05939306,0.06585201,0.05489787,0.05278528,0.05616290,0.04377787,0.05717438,0.87948008,0.05528371,0.04778156,0.05134171,0.04459606,0.91873091,50,0.0347875034,0.1110064639,0.0762189606,12.9304256756,0.1365658445,0.0631054819,-0.0753792061,1.7000033413,2.45477725,2.51074811,0.05597086,9.45471997,1.12738969,0.14934039,-0.16866903,1.01657261
185,0x3dd0f0000,0x3db7a6000,5,5,1,184.38,-0.0111635490,-0.0165454711,0.0708903182,0.0699118846,0.0720399276,0.0720052801,0.0755690482,0.0762196396,0.0757120220,0.0717278164,0.0712335020,0.0723173914,0.0718665956,0.0733311646,0.0753188198,0.0730859407,0.0798301863,0.0675828354,0.0698439257,0.0698439257,0.0741666124,0.0698439257,0.0731209454,0.0739542481,0.0715891318,0.0731209454,0.0738834278,0.0733311646,0.0695721829,0.0734012696,0.0696401417,0.0796070965,0.0696062087,0.0749612390,0.0738834278,0.0777368269,0.0757120220,0.0763640431,0.0740957921,0.0753545388,0.0752115651,0.0696062087,0.0698439257,0.0723173914,0.0766529487,0.0763640431,0.0742374327,0.0678155479,0.0687968299,0.0734012696,0.00213133,-0.00404171,0.05616427,0.07002071,0.06425350,0.08000736,0.04282587,0.06414987,0.07204165,0.05774658,0.06538749,0.06774914,0.08441889,0.08808428,0.09236437,0.07270558,0.08060724,0.05446151,0.07231490,0.07212703,0.07462687,0.08028536,0.08592883,0.05727918,0.05898353,0.07807399,0.07044583,0.08333290,0.06864640,0.04495773,0.06213526,0.05944250,0.06605451,0.05822686,0.08695779,0.07149242,0.06846263,0.06852290,0.06466276,0.07150055,0.05586454,0.06725903,0.06126624,0.06965273,0.06678659,0.07439957,0.07514483,0.04892338,0.06772791,0.07189957,50,0.0244346146,0.1083573168,0.0839227022,14.2730038288,0.0691109621,0.0882354494,-0.0470860993,1.2128912339,2.41047073,2.42193393,0.01146321,1.97107508,0.72031495,0.05002247,-0.03277999,1.02826879
186,0x5db27000,0x8299000,9,9,1,184.65,-0.0002257526,-0.0013017642,0.0914486744,0.0844834942,0.0873819571,0.0850432541,0.0850783544,0.0854286879,0.0883553852,0.0875964665,0.0869886573,0.0852534733,0.0841367355,0.0838246243,0.0872389834,0.0839286614,0.0875249309,0.0840326984,0.0885358649,0.0893996124,0.0851133590,0.0838246243,0.0828833525,0.0840673459,0.0842060305,0.0850082494,0.0824486700,0.0840673459,0.0872389834,0.0873819571,0.0852534733,0.0818374109,0.0933162137,0.0819052771,0.0843448097,0.0816675600,0.0916345148,0.0815656681,0.0840673459,0.0873104215,0.0880664796,0.0828490622,0.0818033851,0.0839633088,0.0869172193,0.0882109817,0.0851133590,0.0821770199,0.0840673459,0.0818713440,-0.05942594,-0.00248891,0.07301601,0.07898075,0.08644358,0.06943434,0.04979947,0.06322352,0.06466855,0.06875454,0.05586369,0.06647244,0.07015376,0.06578430,0.06436580,0.07808710,0.05497644,0.04095885,0.06954552,0.06821911,0.07090429,0.06973570,0.07269562,0.07406813,0.05729057,0.07193581,0.06872637,0.06810252,0.07298634,0.07559132,0.06459027,0.05694736,0.07125893,0.06764421,0.04811305,0.06816822,0.07406607,0.05844949,0.05892707,0.07312870,0.08064236,0.05610957,0.08601549,0.04800238,0.05950543,0.07490400,0.06572065,0.06292749,0.06454022,0.06433533,50,0.0278428918,0.1074098544,0.0795669626,13.5084408355,0.0560142346,0.0685923863,-0.0798068968,1.3283582821,2.30228532,2.37256263,0.07027731,11.94457323,0.68824411,0.04496581,-0.09669332,1.01107933
187,0x8e993000,0x9a507000,15,15,1,184.60,-0.0010934566,0.0075916148,0.0889011495,0.0852702326,0.0786971680,0.0873225232,0.0898399311,0.0831117376,0.0832814957,0.0831117376,0.0854089171,0.0866646966,0.0820660715,0.0832475627,0.0862092535,0.0928248930,0.0887581758,0.0823012863,0.0887224568,0.0860691393,0.0855822491,0.0883648760,0.0832475627,0.0883648760,0.0843282454,0.0864895777,0.0855476017,0.0857210283,0.0832814957,0.0843282454,0.0885079473,0.0834173208,0.0863844681,0.0878887959,0.0908486979,0.0834513466,0.0833494546,0.0872870648,0.0854089171,0.0876056113,0.0857210283,0.0926760989,0.0857210283,0.0849927688,0.0853395275,0.0865245824,0.0854435646,0.0875702494,0.0930107335,0.0905204985,-0.00877678,0.00504761,0.07624311,0.05998325,0.06574921,0.06569532,0.07205671,0.05641926,0.06197553,0.06640149,0.05668315,0.06739927,0.05247180,0.07426854,0.06293700,0.08728422,0.07024668,0.06344700,0.06711390,0.08364348,0.06689558,0.06180734,0.06781620,0.07736378,0.06812055,0.06690977,0.05833564,0.05945130,0.05299946,0.05204003,0.93526555,0.05616173,0.06173527,0.07489263,0.07231358,0.04236198,0.08467469,0.06462088,0.06311598,0.05362466,0.06482402,0.07284200,0.05033616,0.06916402,0.04591712,0.08354071,0.07189427,0.05702660,0.06130922,0.06013621,50,0.0219528242,0.1069973492,0.0850445250,14.4540511077,0.0649323469,0.0820488356,-0.0517145201,1.1517408242,2.26792944,2.38802765,0.12009821,20.42797733,0.75051669,0.06507074,-0.03576867,0.99969642
188,0x2a79e1000,0x2768c3000,14,8,0,126.28,0.0007850320,-0.0002445088,0.0981556381,0.0970738163,0.0957243609,0.0980387304,0.0939413008,0.0990406797,0.0970352397,0.0955712746,0.1002396555,0.0995518913,0.1013207619,0.0958773428,0.0961068678,0.0924494762,0.1012006366,0.0966104761,0.0969965578,0.0967649931,0.0948345665,0.0925609196,0.0956861415,0.0959155621,0.0958007996,0.0956478177,0.1004381128,0.1008803753,0.0987261374,0.0980776642,0.0959155621,0.0905833952,0.0969579812,0.0935659433,0.0939036934,0.0987011363,0.0989620978,0.0962216304,0.0933407083,0.0960685440,0.0950998087,0.0913337335,0.0901822294,0.1024422304,0.0946451521,0.1008002553,0.0971896513,0.0987261374,0.0957243609,0.0967263112,-0.00342197,-0.00089087,0.05473683,0.06043523,0.07285000,0.06765727,0.05944342,0.07704465,0.06090146,0.05744592,0.06024463,0.07550045,0.07104517,0.07792890,0.07324130,0.07868474,0.06802163,0.07164006,0.07295479,0.05092413,0.06756754,0.05567275,0.05987565,0.05982189,0.06569612,0.06423859,0.06724677,0.07033275,0.06954077,0.05006545,0.06958264,0.04568781,0.07619181,0.06057961,0.06473702,0.07104359,0.05555123,0.06599623,0.06261831,0.06487409,0.08372178,0.09781221,0.06208255,0.06810106,0.06209426,0.06598926,0.07045110,0.05607694,0.06474716,0.07562590,50,0.0246284364,0.1183737349,0.0937452985,12.0893221250,0.0557915631,0.0862399934,-0.0919312037,1.3744578623,2.31670622,2.41066698,0.09396077,12.17416599,0.71240290,0.01759267,-0.11850185,1.01657367
189,0x8b69e000,0x3d35a4000,6,5,0,128.97,-0.0130582823,-0.0109562716,0.0861827177,0.1713194113,0.0819406674,0.0873044331,0.0847491211,0.0829417631,0.1090637332,0.0934395102,0.1514526984,0.0908442311,0.0935267838,0.0851837651,0.0849393357,0.0838604841,0.0864704805,0.0839412091,0.0875946981,0.0830217738,0.0865115574,0.0821391246,0.0775401353,0.0836584509,0.0853467551,0.0832220191,0.0830618884,0.0799735577,0.0882595835,0.0883013748,0.0832220191,0.0853467551,0.0880923043,0.0841027694,0.0832220191,0.0815438612,0.0837796488,0.1167893060,0.0882177923,0.0819010193,0.0831018938,0.0829417631,0.1059135021,0.0960827581,0.0917129405,0.0891281769,0.0836988134,0.0836988134,0.0837391760,0.0827015125,-0.39734372,-0.40093565,-0.27562850,-0.18498657,-0.31808759,-0.33534771,-0.32604122,-0.33954955,0.61285583,0.64538229,0.70254080,0.93853653,0.78853673,0.60820117,-0.30971163,-0.32391914,-0.33401947,-0.33269510,-0.32249520,-0.31439251,-0.33494785,-0.31535812,-0.34715972,-0.33698086,-0.32250729,-0.33959925,-0.32756200,-0.33583321,-0.34394066,-0.32805151,-0.32678380,-0.33214194,-0.32053861,-0.32937299,-0.32687108,-0.32835847,-0.33532684,0.49643225,-0.32467401,-0.34152166,-0.33595071,-0.32313013,0.21573921,0.64808275,0.76740990,0.79220106,0.48863729,-0.32310621,-0.32252993,-0.32860775,50,0.0338035016,0.1272366126,0.0934331111,12.2718997240,0.1244941427,0.0843838773,-0.0750900829,1.4612393677,2.43601178,2.51695562,0.08094384,10.60797939,1.07273544,-0.00855436,-0.00755976,0.97178710
190,0x34be9c000,0x91dcd000,3,15,0,128.94,0.0016298531,0.0037693874,0.1045313953,0.1054909468,0.1037977733,0.1046536657,0.1053265269,0.0980344725,0.1022056977,0.1056142898,0.0999641900,0.1043275743,0.1029638205,0.1021655830,0.1040831449,0.1076125775,0.1007273186,0.1030446558,0.1009257758,0.1064482423,0.1031253809,0.1066970733,0.1019254417,0.1031658537,0.1066970733,0.1036505347,0.1021655830,0.1039200436,0.1030446558,0.0987277101,0.1010844766,0.1023257137,0.1055320237,0.0969133652,0.1033274140,0.1050798410,0.1043684053,0.1104276528,0.1060335618,0.1038793239,0.1052442609,0.1065312237,0.0965309626,0.1010844766,0.1028426227,0.1019654471,0.1022056977,0.1008861277,0.1019254417,0.1052442609,-0.03674519,-0.04526913,0.09317995,0.09720977,0.09195219,0.09924705,0.09948600,0.07968821,0.07416503,0.09729839,0.09398664,0.08086958,0.08015579,0.09114376,0.09391184,0.09686007,0.09367765,0.09124787,0.08828163,0.08797901,0.07504592,0.08669730,0.09607110,0.09754419,0.08195675,0.07830255,0.09318462,0.09352952,0.08827878,0.07855561,0.07548991,0.09516246,0.10048370,0.08810405,0.09570792,0.09800188,0.09637665,0.08512596,0.09194717,0.09912337,0.09066592,0.11136777,0.09135756,0.08476107,0.10055939,0.11053562,0.08741505,0.08996414,0.10030914,0.10282064,50,0.0345513029,0.1281111128,0.0935598099,12.3260235721,0.1242476906,0.0914078270,-0.0703184893,1.3589547249,2.56999302,2.54989686,-0.02009616,-2.66118532,0.92902109,0.08325152,0.05884727,1.05046921
191,0x27474e000,0x14ebd5000,1,11,0,128.81,-0.0067081666,0.0082760811,0.0982414639,0.0983648068,0.0935529499,0.0969140287,0.0981181209,0.0977070151,0.0992412660,0.0893111186,0.0978303580,0.0992827001,0.0979537010,0.0938703515,0.0979125119,0.1036554923,0.1037841979,0.0958333903,0.0935925980,0.1034839238,0.0891198129,0.0961161484,0.1003651254,0.0948328718,0.0972808398,0.0991168505,0.0924733839,0.0992412660,0.0938703515,0.0968733090,0.0926306551,0.0956314674,0.1008148633,0.0921981326,0.0956314674,0.0940291607,0.0957525549,0.0958737528,0.0945526158,0.0951131277,0.0951931384,0.0959949506,0.0989924350,0.0958737528,0.0968733090,0.0947527518,0.0982002747,0.0988681327,0.0935133018,0.0937910553,0.00442717,0.00673965,0.08620631,0.07309650,0.07583833,0.08714945,0.07164099,0.09312739,0.09273581,0.06817502,0.07527151,0.08268331,0.08552085,0.08678867,0.08519335,1.00969612,1.00644061,0.08623965,0.08662846,1.00508300,0.06478020,0.08172126,0.09666227,0.10244857,0.07195794,0.08840260,0.08478475,0.08523950,0.06114781,0.07126657,0.07732268,0.07356411,0.08062801,0.06211810,0.07130735,0.08304237,0.07113705,0.07215520,0.08363114,0.07777727,0.07614655,0.08303214,0.09406194,0.07261088,0.08167173,0.06991459,0.08432852,0.08699658,0.06752471,0.07936672,50,0.0288117290,0.1231760813,0.0943643523,12.3931023594,0.0370761028,0.0823750526,-0.0769226250,1.2778279545,2.27927759,2.36851422,0.08923663,11.76053641,0.64171224,0.06090171,-0.13714695,0.98895666
192,0x2251f5000,0x2a783d000,8,14,0,126.29,0.0043173377,0.0020515991,0.0941892969,0.0929137725,0.0939555879,0.0909419099,0.0908283234,0.0938386802,0.0892964996,0.0884795630,0.0952324313,0.0960763940,0.0884795630,0.0970764171,0.0909798756,0.0938386802,0.0957589924,0.0885539601,0.0894842295,0.0931454425,0.0881364124,0.0929910310,0.0984383841,0.0898970921,0.0893715096,0.0918331340,0.0918713534,0.0928365140,0.0928365140,0.0897844746,0.0935268910,0.0947605105,0.0936437987,0.0866485862,0.0919096772,0.0980747906,0.0920243353,0.0915270658,0.0929910310,0.0974366838,0.0920243353,0.0918713534,0.0953111205,0.0892231278,0.0961161505,0.0936437987,0.0957589924,0.0950358692,0.0874367876,0.0918331340,-0.00260379,0.01861816,0.06099129,0.06892201,0.07304691,0.06149643,0.06139882,0.07560785,0.07580792,0.06529294,0.06915153,0.06616802,0.07251652,0.07676109,0.04206045,0.05848245,0.07530094,0.07689026,0.04955386,0.07152651,0.06996759,0.06566682,0.06646207,0.06289337,0.06908203,0.06480338,0.05717427,0.06558973,0.05878754,0.06542358,0.06891970,0.05541388,0.07199685,0.05875364,0.07562434,0.07013060,0.06221585,0.06983707,0.06023848,0.07322040,0.06817751,0.07178755,0.07291277,0.05588731,0.08310786,0.07516850,0.07474512,0.07887167,0.04558023,0.07463523,50,0.0266520507,0.1183460357,0.0916939849,11.8301591919,0.0512308967,0.0762946205,-0.0884065241,1.2966713086,2.34920485,2.41952538,0.07032052,9.09623828,0.56376869,0.04470363,-0.06031569,1.00668681
193,0x1dd51d000,0x1dc25b000,13,13,1,184.64,-0.0051290723,0.0239654133,0.0710559408,0.0716164565,0.0740137290,0.0767788903,0.0769869645,0.0792544789,0.0781026298,0.0768829274,0.0770910016,0.0788651121,0.0767095007,0.0803005041,0.0754944347,0.0745538672,0.0772990757,0.0792191171,0.0814901310,0.0805507326,0.0758720025,0.0802646875,0.0781727347,0.0743161873,0.0716164565,0.0825361451,0.0780676251,0.0777873009,0.0707631355,0.0799429234,0.0736776948,0.0789713909,0.0756316895,0.0758720025,0.0808366801,0.0769869645,0.0781727347,0.0705354276,0.0737449383,0.0748256100,0.0781026298,0.0804791969,0.0765708162,0.0771256490,0.0791482968,0.0781727347,0.0803005041,0.0777873009,0.0769175749,0.0796083873,-0.15652803,0.56138324,-0.11307490,-0.12345667,-0.12544536,-0.11723624,-0.12041190,-0.10857762,-0.12374586,-0.12518353,-0.12322486,-0.12561368,-0.12679714,-0.12839442,-0.12730658,-0.13143673,-0.12545495,-0.11126031,-0.11519846,-0.11595465,-0.13426356,-0.11400708,-0.12365951,-0.10469597,-0.12420397,-0.11809234,-0.10824915,-0.11901275,-0.10053482,-0.11395127,-0.10835488,-0.11571849,-0.10532224,-0.14374517,-0.11145352,-0.11828846,-0.12832649,-0.12979915,-0.12806926,-0.12837093,-0.11537316,-0.12159856,-0.12658795,-0.12204177,-0.12806841,-0.13138653,-0.12698057,-0.11979623,-0.13473758,-0.11278936,50,0.0273380356,0.1056900981,0.0783520624,13.2865098746,0.0588248504,0.0599774625,-0.0758979900,1.4229634345,2.40969095,2.39183080,-0.01786015,-3.10854890,0.75827001,-0.02971312,-0.08677662,1.02286875
194,0x20a51a000,0x16acbb000,1,11,0,128.99,-0.0022978172,-0.0086735201,0.1015599716,0.1048030693,0.1043883888,0.1043883888,0.1014792466,0.1023149872,0.0990804679,0.1045543515,0.1029670586,0.1021519971,0.1022741562,0.0971580107,0.1002788399,0.0994376260,0.1034754999,0.1040510256,0.1058422737,0.1037220736,0.1036399198,0.1013176862,0.1011156531,0.1046786538,0.0995963268,0.1028447882,0.1001186000,0.0991598725,0.0991598725,0.1047202011,0.0999584693,0.0989614152,0.0991995206,0.1026002475,0.1013176862,0.0948443555,0.1011156531,0.0994772741,0.1006391066,0.1007993465,0.0970800368,0.1022741562,0.1013176862,0.1023965378,0.1071760332,0.1026409672,0.0993185733,0.0987233098,0.1004789759,0.0990804679,-0.02157179,-0.01140658,0.08187027,0.06916111,0.07401275,0.06007045,0.06259171,0.06476683,0.06729771,0.07190388,0.06878210,0.06178479,0.05520997,0.06614015,0.06533209,0.05661476,0.06803983,0.06584114,0.06018911,0.06104342,0.06771803,0.07179739,0.06439511,0.08382986,0.07181925,0.06352897,0.06327797,0.05126215,0.06891871,0.06305449,0.06203183,0.06307618,0.07441678,0.07557517,0.14117731,0.05343545,0.06290811,0.06918735,0.06216722,0.06479768,0.06122063,0.05990434,0.07280080,0.09166322,0.07030827,0.07556945,0.05660186,0.04634431,0.06779139,0.06539945,50,0.0272501136,0.1225572134,0.0953070998,12.5060332063,0.0253862374,0.0741788306,-0.0862755671,1.5522531481,2.31263095,2.37413433,0.06150338,8.06983206,0.59858195,0.08262680,-0.06577817,1.01518889
195,0xd25f000,0x6329000,9,9,1,184.61,-0.0460239430,-0.0459595960,0.0405349016,0.0401494678,0.0418290102,0.0403947874,0.0447524788,0.0461276875,0.0414042815,0.0379938564,0.0380282404,0.0426983901,0.0971116230,0.0476566967,0.0535944143,0.0444607128,0.0689262212,0.0364095635,0.0407451209,0.0426983901,0.0349932149,0.0423050903,0.0393837789,0.0405349016,0.0371877770,0.0381654952,0.0416166459,0.0381312049,0.0406049109,0.0384400048,0.0328975945,0.0371538439,0.0371877770,0.0427341091,0.0390370202,0.0369160341,0.0426626711,0.0403947874,0.0444607128,0.0370519519,0.0670947598,0.0395224634,0.0370858850,0.0351261805,0.0393837789,0.0329951963,0.0384400048,0.0361406812,0.0393491314,0.0371538439,-0.03610519,-0.06289823,0.00883741,0.02563173,0.01396882,0.00471785,0.00678226,0.82256934,0.05972926,0.01212043,0.01198677,0.02120797,0.74248371,1.00652149,1.10246365,1.21342306,1.09881749,0.03153058,0.02559938,0.02592110,0.01512445,0.01858596,0.00878265,0.02777239,0.00706626,0.00579569,0.01242074,0.01090237,0.01612821,0.01430058,-0.00125968,0.00837168,-0.00169498,0.00697455,0.01636359,0.00211081,0.02863003,0.01151327,0.00823959,0.02095712,0.86251466,0.02107640,0.02077668,0.01277453,0.00396791,0.00202734,0.00518774,0.01285447,0.02245377,0.03280418,50,0.0446816311,0.1096368988,0.0649552677,11.0343698151,0.1078846580,0.0543522403,-0.0705349747,1.6583418384,2.50613189,2.50532146,-0.00081043,-0.15308532,0.94794971,0.02427564,-0.03207887,1.01763382
196,0x1e22f6000,0x28dc78000,4,7,0,128.93,0.0016817787,0.0016817787,0.0998219221,0.0999409748,0.1019011540,0.0999409748,0.1022242747,0.1055120242,0.0997029778,0.1007018199,0.0944980236,0.1016587584,0.1031433528,0.0999807313,0.1006617053,0.1023051100,0.1024263078,0.1039774161,0.0999409748,0.0956934246,0.0998616786,0.1031026331,0.1067618429,0.1040186052,0.0963503720,0.1074660174,0.1021030769,0.1007819399,0.0999409748,0.0953874608,0.1050974568,0.1007418253,0.0997426259,0.1021435497,0.0996632213,0.1021435497,0.1007819399,0.1049729281,0.1041830251,0.1004171856,0.1086318941,0.1075081659,0.0990172503,0.1030618022,0.1020223518,0.0986241262,0.0943086092,0.1021435497,0.1053877219,0.0999013267,0.01145156,0.01177134,0.07503977,0.07703197,0.07624757,0.07494293,0.08966282,0.08126910,0.07933273,0.07511054,0.08150576,0.08358998,0.07390319,0.08434054,0.07113970,0.08611517,0.09157334,0.07252066,0.09941052,0.06279461,0.08607384,0.08523769,0.11323411,0.08532141,0.08099136,0.08558728,0.09328430,0.10574460,0.09027290,0.08469441,0.10457466,0.08528203,0.09352606,0.08151228,0.09973751,0.08789855,0.07341082,0.10581420,0.07198195,0.08200307,0.09052133,0.08842772,0.07574437,0.07336679,0.06136619,0.07207029,0.05767729,0.06904623,0.07443983,0.08055237,50,0.0313327233,0.1282155436,0.0968828204,12.7397531257,0.1226147852,0.0812685876,-0.0936281620,1.6890079865,2.39783541,2.51058341,0.11274801,14.81939128,1.04981362,0.09369076,-0.07485855,1.05228553
197,0x87a8000,0x8ef68000,0,6,0,126.22,-0.0008201582,0.0002984167,0.0997560113,0.0966691102,0.0963938590,0.0943875973,0.0928086168,0.0887947774,0.0989549135,0.0965118391,0.0928468362,0.0997155385,0.0929615987,0.0929999225,0.0928086168,0.0940787741,0.0952356038,0.0945034323,0.0912550818,0.0953525114,0.0934206488,0.0985144176,0.0960399184,0.0935736307,0.0983944016,0.0898375527,0.0913676993,0.0934206488,0.0951966700,0.0974343838,0.0963151697,0.0962365878,0.0921483475,0.0951186961,0.0897260079,0.0963151697,0.0934206488,0.0910673518,0.0986345429,0.1372341645,0.1072827296,0.1083637253,0.1029172022,0.0971962784,0.1028342208,0.1028342208,0.1115625314,0.1007965342,0.0987146629,0.0983944016,0.01254969,-0.00251208,0.03986124,0.06747203,0.05518244,0.06170637,0.05600877,0.04028499,0.05862727,0.04545987,0.03341508,0.04859970,0.03393654,0.04378710,0.04043052,0.03414387,0.05007914,0.05123953,0.04801967,0.05624610,0.03933666,0.04406754,0.04937657,0.04010585,0.05540313,0.04539955,0.05607673,0.06148786,0.04380232,0.04936586,0.05667710,0.05241913,0.06056050,0.04478504,0.03554838,0.03803581,0.75944314,0.03822414,0.95255550,0.93147868,0.97515373,1.03860991,0.97518575,1.02037576,1.04652249,1.05444450,0.82353869,0.04046787,0.06814836,0.06389892,50,0.0314255191,0.1185991567,0.0871736376,11.3112642669,0.0592162585,0.0454527440,-0.0819562246,1.9458533148,2.37380352,2.41906117,0.04525765,5.94344399,0.48001624,-0.01193499,-0.05571980,1.02858999
198,0x39e870000,0x3d3e78000,5,5,1,184.64,0.0100800443,-0.0030188560,0.0825819123,0.0799601212,0.0748002007,0.0787429211,0.0806257836,0.0786735315,0.0769622585,0.0865428036,0.0975017850,0.0863568616,0.0910155896,0.0897433927,0.0927058783,0.0882094238,0.2507473219,0.0767245414,0.0831234610,0.0789163478,0.0823316838,0.0811448300,0.0763849324,0.0802053451,0.0789856428,0.0788122161,0.0796791602,0.0832679631,0.0812863740,0.0834123666,0.0791243273,0.0814987383,0.0791243273,0.0790896798,0.0814279180,0.0747669820,0.0769962843,0.0791590694,0.0810386478,0.0790202902,0.0814987383,0.0791243273,0.0778717533,0.0761501120,0.0779060436,0.0823674029,0.0769622585,0.0825819123,0.0863568616,0.0793324015,0.02096617,-0.00934019,0.04507430,0.04277182,0.04309972,0.06016414,0.05629070,0.05768589,0.83104231,0.11775240,1.00517992,1.00519970,1.01244400,1.01088391,1.01706757,1.04584197,1.24093829,0.07533600,0.92842678,0.07344716,0.07985214,0.07035497,0.04613573,0.07206343,0.05858643,0.06070637,0.07063903,0.05447936,0.07042607,0.04588750,0.05735848,0.06322468,0.06665964,0.05441488,0.06797158,0.09090438,0.04781253,0.08263150,0.05060549,0.06197303,0.05951850,0.05921622,0.05646120,0.06507608,0.07098231,0.06088562,0.08296277,0.07602190,0.08000391,0.06708596,50,0.0233863028,0.1069394735,0.0835531708,14.1577808379,0.0499096705,0.0762080175,-0.0704100313,1.1892663251,2.26675650,2.36591689,0.09916040,16.78953117,0.61070063,0.05298419,-0.05210719,1.00682374
199,0xdbd47000,0x344bb0000,15,3,0,128.97,-0.0009572368,0.0226834719,0.0974986715,0.0952921626,0.0821568482,0.0963336219,0.0970010095,0.0941290122,0.0915686732,0.0951291725,0.0953329935,0.0948031925,0.0959637053,0.0949661825,0.0917670221,0.2066296664,0.1268908164,0.1115290973,0.0952921626,0.0904118477,0.0947623615,0.0931674265,0.0917670221,0.0940481769,0.0938866165,0.0963746988,0.0882954720,0.0969595755,0.0952921626,0.0876385246,0.0948439122,0.0980377117,0.0970010095,0.0948031925,0.0968765941,0.0946809221,0.0985814550,0.0925267946,0.0916480778,0.0908050792,0.0927670453,0.0974986715,0.0907264973,0.0948847431,0.0909623503,0.0974571242,0.0926068053,0.0946809221,0.0886816591,0.0948847431,0.36561125,0.43325698,-0.30912892,-0.29259959,-0.31017755,-0.29411787,-0.30107781,-0.31656538,0.21852727,-0.31053354,-0.30283946,-0.29613048,-0.27022293,-0.28799063,-0.28002559,0.75623504,0.69496582,0.56880044,-0.29791424,-0.31506647,-0.15442115,-0.30314870,-0.31396050,-0.30785628,-0.30101402,-0.28555712,-0.30415995,-0.30468772,-0.29526395,-0.31597169,-0.31533545,-0.30738872,-0.29731843,-0.30734549,-0.23409483,-0.31143648,-0.30095769,-0.31128398,-0.31001252,-0.29595489,-0.30565542,-0.30157263,-0.31033372,-0.31230654,-0.31053464,-0.30425368,-0.30279149,-0.30564123,-0.30497397,-0.29608851,50,0.0275946345,0.1231870874,0.0955924529,12.5397244912,0.0465049629,0.0701710528,-0.0917287238,1.7351729535,2.29897535,2.40923256,0.11025721,14.54143103,0.50793500,0.03786516,-0.07163393,1.04892220
200,0x2866c6000,0x73ab000,7,9,0,128.90,0.0013800624,-0.0040250820,0.0984707496,0.0996313977,0.0997944990,0.1005882008,0.1019157701,0.1025367193,0.1003825918,0.0965899749,0.0996722287,0.1009170406,0.0951543234,0.1409415661,0.1813685847,0.0982283539,0.0987131452,0.0951150325,0.0939978561,0.1008759636,0.1005470116,0.0995499583,0.0995499583,0.1042043219,0.0988747056,0.1076669736,0.1587874256,0.0955868458,0.0999166581,0.0986726724,0.0977919221,0.0953509928,0.0957442243,0.1760438732,0.0960741161,0.0954689730,0.0994276880,0.0975516714,0.0994276880,0.0997536681,0.0918421894,0.1005882008,0.0952723036,0.1015010896,0.1006292777,0.0942316714,0.1042887340,0.1021231670,0.0988342328,0.0998759384,0.00569430,-0.00559079,0.07621093,0.06378352,0.06697948,0.06611993,0.07052693,0.60291572,0.05327486,0.09689248,0.08044293,0.08520962,0.06901361,0.69106708,0.31459528,0.06059412,0.07028025,0.08701359,0.05792907,0.09187416,0.06422216,0.69723464,0.94827278,1.00204987,0.10414093,0.06567987,0.13776557,0.05153568,0.14618089,0.07364392,0.06860414,0.05934721,0.05250869,0.14003096,0.07878046,0.05990358,0.05467488,0.06314959,0.05646317,0.04555516,0.05188169,0.06617079,0.05478972,0.06195416,0.06615318,0.06451814,0.07814549,0.05582734,0.05275801,0.05523876,50,0.0244832443,0.1229646810,0.0984814367,12.9217806675,0.0338835563,0.0811638275,-0.0800140987,1.3992737775,2.28385576,2.39671156,0.11285580,14.82174623,0.44401172,0.06404560,-0.10050988,1.00074211
201,0x1600e5000,0x9e00d000,11,15,0,126.19,0.0224739049,-0.0057994645,0.0932763231,0.0890479685,0.0958944291,0.0841189888,0.1681913031,0.0848138937,0.0894083444,0.0840414684,0.0819537708,0.1974355078,0.0901257466,0.0860483390,0.0804998094,0.0891682031,0.1173671058,0.1034617309,0.1088668199,0.1000442052,0.0959366927,0.1232269549,0.0825053546,0.0862821544,0.0785980113,0.0907317357,0.0871282622,0.0873249316,0.0845822236,0.0806485021,0.0904893401,0.0836588571,0.0785980113,0.0857755900,0.0821415008,0.0882479418,0.0893283337,0.0848525756,0.0926103652,0.0816160208,0.0851228222,0.0847366352,0.0892082084,0.0792372624,0.0901662194,0.1152071489,0.0861263129,0.0819912759,0.0841561265,0.1337304952,0.26242709,0.57531471,0.60060841,0.58850828,0.65833103,0.63360666,0.60760892,-0.34633409,-0.34229495,-0.35487453,-0.36691798,0.43631032,-0.35439468,-0.35101415,-0.37717860,-0.35710321,0.51900005,0.49460269,0.65542320,0.77869886,0.87375803,0.45799325,-0.34869857,-0.36425422,-0.37777977,-0.35524353,-0.35836314,-0.35488988,-0.35998006,-0.37037024,-0.35880713,-0.36418647,-0.37009571,-0.35454774,-0.36728317,-0.36473434,-0.34959363,-0.35167535,-0.35341616,-0.35509165,-0.36908258,-0.36200331,-0.35619544,-0.36591163,-0.35210833,0.56557184,-0.34353667,-0.36446440,-0.35506942,0.52006246,50,0.0338715279,0.1203287012,0.0864571734,11.1548328181,0.0851607622,0.0871848877,-0.0325015505,1.5181816025,2.46442416,2.48455895,0.02013479,2.59862042,0.92313407,0.06906032,-0.05863810,1.05901893
202,0x33ac2d000,0x350065000,10,10,1,184.53,-0.0310978199,0.0953668542,0.0561920571,0.0685448978,0.0554417189,0.0640169835,0.0511147419,0.0478695092,0.0499636192,0.0462836679,0.0469894038,0.0435750366,0.0555145857,0.0491571936,0.0510096323,0.0489855548,0.0520903040,0.0510446370,0.0486080807,0.0498943242,0.0436726384,0.0555875521,0.0507644084,0.0530994400,0.0436075409,0.0510446370,0.0531709757,0.0476657253,0.1579442117,0.0530280019,0.0456394926,0.0487110452,0.0496862501,0.1059108907,0.0636237520,0.0640563818,0.0628581203,0.0564497924,0.0509746277,0.0468213409,0.0542877347,0.0456062739,0.0523380302,0.0553323191,0.0488825903,0.0488825903,0.0489512645,0.0509395274,0.0511847512,0.0510446370,-0.27922467,0.82709036,0.77274981,0.97983991,0.97856976,1.02169811,-0.19724294,-0.20744929,-0.20287190,-0.21524957,-0.22450878,-0.20358805,-0.20208499,-0.21032721,-0.22165909,-0.20718071,-0.20023848,-0.22132526,-0.22400751,-0.21519064,-0.22178024,-0.20308763,-0.20442244,-0.21806210,-0.21795189,-0.22034580,-0.21053215,-0.22639463,-0.08170953,-0.20241375,-0.22183926,-0.17962641,-0.21470997,0.88130060,0.78599788,0.60985177,0.96266062,0.89464575,-0.19894953,-0.21850220,-0.21582252,-0.20863540,-0.19948437,-0.20470039,-0.21086046,-0.22215229,-0.21302411,-0.20914487,-0.20890412,-0.22215354,50,0.0381964218,0.1117226894,0.0735262676,12.5293494428,0.1334770417,0.0532399004,-0.0513087524,1.6779995022,2.42203300,2.54821860,0.12618560,21.59094431,1.06874134,0.00337291,0.04208455,1.04390675
203,0x16b4a3000,0x14f073000,11,11,1,184.67,-0.0016465627,-0.0016072503,0.0805159397,0.0802356155,0.0772739246,0.0824985903,0.0773418835,0.0794352791,0.0826772831,0.0802356155,0.0827130021,0.0808312685,0.0805159397,0.0794699266,0.0829275115,0.0775796006,0.0825343093,0.0782173526,0.0795393162,0.0834690603,0.0728211318,0.0805159397,0.0775796006,0.0805159397,0.0827845378,0.0827845378,0.0771380996,0.0770021818,0.0761932530,0.0773078577,0.0826415640,0.0773418835,0.0808312685,0.0784918622,0.0840106966,0.0829990472,0.0772739246,0.0773758166,0.0795393162,0.0824627737,0.0751458000,0.0796086111,0.0797473903,0.0828559759,0.0816319732,0.0783888977,0.0795393162,0.0805159397,0.0791578153,0.0834690603,0.01229635,-0.00061234,0.06243964,0.07191075,0.06283329,0.08485450,0.05896495,0.06202693,0.07082838,0.06240792,0.07048293,0.07098664,0.06956712,0.06170257,0.07723450,0.06390001,0.06413093,0.07412582,0.07337073,0.08021613,0.06165927,0.06576538,0.07854749,0.06983345,0.06870554,0.06561135,0.06914116,0.05510134,0.06246786,0.05854424,0.06570381,0.06273711,0.07903819,0.06891615,0.10233848,0.07516988,0.08856027,0.12885285,0.06715163,0.07672700,0.08352535,0.06845245,0.07590358,0.08169708,0.08298455,0.08057503,0.07178444,0.09665393,0.07017579,0.07151565,50,0.0254515375,0.1069600765,0.0815085390,13.8364265978,0.0491443947,0.0696725776,-0.0595879708,1.4782998686,2.33117756,2.38391401,0.05273644,8.93591719,0.74190992,0.04638399,-0.03143281,1.01195440
204,0x205c45000,0x211ea9000,8,8,1,184.61,0.0000196504,-0.0000732777,0.0828681333,0.0844013766,0.0820649254,0.0821678899,0.0820649254,0.0823394350,0.0831802446,0.0839459335,0.0834577083,0.0822364705,0.0885489445,0.0822021802,0.0818247061,0.0821678899,0.0823738190,0.0844013766,0.0791221399,0.0854838353,0.0885489445,0.0845415865,0.0842963627,0.0789890836,0.0871793783,0.0863876011,0.0850237448,0.0808484176,0.0828681333,0.0809842426,0.0850237448,0.0849883829,0.0888771439,0.0841912531,0.0831802446,0.0850237448,0.0862446273,0.0885853779,0.0855546556,0.0831455971,0.0852715675,0.0884395447,0.0886583443,0.0854484734,0.0828681333,0.0835963929,0.0869953127,0.0851300235,0.0830415600,0.0898873625,0.00219009,0.00454117,0.05845195,0.06122452,0.07199552,0.05321728,0.06821216,0.04602082,0.04559756,0.06595103,0.08143533,0.04992707,0.07523662,0.05818537,0.05702151,0.06012116,0.07200636,0.04884123,0.06330514,0.06656315,0.07545212,0.06285601,0.07339981,0.08095959,0.06887696,0.08883857,0.08143536,0.07213857,0.05944479,0.06890541,0.05981134,0.07068756,0.05101692,0.05236538,0.05724045,0.07262836,0.05584979,0.07935033,0.05278758,0.06202518,0.07180002,0.06912626,0.06139495,0.06212035,0.06407801,0.06455453,0.06828804,0.06262572,0.05543807,0.05565781,50,0.0234740607,0.1066769953,0.0832029347,14.1537338885,0.0372988700,0.0823771528,-0.0633155960,1.1409949498,2.30803473,2.37807668,0.07004195,11.90793092,0.58462273,0.06373525,-0.02177716,1.00574668
205,0x35771d000,0x35024b000,10,10,1,184.67,-0.0016304750,0.0026721856,0.0857534865,0.0903578325,0.0902134290,0.0869023695,0.0882650567,0.0833578962,0.0883358770,0.0804247747,0.0837993972,0.0851550404,0.0879466068,0.0890972868,0.0822815147,0.0867271549,0.0902855815,0.0856493548,0.0804905875,0.0859268185,0.0849491114,0.0872877077,0.0858227814,0.0871475934,0.0851550404,0.0873228080,0.0859268185,0.0902855815,0.0880527890,0.0879466068,0.0867972599,0.0870074791,0.0839012891,0.0839352222,0.0903578325,0.0868323602,0.0853719857,0.0836635721,0.0861348927,0.0843427901,0.0848461468,0.0903217563,0.0838334229,0.0872527030,0.0814711551,0.0889901297,0.0887398037,0.0859614660,0.0881235127,0.0860308556,0.01670408,-0.00282282,0.05924013,0.07015014,0.05832383,0.07065734,0.05842612,0.04516924,0.05355154,0.06263281,0.05433967,0.07011629,0.04195152,0.05700146,0.05309202,0.06329915,0.04959897,0.05274808,0.05692772,0.05473527,0.04712948,0.04326828,0.05950436,0.05911794,0.05214760,0.06081932,0.05730137,0.06477002,0.06687791,0.04275095,0.04329836,0.04753642,0.06113463,0.06383311,0.06536915,0.05039634,0.04797407,0.04453604,0.03322292,0.06309101,0.05264412,0.05767104,0.05648821,0.04331007,0.03122047,0.04051971,0.05422716,0.05284563,0.05724891,0.04953410,50,0.0298334178,0.1076916302,0.0778582124,13.2226792735,0.0490922707,0.0489952322,-0.0637104538,1.6323307971,2.36943163,2.43872384,0.06929221,11.78807285,0.69149416,0.05358969,-0.03036024,0.99982713
206,0xdb482000,0x9ea16000,6,6,1,184.57,0.0046860755,0.0035213880,0.0802401591,0.0845628347,0.0829270394,0.0802744493,0.0841338159,0.0801714848,0.0834468012,0.1247435501,0.0813208308,0.0821211672,0.0811127566,0.1522955117,0.0885137169,0.1102329415,0.0879153332,0.0932081639,0.0899662485,0.0835529834,0.0813554782,0.0844198610,0.0791934094,0.0791594763,0.0885880125,0.0867241781,0.0802744493,0.0844198610,0.0798283009,0.0890713398,0.0867241781,0.0844198610,0.0825766103,0.0825766103,0.0887739545,0.0846700894,0.0812167937,0.0805490527,0.0765991454,0.0813554782,0.0814248678,0.0879153332,0.0909331970,0.0844198610,0.0791934094,0.0821211672,0.1700639801,0.0896659011,0.0971705633,0.0880258056,-0.02945326,0.00473101,0.04353086,0.05625209,0.04157332,0.04307527,0.03612979,0.03685342,0.75760896,0.87538570,0.11074385,0.04002365,0.04134395,0.90005964,1.02272294,0.98719954,1.14632243,1.21311144,0.08367633,0.04448591,0.04242647,0.04874341,0.03063794,0.06131200,0.05623770,0.04357117,0.04405313,0.05215184,0.05315998,0.05594767,0.05617647,0.04588131,0.08789579,0.05602856,0.04991443,0.05036778,0.05107853,0.04387543,0.03854638,0.03396581,0.03251642,0.04437347,0.86374902,0.03650172,0.03025727,0.05913261,1.05208127,1.05398048,1.21108743,1.22750442,50,0.0286641259,0.1070499036,0.0783857777,13.2771551565,0.0559377057,0.0471406287,-0.0705912945,1.7033856178,2.29047686,2.37030503,0.07982817,13.52924055,0.68230759,0.02572804,-0.05411688,1.03479318
207,0x15c280000,0x16bde2000,2,2,1,184.63,-0.0130042587,0.0452007833,0.0823797521,0.0898740832,0.0808725577,0.0811428043,0.0887101061,0.2182656919,0.0693555791,0.0641095480,0.0657732296,0.0670894732,0.0683077680,0.0700172310,0.0722086701,0.0670555401,0.0689394308,0.0703676601,0.0670894732,0.0702975552,0.0726375913,0.0700172310,0.0689394308,0.0723159248,0.0693902266,0.0700172310,0.0671913652,0.0704026648,0.0734673303,0.0647612311,0.0723516438,0.0708931125,0.0648941967,0.0700172310,0.1538220429,0.0886690292,0.0838700431,0.0766328705,0.0857472644,0.0843066058,0.0771161978,0.0670894732,0.0727806627,0.0678616196,0.0692168945,0.0670894732,0.0734673303,0.0735756575,0.0738645631,0.0706128840,-0.26326179,0.80428627,0.80026348,0.73531157,0.93384484,0.88918326,-0.14142578,-0.03447589,-0.19382068,-0.22434869,-0.20835937,-0.21455859,-0.21391961,-0.19960788,-0.18109702,-0.19811602,-0.18424026,-0.19896106,-0.18746045,-0.19061716,-0.20654468,-0.17887564,-0.18534412,-0.20097600,-0.21315472,-0.20519352,-0.20464096,-0.18663769,-0.21697421,-0.21899175,-0.20687208,-0.19777274,-0.18724391,-0.20608862,0.60057703,0.72952764,0.80701864,0.72354366,0.71883221,0.94500812,0.42260647,-0.19932490,-0.19961069,-0.20066460,-0.20288860,-0.19051468,-0.20453879,-0.20833244,-0.18387865,-0.20716113,50,0.0328388771,0.1133245714,0.0804856943,13.6675461869,0.1374706238,0.0478079028,-0.0733528671,1.6623208753,2.37786071,2.54887939,0.17101869,29.11196138,1.09430032,0.15582627,-0.15603244,1.03416942
208,0x2091db000,0x213aa7000,8,8,1,184.61,0.0016810541,-0.0006604557,0.0847984113,0.0804757246,0.0783143812,0.0848337732,0.0815906976,0.0829491902,0.0828798006,0.1269939658,0.0824983945,0.0784473468,0.0846215055,0.0879310266,0.0824983945,0.0909821493,0.0823596152,0.0804417915,0.0860935924,0.1271912697,0.0880768598,0.0784141281,0.0764458432,0.0883686258,0.0759904274,0.0804757246,0.0855215998,0.0804757246,0.1581049596,0.0908320268,0.0851169578,0.0824290049,0.1166651607,0.0860577758,0.0910197568,0.0870680930,0.2050793177,0.0892315815,0.0879674600,0.0910948693,0.0891578997,0.0890106368,0.0869597658,0.0837878446,0.0858433640,0.0823596152,0.1021302906,0.0890474274,0.1830716687,0.0913576093,0.00125139,-0.00405159,0.06841006,0.06886349,0.04657093,0.05106441,0.07261603,0.06398460,0.04457941,0.12654683,0.06601949,0.06159153,0.09340686,0.06297983,0.06557023,0.17699139,0.05902634,0.05399377,0.06077202,0.10722435,0.07871014,0.17633057,0.05213257,0.06076658,0.82785206,0.06845882,0.34836301,0.94059491,0.19053636,1.07966021,0.06393704,0.07259614,0.10632768,0.15605296,0.12510482,1.02782298,1.22616236,1.05293867,1.03242602,1.02919453,0.87690340,1.03941130,1.00059534,0.96189356,0.99380437,0.93843309,1.05680021,1.03854896,0.99225789,1.02205123,50,0.0300897894,0.1079602885,0.0778704991,13.2079646766,0.0712528322,0.0711688351,-0.0577629418,1.4366618200,2.43549916,2.43204142,-0.00345774,-0.58581880,0.78266049,0.03125964,0.06270703,1.03156505
209,0x29cf82000,0x2c94b6000,7,7,1,184.64,0.0010116676,0.0010831837,0.0842806076,0.0864065780,0.0844539396,0.0878443757,0.0876298663,0.0896109886,0.0811058250,0.0886032943,0.0840725334,0.0845579767,0.0852911632,0.0853262635,0.0876298663,0.0856765970,0.0829940068,0.0853612682,0.0872365665,0.0818815361,0.0886393706,0.0833029004,0.0845233292,0.0833029004,0.0876298663,0.0855363871,0.0856765970,0.0871651284,0.0893921890,0.0875226116,0.0824249291,0.0840031438,0.0842806076,0.0872365665,0.0875941472,0.0897933548,0.0821192531,0.0853612682,0.0873796378,0.0829253326,0.0823230371,0.0831656456,0.0832686102,0.0842806076,0.0853612682,0.0844192921,0.0855363871,0.0842806076,0.0844539396,0.0866188457,0.00657335,0.02335420,0.03773863,0.06317565,0.05771546,0.04263797,0.06814203,0.04845615,0.07408297,0.05522934,0.07477728,0.05964257,0.07263314,0.04762175,0.07824706,0.06200718,0.06635901,0.05682445,0.04122485,0.03978605,0.07002699,0.07147441,0.04914863,0.06598577,0.06837550,0.06588519,0.04862031,0.04045785,0.05374231,0.04392682,0.04036525,0.05372129,0.05768295,0.04874108,0.06278121,0.05518208,0.05917625,0.05020490,0.05443427,0.03085437,0.03822766,0.05451099,0.05573178,0.05394971,0.06167856,0.06456937,0.04263432,0.05163211,0.05556950,0.06119170,50,0.0241945634,0.1071784570,0.0829838936,14.0990170937,0.0585243879,0.0803258503,-0.0609023977,1.0316939847,2.35291880,2.36497614,0.01205734,2.05705856,0.70466791,0.04965161,-0.00882324,1.02256769
210,0x2a60be000,0x2a78c0000,7,7,1,184.61,0.0021255824,0.0000514735,0.0811419285,0.0869381339,0.0819176397,0.0854323764,0.0843861007,0.0877374079,0.0854323764,0.0849069240,0.0858528149,0.0799940133,0.0826648166,0.0835449330,0.0875229961,0.0853623671,0.0844207482,0.0806714073,0.0854323764,0.0794724363,0.0822233156,0.0799940133,0.0823251148,0.0820195316,0.0861948588,0.0829614361,0.0866549493,0.0844553957,0.0786501802,0.0852222528,0.0844207482,0.0822572487,0.0853623671,0.0800272320,0.0835105491,0.0799940133,0.0820873978,0.0854323764,0.0829958201,0.0777675725,0.0860533148,0.0881664267,0.0855024814,0.0821553567,0.0822911818,0.0846288224,0.0810746850,0.0874871795,0.0843513586,0.0778651743,0.00023279,0.01527866,0.06428367,0.06574767,0.08240073,0.08951653,0.06305412,0.07123146,0.11364336,0.07708245,0.06351051,0.07873599,0.07371111,0.06888694,0.15966807,0.07262067,0.08066792,0.06759691,0.05515782,0.07108013,0.07046349,0.07830877,0.08068786,0.06957468,0.07334491,0.07145233,0.08133055,0.07131603,0.06946898,0.06892699,0.07162289,0.07196280,0.07151969,0.04753219,0.07442561,0.06865792,0.05841192,0.07331927,0.08779924,0.08718269,0.07564817,0.08562366,0.06339889,0.06883077,0.07532257,0.08742380,0.07265802,0.06269187,0.07239360,0.06871404,50,0.0250511940,0.1054642170,0.0804130231,13.6794664380,0.0604372128,0.0749151031,-0.0743750787,1.4566936035,2.33453054,2.39788395,0.06335341,10.83489999,0.70693164,0.02248244,-0.05217518,1.03686089
211,0x28dcdc000,0x1a31ac000,7,4,0,128.94,-0.0027611170,-0.0005443594,0.0980259379,0.0997512292,0.1031933914,0.1017051114,0.1064774552,0.0990689650,0.0943949695,0.1046472763,0.1010723662,0.0990689650,0.1022349125,0.0975540172,0.0989102642,0.1038593493,0.1021941928,0.1019496521,0.0989102642,0.1012339266,0.0999113599,0.0943567502,0.1055219476,0.1001916159,0.0999513652,0.1017051114,0.0996309946,0.0995509839,0.1032756574,0.1021533619,0.0999913706,0.1041081803,0.0980259379,0.0996309946,0.1029056285,0.0984738098,0.0986722671,0.1023163519,0.0979079577,0.1006280477,0.1420435478,0.0992277741,0.1022349125,0.1034400773,0.1023163519,0.1021533619,0.1044813135,0.0987515633,0.1000714905,0.1032344683,0.00825054,-0.00001992,0.09070802,0.05582374,0.09600205,0.07755128,0.09018411,0.06078173,0.07982549,0.05828825,0.06984304,0.06105115,0.07581958,0.07146507,0.08799983,0.05044243,0.07406334,0.06465093,0.07607616,0.07871871,0.06966910,0.05897850,0.05345779,0.09398826,0.07505367,0.09730908,0.05915111,0.07848885,0.07155787,0.07510664,0.07174122,0.07004026,0.06847860,0.07813931,0.07516225,0.06907307,0.06397721,0.06546642,0.06807071,0.05593265,0.11922877,0.07226071,0.06978081,0.06117974,0.07083308,0.05882848,0.06984082,0.04801060,0.06267366,0.07745630,50,0.0258385576,0.1235336553,0.0976950977,12.8128227284,0.0268184910,0.0755798635,-0.0875568953,1.4979538518,2.25878008,2.37669621,0.11791613,15.51076882,0.63182630,0.05843980,-0.10721337,1.00409189
212,0x7dc6a000,0x16084c000,0,2,0,126.25,-0.0192563492,0.0689782967,0.0734927368,0.0716466057,0.0659680514,0.0754903093,0.0639171360,0.0660431638,0.0661556789,0.0692099668,0.0733326061,0.0690555552,0.0703296497,0.0683205295,0.0700179669,0.0694802134,0.0640276084,0.0647757573,0.1692753345,0.0777309912,0.0843830362,0.0716073148,0.0840777574,0.0670865520,0.0645155197,0.0639171360,0.0638434543,0.0678232601,0.0694802134,0.0651475397,0.0670865520,0.0672760698,0.0689782967,0.0701738083,0.0689397201,0.0651475397,0.0682823102,0.0661932863,0.0679381270,0.0693643783,0.0702907160,0.0682440908,0.0690941317,0.0714106454,0.0679763464,0.1229047368,0.0732924915,0.0730522408,0.0714893346,0.0625801477,-0.02362255,0.06959392,0.04528798,0.04246949,0.03778693,0.04217952,0.04353608,0.04353537,0.03655276,0.04091382,0.04782337,0.04047220,0.05281805,0.05244641,0.77312873,0.04887177,0.04124169,0.04070732,0.81020814,1.06339181,0.96940560,0.95450394,1.14050802,0.07005035,0.05160385,0.04043514,0.02712644,0.04974367,0.04202434,0.03139402,0.05813639,0.03882946,0.03977205,0.05529124,0.04376428,0.03773385,0.04255420,0.02116882,0.31441385,0.04582239,0.03224133,0.03948306,0.03374820,0.04628492,0.04753995,0.53446090,0.05397348,0.03594459,0.05175294,0.04256716,50,0.0332065061,0.1213139286,0.0881074225,11.3747140743,0.0890230134,0.0699245063,-0.0830814834,1.9114573897,2.37383641,2.51988753,0.14605112,18.86664613,0.90032936,0.07882129,-0.04689755,1.00380091
213,0x15ca71000,0x7f360000,11,0,0,126.22,-0.0018737402,0.0014351173,0.0933583512,0.0954467632,0.0951024756,0.0920155774,0.0930206012,0.0928703762,0.0955997451,0.0962582275,0.0984560466,0.0960651340,0.0944407766,0.0925733018,0.0902568527,0.0931707237,0.1699612458,0.1106343803,0.1120072078,0.1103316040,0.1105911603,0.0939102922,0.0916437950,0.0974933883,0.0910093361,0.0965284742,0.0935835862,0.0952937813,0.0929079837,0.0900380531,0.1004150439,0.0933959587,0.0985347359,0.0950259324,0.0961809690,0.0975713622,0.0930206012,0.0910461267,0.0929079837,0.0966056273,0.0931332187,0.0952554575,0.0929079837,0.0951407994,0.1418008943,0.0987705889,0.0963353806,0.0899286533,0.1538609297,0.1037954704,-0.01322218,-0.01787295,0.06888912,0.05578734,0.04865516,0.05662851,0.06059884,0.03963339,0.05465075,0.05774710,0.07201028,0.05284582,0.06249850,0.05547830,0.03643679,0.04219760,1.06812013,1.15465310,1.21353227,1.17686161,1.26337353,0.05962577,0.05422208,0.06143211,0.07266000,0.06042894,0.05861092,0.06218481,0.04913449,0.05137655,0.08086231,0.05955077,0.05861734,0.03675307,0.04780074,0.06394688,0.05394671,0.03837240,0.06697210,0.06608817,0.06008923,0.06576337,0.05461807,0.76218902,0.23985614,0.06712213,0.05532381,0.05816687,1.08523688,1.04564038,50,0.0409434911,0.1215179699,0.0805744788,10.3998531826,0.1154206997,0.0621148989,-0.0525376654,1.5812085044,2.47484679,2.52662665,0.05177986,6.68524893,1.08965281,0.07940966,-0.06756685,1.02187770
214,0x211201000,0x21ef1d000,8,8,1,184.54,-0.0254612555,0.0272146160,0.0616805785,0.0662496703,0.0609180961,0.0628299254,0.0523663943,0.0609531964,0.0649505451,0.0706091255,0.0641251175,0.0637279833,0.0598024308,0.0857817270,0.1315928566,0.0596637462,0.0598024308,0.0638723868,0.0620699453,0.0822856234,0.0751301391,0.0638362120,0.0617513988,0.0975788239,0.0846578685,0.0639084630,0.0756521634,0.0693390727,0.0697937293,0.0675529398,0.1513993452,0.0815413304,0.0742050922,0.0659918345,0.0802522225,0.0617160369,0.0788666074,0.0698695571,0.0695663492,0.0692632448,0.0686354761,0.1200466453,0.0736151913,0.1884023726,0.1020945041,0.0674786443,0.2245094945,0.1203200453,0.0598718204,0.0650963784,0.61505482,0.70893921,-0.21665679,-0.18940080,0.46827891,-0.27335700,-0.30282809,-0.15779867,-0.14308314,0.97229336,-0.27287465,0.34720227,-0.26667588,-0.23016146,0.57932039,-0.28426075,-0.29339838,-0.24113031,-0.24899341,0.71206791,0.76682329,-0.29385544,-0.29210892,-0.12250645,-0.26113413,-0.01091520,0.66206429,0.66701372,0.69213443,0.67748404,0.41146504,0.88159485,0.68299852,0.60862259,0.71602790,0.61814177,0.74909613,0.69982447,0.54735784,0.67588774,0.62181616,0.59452709,0.70671348,0.81897754,0.92277720,0.70030139,0.81873476,0.66785813,0.69855954,0.66889075,50,0.0370419866,0.1084971329,0.0714551463,12.1156635829,0.0723781308,0.0385997572,-0.0702947825,1.9426939681,2.43722990,2.41586724,-0.02136266,-3.71665583,0.78932597,0.03064421,-0.04787652,1.04125880
215,0x206236000,0x23e41000,1,9,0,128.95,-0.0219206948,-0.0458406191,0.0642149813,0.0631360192,0.0609382013,0.0608981960,0.0597008966,0.0633804486,0.0634619992,0.0579364258,0.0643382120,0.0655425507,0.0633804486,0.0616127388,0.0568942532,0.0671140030,0.0635434386,0.0586631238,0.0625014861,0.0564695950,0.0653352670,0.0601373509,0.0630951882,0.0581702412,0.0579753596,0.0622994529,0.0633804486,0.0605341571,0.0618954969,0.0651278701,0.0633397289,0.0629321982,0.0607780707,0.0631360192,0.0610583266,0.0601373509,0.0633804486,0.0646671640,0.0657084002,0.0626876575,0.0618954969,0.0601373509,0.0549217797,0.0646671640,0.0605378200,0.0578974921,0.0580922673,0.0663307790,0.0672827120,0.0573129537,0.31417675,-0.65429961,-0.56882380,-0.55872952,-0.58289322,-0.56349921,-0.56800821,-0.56822821,-0.56741787,-0.56284883,-0.55485604,-0.56511932,-0.55399896,-0.57487781,-0.57854628,-0.56111485,-0.57141357,-0.56857619,-0.55986432,-0.57321964,-0.58223327,-0.56267180,-0.55036731,-0.59756053,-0.54887709,-0.57381269,-0.54186005,-0.57424307,-0.57633614,-0.55286477,-0.56064608,-0.57093715,-0.56822115,-0.55930624,-0.58697053,-0.54895906,-0.56959397,-0.54680873,-0.55857362,-0.54853211,-0.56739668,-0.55076512,-0.58958222,-0.55707688,-0.57715142,-0.55110476,-0.56902342,-0.46190590,-0.55997401,-0.56219507,50,0.0255764276,0.1230015220,0.0974250944,12.8073084134,0.0420629524,0.0907423801,-0.0700703321,1.2010136038,2.31964582,2.41190691,0.09226109,12.15826497,0.63505993,0.02012149,-0.05011974,1.01107500
216,0x33a37d000,0x191771000,10,13,0,128.88,-0.0231303453,0.0105481411,0.0785778850,0.0824115787,0.0761027802,0.0820676695,0.0849846758,0.0803778243,0.0805798575,0.0836549624,0.0805393847,0.0802162640,0.0808221428,0.0816193078,0.0816601387,0.0824938448,0.0788952866,0.0797798321,0.0739831858,0.0809029781,0.0827816076,0.0792593255,0.0771816318,0.0802566265,0.0823705018,0.0837378306,0.0831516365,0.0842354925,0.0805393847,0.0841110771,0.0825761108,0.0819453991,0.0849846758,0.0778239207,0.0780620261,0.0804586596,0.0822882358,0.0864875015,0.0851938606,0.0795795868,0.0805798575,0.0791392002,0.0829871044,0.0783397796,0.0881420479,0.0842354925,0.0836549624,0.0804182971,0.0827816076,0.0805798575,-0.02152003,0.00870816,0.13009137,0.05533218,0.07429649,0.05672259,0.08839079,0.04131678,0.07416760,0.06396033,0.05435671,0.04988730,0.05418193,0.03507951,0.03111391,0.05566596,0.05885420,0.03841197,0.04313329,0.06487245,0.06118688,0.05512913,0.06997369,0.04791271,0.06614368,0.05101259,0.05109693,0.05474404,0.05460168,0.04944074,0.06149115,0.04833925,0.07847498,0.04078638,0.05742253,0.07154684,0.05440986,0.04896243,0.05922625,0.05350309,0.04006786,0.05868279,0.03972562,0.05110199,0.05629303,0.04898712,0.06397130,0.05391124,0.05563122,0.04531811,50,0.0267939110,0.1236792294,0.0968853184,12.6969106995,0.0392952167,0.0834287422,-0.0815989320,1.4736439973,2.28076399,2.38171970,0.10095571,13.22611757,0.57188995,0.09603062,-0.06458692,1.03818712
217,0x1dc66d000,0x14f462000,13,2,0,126.21,0.0089511792,0.0078301440,0.0945898475,0.0897353477,0.0945069793,0.0863427346,0.0918522200,0.0912180450,0.0853037798,0.0890530835,0.0920560410,0.0836788115,0.0853037798,0.1682953444,0.0972449082,0.0982805388,0.0963350132,0.1318117760,0.0858056965,0.0846850518,0.0910161222,0.0802830871,0.0843790880,0.0814015887,0.1284162293,0.0939263360,0.0944239979,0.0949205315,0.0993153369,0.0931775099,0.0909757597,0.0942995824,0.0959975953,0.0886166291,0.0886563856,0.0845702893,0.0945069793,0.0864986824,0.0927895518,0.0866545238,0.0921374803,0.1730796836,0.1000507859,0.0983663816,0.0878133870,0.0910969575,0.0845702893,0.0934241958,0.0940922987,0.0906525287,0.45967481,0.49157989,0.54522322,0.54534513,0.58947129,-0.39242486,0.18434876,0.57082946,0.48664146,0.35651735,-0.39360834,-0.25269652,0.77076238,0.62282100,0.56671948,0.20258069,0.45464760,0.63210857,-0.40179085,-0.40184802,-0.34867138,-0.41348533,-0.37479620,-0.39806720,0.42137128,0.56072482,0.58719234,0.55029975,0.60725098,0.59396269,0.78670720,0.58845698,0.57518327,0.58086958,0.60501584,0.47466298,0.50578914,0.60984913,0.51089134,0.53733258,0.72597345,0.38936970,0.56293598,0.60632112,0.59769857,0.57849951,0.54846054,0.55088626,0.60494104,0.58346740,50,0.0271874443,0.1185205256,0.0913330813,11.7900568283,0.0337147173,0.0939688153,-0.0875552334,1.1078516878,2.37347430,2.41022782,0.03675351,4.74280030,0.64174050,0.07163934,-0.06315897,1.00644404
218,0x2f2ba4000,0x2a64b2000,7,7,1,184.43,0.0075579152,0.0010931734,0.0889193078,0.0849393932,0.0798349605,0.0813696345,0.0853040260,0.0858510250,0.0822411595,0.0844407353,0.1196710217,0.0887316803,0.0893964934,0.0810543056,0.0885439503,0.0937077163,0.0824535238,0.0811594153,0.0821349773,0.0828938849,0.0802857563,0.0827866302,0.0812995295,0.0822411595,0.0756841659,0.0821349773,0.0835374131,0.0799736450,0.0853769924,0.0789616476,0.0802857563,0.0781179665,0.0832513681,0.0843324080,0.0781179665,0.0802857563,0.0844768115,0.0789272636,0.0789272636,0.1038335718,0.0857051918,0.0853769924,0.0842963318,0.1799326152,0.0924740968,0.0920539663,0.0940223659,0.0831083943,0.0835374131,0.0853405590,0.49871278,0.48956863,0.51398803,-0.40967751,-0.42709838,-0.40915187,0.27322554,-0.42468167,-0.41047735,-0.43668044,0.45359029,0.47798954,0.46945948,0.48190979,0.52926924,0.15619559,-0.39943622,-0.41083351,-0.39337183,-0.42083787,-0.42935715,-0.42949227,-0.42695967,-0.43866410,-0.42407162,-0.42926514,-0.42250388,-0.43337489,-0.41834237,-0.43534594,-0.42931994,-0.44178933,-0.44085934,-0.43241049,-0.43038380,-0.42266867,-0.43735441,-0.44047742,-0.42551482,0.38294685,-0.44219488,-0.43484101,-0.42319675,0.21528070,0.57021470,0.74467065,0.73887480,-0.43027343,-0.42822618,-0.42741553,50,0.0330805687,0.1098152786,0.0767347099,13.0348598706,0.0901004742,0.0583131794,-0.0770698792,1.3913440280,2.47052003,2.44261198,-0.02790805,-4.73898457,0.91042063,0.00233698,-0.09471973,1.05555962
219,0x1dd1a8000,0xdedf000,4,9,0,126.27,0.0018118104,0.0008212209,0.0810247743,0.0853560193,0.0788207726,0.0785530282,0.0831903413,0.0797487864,0.0831505849,0.0819108884,0.0842732358,0.0804013023,0.0770563106,0.0847500301,0.0808298928,0.0816750354,0.0819502867,0.0787443339,0.0810637081,0.0787443339,0.0763556769,0.0784383701,0.0795172217,0.0754990901,0.0797102098,0.0817143264,0.0841131051,0.0792082931,0.0838728545,0.0794012812,0.1769706617,0.0939319510,0.0948832793,0.0951449808,0.0948832793,0.0787443339,0.0783618269,0.0836326039,0.0815569479,0.0809078667,0.0819108884,0.0756106350,0.0837927345,0.0862349818,0.0741964344,0.0803623685,0.0773215529,0.0831903413,0.0818715975,0.0795172217,0.13443101,0.11439222,-0.07397539,-0.99211259,-0.97955505,-0.99779144,-0.97889456,-1.00592700,-0.98369319,-1.00138004,-0.98523649,-1.02174162,-0.98550538,-0.99896272,-1.01550409,-1.00145884,-1.00574900,-1.01177311,-1.01341706,-1.00319209,-1.02441966,-1.01754034,-1.00218991,-1.00920864,-1.01070519,-1.00234312,-0.30651851,-1.01096627,-0.98875356,-1.01867063,0.00139451,0.14027249,0.17562287,0.10581652,0.12897161,-1.01150554,-1.01450465,-1.01242949,-1.00531117,-1.00758813,-1.00545730,-1.01640082,-1.00868805,-1.00170329,-1.02466871,-1.01555362,-1.01414622,-0.11572319,-1.01184227,-1.00446602,50,0.0410755778,0.1244368651,0.0833612873,10.7848945227,0.1213918235,0.0634437604,-0.0835884097,1.9087572112,2.64785590,2.57637297,-0.07148292,-9.25070469,1.08246523,-0.06026723,-0.07335916,1.04429059
220,0x1a275e000,0x19110e000,4,4,1,184.57,-0.0212619662,-0.0116642549,0.0674471079,0.0727503603,0.0728218959,0.0707284168,0.0638061063,0.0651831581,0.0707985217,0.0741203058,0.0702729737,0.0728576150,0.0693686002,0.0697153589,0.0727503603,0.0744091128,0.0747665848,0.0685292204,0.0708686267,0.0693339527,0.0662641870,0.0705532979,0.0690564889,0.0642008036,0.0679801074,0.0684262558,0.0706584075,0.0727861769,0.0741203058,0.0659953964,0.0673452159,0.0726789222,0.0697847485,0.0691951735,0.0694379898,0.0680487817,0.0676169587,0.0715631492,0.0695766743,0.0727503603,0.0658273334,0.0685292204,0.0654491801,0.0749124180,0.0695072847,0.0629234986,0.0727146412,0.0695420269,0.0632163039,0.0708686267,-0.07050184,-0.00265734,0.05477041,0.05184043,0.05601809,0.04539817,0.04189595,0.05474022,0.06542750,0.05711475,0.04992679,0.07877109,0.05863845,0.05739160,0.06105132,0.06481514,0.05229225,0.05338316,0.06250024,0.04995970,0.03770846,0.06585378,0.04225799,0.05289335,0.05276197,0.07321136,0.05047129,0.07823052,0.05886552,0.05565203,0.05377045,0.05920689,0.05302548,0.04989863,0.06645544,0.06738842,0.05372469,0.05861003,0.09031092,0.06741138,0.07735399,0.05423435,0.05303884,0.06134455,0.06286912,0.04450252,0.06041768,0.04410466,0.04466931,0.04924555,50,0.0277381907,0.1069489589,0.0792107681,13.4401139780,0.0736834019,0.0713679810,-0.0696650371,1.5609591737,2.35549685,2.37000689,0.01451004,2.48590126,0.79490226,0.04673448,-0.05012625,1.01722607
221,0x10ec0000,0x6760000,0,0,1,184.60,0.0002664033,-0.0008943337,0.0877107609,0.0871258987,0.0812288739,0.0823431215,0.0861806939,0.0835267688,0.0874604348,0.0836297333,0.0821393375,0.0953493900,0.0879251727,0.0823431215,0.1007545898,0.0900900899,0.0886827592,0.0844698285,0.0921062923,0.0874247158,0.0824789465,0.0842964018,0.0912462414,0.0899078233,0.2107135051,0.0910252967,0.0910621878,0.0907675613,0.0902360227,0.0886827592,0.0823091884,0.1704438552,0.0778903286,0.0842270122,0.0875319705,0.0879251727,0.0982385472,0.0918089070,0.0875319705,0.0855851365,0.1114777241,0.0869843547,0.0941547044,0.0919947474,0.1612321104,0.0971607691,0.0902360227,0.0973945844,0.0917345099,0.0911725596,0.01178410,-0.01521279,0.06258009,0.03245860,0.05337119,0.03793607,0.03615611,0.04164857,0.08598344,0.04982148,0.04964533,0.95793441,0.76027508,0.05890685,0.95382153,1.00052184,0.84468444,0.65609141,0.99160501,0.05034467,0.03265466,0.11075798,0.99452302,0.91129883,1.19298241,0.56601593,0.17513181,1.06268665,0.97074113,0.06325072,0.92270787,0.15493394,0.18358771,0.84181291,0.03666335,0.91034399,1.10894055,0.95573954,1.10726848,0.58183108,1.06423440,1.03676181,0.99369431,0.99670490,0.74625811,1.06218830,1.05327256,1.02839821,1.02014142,1.02513223,50,0.0246715791,0.1066881037,0.0820165246,13.9730558646,0.0709227982,0.0712501859,-0.0654582761,1.2017261276,2.33050170,2.39606712,0.06556542,11.23669772,0.67407364,0.02095650,0.00211136,1.02739741
222,0xd7f85000,0x8af7d000,15,15,1,184.68,0.0026319744,0.0026863044,0.0861453800,0.0901220104,0.0871248741,0.0861797640,0.0857336156,0.0866740783,0.0845184448,0.0894314209,0.0922090562,0.0891482362,0.0945533585,0.0912742288,0.0891482362,0.0878920884,0.0934723628,0.0891128744,0.0847222288,0.0870555792,0.0867434679,0.0922454896,0.0877869788,0.0945533585,0.0869515421,0.0852316886,0.0890066922,0.0880322027,0.0869168946,0.0901935461,0.0880672074,0.0869515421,0.0877518785,0.0901935461,0.0850958636,0.0870555792,0.0869168946,0.0845184448,0.0879620977,0.0891482362,0.0880672074,0.0880322027,0.0837767595,0.0846543626,0.0848920796,0.0909853233,0.0912742288,0.0872983008,0.0846543626,0.0849260127,0.01211538,0.00188296,0.06077603,0.06521079,0.06927787,0.05158940,0.03994482,0.05730496,0.05240403,0.06562308,0.07016880,0.05460354,0.05662621,0.05413443,0.06262177,0.04512810,0.06698718,0.05004909,0.07038794,0.05201348,0.06150553,0.07004895,0.06672426,0.06808822,0.05353443,0.06441436,0.05849159,0.05493990,0.05381106,0.04411805,0.05748017,0.06280818,0.05323889,0.06737544,0.06049399,0.03931315,0.05479320,0.05984638,0.05349390,0.06464701,0.06632781,0.05637568,0.04237803,0.05934942,0.05753047,0.05213619,0.04921594,0.05804589,0.05347771,0.06850786,50,0.0249897857,0.1076681053,0.0826783195,14.0213030681,0.0542811081,0.0600653540,-0.0778001579,1.6707146214,2.30368628,2.40915329,0.10546702,17.91351397,0.64314746,0.04062772,-0.02484031,0.98575447
223,0x167a2d000,0x29a9b2000,11,7,0,128.90,-0.0002349444,0.0093831131,0.0982934135,0.0978859940,0.1001681101,0.0980489841,0.0950460266,0.1015408004,0.0949667303,0.0978451631,0.0926474669,0.0960485522,0.0998364109,0.0969687028,0.0939243103,0.0937277482,0.1002925255,0.1000022605,0.0957682962,0.0948873258,0.0992115299,0.1006243379,0.0947682731,0.0982119741,0.0948080295,0.0970494278,0.1000852419,0.1001266760,0.0979267137,0.0927253345,0.0968475050,0.0995404819,0.0983342445,0.0982119741,0.0947682731,0.0961686775,0.0992527190,0.0946889768,0.0979674334,0.0973726588,0.1004999224,0.1022436594,0.0971302631,0.0949667303,0.0982934135,0.0978044434,0.1000852419,0.0970899006,0.1000438078,0.0948873258,-0.00083483,-0.00267990,0.09984437,0.08823534,0.10525436,0.07533044,0.07546718,0.09124259,0.09449611,0.08747718,0.07382998,0.09618567,0.09508467,0.08294346,0.06825704,0.09218139,0.08970117,0.09629626,0.09909812,0.09363945,0.07579328,0.07655786,0.07519643,0.06879231,0.07356604,0.08514997,0.08101142,0.08807725,0.07504337,0.07564940,0.09460685,0.07356650,0.07489842,0.08223184,0.09363999,0.08194803,0.08973756,0.07908799,0.09565642,0.08274411,0.09363324,0.08221836,0.09078885,0.09002677,0.07815511,0.07424125,0.08843820,0.08151920,0.09086094,0.08280348,50,0.0286080802,0.1236224748,0.0950143945,12.4738028974,0.0392947556,0.0899637127,-0.0800080637,1.2022066435,2.36312090,2.36772685,0.00460596,0.60084886,0.60335917,0.01682157,-0.08735883,1.01223391
224,0x2d2895000,0x1db1b1000,14,13,0,128.94,-0.0032811621,-0.0010568966,0.1014253039,0.1037050299,0.1023844979,0.1047853111,0.1056190172,0.1046223211,0.1050705715,0.1050705715,0.1027448739,0.1026647539,0.1091908439,0.1027047592,0.1015046001,0.1072362495,0.1039877880,0.1036241945,0.1024646179,0.1046223211,0.1016236528,0.1028248846,0.2097265406,0.1173437065,0.1188294107,0.1080262657,0.1133406200,0.1048667505,0.1025446286,0.1014649520,0.1076498017,0.1026647539,0.1014649520,0.1065727380,0.1051928419,0.1073606650,0.1018617582,0.1051928419,0.1035434695,0.1066971534,0.1081098482,0.1072362495,0.1014649520,0.1051928419,0.1046223211,0.1037050299,0.1070288526,0.1026647539,0.0991499787,0.1037857549,-0.01165441,-0.00357120,0.07949805,0.08388893,0.08411694,0.07882346,0.07780941,0.08984534,0.08344469,0.08674789,0.06765920,0.07080432,0.08812882,0.07971978,0.08936954,0.07695289,0.08032005,0.07056124,0.07540670,0.09008831,0.07888341,0.06641011,0.29609232,1.00693659,1.02513257,1.16811938,1.12268301,1.00194420,0.07533401,0.08474873,0.11535102,0.07840662,0.08649561,0.07323562,0.09944594,0.09082117,0.07468903,0.06637992,0.10426430,0.07404211,0.08979123,0.08429042,0.10421723,0.07514159,0.08781419,0.06528537,0.07881568,0.07282984,0.05976015,0.65112104,50,0.0281289618,0.1275427971,0.0994138353,13.0909545808,0.0931385714,0.0817294043,-0.0684001417,1.5085356635,2.38342037,2.54182878,0.15840841,20.87836549,0.91326242,-0.00251837,-0.10843606,1.02269343
225,0x14fc9f000,0x16a5c7000,11,11,1,184.61,0.0030411882,-0.0024465287,0.0874912325,0.0894409370,0.0878594402,0.0850475266,0.0881812043,0.0870311420,0.0852555060,0.0875265943,0.0840357926,0.0870666005,0.0864781635,0.0866182778,0.0885744065,0.0862329396,0.0853942853,0.0883598971,0.0861278300,0.0916029948,0.0850475266,0.0807594762,0.0914189412,0.0886459421,0.0850475266,0.0863379536,0.0840357926,0.0906313546,0.0857423962,0.0852902482,0.0838985378,0.0872081445,0.0873496885,0.0825812106,0.0853942853,0.0891159552,0.0861978393,0.0883241780,0.0923493558,0.0808924418,0.0846660257,0.0850127844,0.0874912325,0.0861628346,0.0906677880,0.0926468426,0.0825812106,0.0804602356,0.0852555060,0.0883598971,0.00808919,-0.01199849,0.05699683,0.05180082,0.05365841,0.04524872,0.05334446,0.06106526,0.04996283,0.04425486,0.05937202,0.05424112,0.05707459,0.05497624,0.05461873,0.06207139,0.03947951,0.05309427,0.03912757,0.06190439,0.05139530,0.03680572,0.06092881,0.06462995,0.04592463,0.05739177,0.05653759,0.05599399,0.05859209,0.05774221,0.06643828,0.04976446,0.04949765,0.04499805,0.06667826,0.06032815,0.06163572,0.06172964,0.06320830,0.12161124,0.04907911,0.04859033,0.04859032,0.06707184,0.04557521,0.04973869,0.05321888,0.05177116,0.05321476,0.05654169,50,0.0349884426,0.1103584926,0.0753700500,12.8096213947,0.1221976477,0.0724536335,-0.0311694076,1.5139149686,2.51159720,2.47724353,-0.03435367,-5.85520408,0.99861806,0.08502900,0.03192315,1.07824804
226,0x8ea12000,0x353d99000,6,10,0,128.96,0.0005003893,0.0004800109,0.1076976995,0.1027566467,0.1020027037,0.1053669992,0.1001205003,0.1010830205,0.0990380749,0.0988415129,0.1034087182,0.1008427699,0.0999221513,0.1010429059,0.0998030986,0.1055743961,0.1055743961,0.0990774732,0.1010029005,0.1031234578,0.1020835390,0.1051597156,0.1049108846,0.1022047368,0.1029196368,0.1038338208,0.1019219786,0.1019219786,0.1020431765,0.1022854619,0.1028789171,0.1014432871,0.0986842417,0.1010429059,0.1016795830,0.1052841310,0.1090355020,0.1010429059,0.1030011874,0.1002793094,0.1006825299,0.0999617994,0.1006825299,0.1053669992,0.1021239015,0.0979556496,0.1061552276,0.1068662501,0.1050353001,0.1043271927,0.00522670,-0.00929094,0.08730769,0.08291929,0.07326743,0.08202413,0.07314102,0.08097510,0.07160452,0.06033340,0.07082824,0.05979674,0.07239679,0.06231272,0.07815791,0.07603366,0.07486325,0.07553546,0.08218177,0.07461889,0.06179447,0.08488222,0.06111807,0.06976332,0.07442514,0.09456237,0.06614862,0.11029417,0.08343682,0.10457929,0.06918119,0.08552012,0.05959031,0.08480234,0.06523330,0.09452500,0.07456844,0.09311807,0.07137349,0.08668287,0.07790673,0.08487116,0.07523186,0.09998919,0.06834312,0.07470576,0.06909255,0.08090647,0.08603889,0.07604173,50,0.0275803976,0.1241101419,0.0965297443,12.6841777278,0.0498908880,0.0762010637,-0.0877907406,1.7795720024,2.32468949,2.44365211,0.11896262,15.76976488,0.56968456,0.09659078,-0.11593156,1.01083969
227,0x15ac1b000,0xdb657000,11,15,0,126.23,0.0065730467,-0.0021652744,0.1072653352,0.1039765113,0.1011487762,0.1056616880,0.1083077562,0.0984123603,0.1015791633,0.1045036794,0.0997209907,0.1026599125,0.0992284719,0.1022313219,0.1037012600,0.1038978220,0.1060220639,0.1025040710,0.1023091895,0.1048608375,0.1033223183,0.0960653878,0.0962126508,0.1030495692,0.1055815680,0.1016177398,0.1022313219,0.1050592948,0.0962863326,0.1039371130,0.0963968049,0.0962126508,0.0964335955,0.0970706582,0.1026599125,0.1007662692,0.1014633282,0.0961021784,0.0982621354,0.0994937142,0.1013089166,0.1055015573,0.1016949983,0.0961021784,0.0962126508,0.0962863326,0.1069017418,0.1019266684,0.1030106355,0.1060220639,0.01879409,-0.00547484,0.07444377,0.06101157,0.07831961,0.06699727,0.07064318,0.05756093,0.07882450,0.09170658,0.05877610,0.07307693,0.06096965,0.07352913,0.07636120,0.07278661,0.07271251,0.07281269,0.06944385,0.07571397,0.07231016,0.06428669,0.05627599,0.05069923,0.06413976,0.06126041,0.06848589,0.06901151,0.06030385,0.06556410,0.03519159,0.06482874,0.06435299,0.05601894,0.06786221,0.07799103,0.06264683,0.05747928,0.04934631,0.06434133,0.06305844,0.06993040,0.04906701,0.06427975,0.05947856,0.05276682,0.06264312,0.07495998,0.06031555,0.06062838,50,0.0217150952,0.1170436089,0.0953285138,12.3068186221,0.0358540759,0.0983410370,-0.0391877893,1.1730669865,2.32014797,2.37270010,0.05255214,6.75810298,0.60231581,0.06211757,0.00437075,1.00534702
228,0x3c9506000,0x8e854000,5,6,0,129.05,0.0083360647,-0.0014035723,0.1058495933,0.1006374877,0.0976349753,0.1108679627,0.0959484785,0.1034766294,0.0971871034,0.1010700979,0.0998295757,0.0946739203,0.1011108176,0.1040975785,0.1002335317,0.1013145273,0.1019434510,0.1013553583,0.1024368229,0.1054699117,0.1045158338,0.1003143670,0.0995529173,0.1057651812,0.1001528067,0.0969904340,0.1008662769,0.0965579116,0.1025600536,0.1013145273,0.0959874122,0.1009069966,0.0982301304,0.1010700979,0.1003547295,0.1001123339,0.1031033830,0.0948670139,0.1023956338,0.1038084418,0.0989924054,0.1001931692,0.1065920940,0.1052589392,0.0987921601,0.0954419141,0.0977142716,0.1016406187,0.0977142716,0.1036840263,-0.00002297,-0.01683729,0.06890504,0.06049067,0.07303445,0.09004108,0.06245894,0.05572019,0.06804931,0.06335247,0.06994951,0.04556899,0.05002108,0.07170333,0.06684878,0.05301937,0.06236234,0.06213784,0.08021977,0.07094891,0.05963572,0.05278248,0.05932924,0.06555976,0.06500895,0.05734629,0.05252197,0.06509012,0.06706422,0.06889291,0.05847644,0.05578361,0.05264677,0.05774037,0.04814570,0.06153084,0.06849422,0.06632537,0.05814507,0.06378059,0.05705876,0.07396046,0.08351493,0.09961925,0.05883970,0.09182999,0.06924652,0.06612452,0.05598670,0.07937341,50,0.0238225596,0.1238720095,0.1000494500,13.1298579548,0.0494966086,0.0934023658,-0.0897989729,1.0941085949,2.35860764,2.40391847,0.04531083,5.93804288,0.66348822,0.05567892,-0.05984889,1.01362105
229,0x3ddeb5000,0x9b5f6000,12,6,0,128.91,-0.0158012992,-0.0223357371,0.0888054518,0.0812929177,0.0845713743,0.0836533686,0.0844899349,0.0799777485,0.0849381853,0.0810548123,0.0835726436,0.0846120940,0.0859798906,0.0816897238,0.0811996915,0.0867306168,0.0893959907,0.0835726436,0.0864403517,0.0794072492,0.0783254274,0.0868964664,0.0846936446,0.0802137089,0.0792903415,0.0821319864,0.0843675533,0.0868135982,0.0833302480,0.0892694302,0.0886366277,0.0836533686,0.0856099739,0.0846120940,0.0850604556,0.0866477486,0.0852810219,0.0892694302,0.0889741608,0.0892694302,0.0890584577,0.0802137089,0.0879774620,0.0772437164,0.0837745665,0.0818087765,0.0848973543,0.0817690201,0.0859798906,0.0857333169,-0.00325066,-0.02832174,0.08350677,0.06219740,0.07733657,0.04782164,0.06987136,0.05240674,0.04739224,0.05090542,0.06047509,0.06259311,0.05237574,0.04131594,0.05967534,0.07420800,0.05928914,0.04385614,0.04681921,0.05897158,0.04650107,0.05296517,0.05999229,0.06013386,0.04949328,0.08038459,0.05876624,0.07735972,0.06705557,0.06958266,0.05593199,0.07571099,0.06543948,0.07342961,0.05051327,0.07237099,0.07201244,0.07861226,0.05257226,0.07165226,0.05626077,0.05398554,0.06388247,0.04695037,0.05890716,0.92794003,0.05450757,0.05211184,0.06174261,0.05705470,50,0.0264825443,0.1234561825,0.0969736382,12.7290849925,0.0349117106,0.0783233022,-0.0664021125,1.3917340053,2.30011498,2.40036614,0.10025116,13.17470078,0.51405593,0.03703711,-0.07308152,1.01615432
230,0x3a34ed000,0x3c9a58000,12,5,0,126.17,-0.0078324602,-0.0023701068,0.1656469064,0.1042116769,0.1014344600,0.1247395505,0.1001060631,0.0912396786,0.0929348512,0.0894226892,0.0906170177,0.0926646046,0.0974277666,0.0931218817,0.0935895124,0.0939791691,0.0872245109,0.0940181029,0.0919282537,0.0946294302,0.0928575927,0.0935115385,0.0925487696,0.0905033277,0.0989856668,0.0873717739,0.0936673799,0.0891599492,0.0912778979,0.1582836642,0.0956685254,0.0906170177,0.0961049797,0.0935115385,0.1885627597,0.1055468663,0.1225344569,0.1077940968,0.1056327091,0.0926646046,0.0935505786,0.0949832634,0.0926260281,0.0945900319,0.0915074230,0.0970273853,0.0950225543,0.0891223417,0.0915839661,0.0928575927,-0.02815183,-0.02209854,1.08741462,1.02031805,1.16769340,1.19555018,1.19238153,0.03790766,0.06027171,0.04178082,0.04772002,0.05067896,0.04579970,0.02766979,0.04390086,0.02594677,0.01985670,0.03890483,0.04067508,0.03850387,0.03897960,0.03834723,0.03537970,0.03444646,0.10765425,0.03740906,0.04013740,0.02321051,0.03343517,0.53418342,0.06940784,0.20366169,0.04959044,0.07242720,0.77912488,0.80938435,1.04997443,1.16233457,1.15895151,0.92915648,0.04863774,0.05650022,0.05232710,0.04712423,0.04276925,0.05321034,0.04505399,0.05757930,0.04714662,0.04913490,50,0.0267410519,0.1205836044,0.0938425526,12.0945377462,0.0885983144,0.0738975755,-0.0867331177,1.4997888596,2.30257210,2.45182398,0.14925189,19.24309804,0.75456478,0.14587448,-0.13335334,1.01262717
231,0x160887000,0x153d93000,11,11,1,184.66,0.0016665908,0.0016665908,0.0813252993,0.1962612528,0.0837618556,0.0818400282,0.0813252993,0.0870049533,0.0811536605,0.0849137048,0.1617782678,0.0924101087,0.1007323154,0.0927511788,0.0986961682,0.0815998089,0.0876119385,0.0837618556,0.0860668871,0.0815655186,0.0825421532,0.0804848358,0.0839019698,0.0837618556,0.0810621619,0.0807905118,0.0840070794,0.0818057379,0.0820116670,0.0862099584,0.0833415128,0.0815655186,0.0826461903,0.0829583015,0.0806545940,0.0774072181,0.0805187689,0.0858881943,0.0834115221,0.0775388438,0.0847721607,0.0826461903,0.0849137048,0.0804848358,0.0858524752,0.0827502274,0.0853162017,0.0836217413,0.0833415128,0.1581737217,0.00641214,0.00511928,0.05800391,0.23315694,0.05777909,0.08813935,0.06423422,0.08168319,0.05837186,0.06586172,1.05660269,1.10640469,1.18072323,1.25304687,1.13804987,0.69268621,0.05967873,0.07779014,0.07442564,0.06947225,0.05082775,0.08000322,0.05554421,0.05817580,0.04242467,0.06346834,0.05862237,0.05941404,0.04749053,0.05558837,0.05527750,0.05919155,0.05130302,0.06508999,0.07643092,0.05280330,0.05116757,1.29213430,0.76729551,0.73049268,0.09012420,0.05067047,0.07055016,0.05377989,0.04345097,0.04695838,0.07163196,0.05791523,0.06602613,0.13607456,50,0.0328185694,0.1112553578,0.0784367883,13.3600381027,0.1501896867,0.0632782790,-0.0545221668,1.3631413552,2.40342556,2.55017442,0.14674886,25.07913773,1.11318603,0.04226545,-0.11955448,0.97703363
232,0x1db6a5000,0x7f375000,13,9,0,126.23,0.0145536693,0.0102338440,0.0945938361,0.0881856146,0.1030222307,0.1032420228,0.1545811481,0.1108557755,0.0990880682,0.0919874155,0.1033300117,0.0903886847,0.0898331776,0.0900316349,0.0850160952,0.0893459074,0.0893459074,0.0863702060,0.0866790291,0.0960066441,0.0889527833,0.0877569177,0.0958822286,0.0866790291,0.0881076407,0.0870265343,0.0923913715,0.1022047235,0.0938388210,0.1051361100,0.1099126544,0.0863280456,0.0866790291,0.0899522303,0.0924317340,0.0890313652,0.0813637099,0.0898331776,0.0943883393,0.0808321713,0.0854482691,0.0869106992,0.0868335461,0.0858690999,0.0881466808,0.0917111143,0.0874126159,0.0856012510,0.0854482691,0.0877959578,0.47523169,0.61254398,0.52629860,0.51233633,0.52600139,0.55818333,0.20726637,0.33920486,0.53634965,0.54435558,0.50252553,0.50218367,0.51578838,0.57002972,-0.44714964,-0.42838230,-0.46662540,-0.45800074,-0.45928724,0.50542574,0.44309478,-0.46854222,-0.14648636,-0.45150458,-0.46314829,-0.46763244,-0.45356730,0.53142912,0.50783135,0.53283815,0.53623406,-0.45927502,-0.46984556,-0.45471393,-0.45020733,-0.46768388,-0.46194813,-0.46110412,-0.45440575,-0.47219922,-0.47050205,-0.47141335,-0.45861788,-0.46616531,-0.46829836,-0.47033441,-0.46841785,-0.46981808,-0.48009973,-0.47276675,50,0.0263850394,0.1192133056,0.0928282662,11.9816156543,0.0569982820,0.0901177388,-0.0720118616,1.1342678225,2.36898670,2.42417714,0.05519044,7.12178352,0.63475609,0.08358128,-0.00763026,1.00602461
233,0x222f19000,0x39f5ca000,8,5,0,126.24,0.0004874302,-0.0015566747,0.0898768373,0.0896140973,0.1021850266,0.0954214308,0.0977393752,0.0948880774,0.0925289486,0.0924525099,0.0935338637,0.0925671680,0.0934566052,0.0947321296,0.1006334486,0.0925671680,0.0903648123,0.0967780359,0.0926054918,0.0920698985,0.0976992606,0.0927966931,0.0956572838,0.0932636171,0.0958145550,0.0933407702,0.0922229849,0.0943425792,0.0894685752,0.0922612042,0.0915227083,0.0932249351,0.0979795165,0.0945762882,0.0899519498,0.0936110168,0.0922229849,0.0943425792,0.0904399248,0.0960505153,0.0883478281,0.0946542621,0.0966192268,0.0876850945,0.0967780359,0.0909163961,0.0951460722,0.1175102889,0.0902521948,0.0936882753,-0.51057777,-0.49553138,-0.44346467,-0.43043312,-0.43134655,-0.44180824,-0.44994127,-0.45598501,-0.43653500,-0.42876742,-0.42918779,-0.43368475,-0.42120528,-0.42097119,-0.44562502,-0.44332523,-0.39358376,-0.43576758,-0.42636970,-0.42366420,-0.42043656,-0.44369804,-0.43173994,-0.43229031,-0.42458936,-0.43537763,-0.43188351,-0.44600878,-0.43701194,-0.43925778,-0.44715845,-0.43300408,-0.43518248,-0.43066448,-0.44715176,-0.42145729,-0.43182092,-0.43663814,-0.43926264,-0.43022901,-0.44260053,-0.43721568,-0.43964787,-0.43472121,-0.43157348,0.21819522,-0.41255401,-0.40291052,-0.43386096,-0.44480533,50,0.0235142692,0.1192373646,0.0957230954,12.3315787418,0.0455782063,0.0879516983,-0.0858682746,1.1501325882,2.29843099,2.39991722,0.10148623,13.09651885,0.63027913,0.06044237,-0.05566760,0.99392551
234,0x2756c1000,0x2f3aa6000,8,7,0,126.23,0.0027503935,0.0005722339,0.0941144712,0.0971076675,0.0934581338,0.1008216151,0.0987432083,0.0975442301,0.0952695129,0.0998636042,0.1009030545,0.1420501957,0.0990234642,0.0965832513,0.0970158811,0.0997020438,0.1903283415,0.0967012315,0.1000251645,0.0956592760,0.1011883149,0.1004291205,0.0945391295,0.0978219836,0.1007808954,0.0953865269,0.0934199144,0.0968192117,0.1000655271,0.0959320251,0.0990234642,0.0963866893,0.0987833229,0.0968979009,0.0988233282,0.0989834589,0.1005770745,0.0997020438,0.0942303063,0.0912211325,0.0975838782,0.0999443292,0.1001463624,0.0975442301,0.0968192117,0.0984629523,0.0967012315,0.1006585138,0.0956982098,0.0975044737,0.00811813,0.00268686,0.06932053,0.06508839,0.07733425,0.07417702,0.05999780,0.06870332,0.06784420,0.05671731,0.08565127,0.11363575,0.06675407,0.05650603,0.06633987,0.07809113,1.14941271,0.06726035,0.06903062,0.06115893,0.08486914,0.05985846,0.05549039,0.06562255,0.05636041,0.06061546,0.05829884,0.06833892,0.08668217,0.06579988,0.06851019,0.06042681,0.07152506,0.06021490,0.06929944,0.06944416,0.05736483,0.06352328,0.06250938,0.05494103,0.07002076,0.06200861,0.09159626,0.05369368,0.05607869,0.05465418,0.06332261,0.06800515,0.05817142,0.06294136,50,0.0294389875,0.1203362013,0.0908972139,11.6824607959,0.0430764876,0.0641965466,-0.0960297958,1.7453036603,2.35499799,2.41009017,0.05509218,7.07496495,0.49578785,0.03465556,-0.02618082,1.02894077
235,0x21d7ba000,0x27ee88000,1,1,1,184.53,0.0016982324,-0.0028039201,0.0848430718,0.0848077100,0.0839722622,0.0788888516,0.0826117302,0.0810165931,0.0783568986,0.0807566733,0.0802132804,0.0837971432,0.0859599173,0.0767153540,0.0859956364,0.0850554361,0.0761948408,0.0837270383,0.0856738722,0.1809874458,0.0815657060,0.1408945857,0.3300318737,0.0805189563,0.1089717884,0.1118244800,0.0913293005,0.0943792993,0.1030133012,0.0856023366,0.1428905922,0.0923724339,0.0963804489,0.0945337109,0.0845953457,0.0925618483,0.0880861585,0.0847015278,0.0848430718,0.0859956364,0.0912542905,0.1152027196,0.1011400335,0.1279351761,0.1008140534,0.0845953457,0.0919298930,0.0922966061,0.0915920405,0.1456023537,0.00275049,-0.01566725,0.03936784,0.04796809,0.05604842,0.05305111,0.04551645,0.05368629,0.02903929,0.04104662,0.05346508,0.05883703,0.06102339,0.04014064,0.06352325,0.04185409,0.05519783,0.03034572,0.05508534,0.18974902,0.04702768,0.11656609,1.17981607,1.00924220,1.04480944,1.17740671,1.02999196,1.03269630,1.04757008,1.03051503,1.06616121,0.99829968,1.01673152,0.94466588,1.06537287,1.04021732,0.86805908,1.01050913,1.03500012,1.00993510,1.02930581,1.02297938,0.89255327,1.08207226,1.04177207,1.01295731,1.00103953,1.03322068,1.01111631,1.07734657,50,0.0272843139,0.1065392686,0.0792549547,13.4472247930,0.0595353409,0.0693528331,-0.0669895074,1.6009875257,2.30687467,2.39666260,0.08978793,15.25463589,0.74654293,0.12710057,-0.06038534,1.01662618
236,0x929db000,0x15b3a9000,15,11,0,126.24,0.0029509325,0.0040316042,0.1022139937,0.0940587824,0.0960388754,0.0956260129,0.0945849140,0.0976675229,0.0963016155,0.1024917472,0.0980118105,0.1216864927,0.1150769524,0.1132226314,0.1121416357,0.1106777407,0.1011347849,0.0935433117,0.0960013704,0.1024917472,0.1028091488,0.1034134383,0.0988217398,0.0976293036,0.1021743455,0.0960013704,0.1000945099,0.0989762568,0.0998217608,0.0990920918,0.1023726945,0.0982412311,0.1044937196,0.1025710434,0.0960763805,0.0949938442,0.1013707452,0.0992079268,0.2184721844,0.0980500299,0.1034134383,0.1024917472,0.0983177743,0.2027292397,0.1064487839,0.2152254196,0.1150769524,0.1475968499,0.0956260129,0.0995553266,0.00460896,0.00818144,0.08889120,0.08490157,0.08230336,0.07201441,0.08910440,0.10595942,0.08538673,0.08711641,0.07487135,1.04616681,0.63738088,1.19545386,1.33795596,1.23588002,0.11702593,0.07364415,0.10831813,0.08644694,0.09202323,0.09358051,0.09183372,0.08532339,0.10113280,0.08140751,0.07791902,0.08789239,0.08482058,0.07635234,0.08621331,0.07991706,0.08870781,0.11654599,0.07658303,0.09416790,0.07429016,0.10907016,1.09921313,0.09573545,0.07992788,0.09626919,0.08121450,0.20892644,1.07601899,1.13517406,1.38395448,1.29277896,0.09489683,0.08424862,50,0.0257395691,0.1184833567,0.0927437876,11.9567230663,0.0546940424,0.0765120279,-0.0697461448,1.4576726627,2.29425970,2.39559992,0.10134022,13.06538284,0.61662336,0.05320479,-0.10097012,1.00000515
237,0x211db1000,0x20b6d9000,8,8,1,184.63,-0.0002994783,-0.0002994783,0.0871191197,0.0829379769,0.0861449873,0.0790382016,0.0851339788,0.0884843091,0.0829379769,0.0880552903,0.0860398777,0.0810093460,0.0913624168,0.0825644348,0.0852033684,0.0929242375,0.0892776146,0.1067964397,0.0904297123,0.0951664577,0.0848912572,0.0872960255,0.0836411855,0.0882340807,0.0832436528,0.0882340807,0.0825304090,0.0843275533,0.0861799920,0.0858996678,0.0831077351,0.0860748824,0.0837440564,0.0856195168,0.0872960255,0.0808098523,0.0888060732,0.0872960255,0.0797946362,0.0905026787,0.0861799920,0.0862500969,0.0786152902,0.0862851016,0.0884485901,0.0883413354,0.0863551109,0.0847525727,0.0968708295,0.0991873432,0.01623873,-0.00310059,0.09661005,0.06252865,0.06520604,0.05423559,0.03389713,0.05187084,0.05773375,0.07177852,0.06556591,0.05916948,0.08573867,0.05584008,0.05515903,0.87523386,1.03231518,0.96503447,1.20042395,1.26063949,0.11201244,0.06918424,0.07188299,0.06748515,0.05989287,0.06938559,0.05504954,0.05586457,0.06724070,0.05545636,0.05343751,0.05084994,0.06317999,0.04504793,0.05326222,0.04467861,0.06291790,0.05949513,0.04341606,0.05916012,0.06395345,0.04997159,0.05736552,0.05959005,0.06344311,0.06952736,0.05223207,0.08220364,0.88713343,1.17778214,50,0.0287401963,0.1110727181,0.0823325219,14.0168701846,0.1328514640,0.0816481742,-0.0640112308,1.1158152439,2.47743654,2.54846769,0.07103115,12.06633180,1.10314174,0.07952090,-0.00009041,1.03537728
238,0x21d2fa000,0x223afa000,1,1,1,184.67,-0.0015649787,-0.0059173366,0.0810955120,0.0857635458,0.0795969051,0.0834619906,0.0888511020,0.0784126361,0.0803673471,0.0839267284,0.0750039878,0.0806100688,0.0753986852,0.0814465780,0.0794940342,0.0763495181,0.0816918019,0.0826673640,0.0813063681,0.0817268066,0.0781069602,0.0815516876,0.0793910697,0.0805060317,0.0805754213,0.0783446772,0.0805406791,0.0805754213,0.0839982641,0.0804366421,0.0793910697,0.0859823454,0.0847926422,0.0847926422,0.0805406791,0.0741195923,0.0826320021,0.0804366421,0.0847926422,0.0759173119,0.0806793637,0.0824196378,0.0861646121,0.1380496592,0.0859823454,0.0836050619,0.0718924370,0.0806100688,0.0837837547,0.0873214789,0.00109786,-0.00696200,0.03193415,0.05937828,0.04507669,0.05289246,0.05774744,0.01883392,0.03457161,0.02456810,0.04454689,0.03552228,0.03290029,0.05019999,0.04313997,0.03217441,0.04107959,0.04597994,0.02404137,0.06103725,0.03929235,0.04539275,0.03423364,0.05715876,0.04342927,0.04280579,0.03652586,0.04638979,0.05323448,0.04524930,0.05324562,0.04260736,0.04749601,0.04262323,0.04076383,0.04439140,0.04216372,0.03811868,0.04957288,0.02905162,0.06309931,0.04607578,0.06032995,0.08371820,0.07476431,0.02980001,0.03822922,0.07146184,0.75260017,0.97222202,50,0.0239995760,0.1073171204,0.0833175444,14.1951238173,0.0609331831,0.0679041764,-0.0714768025,1.3593965795,2.29250691,2.41013546,0.11762855,20.07513966,0.82702396,0.18122643,-0.12562640,0.98726312
239,0x1c8e4d000,0xfa66f000,13,15,0,126.22,0.0207376883,0.0035370353,0.0873125033,0.0977351905,0.0982507463,0.0988177267,0.0983817162,0.1145649323,0.0886717202,0.1327957972,0.0975621923,0.1070127500,0.1005394194,0.0898320112,0.0896281902,0.0929035404,0.0932800044,0.0934472836,0.0907060787,0.0777722997,0.0890352034,0.0869503608,0.0917424227,0.0888736431,0.1089345604,0.0995484366,0.1683084215,0.0823513714,0.0899135618,0.0914521577,0.0873926233,0.0843562033,0.1072914854,0.0982507463,0.0917838568,0.0917338994,0.0969998596,0.0832772411,0.1029673921,0.0863947454,0.0939394130,0.0875127486,0.0813468145,0.0828103171,0.0782509798,0.0833158177,0.0797778439,0.0889140056,0.0881533805,0.1516748826,0.53050984,0.46075910,0.42712282,0.30359725,0.51061972,0.70551983,0.56430919,0.59613429,0.35512761,0.42276178,0.56060440,0.50654600,0.44853772,0.60091618,0.55851866,0.52982959,0.53634019,0.53255743,0.52729367,0.47550423,0.27383165,0.63682101,0.53218101,0.51506227,0.56651362,0.41194812,0.67092811,0.52785269,0.51684277,0.67836106,0.55494136,0.60567956,0.59152514,0.56860558,0.56776588,0.58219500,0.68323064,0.57615578,0.58371984,0.55631951,0.22254085,0.53913255,-0.41501734,-0.40595936,-0.42087572,-0.40672491,-0.41482179,0.53687384,-0.37998589,0.62861079,50,0.0248224673,0.1174848616,0.0926623943,11.9086819593,0.0628079511,0.0717956731,-0.0800286097,1.5865959925,2.29186229,2.40652261,0.11466032,14.82902853,0.65945831,0.04146226,-0.11367595,1.02482773
240,0x1dcd64000,0x1a2894000,4,4,1,184.49,-0.0143304275,-0.0163584237,0.0667650071,0.0708016377,0.0680884004,0.0676029571,0.0697946467,0.0613616376,0.0656843243,0.0702547372,0.0666620425,0.0732125927,0.0700070111,0.0670739007,0.0732854595,0.0692065679,0.0621791478,0.0656843243,0.0658201494,0.0669365522,0.0659559744,0.0693817825,0.0675682150,0.0668679716,0.0689613440,0.0678456788,0.0709804280,0.0677416417,0.0658540825,0.0691014583,0.0653786484,0.0678456788,0.0655484993,0.0752988025,0.0682964745,0.0710161471,0.0711592184,0.0690664536,0.0657182574,0.0754474951,0.0765286016,0.0751501098,0.0659900002,0.0767163316,0.0674295305,0.0711234018,0.0708731733,0.0690314490,0.0723488452,0.0656503912,0.01228013,0.00034204,0.05009815,0.05896335,0.04012856,0.04589064,0.04994141,0.01486625,0.03028918,0.03668391,0.04175202,0.05765066,0.02864763,0.04892505,0.04480076,0.04261460,0.03483668,0.03866402,0.05040410,0.04614090,0.04107787,0.03828187,0.04223634,0.05022387,0.08687036,0.03703904,0.05673098,0.02426558,0.04312398,0.04270406,0.05219933,0.04714548,0.06190576,0.05235935,0.03536462,0.05324717,0.05913825,0.04729735,0.06416365,0.05820770,0.08092971,0.03501794,0.03950388,0.04726830,0.03005789,0.03792424,0.04372786,0.03995202,0.03291735,0.04963162,50,0.0266386538,0.1080651165,0.0814264627,13.8095902889,0.0645658207,0.0648979591,-0.0626508582,1.3157533246,2.31097211,2.41979429,0.10882218,18.53800476,0.79920951,0.07523327,-0.03270914,0.99148951
241,0x354260000,0x29d225000,3,14,0,126.23,-0.0027150929,0.0016018827,0.1011223523,0.0957136865,0.0944459227,0.1029255091,0.0984569028,0.0996899183,0.0967575353,0.0937710984,0.0930714737,0.1043272335,0.0974946015,0.0913505890,0.0968711219,0.0936974167,0.1023627641,0.0990359726,0.0936606261,0.0975328209,0.0968332597,0.0945574676,0.0976858028,0.0942228330,0.0978771085,0.0990746545,0.0954134415,0.1012009342,0.0945574676,0.0985727378,0.0969090875,0.0936606261,0.0992676426,0.0952257115,0.0952257115,0.1011616432,0.0948549544,0.0987657259,0.0956385740,0.1028453892,0.0999626674,0.0996119444,0.1020453624,0.0994993127,0.0975711447,0.0987657259,0.1016882044,0.0933292090,0.0956761815,0.0945574676,-0.00948333,0.00088947,0.07384460,0.06632864,0.06256340,0.07653190,0.06501337,0.08291319,0.05992356,0.06874212,0.06784945,0.06731872,0.07958708,0.06320720,0.05652583,0.06276777,0.07051876,0.07730369,0.05241399,0.07904990,0.06960602,0.07200354,0.06361869,0.06300850,0.07158471,0.06752330,0.05295218,0.08158259,0.07652439,0.07804523,0.06551424,0.06946296,0.09160425,0.06488933,0.09003110,0.06768185,0.07572231,0.07056595,0.06611158,0.09182478,0.06788377,0.06545565,0.07601276,0.07478003,0.06463166,0.07810956,0.06807953,0.07221935,0.04951493,0.07570434,50,0.0277947313,0.1170437576,0.0892490263,11.4876460963,0.0402298850,0.0809410350,-0.0840010121,1.6952741190,2.34456286,2.35188634,0.00732349,0.92507831,0.50792557,0.03386698,-0.10169616,1.01009119
242,0x91173000,0x2d246c000,15,7,0,128.91,0.0034907394,-0.0084452759,0.0921669418,0.0965731928,0.1041503920,0.1018196918,0.0972554571,0.0999836811,0.0960573339,0.0994538800,0.1019026732,0.0964938966,0.0966525974,0.0959780377,0.0974955984,0.0986574294,0.1671848638,0.1129391825,0.1021896649,0.1029006874,0.1079570312,0.0987381544,0.1018196918,0.0976958437,0.0992093393,0.0985765941,0.1018196918,0.1031098722,0.0964542485,0.0983746712,0.1019855414,0.0983343087,0.1033189427,0.0962161431,0.0996575897,0.1019855414,0.0983343087,0.0992500590,0.0986574294,0.1002865134,0.1004921224,0.0962161431,0.0973754731,0.0976557291,0.1344071500,0.0999428501,0.0982534734,0.1082623100,0.0964938966,0.0981726381,0.03066380,-0.00686136,0.08095541,0.07272276,0.08148360,0.09111268,0.08587713,0.08028438,0.07912873,0.07276032,0.05746272,0.07463272,0.05924500,0.07832720,0.06664870,0.07283974,1.04863117,1.06953594,1.21358410,1.22540623,0.87566756,0.07579999,0.08967746,0.07424190,0.05948091,0.06443779,0.08194271,0.08668051,0.06600454,0.06990747,0.08735881,0.07163307,0.09211489,0.07099282,0.06449875,0.07577998,0.06463996,0.06458378,0.07925226,0.07515922,0.06137474,0.08415189,0.07733456,0.13924958,0.27958148,0.06937306,0.09158296,0.10835860,0.06194108,0.09081902,50,0.0271527694,0.1254962369,0.0983434675,12.9327745365,0.0613651432,0.0838840622,-0.0774064920,1.4769782306,2.34006153,2.46507811,0.12501659,16.52362398,0.68997019,0.04537168,-0.01830465,1.00800709
243,0x190b34000,0x19f14a000,4,4,1,184.62,0.0073763239,-0.0046236919,0.0916408071,0.0821089151,0.0816334811,0.0821089151,0.0861612878,0.0848350350,0.0777733578,0.0850802589,0.0879983748,0.0852203732,0.0840686307,0.0873138523,0.0861259259,0.0818371723,0.0852904781,0.0874211070,0.0818371723,0.0826093187,0.0861612878,0.0918638969,0.1805565299,0.0848350350,0.0836871299,0.0850452543,0.0861259259,0.1709878289,0.0983672550,0.1084767773,0.0949624896,0.0891491414,0.0818032392,0.0839645936,0.0851503639,0.0867275604,0.0850452543,0.0869205526,0.0895502076,0.0840686307,0.0860197438,0.0871708786,0.0788572471,0.0827123769,0.0884316839,0.0850452543,0.0830554671,0.0842767049,0.0869205526,0.0850802589,0.50463133,-0.18125464,-0.10449523,-0.12124846,-0.12678391,-0.09946919,-0.11140727,-0.11810920,-0.11823954,-0.10032766,-0.10099219,-0.09761713,-0.10608920,-0.09735110,-0.11318311,-0.10988654,-0.10415975,-0.10811501,-0.11142030,-0.10835235,-0.11074198,-0.10647636,0.09612702,-0.11609109,-0.11336859,-0.12422610,-0.09119583,0.68910249,0.73532792,0.52525114,1.01007974,1.10119392,0.79170215,-0.10497939,-0.09705424,-0.11554216,-0.10234874,-0.02052450,-0.10210619,-0.11610029,-0.12418783,-0.11752461,-0.12996804,-0.09251253,-0.11414011,-0.08302265,-0.10033364,-0.09337236,-0.12671320,-0.09983370,50,0.0333810551,0.1122895425,0.0789084874,13.4108275379,0.1291750165,0.0666063644,-0.0749495730,1.5505398551,2.45590652,2.51226192,0.05635540,9.66830884,1.11997178,0.09097512,0.00736202,1.00730375
244,0x1dd2fc000,0x19fe6d000,4,13,0,126.26,0.0059816667,0.0060299401,0.0990037974,0.0964825005,0.1000451459,0.0988825996,0.0945975464,0.0987614018,0.1017939982,0.0930527416,0.0922434223,0.0893392484,0.0953642506,0.0934773998,0.0956789002,0.0935160818,0.0911638563,0.0952069795,0.0943637311,0.0980018493,0.0945585063,0.0891161587,0.0978417186,0.0925111667,0.0932458352,0.0875936308,0.0966412013,0.0920904404,0.0982019852,0.0934388233,0.0878514666,0.0860908314,0.0962046387,0.0979617346,0.0916564786,0.0992865556,0.0921669836,0.0945585063,0.0990846328,0.0946364802,0.0956395019,0.0954036489,0.0970380075,0.0978016040,0.0963236914,0.0979217293,0.0876673125,0.0956002110,0.0952855614,0.0954036489,-0.00842088,-0.00440906,0.06279958,0.05490002,0.05617589,0.05943639,0.04497643,0.06640506,0.06299063,0.06443275,0.03957305,0.05168231,0.05832087,0.05347649,0.05784398,0.04423753,0.05242802,0.04697848,0.05913084,0.04977563,0.04607435,0.05259490,0.05904353,0.05321013,0.06472700,0.04624919,0.05250421,0.04071676,0.06145240,0.04227744,0.05373119,0.04403656,0.05141163,0.04303210,0.04814675,0.06000164,0.05300838,0.05329841,0.07459694,0.05457294,0.08151231,0.04613333,0.07015432,0.05961935,0.05162825,0.05932267,0.06142101,0.05044398,0.04519104,0.05558110,50,0.0283792027,0.1197524436,0.0913732408,11.7847288677,0.0627141884,0.0788700824,-0.0756785010,1.3733027714,2.45038670,2.46219255,0.01180585,1.47056069,0.70253988,-0.02593282,-0.02512738,1.03883403
245,0x3dbc95000,0x3ddcad000,12,12,1,184.65,-0.0194526408,-0.0215996770,0.0667651729,0.0711893733,0.0640855086,0.0678071785,0.0618497599,0.0605649471,0.0638080448,0.0693590113,0.0691767447,0.0646438387,0.0648190533,0.0671583751,0.0630016192,0.0660055499,0.0648890626,0.0616120429,0.0584028893,0.0658993678,0.0666579182,0.0651693868,0.0640855086,0.0648890626,0.0693590113,0.0670511204,0.0634959336,0.0613403001,0.0658285475,0.0638080448,0.0617139349,0.0640161190,0.0616459760,0.0648890626,0.0625211806,0.0626927256,0.0638080448,0.0636347128,0.0617139349,0.0670511204,0.0616459760,0.0669796823,0.0637733973,0.0615440840,0.0634266386,0.0673371654,0.0659700915,0.0690673449,0.0660055499,0.0638080448,-0.02491524,-0.03934921,0.03168832,0.04898045,0.01712926,0.03765745,0.03509206,0.01517162,0.03802242,0.03097485,0.03999105,0.02766637,0.03718149,0.02995334,0.00849342,0.02887064,0.04222969,0.02645158,0.03146032,0.02798514,0.01875994,0.04005674,0.02920343,0.02626342,0.04219628,0.03843552,0.02071355,0.02062852,0.04291479,0.03464964,0.04081314,0.05056151,0.03532039,0.04823288,0.02876845,0.06526554,0.03421906,0.06202201,0.01386900,0.04285476,0.04161876,0.03779655,0.03990472,0.02553295,0.01830779,0.01979399,0.02135944,0.04237953,0.02460207,0.03132877,50,0.0225197131,0.1067947484,0.0842750352,14.3239821822,0.0598867274,0.0765240160,-0.0833373069,1.2474177616,2.27553067,2.36700899,0.09147832,15.56680184,0.57007570,0.04822889,-0.10534079,1.00578931
246,0x286602000,0x2ecc00000,7,7,1,184.61,-0.0035278232,0.0062078837,0.0826999937,0.0817258724,0.0814484087,0.0796352436,0.0752504097,0.0796352436,0.0818992044,0.0847847968,0.0794994186,0.0786561067,0.0829802222,0.0818299095,0.0830503272,0.0765270003,0.0794994186,0.0818992044,0.0785217114,0.0829452176,0.0808868498,0.0764940490,0.0816564828,0.0849993063,0.0786225308,0.0797032025,0.0806809208,0.0831904415,0.0815524457,0.0743963733,0.0848920516,0.1400048935,0.0817605199,0.0818992044,0.0829802222,0.0800088784,0.0829452176,0.0815870932,0.0834006607,0.0809554304,0.0818645570,0.0795673775,0.0805436659,0.0818299095,0.0830853319,0.0864399745,0.0797032025,0.0856428345,0.0820032415,0.0832605464,-0.00298583,-0.01997747,0.04703451,0.04592022,0.04100863,0.01976209,0.03649603,0.03806362,0.05442812,0.04146406,0.04204517,0.03189271,0.05505878,0.03667611,0.04050863,0.05032607,0.03699824,0.02209758,0.02800093,0.04771012,0.04446036,0.04325782,0.04743895,0.02937505,0.03990650,0.03280555,0.03566196,0.02944599,0.03610004,0.02688561,0.04866353,0.13971889,0.04167357,0.02537577,0.03358176,0.03906711,0.04903071,0.05535103,0.04135749,0.03952005,0.03900320,0.04033167,0.02196028,0.04136465,0.03125330,0.02347632,0.05239621,0.04573434,0.03280817,0.05188582,50,0.0241929162,0.1058305425,0.0816376263,13.8664756339,0.0524658595,0.0738106549,-0.0625432020,1.2897438779,2.44189888,2.40007852,-0.04182037,-7.09572188,0.55224566,0.02655399,0.02441643,1.02258497
247,0x12d7a000,0x167b77000,0,11,0,126.25,0.0004634770,-0.0016907167,0.0976402662,0.0976402662,0.0934380831,0.0989998416,0.0942480124,0.0890799561,0.0960273469,0.0920924561,0.0946727760,0.0989998416,0.0952869671,0.0937058275,0.0997179591,0.0969542889,0.0944796824,0.0957156640,0.0936675037,0.0989998416,0.0985193403,0.0969148907,0.0933233206,0.0997584319,0.0946727760,0.0969542889,0.0933615399,0.0932085580,0.0989598362,0.0894850549,0.0966003484,0.0930172524,0.0906060587,0.0912399130,0.0919788696,0.0890799561,0.0955987564,0.0988397109,0.0954429149,0.0965610575,0.0935145218,0.0958324653,0.0891904285,0.0945955175,0.0967576195,0.0965610575,0.0965610575,0.0956766239,0.0942480124,0.0989998416,-0.01163403,-0.00788848,0.06454508,0.06070247,0.05977860,0.06619410,0.06217608,0.05726146,0.07057198,0.06146363,0.06882810,0.07282716,0.08462463,0.04212976,0.06348404,0.06269545,0.07153774,0.06343558,0.06232832,0.06004062,0.07352094,0.05932614,0.06669888,0.06794067,0.05034373,0.04880725,0.05732087,0.05687442,0.06315889,0.04962038,0.05367779,0.04403990,0.05671856,0.05784261,0.05482229,0.06810285,0.05429409,0.06342336,0.04733738,0.06927183,0.06110104,0.06296083,0.05987938,0.07508590,0.05293324,0.07229199,0.06364402,0.06390094,0.05793746,0.05051501,50,0.0230295373,0.1184146597,0.0953851224,12.3171616127,0.0545402469,0.0815884820,-0.0742301735,1.4236090598,2.30428816,2.40333636,0.09904819,12.82977606,0.53065381,0.12011160,-0.04504608,1.00973557
248,0x16b9ab000,0x28d81c000,11,7,0,128.94,0.0013755916,0.0068322066,0.1140922381,0.0896563772,0.0942604815,0.0928069538,0.0892593456,0.0876595197,0.0911417973,0.0934704653,0.0974584561,0.0894948168,0.0880165694,0.0836103184,0.0878182205,0.0881753786,0.0901815310,0.0901815310,0.0878182205,0.0876198716,0.0902220038,0.0901815310,0.0886988337,0.0908565369,0.0996621093,0.0951720538,0.0834190127,0.0906663223,0.0950876418,0.0866588928,0.0888188497,0.0908565369,0.0891392203,0.1481567418,0.1063269141,0.1143974688,0.1000982389,0.1060980625,0.0943440640,0.0889389750,0.0933460498,0.0877785724,0.0929313692,0.0932630684,0.0902220038,0.0999236918,0.0930143506,0.0930143506,0.0901815310,0.0934289180,0.47080433,0.50095115,0.21866830,0.57662374,0.71336619,0.74405246,-0.38449780,-0.42194909,-0.43696156,-0.43169913,-0.42122617,-0.43836663,-0.45338613,-0.44936723,-0.43179610,-0.44695636,-0.44217814,-0.43725873,-0.45146429,-0.44055115,-0.44191034,-0.44274113,-0.43916046,-0.43253584,-0.44085464,-0.39556050,-0.45577003,-0.42506769,-0.40883901,-0.41314156,-0.43421586,-0.40519890,-0.44809515,0.47277285,0.55405833,0.55538582,0.71979621,0.72803327,-0.42450433,-0.40903297,-0.43906659,-0.42839520,-0.42078296,-0.41919594,-0.44545544,-0.44198005,-0.43541799,-0.43519454,-0.43831033,-0.43128699,50,0.0319701571,0.1263819255,0.0944117683,12.4118347583,0.0834360094,0.0618221516,-0.0908705947,1.8350736706,2.42784441,2.49783994,0.06999553,9.24395490,0.84141443,0.08792554,-0.11264247,1.04842208
249,0x2f3732000,0x28d9ac000,7,7,1,184.48,0.0379601421,0.0321678522,0.0674299402,0.0546892859,0.0653102086,0.0511952555,0.0467070081,0.0523105737,0.0471145760,0.0468768589,0.0579356457,0.0520960643,0.0490707158,0.0526323378,0.0511245318,0.0503258756,0.0488626416,0.0490707158,0.0534627921,0.0523463903,0.0492787899,0.0488626416,0.0505360948,0.0520960643,0.0488626416,0.0478535046,0.0516199841,0.1396723725,0.0467070081,0.0471825349,0.0515138020,0.0557713985,0.0856956029,0.0714966223,0.0677152006,0.0600233432,0.0698801622,0.0537155229,0.0472164679,0.0519530905,0.0518101168,0.0501857613,0.0523821093,0.0510182530,0.0513014377,0.0502207660,0.0500806517,0.0494522166,0.0535350431,0.0578230282,0.50307529,0.29298053,0.70423300,0.86597183,0.73958697,-0.25236203,-0.32693747,-0.31612149,-0.34737182,-0.34740924,-0.32641329,-0.34205540,-0.33774523,-0.33609746,-0.34936365,-0.33991288,-0.34220021,-0.33609561,-0.33245928,-0.33049628,-0.34014545,-0.34310803,-0.34968224,-0.33385476,-0.33914607,-0.33274832,-0.33897716,-0.22179506,-0.34015809,-0.34209409,-0.33507035,-0.32383418,0.65644965,0.20157475,0.71616194,0.96574178,0.87499236,-0.27864039,-0.32717781,-0.31805522,-0.31958585,-0.34021813,-0.34497971,-0.31519999,-0.32808361,-0.31321249,-0.34061842,-0.36023342,-0.34106594,-0.31528723,50,0.0308430143,0.1138576592,0.0830146450,14.1256460340,0.1356811132,0.0576792351,-0.0662638350,1.7235500945,2.47338305,2.54996984,0.07658679,12.97832021,1.07750196,0.07177219,-0.10530999,1.01819545
250,0xfa520000,0x91f6e000,6,6,1,184.61,-0.0225614873,0.0609623380,0.0625752949,0.0649793488,0.0617716351,0.0659884848,0.0651562547,0.0655809833,0.0650501691,0.0625059053,0.0636183529,0.0637585629,0.0638636725,0.0617373448,0.0584953187,0.0642140060,0.0639336818,0.0637235582,0.0660957395,0.0700851983,0.0631301277,0.0639687821,0.0631301277,0.0659527658,0.0573817855,0.0650147107,0.0639336818,0.0650147107,0.0584621000,0.0618745996,0.0640737961,0.0625405528,0.0634074968,0.0638636725,0.0606566621,0.0607924871,0.0671407033,0.0681483975,0.0646961642,0.0637585629,0.0623207480,0.0649439870,0.0686953965,0.0637235582,0.0573817855,0.0652978953,0.0587945593,0.0617373448,0.0614627415,0.0583623531,-0.04178074,0.08158251,0.04024290,0.03447883,0.03208418,0.03548660,0.03701111,0.04351705,0.04250837,0.02949616,0.04362392,0.04470552,0.03733737,0.03671846,0.03075879,0.04183278,0.04137817,0.02663306,0.04545480,0.04390831,0.03285165,0.04837113,0.04159718,0.04110519,0.03597116,0.05941066,0.03352670,0.02557627,0.03727414,0.04031225,0.02732990,0.04598604,0.04275825,0.05672550,0.03473042,0.04791065,0.05549726,0.06079444,0.04406805,0.04966902,0.03198168,0.05425446,0.03692696,0.03874961,0.03488641,0.03611982,0.02295094,0.04873492,0.02832785,0.01736364,50,0.0294235292,0.1060302730,0.0766067438,12.9790171599,0.0580616490,0.0405120666,-0.0672515484,1.6531959045,2.31053372,2.36239243,0.05185872,8.81424840,0.80015693,0.03459891,-0.06141058,1.01431095
251,0x892a2000,0x3db2ee000,6,5,0,128.89,-0.0059564738,0.0016057276,0.1034405286,0.1041123172,0.1006743350,0.1066470846,0.1050671105,0.1056062065,0.1075608010,0.0989913035,0.1006343297,0.1006343297,0.1053988097,0.1077717735,0.1070968225,0.1012749616,0.0965575240,0.0975588695,0.0997158564,0.1057306220,0.1010747163,0.1027884572,0.0999539618,0.0979095925,0.1043178140,0.1023172723,0.1006343297,0.1017921185,0.0979095925,0.1021557120,0.1010747163,0.1034405286,0.1010747163,0.1021153494,0.0999143136,0.0964030071,0.1011548363,0.1029922782,0.1011148309,0.0995571556,0.1016710309,0.1033589779,0.1027884572,0.1011148309,0.1039477851,0.1022769098,0.1030329979,0.1006743350,0.0989913035,0.1011148309,-0.00350527,-0.00841607,0.08413019,0.08816665,0.06473803,0.08167583,0.08777113,0.08374779,0.07652061,0.07180478,0.07545366,0.86436606,0.08755875,0.08234877,0.07892859,0.07658118,0.08431227,0.08214236,0.08111667,0.08496649,0.08563938,0.10172519,0.08203195,0.09170676,0.08175511,0.08273119,0.08266057,0.08785314,0.07115676,0.08130356,0.06905418,0.09547232,0.08664652,0.08927564,0.07959878,0.06936063,0.07806440,0.07856091,0.08141172,0.07082118,0.08482198,0.08617927,0.07461144,0.08383693,0.07393948,0.07705604,0.07733230,0.08463191,0.06188156,0.09073244,50,0.0233778246,0.1239030420,0.1005252174,13.2029114734,0.0460969038,0.0909828599,-0.0807373547,1.2136486361,2.33688840,2.42023479,0.08334639,10.95966389,0.65204695,0.07427477,-0.05524478,0.99510668
252,0x2040e5000,0x2747da000,8,1,0,126.23,0.0112107573,-0.0031003642,0.0949547406,0.0951121191,0.0924491620,0.0964289677,0.0921048744,0.0955052432,0.0929543054,0.0938383859,0.0922578563,0.0902432306,0.0974300635,0.0867727075,0.0943838841,0.0942669764,0.0971496982,0.0917989106,0.0917223674,0.0997536161,0.0922578563,0.0932631285,0.0965876686,0.0877439904,0.0878176722,0.0950334299,0.0919518925,0.0910238787,0.0914546230,0.0899053781,0.0953479721,0.0936045706,0.0922578563,0.0932631285,0.0879280440,0.0932631285,0.0917223674,0.0913270866,0.0905312565,0.0976702048,0.0949940316,0.0900930056,0.0943449503,0.0933789636,0.0880754075,0.0919136731,0.0949940316,0.0875230457,0.0998758864,0.0875599368,0.06300131,-0.00693438,0.05163508,0.04956317,0.05008269,0.04580491,0.02994384,0.02264182,0.03146507,0.04204292,0.05011574,0.03418334,0.04113909,0.04742631,0.03470337,0.04552157,0.04189405,0.02506239,0.03492888,0.04725513,0.01944400,0.03574726,0.04188251,0.04305914,0.03902531,0.02874895,0.03229618,0.03795779,0.03485200,0.03329003,0.03836640,0.04457691,0.04369164,0.05280389,0.02231618,0.04460126,0.04124233,0.02743142,0.03351168,0.03183819,0.03146848,0.04351652,0.04980351,0.03547383,0.03208322,0.03630769,0.04143987,0.02398117,0.04537654,0.02541946,50,0.0226739007,0.1180461539,0.0953722531,12.3030206523,0.0473483131,0.0940539560,-0.0575504945,1.1432206538,2.30554433,2.37108011,0.06553578,8.45411588,0.52445915,0.07813582,-0.03255879,0.99863523
253,0x14e51a000,0x354f52000,2,3,0,128.93,-0.0132718229,-0.0057571638,0.0927444811,0.0925829207,0.0961141403,0.0939076314,0.0939076314,0.0908190536,0.0927848436,0.0956164784,0.0860244684,0.0933778304,0.0933778304,0.0944557189,0.0939484624,0.0861774503,0.0911422635,0.0912222741,0.0901841420,0.0905015437,0.0943967128,0.0937446414,0.0901047375,0.0932963910,0.0916627701,0.0905015437,0.0919030207,0.0903824910,0.0938261920,0.0922596897,0.0938261920,0.0914225194,0.0881058434,0.0915826501,0.0936223710,0.0911422635,0.0935002120,0.0964439958,0.0932963910,0.0915826501,0.0956580257,0.0970296446,0.0907000009,0.0906602445,0.0959067434,0.0930518503,0.0900650894,0.0907000009,0.0911422635,0.0922596897,-0.54586879,-0.47817076,-0.39726728,-0.37687038,-0.38486003,-0.37824563,-0.41309257,-0.38575633,-0.38779685,-0.38219390,-0.39795952,-0.38785699,-0.38838964,-0.38993567,-0.39540030,-0.40109964,-0.39471107,-0.39275782,-0.39041179,-0.40109267,-0.38563409,-0.39314896,-0.38401578,-0.40290827,-0.39392211,-0.39654176,-0.39410633,-0.40261945,-0.38801482,-0.36985332,-0.39503748,-0.35532913,-0.40943179,-0.39453653,-0.40031121,-0.39887765,-0.39756208,-0.35880762,-0.40204278,-0.38634405,-0.39219845,-0.38270374,-0.39786082,-0.37923488,-0.40560506,-0.38097062,-0.39546671,-0.38084618,-0.40999082,-0.39523423,50,0.0323555782,0.1241098462,0.0917542680,12.0589487671,0.0635383549,0.0782735040,-0.0900807975,1.9191397942,2.37097376,2.44559187,0.07461810,9.89644240,0.65791060,0.10323782,-0.05861259,1.01913234
254,0x1dd49a000,0x19ee36000,4,4,1,184.59,0.0397216789,-0.0185287500,0.0711037848,0.0586076016,0.0626675262,0.0475720224,0.0524624106,0.0563675275,0.0487560269,0.0476399813,0.0535491594,0.0474022643,0.0496994438,0.0529414478,0.0531201406,0.0496300542,0.0505698852,0.0518254142,0.0500115550,0.0476399813,0.0502889241,0.0529414478,0.0500115550,0.0475380893,0.0502889241,0.0499768129,0.0529057287,0.0546359193,0.0497340913,0.0546651919,0.0497340913,0.0486530624,0.0535491594,0.1102170583,0.0634335151,0.0657894270,0.0683153699,0.0574499528,0.0581947391,0.0508852140,0.0504997802,0.0486187721,0.0528341931,0.0512355475,0.0508502094,0.0504997802,0.0498381283,0.0463230223,0.0495607592,0.0526554027,0.48547346,0.51981012,0.49721462,0.65011967,0.73252235,0.08739329,-0.45100182,-0.44236517,-0.44471516,-0.45457962,-0.45027035,-0.45803507,-0.45130756,-0.45094529,-0.44801172,-0.44404933,-0.45724371,-0.46138792,-0.45172542,-0.45243086,-0.46089878,-0.43210425,-0.44792938,-0.43080100,-0.45539458,-0.43918365,-0.45911658,-0.43996265,-0.45073551,0.25049275,-0.45147858,-0.45832299,-0.44109185,0.53569300,0.54061703,0.50036716,0.71692608,0.72968357,0.72723672,-0.43372508,-0.45798557,-0.45547023,-0.45551653,-0.45579975,-0.45023800,-0.45531460,-0.45866782,-0.46530049,-0.44868434,-0.44623708,50,0.0331234714,0.1093229536,0.0761994822,12.9423152889,0.0811762446,0.0719844358,-0.0547530296,1.6950130482,2.44204754,2.48049578,0.03844824,6.58977447,0.84783508,0.01456401,-0.03777690,1.10909413
255,0x20e673000,0x3593fd000,8,10,0,126.21,-0.0026644155,-0.0038155054,0.1044833739,0.1011569386,0.1001520180,0.0963030751,0.0943697819,0.1042831286,0.0953745936,0.1334708973,0.0986485082,0.0954118429,0.0986101844,0.1683694864,0.1138393128,0.1128455897,0.1028846206,0.1147881386,0.1046034992,0.0997659364,0.1001905946,0.0995342663,0.1008841895,0.0998045129,0.1010400309,0.1002291711,0.0957092282,0.0995728428,0.1021210266,0.1019244645,0.1027655679,0.0998817714,0.0942593096,0.1040429873,0.0986485082,0.1020817356,0.0945170449,0.1005334665,0.1022782977,0.0988779289,0.2351710423,0.0968660601,0.0947010985,0.0979864510,0.1001133361,0.1484411797,0.1181131490,0.1234628688,0.1139690910,0.1098554969,0.00316252,-0.02076244,0.09810352,0.06430553,0.06380309,0.06082008,0.05456359,0.07905844,0.06677625,0.94084956,0.07508038,0.05546863,0.07101353,1.09659772,1.05539387,1.15530531,1.25304061,1.30819186,0.07891165,0.06987332,0.07322192,0.07199530,0.07062116,0.06985769,0.07911111,0.08159632,0.06092702,0.08712840,0.06918178,0.08589713,0.07444337,0.08087682,0.07553819,0.07110445,0.05763036,0.08297634,0.03638467,0.08595453,0.07505377,0.07668241,0.88430357,0.07974577,0.06329859,0.06833447,0.06812778,0.13749997,0.99374891,1.05971268,1.23284013,1.15779749,50,0.0252746283,0.1238465282,0.0985718999,12.7465492557,0.1344415019,0.0835284248,-0.0726590404,1.3183599486,2.33677155,2.53426972,0.19749817,25.53797893,1.07921144,0.10097419,-0.09043368,0.98811440
256,0xfa8bc000,0x1663ab000,6,11,0,126.23,-0.0219896612,-0.0110699765,0.0763018123,0.0830954042,0.0842572342,0.0810055551,0.0761176582,0.0867817263,0.0783123630,0.0817804825,0.0787252256,0.0825108659,0.0773820936,0.0883482286,0.0849839321,0.0769359141,0.0785751030,0.0870644844,0.0785751030,0.0808524688,0.0838246044,0.0809290119,0.0815489178,0.0840212738,0.0816646475,0.0795806290,0.0763753935,0.0837460225,0.0760808676,0.0813558243,0.0835100622,0.0805465050,0.0826278800,0.0826668137,0.0761545493,0.0815489178,0.0830174303,0.0851822810,0.0818577410,0.0813944008,0.0786501131,0.0827837214,0.0816646475,0.0849045275,0.0785374956,0.0807378106,0.0798080090,0.0849045275,0.0832512457,0.0808524688,-0.06794499,-0.06134333,0.11166158,0.07739871,0.06638723,0.07100846,0.06830470,0.06853126,0.05548666,0.07482450,0.07654943,0.07547598,0.05967981,0.07717059,0.07095798,0.08520827,0.05726440,0.07557451,0.06071783,0.07511929,0.06799533,0.07252815,0.06530086,0.06410809,0.06847505,0.05414266,0.06646284,0.08031489,0.09198797,0.07234635,0.08854048,0.07931367,0.07301774,0.07434449,0.07326117,0.07644092,0.09883075,0.08350587,0.09168455,0.08063470,0.06631737,0.05327945,0.07916469,0.07910654,0.06264770,0.07113177,0.07046124,0.06579761,0.07232157,0.06736750,50,0.0305175414,0.1190072976,0.0884897562,11.3989213330,0.0577756465,0.0662980247,-0.0860636582,1.7086014821,2.36178032,2.42775698,0.06597667,8.51987523,0.64637722,-0.06517275,-0.00020386,1.03818251
257,0x85c76000,0xa4ec6000,6,6,1,184.63,-0.0167368361,-0.0135591593,0.0675813356,0.0763038701,0.0761966154,0.0770971756,0.0729188923,0.0740696579,0.0729882819,0.0718725109,0.0743148818,0.0774943098,0.0718725109,0.0729882819,0.0681972070,0.0707914710,0.0621121755,0.0747970400,0.0704857951,0.0686294132,0.0718725109,0.0718382207,0.0741746719,0.0702821038,0.0685961945,0.0740345576,0.0737192288,0.0721471142,0.0685296663,0.0747970400,0.0685629758,0.0641780511,0.0761966154,0.0710632138,0.0747970400,0.0683301726,0.0739995530,0.0751864068,0.0715636173,0.0684964476,0.1356532590,0.0758748512,0.0664023468,0.0684964476,0.0772415791,0.0676141972,0.0762324320,0.0738594387,0.0737893337,0.0698448374,0.71385424,-0.16454760,-0.10092034,-0.09227202,-0.09234532,-0.09223233,-0.09733490,-0.07860553,-0.08788697,-0.09786784,-0.10327833,-0.08873581,-0.10404124,-0.09821465,-0.09653431,-0.09710893,-0.09475856,-0.09602790,-0.10893655,-0.09602151,-0.07083393,-0.10263553,-0.06290444,-0.08299904,-0.06695436,-0.08158058,-0.09835571,-0.09822834,-0.08164124,-0.09918986,-0.08939545,-0.09179015,-0.07307676,-0.09867912,-0.08303091,-0.09616619,-0.08982513,-0.08977735,-0.07189547,-0.09226039,-0.03395282,-0.10220737,-0.11348822,-0.10182924,-0.10996047,-0.10437725,-0.09539539,-0.10259580,-0.10965616,-0.09855020,50,0.0286716270,0.1054664573,0.0767948303,13.0222759169,0.0442605173,0.0467383159,-0.0613873987,1.7217468117,2.30306161,2.37674208,0.07368046,12.52065122,0.58307348,0.03294412,-0.05843291,1.03579962
258,0x34b9c1000,0x87a39000,10,15,0,128.90,-0.0067735900,0.0029270859,0.1033866545,0.1042592940,0.1002268944,0.1003070144,0.1026327120,0.1047568427,0.1030988917,0.1036744174,0.0972576174,0.1023066207,0.1024288911,0.1035922635,0.1027549824,0.0993444942,0.1036744174,0.1056719888,0.1021436307,0.1074279354,0.1030578147,0.0992255498,0.1002668998,0.1025918811,0.1042177467,0.0987493390,0.1026327120,0.1034689206,0.1014287307,0.1013883682,0.1018583703,0.1012671704,0.1002668998,0.0998265131,0.1011056100,0.1038860475,0.1045081249,0.0991857933,0.0993842506,0.1009439394,0.1013478954,0.1022251813,0.1011056100,0.1070905175,0.1019806406,0.1043422754,0.1064577149,0.1004671451,0.1013478954,0.1046739745,-0.02246387,0.00147567,0.05974325,0.08488162,0.05383404,0.07240434,0.04484004,0.07140775,0.06048394,0.08053156,0.05439509,0.08254154,0.05078623,0.07851311,0.06173541,0.05660208,0.06581332,0.05094060,0.05749845,0.06176529,0.05892757,0.05289805,0.04518665,0.05699412,0.07553847,0.06223084,0.06850387,0.07831630,0.04581182,0.04502370,0.05270708,0.05889488,0.04520262,0.04558747,0.04772249,0.06264953,0.06492675,0.07111241,0.05686455,0.05810667,0.05508410,0.05216605,0.08328724,0.05889112,0.07757068,0.04769744,0.08941659,0.07361038,0.07297007,0.06176787,50,0.0254256293,0.1237649433,0.0983393140,12.9219148608,0.0518410020,0.0826540810,-0.0799789511,1.3576806333,2.32554304,2.41547519,0.08993215,11.96844592,0.55699568,0.09613949,-0.11993089,1.01876804
259,0x223476000,0x21ce99000,1,8,0,127.61,-0.0043212648,0.0021313150,0.0968714887,0.1041527391,0.0918617821,0.0985774002,0.0920090451,0.0981488097,0.0982267836,0.0909272898,0.1034598367,0.0965655249,0.0949511845,0.0986164403,0.0995025544,0.0942851954,0.0947616666,0.0907449236,0.0917881004,0.0930163590,0.0964507624,0.0973791343,0.1025033667,0.0974177108,0.0937972204,0.0969543707,0.1041527391,0.0981878498,0.0954058411,0.0969157941,0.0995419527,0.0971860408,0.0959917123,0.0962212373,0.0975335459,0.0998172040,0.0974562874,0.0958769498,0.0989520518,0.0991486139,0.0982267836,0.1003455530,0.0922667804,0.0975335459,0.1003852011,0.1007422509,0.0963359999,0.0942475879,0.0974177108,0.0972632993,0.00035540,0.01284932,0.08577312,0.08927531,0.08389729,0.09383685,0.08669913,0.10045637,0.07503260,0.08092920,0.11440332,0.09118687,0.08585656,0.09567683,0.08348450,0.08376572,0.08626185,0.08485851,0.08109436,0.08018657,0.09329712,0.08695077,0.08679160,0.07377154,0.08500183,0.08569602,0.08656024,0.08482424,0.08295457,0.08183725,0.07070361,0.09553261,0.08654456,0.06515778,0.08208262,0.08638736,0.08906421,0.07524445,0.07254835,0.08694847,0.09311234,0.09994930,0.08236500,0.08445923,0.08730301,0.09060639,0.08766305,0.07524187,0.08867794,0.08371114,50,0.0242617641,0.1175894077,0.0933276436,12.0295269641,0.0336495803,0.0830645236,-0.0720421447,1.2594735280,2.35548657,2.38445971,0.02897313,3.75400903,0.37771317,0.09471516,-0.01050835,0.99984544
260,0x2f265f000,0x2934cb000,14,14,1,184.58,0.0020292498,-0.0043289439,0.0856388958,0.0863724405,0.0769677700,0.0868628883,0.0852227475,0.0808711211,0.0851881000,0.0845550064,0.0873112110,0.0827239291,0.0844863322,0.0841774386,0.0810373054,0.0791355487,0.0864074452,0.1094844832,0.0788752477,0.0818158760,0.0769677700,0.0862673309,0.0875234787,0.0894689916,0.1035351800,0.0897938748,0.0861271210,0.0849106362,0.0874881168,0.0862323262,0.0863724405,0.0866526690,0.0844176579,0.0811702710,0.0788427433,0.0877712049,0.0818158760,0.0908395317,0.0852921371,0.0853614320,0.0809043398,0.0745511432,0.0853267845,0.0810373054,0.0831314970,0.0813033274,0.0872049322,0.0856041536,0.1305659335,0.0864074452,-0.01141485,-0.00343368,0.06986634,0.05909462,0.05382347,0.06975319,0.07640447,0.06792880,0.06741998,0.06629875,0.09639039,0.05938873,0.08304376,0.07560281,0.06653597,0.05859343,0.08851311,0.87662357,0.08040014,0.06103389,0.07369408,0.06070830,0.88390714,1.05931116,1.25287129,1.21867804,0.10635499,0.07570842,0.07556197,0.06865407,0.06928462,0.07629727,0.06227471,0.06000910,0.05968353,0.07111254,0.06583415,0.08254894,0.05906240,0.06711358,0.06099300,0.02954423,0.05991657,0.05728798,0.05844343,0.08307155,0.05655178,0.09032376,0.55753782,0.08115142,50,0.0232374329,0.1067961649,0.0835587321,14.2184722372,0.1009188790,0.0787511006,-0.0574579414,1.1707591890,2.36352354,2.43264685,0.06912330,11.77097104,0.84555528,0.06412200,-0.01200488,0.97900201
261,0x275b31000,0x207141000,8,8,1,184.59,0.0035149666,0.0023888819,0.0802587156,0.0802240682,0.0816200576,0.0780627137,0.0889821035,0.0781306726,0.0802240682,0.0837878363,0.0833588175,0.0781306726,0.0805361794,0.0788002126,0.0856274155,0.0835733269,0.0807441761,0.0835733269,0.0748535602,0.0823145802,0.0837163006,0.1236957226,0.2055819839,0.1030868272,0.0932310843,0.0920728248,0.0801546786,0.0776551458,0.0788687932,0.0791776868,0.0737400270,0.0777909709,0.0767131597,0.0827039470,0.0813397334,0.0800159940,0.0791776868,0.0728524138,0.0780627137,0.0782324719,0.0780966468,0.0780627137,0.0803627527,0.0777909709,0.0835376078,0.0799466044,0.0791433965,0.0801894207,0.0767131597,0.0781306726,0.00763230,0.01488313,0.06625207,0.06033794,0.06245843,0.04515889,0.06942911,0.06587437,0.06364637,0.05524579,0.06456176,0.05638225,0.06715049,0.05794708,0.06448853,0.07150592,0.06335082,0.05854537,0.05108445,0.13313990,0.08463435,0.78315272,1.25436253,0.89423188,1.27905351,1.26722752,0.09355276,0.06121576,0.07878388,0.07204200,0.06383571,0.04423373,0.05314364,0.06856806,0.05854140,0.06544426,0.05246582,0.03983748,0.05891502,0.05089993,0.05192113,0.06324572,0.06822159,0.05663550,0.05108926,0.05064781,0.05269018,0.07067144,0.04974867,0.05002008,50,0.0375357596,0.1119528016,0.0744170421,12.6658171411,0.1374626219,0.0613460732,-0.0690772138,1.4986110645,2.60420907,2.57060696,-0.03360211,-5.78348849,1.07879473,0.07984522,-0.03472772,1.04066589
262,0x7d07f000,0x26a37000,9,9,1,184.65,0.0029197408,0.0018794687,0.0880024756,0.0864364392,0.0840987986,0.0872750935,0.0852152014,0.0870998790,0.0841327317,0.0928660934,0.0840987986,0.0849749820,0.0860549384,0.0896880961,0.0862976600,0.0859162538,0.0896880961,0.0865751237,0.0872399932,0.0858468642,0.0854898047,0.0838610815,0.0889373131,0.0847690530,0.0835894314,0.0890802869,0.0894020510,0.0836233645,0.0893663319,0.0883564806,0.0840309324,0.0845402995,0.0860549384,0.0851123305,0.0836912307,0.0836912307,0.0889373131,0.0892233582,0.0858468642,0.0850779466,0.0858816063,0.0892233582,0.0878005460,0.0859162538,0.0874502125,0.0851123305,0.0842006905,0.0906636692,0.0838610815,0.0880732959,0.01113661,0.00140360,0.07085209,0.04363228,0.05471972,0.05671164,0.06501907,0.07099441,0.06082713,0.06531078,0.05426223,0.05691561,0.05261785,0.06504664,0.10316913,0.06427803,0.06717897,0.06463900,0.06901353,0.06108922,0.05366993,0.06807784,0.06148064,0.05284229,0.06335803,0.06626761,0.09680599,0.06545651,0.07223894,0.07491131,0.07119139,0.06468106,0.07652167,0.06725319,0.07574777,0.05177414,0.06736292,0.06758290,0.08304323,0.05810242,0.06037548,0.06876150,0.06953860,0.05530842,0.06349971,0.06059931,0.06505317,0.08965941,0.07528132,0.07413878,50,0.0232665391,0.1058955909,0.0826290518,14.0281385949,0.0476512058,0.0702187168,-0.0798947323,1.3125884068,2.25247230,2.35591455,0.10344225,17.57017527,0.61529989,0.06232377,-0.05902025,0.99992507
263,0x352dc7000,0x350537000,10,10,1,184.57,-0.0151176024,-0.0129562590,0.0671142653,0.0680941176,0.0680941176,0.0689001970,0.0727353508,0.0712310230,0.0702554720,0.0702554720,0.0652796613,0.0724168043,0.0680261587,0.0716514615,0.0687629422,0.0714412422,0.0723814425,0.0693120551,0.0715112516,0.0689345810,0.0712310230,0.0734974760,0.0648849640,0.0712310230,0.0691748003,0.0702554720,0.0680941176,0.0656667523,0.0723459840,0.0688659067,0.0692434746,0.0735690117,0.0692090906,0.0694836939,0.0683997935,0.0716864661,0.0683997935,0.0635111298,0.0724521662,0.0677545086,0.0713361326,0.0713361326,0.0702554720,0.0668790506,0.0655337867,0.0689001970,0.0705675832,0.0689001970,0.0699780083,0.0638039351,-0.01337908,-0.02482774,0.08915018,0.03293156,0.03952018,0.04626025,0.05447235,0.05089482,0.04323346,0.04666782,0.03355046,0.04494231,0.04615484,0.04259592,0.03866127,0.04210007,0.04586538,0.02842286,0.04272963,0.04100937,0.06212208,0.03730270,0.04409827,0.04172257,0.04058021,0.03665169,0.04137314,0.02758510,0.04632580,0.05520948,0.04925804,0.04504460,0.05742439,0.03355244,0.07082983,0.04128721,0.04839265,0.03883930,0.05556912,0.04831821,0.05854598,0.05501042,0.05853764,0.02281887,0.05725588,0.04369888,0.06087304,0.03310574,0.04885792,0.04368096,50,0.0251916860,0.1060579832,0.0808662972,13.7076194677,0.0650576590,0.0634364632,-0.0567878603,1.4149041332,2.31482819,2.38957480,0.07474661,12.68781748,0.64200536,0.04029946,-0.03800308,1.01072524
264,0x1e2f05000,0x191415000,13,13,1,184.64,-0.0002931367,0.0007936063,0.0763655461,0.0838877354,0.0864394215,0.0860819383,0.0861534740,0.0905490054,0.0821754110,0.0861891931,0.0828431520,0.0831205211,0.0819008077,0.0851085214,0.0869088178,0.0807858346,0.0804462256,0.0819351916,0.0843431785,0.0865109572,0.0815919141,0.0809555928,0.0762028468,0.0851085214,0.0851438832,0.0861534740,0.0810235516,0.0837475255,0.0854270678,0.0864394215,0.0810915105,0.0867969047,0.0817292626,0.0835366694,0.0841679639,0.0870532213,0.0862964478,0.0805140918,0.0832593003,0.0830165787,0.0850731595,0.0861176574,0.0862249121,0.0807519015,0.0872698758,0.0861534740,0.0793018852,0.0808537935,0.0863321668,0.0828777995,0.00802308,0.02211599,0.05768761,0.07737411,0.06797499,0.08230661,0.07837527,0.06553969,0.06812396,0.04611304,0.06031376,0.07968167,0.06089986,0.05253743,0.06590963,0.06379842,0.05739869,0.05828769,0.07620147,0.06676618,0.04384255,0.06572047,0.06035165,0.07404090,0.07446165,0.08309651,0.05684258,0.07474212,0.05720867,0.05238002,0.05562150,0.06368759,0.04043254,0.06083154,0.05712674,0.06699331,0.04803230,0.06335105,0.06071956,0.06439108,0.06317664,0.06367301,0.05020590,0.05716236,0.05121367,0.05348537,0.04814930,0.06293874,0.04882488,0.06523729,50,0.0282372840,0.1069604873,0.0787232033,13.3744649980,0.0466551369,0.0667805789,-0.0638093005,1.5097506912,2.41451084,2.40464503,-0.00986580,-1.59966587,0.63897000,-0.10166870,-0.14027702,1.06429305
265,0x1c93c9000,0x1dc79b000,13,13,1,184.62,0.0032841006,0.0054365142,0.0832802375,0.0823393229,0.0758445712,0.0854062301,0.0855506336,0.0797969426,0.0790240809,0.0811181908,0.0801744168,0.0857312119,0.0843255474,0.0798313266,0.0808060796,0.0813956546,0.0821291993,0.0838465102,0.0821992086,0.0976540279,0.1588919270,0.0975739079,0.0950535750,0.1016577506,0.0806673951,0.1399256339,0.0808060796,0.0829616910,0.0811181908,0.0788542300,0.0843612664,0.0808060796,0.0786504461,0.0811181908,0.0843612664,0.0787863639,0.0811529330,0.0846473115,0.0818838798,0.0812222279,0.0798656169,0.0811875805,0.0786165130,0.0860492915,0.0809448588,0.0809448588,0.0786504461,0.0835634222,0.0842898283,0.0811181908,0.01748704,0.00106658,0.06546294,0.05658127,0.05598635,0.05981188,0.05503219,0.06068486,0.04970498,0.06081287,0.06028040,0.05729218,0.07357260,0.05561715,0.06528806,0.07866013,0.10364467,0.06892880,0.09180970,0.64694075,1.16519493,1.16800738,1.17205922,1.05203184,0.08607710,0.12178667,0.07551758,0.05791600,0.07457397,0.06069431,0.07341253,0.08185394,0.07489261,0.06097208,0.06711727,0.05541700,0.05617591,0.05725643,0.06423067,0.06197384,0.06355264,0.05910242,0.04649831,0.07340529,0.07580805,0.03981427,0.05774189,0.76542096,0.05564232,0.04740999,50,0.0258655311,0.1074025514,0.0815370203,13.8630079132,0.0686490763,0.0695413445,-0.0791169562,1.2340421367,2.30172681,2.38973728,0.08801047,14.98259195,0.75570745,0.00827200,-0.05614033,1.02879773
266,0x90e92000,0x2f30da000,6,7,0,128.89,-0.0034185998,0.0040077434,0.1019732155,0.1022220465,0.0979865402,0.0990661062,0.0971449690,0.1001049524,0.0991873040,0.0961812382,0.0979465349,0.0987833480,0.0966291101,0.0988640730,0.0998604117,0.0987833480,0.1000642327,0.0998604117,0.2973937794,0.1023878960,0.0995508975,0.0971846171,0.2117225149,0.1208482441,0.1126954832,0.1052459512,0.1021390651,0.0990257436,0.1000234018,0.0937838902,0.0925884892,0.0933978085,0.0971053209,0.1006347535,0.0968275674,0.0966291101,0.0979065295,0.1036772479,0.0983068015,0.0993892268,0.0987833480,0.0988237105,0.1004716522,0.0979865402,0.0993892268,0.1013897686,0.0991469415,0.0981466709,0.2451666204,0.1316585328,-0.01689427,0.01460496,0.08416613,0.09595818,0.09083769,0.07915031,0.66839673,0.09249197,0.07141866,0.08607076,0.06220557,0.06553653,0.06957213,0.09445055,0.08584051,0.07971476,0.07946573,0.06375855,1.15373146,0.07905673,0.08018047,0.08769450,0.73584994,0.79920188,1.20208578,1.26012435,0.10035160,0.07842649,0.08821674,0.06341719,0.08744854,0.07340658,0.09192217,0.08292397,0.07344841,0.08179380,0.08855386,0.09940659,0.06219403,0.08075855,0.09728553,0.07603358,0.08914788,0.07913732,0.06788880,0.07192742,0.08262712,0.08782679,0.51238069,0.68691603,50,0.0238280801,0.1277933523,0.1039652723,13.7328592195,0.1308394676,0.1046856342,-0.0550636511,1.1572425345,2.48358415,2.57658643,0.09300229,12.27037335,1.02382868,0.16987413,-0.03775004,0.98770558
267,0x191208000,0x21ce08000,4,1,0,129.19,0.0005781373,-0.0059183935,0.0958524297,0.1027393450,0.1052660017,0.1021877922,0.1019857591,0.1021877922,0.1050171707,0.1028207844,0.1011064384,0.0973166617,0.1043916876,0.1017433634,0.1063459248,0.1022685173,0.0953551602,0.1022281548,0.0989436200,0.1064296215,0.1050171707,0.1042272677,0.1000249738,0.1042272677,0.1057222295,0.1009863131,0.0975115432,0.0958524297,0.1017433634,0.1040628478,0.0963946145,0.1017030009,0.0996280593,0.1022281548,0.1011464438,0.1035544064,0.1049343025,0.1010663238,0.1033913051,0.1021473194,0.1027800647,0.1053489831,0.0999455693,0.1053075490,0.1012264544,0.0987076597,0.0953168364,0.0968193782,0.0973598714,0.1055978140,0.00743434,0.00797775,0.04527035,0.05873400,0.04706728,0.05586557,0.06241479,0.04265312,0.05888924,0.06470619,0.04715381,0.05867599,0.06136026,0.91516868,0.05103554,0.04780981,0.05132893,0.05582306,0.05092127,0.07043282,0.05692505,0.06040913,0.06801990,0.06138914,0.05673035,0.04986662,0.05290258,0.05729213,0.05517496,0.05712332,0.05022559,0.03793849,0.05555451,0.05532182,0.07039887,0.05897830,0.03479904,0.06642941,0.05844220,0.05308552,0.07273512,0.06352591,0.08455541,0.06698701,0.07583946,0.05886185,0.05279968,0.05894205,0.06355279,0.08050138,50,0.0340471671,0.1252413195,0.0911941524,12.0608938491,0.0934950693,0.0746269595,-0.0774477028,1.3102151560,2.38340866,2.44654360,0.06313494,8.38042689,0.86634973,0.04590522,-0.00618934,0.98139225
268,0x3c94e7000,0x3e0fb7000,12,12,1,184.20,-0.0020808228,-0.0021322934,0.0844386430,0.0808856840,0.0767313266,0.0799744132,0.0807497662,0.0842285194,0.0780097041,0.0812931591,0.0815988351,0.0839831999,0.0832175109,0.0835296222,0.0867466316,0.0810894679,0.0799744132,0.0832869005,0.0807497662,0.0819649370,0.0866035602,0.0776808196,0.0811573341,0.0810215090,0.0833561955,0.0875778013,0.0810215090,0.0767313266,0.0831828635,0.0772518398,0.0778123555,0.0806139411,0.0832175109,0.0843336290,0.0825483402,0.0831482160,0.0834949747,0.0821364821,0.0841584145,0.0840533049,0.0862818937,0.0824110854,0.0832869005,0.0839831999,0.0842985287,0.0822051563,0.0824110854,0.0809535501,0.0809196171,0.0832175109,0.00193920,-0.00964820,0.06618849,0.06553750,0.05791352,0.05662199,0.04686151,0.06122947,0.05121531,0.05252758,0.05349046,0.07629910,0.05406777,0.05100076,0.05908932,0.05443381,0.07172196,0.04558546,0.04419620,0.05445612,0.06992757,0.03479632,0.04998798,0.05712287,0.04074320,0.09952658,0.04916309,0.04422085,0.06165682,0.03522558,0.04874972,0.05715116,0.06844282,0.05715928,0.05339495,0.04270676,0.05557510,0.06187289,0.05383222,0.05492690,0.06278930,0.06368399,0.06198086,0.06057585,0.06182135,0.07008983,0.05997962,0.04763094,0.05546923,0.05271761,50,0.0290719575,0.1054362190,0.0763642615,12.9521682250,0.0636188642,0.0669866710,-0.0700019055,1.2700990480,2.39487459,2.38741362,-0.00746097,-1.26326237,0.63556352,0.04415352,-0.07802816,1.00283476
269,0x15db1e000,0x15deb2000,2,2,1,184.62,-0.0007094116,-0.0040425980,0.0835894264,0.0792952999,0.0841041554,0.1265188961,0.0941794998,0.0782131985,0.0848792448,0.0835207522,0.0843938015,0.0876304448,0.0834864619,0.0782457028,0.0837953555,0.0856477942,0.0853674700,0.0868346480,0.0846711706,0.0882738754,0.0909406913,0.0867638277,0.0850179293,0.0832118586,0.0856127895,0.0850179293,0.0824737380,0.0801114702,0.0828472801,0.0798454482,0.0843244119,0.0846365232,0.0846017810,0.0818963563,0.0847404656,0.0805436764,0.0843244119,0.0783758977,0.0822699541,0.0834177876,0.0778227913,0.0880593660,0.0812915315,0.0821340363,0.0835894264,0.0834864619,0.0811907121,0.0824737380,0.0832118586,0.0837953555,0.02506552,-0.00038473,0.08320288,0.06162518,0.07996164,0.13804613,1.03014129,0.09297376,0.08855685,0.08255574,0.06276580,0.09163631,0.06502548,0.07658237,0.06716646,0.06406244,0.05621485,0.07398117,0.09231724,0.06291285,0.06132121,0.07823653,0.06978165,0.06912763,0.06627797,0.05851107,0.05678204,0.06378799,0.05751726,0.07970457,0.07605659,0.07072944,0.07171219,0.06122041,0.07503506,0.05080742,0.06538749,0.04983137,0.06722557,0.06494568,0.07743710,0.07713017,0.05700313,0.06316290,0.06394544,0.06026388,0.05982955,0.05465845,0.07802628,0.06605739,50,0.0249831747,0.1059369446,0.0809537699,13.7405231665,0.0639904512,0.0707426092,-0.0725651899,1.1214361537,2.28252248,2.42614116,0.14361868,24.42769520,0.87328783,0.00782872,-0.04874387,1.01118115
270,0x1a5e03000,0x1a2231000,13,13,1,184.61,0.0016238773,0.0060287685,0.0862458912,0.0924081793,0.0816357417,0.0850203612,0.0827167705,0.0805887275,0.0860313818,0.0834124502,0.0836226694,0.0829942343,0.0829942343,0.0847019114,0.0850911815,0.0863888649,0.0829942343,0.0806565937,0.0856380820,0.0833423452,0.0850203612,0.0827861601,0.0847726350,0.0806226606,0.0884136698,0.0861028198,0.0837277790,0.0805207686,0.0834824595,0.0823353644,0.0816357417,0.0836226694,0.0796080681,0.0827167705,0.0859241270,0.0869325588,0.0856380820,0.0836926787,0.0845602707,0.0827861601,0.0784259534,0.0839379026,0.0821272902,0.0803169847,0.0801132007,0.0858525914,0.0825434385,0.0827167705,0.0817044159,0.0848788172,-0.00176283,0.00280917,0.05425450,0.06195660,0.05691433,0.06540863,0.05306470,0.05268269,0.05907918,0.06515270,0.05785818,0.05479005,0.05434447,0.05596496,0.06266830,0.06533928,0.06436106,0.05096901,0.07701466,0.06190914,0.08608100,0.05431732,0.08660568,0.05190759,0.07344282,0.05477792,0.08504545,0.06261657,0.06883864,0.05767861,0.05732313,0.04595455,0.04553818,0.05322266,0.06445467,0.06289503,0.04398298,0.05949598,0.08085360,0.05198688,0.03938579,0.03971891,0.06458444,0.06146092,0.05240753,0.05705477,0.05685672,0.06310954,0.05886385,0.06161401,50,0.0245358165,0.1068046125,0.0822687960,13.9420509842,0.0399358453,0.0628916368,-0.0743992518,1.4575472462,2.26685886,2.35585115,0.08899229,15.09998019,0.53864863,0.04395966,-0.10657607,1.01287968
271,0x2c9ae9000,0x28a81b000,14,14,1,184.65,0.0163210839,0.0096890423,0.0809755336,0.0715994508,0.0647056966,0.0746008792,0.0745650626,0.0703096324,0.0724381051,0.0712179500,0.0724030048,0.0737672183,0.0763624875,0.0714260241,0.0734133100,0.0720876760,0.0689562270,0.0670311699,0.0713913766,0.0694316610,0.0711486550,0.0648358027,0.0650961037,0.0734840337,0.0690920520,0.0726833290,0.0714954137,0.0712873396,0.0726482287,0.0680788893,0.0744936245,0.1483753497,0.1313126549,0.0744936245,0.0842943557,0.0827442856,0.0733424897,0.0704811775,0.0715994508,0.0703439227,0.0713219870,0.0713567292,0.0703096324,0.0692618102,0.0689901601,0.0705155615,0.0749940814,0.0688542423,0.0658181572,0.0746365983,0.29573570,0.71720499,0.77900377,-0.42571575,-0.43042729,-0.40539984,-0.43807013,0.28040620,-0.45204978,-0.43515296,-0.43775897,-0.43723345,-0.43327233,-0.44243973,-0.43673000,-0.43713875,-0.43957494,-0.42602760,-0.44810101,-0.43887855,-0.44702801,-0.46097091,-0.45034598,-0.42942828,-0.45765548,-0.44726211,-0.44915224,0.28693744,-0.44447375,-0.44916757,-0.44383206,-0.36608709,0.61810231,0.68900154,0.74776857,0.22708570,-0.42426607,-0.42456894,-0.44535902,-0.43096132,-0.44885734,-0.44005896,-0.44317987,-0.43952954,-0.45153911,-0.44200016,-0.44697188,-0.43894652,-0.45342003,-0.43890612,50,0.0314223676,0.1119252733,0.0805029057,13.6807244366,0.1091151783,0.0654781755,-0.0577683024,1.7293411698,2.45154177,2.52573694,0.07419517,12.64747757,0.94741835,0.17641780,0.03803032,1.04158053
272,0x1678c9000,0x14f2db000,11,11,1,184.60,-0.0024170234,-0.0013256369,0.0906530173,0.0907988506,0.0825713478,0.0862559354,0.0786887333,0.0851749176,0.0824694929,0.0873369643,0.0859406066,0.0819990635,0.0848975485,0.1440881646,0.0841282727,0.0883822742,0.0862209308,0.0840938888,0.0827071729,0.0884538098,0.0873724228,0.0807510442,0.0862559354,0.0860458119,0.1002696295,0.0984590756,0.0861859261,0.0830808077,0.0806846068,0.0995429316,0.0960617274,0.0853136022,0.0891740514,0.0887040383,0.0794737392,0.0969503449,0.0877616930,0.0880605100,0.0849669382,0.0809505379,0.0819318199,0.0883107385,0.0818982440,0.0887040383,0.0870184178,0.0805515504,0.0761130588,0.0872307822,0.0926305417,0.0863960497,0.00899558,0.00430123,1.00073103,1.01172829,0.06297995,0.07231917,0.04572597,0.04526313,0.05083854,0.09129567,0.07203886,0.04511733,0.07023757,0.20269331,0.05924709,0.06585628,0.05392539,0.09216920,0.03756034,0.08491986,0.06592216,0.05181080,0.03598413,0.06382819,1.02133004,0.94593027,0.05615710,0.06899204,0.04411915,1.14017587,1.00705315,1.01252172,1.01624107,0.09105524,0.07981770,1.14701848,0.05485212,0.06712348,0.05234509,0.06208561,0.06293551,0.05274180,0.05054066,0.05763136,0.05142559,0.04259735,0.04030229,0.06784641,1.04245866,1.02471316,50,0.0313118024,0.1086924059,0.0773806036,13.1487890999,0.1188703907,0.0610172561,-0.0461915151,1.3336784183,2.43357088,2.47886684,0.04529596,7.74377857,0.99015877,0.08325066,-0.04343411,1.03303489
273,0x210e94000,0x11b364000,1,2,0,129.07,-0.0030206507,0.0024234772,0.0998119568,0.0998919675,0.1020568182,0.1029749346,0.1011764260,0.0973338818,0.0983729769,0.0950601276,0.1015270171,0.1014455777,0.0982142761,0.1022199195,0.1013233074,0.1013640271,0.1009743929,0.0985316778,0.1038072125,0.1008128325,0.0984920296,0.0994115756,0.1020568182,0.0939441302,0.1030572006,0.1042217798,0.1040974775,0.1043877426,0.1057539431,0.0975304439,0.1004088765,0.0998119568,0.1042633271,0.1001261183,0.1010148657,0.1041389116,0.1020568182,0.0998119568,0.1014455777,0.0986904869,0.0985714342,0.1004088765,0.1037242311,0.1015270171,0.0992914502,0.1005300743,0.1008128325,0.0964887392,0.1025227518,0.1020568182,0.00049561,0.02156078,0.05920551,0.08216372,0.08352557,0.06587055,0.07402523,0.05880149,0.07717304,0.06123885,0.06363127,0.07681617,0.07885081,0.07426335,0.06478561,0.06531385,0.07251415,0.07495092,0.06793920,0.07829253,0.07223005,0.05346893,0.09785205,0.08040553,0.09076462,0.07874015,0.09473761,0.08360387,0.10062102,0.06478328,0.06795106,0.07159273,0.08429811,0.08410177,0.07839744,0.09777935,0.08878151,0.06542839,0.07298209,0.06513816,0.06545294,0.07497460,0.06191627,0.07771756,0.08190855,0.07809747,0.07239425,0.05984808,0.08193656,0.79208144,50,0.0255946036,0.1242502456,0.0986556419,12.9815043009,0.0580407476,0.0748753114,-0.0761047135,1.4646552127,2.33321883,2.44313431,0.10991548,14.57073666,0.54268536,0.00956744,-0.04620506,1.01781960
274,0x274814000,0x2070a8000,1,1,1,184.48,-0.0171994033,-0.0076020608,0.0667090080,0.0688646195,0.0691099390,0.0669493211,0.0702609772,0.0683763943,0.0681336726,0.0703317975,0.0689347244,0.0640408258,0.0680989305,0.0710560586,0.0727119516,0.0707342944,0.0680989305,0.0586213903,0.0691799483,0.0670865759,0.0722786425,0.0714849798,0.0705441618,0.0722425663,0.0711990323,0.0691099390,0.0680989305,0.0682029676,0.0688646195,0.0688646195,0.0692850579,0.0677868193,0.0699424307,0.0672925049,0.0681683201,0.0702964356,0.0735040638,0.0696003867,0.0626937750,0.0670865759,0.0669493211,0.0728563551,0.0660048205,0.0694602725,0.0644189792,0.0712347513,0.0637748039,0.0659029286,0.0651247152,0.0710917776,-0.01778823,-0.00789760,0.03121349,0.02920092,0.04509545,0.03334052,0.04742409,0.03448455,0.04140748,0.01680327,0.04198855,0.02939008,0.03142862,0.02780445,0.02893500,0.02863518,0.04300518,0.01621967,0.03346772,0.02838260,0.03546749,0.03538751,0.02802130,0.03526762,0.02408051,0.00998861,0.04359036,0.94050807,0.02286210,0.02635489,0.02012641,0.01280450,0.02661319,0.01514556,0.04513536,0.03146643,0.02885759,0.03595391,0.01506197,0.01791863,0.02758532,0.03720923,0.03160209,0.00735596,0.02434985,0.02326541,0.02336270,0.02247663,0.02819664,0.02551292,50,0.0271623722,0.1060180831,0.0788557109,13.3766609249,0.0471188526,0.0579053480,-0.0683450651,1.4325694182,2.33012054,2.37853861,0.04841806,8.18571481,0.77475874,0.02659295,-0.13825793,1.03048939
275,0x277616000,0x33bd86000,1,3,0,126.24,0.0067612560,0.0014583539,0.0984486189,0.0973296514,0.0964080709,0.0888089894,0.0962900908,0.0990430363,0.0962900908,0.0964866528,0.0897030721,0.0954446973,0.0885880447,0.0938613160,0.0934348608,0.0933583176,0.0998105858,0.0940157276,0.0950549342,0.0943245508,0.0945176443,0.0930523538,0.0943245508,0.0966046330,0.0966046330,0.0952108820,0.0935878427,0.0909689463,0.0911566763,0.0907437113,0.0898146169,0.0890667247,0.0964866528,0.0942859742,0.0965653421,0.0946334793,0.0960148395,0.0959754412,0.0954836311,0.0898889125,0.0955614986,0.0983284936,0.1011368375,0.0963293817,0.0975280003,0.0897402199,0.0922005251,0.0922762495,0.1008922968,0.0976470530,0.00950421,0.01500847,0.05644648,0.05545734,0.13222476,0.06666204,0.05687452,0.06692813,0.05959484,0.06597536,0.04825049,0.06092023,0.05350814,0.04119047,0.05020011,0.06246426,0.05715610,0.05944483,0.07508978,0.05736775,0.05142565,0.07437812,0.06149626,0.07700230,0.04806704,0.05633267,0.06274222,0.05973950,0.04201157,0.06391355,0.04566562,0.07976220,0.06158592,0.09513997,0.06405653,0.08931804,0.05853346,0.05493525,0.07300187,0.06950068,0.06053745,0.07424926,0.06452507,0.06488033,0.05842456,0.04492521,0.07380203,0.05538243,0.06307600,0.06538885,50,0.0228864923,0.1173722854,0.0944857932,12.1938206592,0.0385799407,0.0912394513,-0.0713253348,1.1529603329,2.27695281,2.37782712,0.10087431,13.03441830,0.50297937,0.05898148,-0.04370708,1.00875937
276,0x16bc10000,0x160050000,2,2,1,184.64,-0.0031900092,0.0065045749,0.0764321787,0.0799745170,0.0755846674,0.0775099899,0.0775099899,0.0776780529,0.0861324798,0.0811942304,0.0788595440,0.0743091493,0.0745368572,0.0821365637,0.0845131309,0.0793010450,0.0822066687,0.0824168879,0.0723755139,0.0788256109,0.0818563352,0.0822066687,0.0830760486,0.0796656234,0.0725982172,0.0745693616,0.0784519761,0.0734561855,0.0725982172,0.0797000074,0.0831822307,0.0821365637,0.0769309131,0.0801461558,0.0854879887,0.0813330097,0.0798372622,0.0774764140,0.0723437239,0.0734883327,0.0796656234,0.0853435852,0.0745693616,0.0840483930,0.0832175926,0.0809168614,0.0799745170,0.0772633724,0.0779468435,0.0837838652,-0.00405082,0.00069754,0.03435393,0.05326769,0.03760177,0.03711791,0.04853040,0.02926798,0.06325115,0.04456351,0.03836124,0.04368391,0.04321906,0.05692113,0.04905928,0.03875250,0.05650180,0.03935251,0.04405960,0.04528881,0.03971469,0.05564490,0.05269316,0.04900264,0.03843381,0.02626250,0.06192657,0.05298515,0.05296793,0.04065478,0.06054480,0.06445546,0.04780767,0.03674806,0.05398431,0.04692019,0.03751227,0.04343601,0.04683653,0.04160771,0.04110995,0.04579659,0.05132485,0.03951655,0.04918535,0.04134317,0.04328309,0.06069639,0.03914300,0.05585297,50,0.0259160215,0.1054469383,0.0795309168,13.5398602530,0.0591466581,0.0703562178,-0.0669266271,1.4882821921,2.39638625,2.38841494,-0.00797131,-1.37548088,0.70831128,0.03918722,0.00135202,1.01131157
277,0x6fb5000,0x7f385000,9,9,1,184.59,0.0019229988,0.0029679193,0.0927236939,0.0851898012,0.0880906959,0.1649138515,0.2385854453,0.0925807201,0.0902814076,0.0907718554,0.0940936394,0.0917488472,0.0892032492,0.1502369853,0.1192003481,0.0916781235,0.0849237793,0.0908419603,0.0902463073,0.1009857989,0.0861031253,0.0926879748,0.0916426650,0.0999465974,0.0927595105,0.0916426650,0.1064943222,0.0936603303,0.0907718554,0.0881250798,0.0925450011,0.0874204415,0.1173675770,0.1004438668,0.1854048889,0.0918903912,0.1861714963,0.0893419338,0.0992098893,0.0835149472,0.0882280444,0.1200622569,0.0957827380,0.0885368443,0.0927236939,0.0890645647,0.0960404733,0.0849570887,0.0945575522,0.0972337292,-0.14432495,0.44774353,0.86188442,-0.09127276,-0.08790097,-0.01324047,1.02447179,0.12832992,-0.09672039,-0.07853801,-0.09863676,0.10674169,0.70515719,0.96775197,0.85749578,0.85844090,0.97990716,-0.03282559,-0.08071149,0.85038826,0.58844839,-0.06524714,0.13458608,-0.06986259,-0.09087485,-0.08127952,-0.05569057,-0.08411802,-0.06462793,-0.07111506,-0.08127686,-0.07148621,-0.04012697,0.88150738,1.09436456,-0.08613327,0.80218183,-0.08167094,0.87966389,0.49901793,-0.08115891,1.74399321,1.01122806,0.34684040,0.91373708,0.84363466,0.87071381,0.78869380,0.70033598,0.87629886,50,0.0352844576,0.1099638805,0.0746794230,12.6894111906,0.1173249403,0.0655819965,-0.0596018651,1.2501189772,2.53968908,2.50326882,-0.03642026,-6.19516163,1.03101840,0.01656082,-0.01091870,1.03832033
278,0x7d01b000,0x1e38e8000,9,4,0,126.08,0.0115760061,0.0040188327,0.1119743615,0.0988076682,0.1029916181,0.1045012364,0.1078319667,0.1226261586,0.0986418187,0.0938135722,0.1011326497,0.0979762179,0.0851596626,0.0982227916,0.1022548320,0.1038067148,0.0991393674,0.0979350288,0.0984284006,0.1014700676,0.1019995657,0.1089134313,0.0988076682,0.0881396642,0.1287361805,0.0937341676,0.0928498414,0.0872105779,0.0894483980,0.0944548981,0.0939326249,0.0935754668,0.0914163349,0.0900664117,0.0914943088,0.0867226030,0.0856465015,0.0924566099,0.0863529185,0.0950155193,0.0886701486,0.0859439883,0.0954519511,0.0859811361,0.0948953940,0.0911825196,0.0934961706,0.0857580463,0.0870604554,0.0958962697,0.48628441,0.61865233,0.53287779,0.51203202,0.48504819,0.51739278,0.49597866,0.52422450,0.49480649,0.52150043,0.54042889,0.55964885,-0.38916332,0.62948779,0.52562844,0.50568102,0.49340849,0.50789018,0.51445121,0.55208202,0.47039006,0.43678135,0.50694301,0.50582442,0.54914656,-0.45623367,-0.44344228,-0.44336496,-0.45333150,-0.46974205,-0.46413439,-0.46517706,-0.46821596,-0.45884837,-0.47769438,-0.47259618,-0.47618049,-0.45702568,-0.46901551,-0.47360938,-0.47405277,-0.46757475,-0.47143488,-0.47026506,-0.46061436,-0.47230747,-0.48297760,-0.47197642,-0.48691181,-0.47286944,50,0.0406559957,0.1216971429,0.0810411472,10.4855398272,0.0879930737,0.0751217685,-0.0445329564,1.3595975761,2.48130041,2.52492649,0.04362608,5.70811363,0.88021970,-0.04455552,0.07870130,1.01495750
279,0x3e531000,0x354ebf000,9,10,0,128.83,-0.0083658286,0.0251889890,0.0962812670,0.0964024648,0.0975650111,0.0961601794,0.0963217398,0.0964024648,0.0961601794,0.0898398306,0.0976057308,0.1005174876,0.0971166494,0.0950813278,0.0954015891,0.0955217144,0.0998114121,0.0965640251,0.0910745235,0.0920783714,0.0916887147,0.0964833001,0.0964024648,0.0920783714,0.0996455625,0.0954815998,0.0965640251,0.0951213332,0.0959985088,0.0977687208,0.0952013438,0.0942403627,0.0971982001,0.0948810825,0.0974427407,0.0992723161,0.0959581463,0.1015966964,0.0953214692,0.0896868488,0.0983415198,0.0953214692,0.0992223586,0.0982357271,0.1015545479,0.0975650111,0.0967256958,0.1019762628,0.0953214692,0.0931987654,-0.00769406,0.04092044,0.07386812,0.06909139,0.07562628,0.08401479,0.08573475,0.08419200,0.08434265,0.08244254,0.08168810,0.07640404,0.07735298,0.05817876,0.06937930,0.08262087,0.06086766,0.06568918,0.06335248,0.07886783,0.06568623,0.07984683,0.07901526,0.07432644,0.07115814,0.08270616,0.08269381,0.05743718,0.07631728,0.06967632,0.07596680,0.06705241,0.05648332,0.05788407,0.06511145,0.07765662,0.07678363,0.08823588,0.06113730,0.06279576,0.07652794,0.08301400,0.08801433,0.06968283,0.06942867,0.07447593,0.07743233,0.05891424,0.06732589,0.08804365,50,0.0259523123,0.1222815286,0.0963292163,12.6557210586,0.0210429587,0.0771653484,-0.0798587072,1.3922185980,2.28902083,2.36552415,0.07650332,10.06915151,0.56875799,0.06908779,-0.01316006,1.00048875
280,0x276643000,0x222fa7000,8,8,1,184.51,0.0035068202,0.0024475995,0.0848317175,0.0859499908,0.0878345737,0.0885938385,0.0837822010,0.0894875952,0.0910412269,0.0846601724,0.0855338425,0.0923059633,0.0908953937,0.0847287530,0.0897439118,0.0911506267,0.0873140975,0.0864733163,0.0857765641,0.0860886753,0.0856032321,0.0871038783,0.0878345737,0.0889156026,0.0867185402,0.0845914981,0.0879407559,0.0853604158,0.0907494609,0.0857072692,0.0854298054,0.0890228573,0.0907494609,0.0902855481,0.0910412269,0.0867535448,0.0881177583,0.0899966425,0.0867886451,0.0811822161,0.0910412269,0.0864382160,0.0867185402,0.0867886451,0.0885938385,0.0854991950,0.0875514857,0.0875514857,0.0867185402,0.0885938385,-0.01067265,-0.01358914,0.04740572,0.06909257,0.05168845,0.03953007,0.05229087,0.05936425,0.05042829,0.04874707,0.03722595,0.05701755,0.07183374,0.04371827,0.04474172,0.05882202,0.05475262,0.05067170,0.05557328,0.04754396,0.04381616,0.06235849,0.05611591,0.05369641,0.06625447,0.05403205,0.06126446,0.06425501,0.05077898,0.03636346,0.05007865,0.06171404,0.06889648,0.04712730,0.04573477,0.04384059,0.06174448,0.05307116,0.02990079,0.03801815,0.06046345,0.07358869,0.06156558,0.06356396,0.05134942,0.05621669,0.04403501,0.06029849,0.08080300,0.06295354,50,0.0279305226,0.1074001575,0.0794696349,13.4794598925,0.0545891757,0.0593266409,-0.0560968976,1.3499219164,2.30021043,2.38241768,0.08220725,13.96790418,0.63522947,0.03901394,-0.05187364,1.01670626
281,0x14e6d8000,0x15b5e6000,2,2,1,184.60,0.0027408326,-0.0038640294,0.0802181430,0.0823036605,0.0806735861,0.0793130541,0.0781983556,0.0855371052,0.0812258492,0.0779238460,0.0793130541,0.0828399340,0.0815798542,0.0803933575,0.0823036605,0.0753242444,0.0837064646,0.0826969603,0.0773561053,0.0837787156,0.0781297751,0.0780268105,0.0785759235,0.0823751962,0.0773561053,0.0790702378,0.0794170912,0.0825897056,0.0769146043,0.0784385750,0.0794170912,0.0818275804,0.0779924266,0.0802882479,0.0807436910,0.0796598128,0.0726033594,0.0794170912,0.0814736720,0.0826254246,0.0823036605,0.0750250038,0.0812258492,0.0825897056,0.0805334718,0.0796598128,0.0826254246,0.0752577162,0.0858317317,0.0860894670,-0.01468622,-0.01370876,0.06399318,0.05134188,0.04263698,0.04503786,0.05617738,0.04878376,0.04958705,0.04508327,0.06097867,0.06045975,0.04533391,0.05389741,0.02522743,0.05828519,0.04847991,0.05384053,0.03976948,0.03507585,0.05124756,0.05338318,0.04250879,0.03981219,0.04460133,0.03692122,0.06645892,0.04874462,0.04542022,0.05194232,0.05960005,0.03364399,0.04683620,0.04694765,0.04870003,0.06820301,0.05213794,0.04644720,0.06416188,0.05647225,0.04291030,0.07406885,0.05294242,0.07907477,0.04595682,0.07351654,0.06365542,0.04878790,0.04566188,0.07081113,50,0.0269801240,0.1074571843,0.0804770603,13.6639709404,0.0547735805,0.0712846071,-0.0624556532,1.3020432709,2.33636965,2.39690966,0.06054001,10.27082533,0.76956214,0.11339141,-0.01868469,0.99435216
282,0x3f5b26000,0x3a35b0000,5,5,1,184.60,-0.0022605552,0.0108941077,0.0769749678,0.0776952303,0.0596327052,0.0593238116,0.0637894610,0.0626011775,0.0623534513,0.0595297407,0.0622826310,0.0610647055,0.0638251801,0.0604044833,0.0583450208,0.0633604422,0.0639682514,0.0615201486,0.0636107683,0.0593581019,0.0647271701,0.0646549190,0.0604044833,0.0638967158,0.0700168496,0.0603350937,0.1884616670,0.0616252582,0.0604044833,0.0637894610,0.0646549190,0.0628843621,0.0636822063,0.0764544612,0.0724462281,0.0678947548,0.0700547117,0.0698273317,0.0649076498,0.0656619975,0.0596327052,0.0596327052,0.0628489036,0.0603350937,0.0561815324,0.0593581019,0.0658442641,0.0659172305,0.0612749247,0.0601270196,0.03789237,0.19129117,0.20391299,0.19993956,-0.20126850,-0.96442395,-0.94826750,-0.95426995,-0.95304006,-0.96864254,-0.94859106,-0.96315282,-0.95632019,-0.98104260,-0.96630532,-0.95455931,-0.96343954,-0.96203286,-0.95613653,-0.98877538,-0.95543245,-0.95529277,-0.96168218,-0.97042563,-0.94604669,-0.96648905,-0.81505789,-0.96117506,-0.96021073,-0.96526685,-0.96732141,-0.97984202,-0.92393977,0.04660299,-0.02070713,-0.02012120,-0.00644254,-0.94560561,-0.95964486,-0.95236918,-0.96124146,-0.96204854,-0.96185431,-0.97109001,-0.96990545,-0.97122350,-0.95255466,-0.97115988,-0.96767823,-0.96215218,50,0.0300768587,0.1105210053,0.0804441466,13.6719783918,0.0769421676,0.0614390456,-0.0702016723,1.6193968221,2.40415044,2.44765947,0.04350902,7.41605897,0.85194495,0.03691921,-0.00544210,1.01714763
283,0x21fa30000,0x210e32000,1,1,1,184.59,-0.0063918028,-0.0021191656,0.0851496547,0.0854270238,0.0865080416,0.0850456176,0.0892420919,0.0894261575,0.0830951968,0.0807704379,0.0869284800,0.0894261575,0.0854270238,0.0886343803,0.0822847455,0.0820495307,0.0875537086,0.0835366978,0.0907227573,0.0843459949,0.0864029320,0.0864730369,0.0896428120,0.0848951078,0.0866481559,0.0853923763,0.0900400449,0.0909779903,0.0841401595,0.0818814678,0.0852190443,0.0821839261,0.0865781465,0.0887773540,0.0865431419,0.0809367129,0.0876598908,0.0833329138,0.0852536918,0.0856004505,0.0801863555,0.0907957237,0.0894623323,0.0859818566,0.0854617659,0.0813023909,0.0870685943,0.0885628446,0.0903581245,0.0790059369,-0.01281809,-0.00159283,0.05737091,0.06190270,0.05908052,0.07789986,0.06573428,0.07314972,0.04259544,0.05580399,0.04049907,0.06956264,0.03649551,0.05998239,0.03891647,0.05014268,0.07536301,0.05304852,0.05709209,0.06259583,0.04027511,0.05160638,0.07204220,0.04942936,0.04389587,0.04453501,0.07370977,0.05887676,0.06482447,0.04723287,0.05417632,0.04273272,0.05341932,0.07226140,0.05245050,0.06931464,0.06389156,0.06821092,0.04839479,0.92879835,0.03416696,0.08730849,0.05198202,0.06433925,0.05064586,0.06522532,0.04426502,0.05942598,0.04401484,0.05448600,50,0.0355408228,0.1116094878,0.0760686650,12.9404807739,0.1305816471,0.0701826875,-0.0453988180,1.6418648350,2.51372839,2.53604390,0.02231551,3.81860248,1.07341030,-0.04195477,-0.08531612,1.04542295
284,0x8b0e9000,0x91cd7000,15,15,1,184.57,-0.0010308956,0.0032749866,0.0820556994,0.0852598604,0.0899739624,0.0855718769,0.0867945344,0.0832711236,0.0872413307,0.0901906170,0.0844208378,0.0832371905,0.0857106561,0.0832032574,0.0832371905,0.0839060151,0.0875598772,0.0861988814,0.0829654476,0.0854679345,0.0861638767,0.0867945344,0.0854331924,0.0822573382,0.0875598772,0.0852945078,0.0843521635,0.0853985449,0.0858493407,0.0855025820,0.0842835830,0.0857106561,0.0879491474,0.0861988814,0.0877367831,0.0853291553,0.0853985449,0.0835428664,0.0851904708,0.0911665251,0.0859880252,0.0792073091,0.0862689863,0.0835088406,0.0819885476,0.0867244294,0.0786542027,0.0869346486,0.0886762679,0.0810426284,-0.01037098,-0.00528478,0.05447362,0.07184009,0.08167302,0.07458926,0.06611575,0.07355202,0.07770899,0.08335399,0.08076805,0.08006505,0.08774190,0.06066629,0.07557351,0.07133574,0.08923216,0.06714680,0.07807724,0.06649274,0.07372742,0.07850911,0.07725141,0.04831714,0.06885540,0.05743358,0.06560394,0.06455473,0.06371714,0.07073779,0.05049453,0.07634507,0.07110100,0.06493505,0.06476956,0.06900796,0.07398990,0.06744942,0.06515347,0.07507204,0.07338714,0.06014461,0.07036329,0.06767837,0.05825917,0.06952226,0.06358790,0.07074969,0.05997621,0.07389467,50,0.0287097448,0.1071079528,0.0783982080,13.3206152850,0.0655189830,0.0717303417,-0.0447697660,1.4381892412,2.44026551,2.41887637,-0.02138914,-3.58777966,0.82063265,0.04155366,0.02321398,1.06041412
285,0x160ab9000,0x29c80b000,11,14,0,129.00,-0.0024529669,-0.0002072504,0.0992248939,0.1002244501,0.1411677332,0.1001021798,0.0985442795,0.1000614601,0.0925092778,0.1002244501,0.1042503014,0.1009348132,0.0989826085,0.0998576391,0.0999799095,0.1023851234,0.0968247948,0.0973803018,0.0939741057,0.1000614601,0.0944722100,0.0963357367,0.1009348132,0.0956672539,0.1004281599,0.0979437622,0.1001428995,0.0923944109,0.0993460917,0.0996130984,0.1003874402,0.0993864542,0.0945111438,0.0979037569,0.1001428995,0.1027998039,0.0966263375,0.0924709540,0.0979837676,0.0983040289,0.0979037569,0.0970231437,0.0948229330,0.0993460917,0.0995481249,0.0939355292,0.0977835223,0.0933177774,0.0999799095,0.1014281851,0.01483885,-0.00634929,0.08728438,0.06615023,0.14174286,0.06421322,0.08135243,0.06250002,0.08137816,0.06421067,0.07629693,0.05168440,0.06118453,0.07143880,0.06067505,0.07087239,0.05478109,0.06349923,0.05214839,0.04642021,0.06354056,0.06921723,0.08261575,0.03780644,0.06607199,0.05441952,0.07714659,0.04286383,0.08993722,0.07439796,0.06538262,0.08691420,0.06447200,0.04607083,0.06498100,0.07718783,0.09333117,0.06708656,0.08102016,0.06746901,0.07182684,0.06794526,0.07012511,0.06713246,0.07007924,0.06067165,0.06000847,0.06406128,0.05259709,0.05347041,50,0.0261072310,0.1229761805,0.0968689495,12.7311928038,0.0314440991,0.0842693725,-0.0817339144,1.6121859490,2.33915142,2.39240519,0.05325377,7.00226100,0.54763315,0.06812151,-0.06270275,1.01998859
286,0x1fe8000,0x61232000,0,0,1,184.66,-0.0364722391,-0.0105146677,0.0507947240,0.0497884374,0.0466222583,0.0402769016,0.0467955903,0.0520184570,0.0498599731,0.0468649799,0.0453713775,0.0477014892,0.0478766081,0.0402769016,0.0464834791,0.0476664845,0.0464834791,0.0510475533,0.1346133672,0.0583780294,0.0466569057,0.0522372566,0.0607703727,0.0479467130,0.0457145614,0.0482970465,0.0564869991,0.0445656553,0.0464834791,0.0477714985,0.0492408216,0.0489576370,0.0501102015,0.0466915532,0.0479467130,0.0457832357,0.0455430163,0.0445995884,0.0522007236,0.0503247109,0.0454056678,0.0435189167,0.0484975465,0.0496811827,0.0447693465,0.0455430163,0.0475612793,0.0478416034,0.0446335215,0.0479467130,-0.23420115,-0.18951689,-0.15643851,-0.15652123,-0.18127027,-0.17217149,-0.13893022,-0.17539754,-0.13785024,-0.01707104,-0.13544938,-0.16154270,0.51368054,-0.16841379,-0.13187028,-0.16914798,-0.16759497,-0.17667804,-0.07473173,0.78640357,-0.16707067,-0.15276495,0.65069612,-0.15813378,-0.16364198,-0.17669945,0.75421724,-0.16451394,-0.16493116,-0.17476579,-0.15714677,-0.15232987,-0.16226904,-0.14963173,-0.17263619,-0.17545846,-0.18120112,-0.16149931,-0.15364651,-0.16217658,-0.18133215,-0.16441759,-0.15569973,-0.14349123,-0.16662010,-0.15128505,-0.16234043,-0.16212260,-0.16087441,-0.15654880,50,0.0267571804,0.1059920069,0.0792348265,13.4515160182,0.0588332807,0.0705733314,-0.0665408317,1.2419254905,2.37153161,2.38223457,0.01070297,1.83305844,0.62465581,0.03668702,-0.04685816,0.98762803
287,0x21fb69000,0x27e74b000,8,8,1,184.61,-0.0073012275,0.0110219265,0.0823462579,0.0824513675,0.0792740010,0.0813696343,0.0789684178,0.0859132658,0.0753345736,0.0750743614,0.0791042428,0.0764109463,0.0813349869,0.0792061348,0.0791381759,0.0794099187,0.0801506353,0.0768763713,0.0791381759,0.0808841911,0.0789684178,0.0804938192,0.0812655973,0.0815777085,0.0834622914,0.0776875370,0.0814389293,0.0789684178,0.0788665258,0.0824863721,0.0792740010,0.0808494490,0.0815777085,0.0848293654,0.0823462579,0.0737008844,0.0851153129,0.0755990663,0.0822061436,0.0791381759,0.0824163628,0.0824513675,0.0845791369,0.0845433203,0.0795457438,0.0823812625,0.0801849256,0.0792400679,0.0815777085,0.0832853856,0.00289440,0.00560860,0.06622613,0.04838233,0.05714497,0.05508550,0.04855801,0.05067848,0.03351409,0.03951071,0.05618149,0.04394946,0.05261170,0.03670920,0.03466315,0.11354154,0.04378030,0.03191466,0.04986340,0.04455241,0.04820419,0.03859954,0.05167478,0.04140303,0.03758227,0.04399792,0.04061810,0.05037200,0.04142694,0.03817694,0.04066301,0.05956541,0.04050490,0.03629449,0.04150494,0.03223740,0.04031804,0.03287944,0.04232819,0.04311097,0.04452375,0.03886771,0.04237294,0.04502521,0.05049513,0.04102188,0.04579553,0.04112499,0.04386940,0.04175621,50,0.0265384266,0.1060356576,0.0794972310,13.4867099279,0.0676003619,0.0611708905,-0.0572500704,1.4983384798,2.36013142,2.41625891,0.05612749,9.51581403,0.62508012,0.01132176,-0.03552449,1.03606904
288,0x29cadf000,0x285c57000,14,14,1,184.64,-0.0261870741,0.0515126098,0.0524903170,0.0527620598,0.0549594924,0.0548901028,0.0584192235,0.0562514448,0.0535001804,0.0503000451,0.0512101515,0.0536718191,0.0491232014,0.0513445469,0.0548901028,0.0464645641,0.0576684405,0.0505327575,0.0587810079,0.0558660110,0.0536718191,0.0515126098,0.0503997920,0.0570521495,0.0495178987,0.0503997920,0.0540492933,0.0545779916,0.0549941399,0.0548554554,0.0536718191,0.0505659762,0.0505659762,0.0528638591,0.0548901028,0.0559711206,0.0538090740,0.0516470051,0.0563214541,0.0537747837,0.0512101515,0.0588531603,0.0551675666,0.0549248450,0.0561813399,0.0535001804,0.0570876080,0.0569106055,0.1850790314,0.0505327575,-0.02701801,0.04756598,0.03960866,0.03890615,0.03063362,0.03486915,0.03370761,0.04463738,0.02955041,0.00744002,0.03814241,0.01521635,0.02390305,0.03046300,0.04156391,0.02973874,0.03705661,0.03762495,0.06476874,0.02270269,0.02632880,0.03470544,0.02016820,0.04074111,0.03464176,0.01850844,0.84012870,0.02757478,0.02491180,0.02215495,0.03029755,0.00977156,0.02471147,0.05127236,0.03549298,0.06270466,0.04008333,0.03624194,0.04026109,0.04374855,0.02731669,0.04948057,0.04015547,0.03259870,0.03592320,0.02328681,0.03978777,0.02704353,0.21993901,0.02389926,50,0.0296457587,0.1082125785,0.0785668199,13.3479157714,0.0972032990,0.0605549946,-0.0602425794,1.6310704323,2.44883975,2.46706252,0.01822277,3.14428269,0.99142935,0.12938047,0.07269189,1.00368654
289,0x31efc5000,0x29aceb000,10,14,0,126.25,0.0094880522,-0.0013848073,0.1042440097,0.0994412223,0.1003266211,0.1002075684,0.0978118681,0.1012886748,0.0986940503,0.1013687948,0.0975822224,0.0989693016,0.0966169656,0.0986940503,0.0988120305,0.0971961408,0.0913753281,0.0932352495,0.0956540544,0.1013687948,0.0986940503,0.0970803057,0.1019253519,0.1002075684,0.0988513214,0.0979286694,0.1037359265,0.1031246860,0.0987333413,0.0990085926,0.1011685495,0.0978897357,0.0960747807,0.0978118681,0.0978118681,0.0933836312,0.0976559203,0.1001282721,0.0915962728,0.0917066446,0.1037767574,0.0980066433,0.1001282721,0.0934963512,0.0965783890,0.0925288324,0.0992445529,0.0938341012,0.0934963512,0.0959982376,0.03011226,-0.04085961,0.09881791,0.07592686,0.08525360,0.07887648,0.08223654,0.08278303,0.05786490,0.09757772,0.07003427,0.08670635,0.07744553,0.06196113,0.07048076,0.07853650,0.07480924,0.06867159,0.07850260,0.08573921,0.07719394,0.06619938,0.06839010,0.08574403,0.06250220,0.06693920,0.08947737,0.07337038,0.08016834,0.07450961,0.07588149,0.07554570,0.08591274,0.08628453,0.08384201,0.05715970,0.07457110,0.09312381,0.07448227,0.08280991,0.07489454,0.09458384,0.08641034,0.08685336,0.06646717,0.08784043,0.05705856,0.76914568,0.06816898,0.07748709,50,0.0308787295,0.1232476403,0.0923689109,11.9074687291,0.1038045101,0.0637572946,-0.0742261231,1.6363197748,2.37986067,2.54517219,0.16531152,21.39643912,0.87395467,0.09299064,-0.04502544,1.02196362
290,0x274a81000,0x9a705000,8,15,0,128.90,0.0010331117,-0.0010938965,0.1025133528,0.0982364124,0.0994775387,0.0996795719,0.0979561565,0.1001510037,0.1082987236,0.1027206364,0.1002732740,0.0983965431,0.1001917234,0.0993563409,0.1028036178,0.0989928577,0.0919103477,0.1050936003,0.1027206364,0.1047983308,0.0960378790,0.1028036178,0.0972361404,0.1004770950,0.1038435375,0.0981564018,0.1002325543,0.1028864860,0.1018040607,0.0994775387,0.1047983308,0.1023889373,0.0974741375,0.0941495975,0.0968789824,0.1017219069,0.0949586702,0.1005993653,0.0969582786,0.0994775387,0.1014752209,0.1027206364,0.1014752209,0.0949197364,0.0996795719,0.0963131303,0.0980762818,0.0991544180,0.0974741375,0.0927619227,0.01130803,-0.00609896,0.08265539,0.07538689,0.09856830,0.08049727,0.08196198,0.06671244,0.09174392,0.06618717,0.07871447,0.08315461,0.08653866,0.07223920,0.07099826,0.07760711,0.07307409,0.07659554,0.08190666,0.07382643,0.07273948,0.06636075,0.07325771,0.09000387,0.08008655,0.07756677,0.06964117,0.07416404,0.08262897,0.06564411,0.08417700,0.07937814,0.09228023,0.08155162,0.07275279,0.07192296,0.07308942,0.07422883,0.06509690,0.08245267,0.94482817,0.08845736,0.07199019,0.07644094,0.09089918,0.07481956,0.08004959,0.07673071,0.07929165,0.07310079,50,0.0253187205,0.1236469105,0.0983281900,12.9169546928,0.0346555628,0.0844991846,-0.0746423854,1.2776316755,2.25183615,2.39077090,0.13893475,18.30014679,0.50219600,0.06850673,-0.05682432,1.00283076
291,0x213b8e000,0x208194000,1,1,1,184.65,0.0017161922,-0.0037994187,0.0835033178,0.0781779284,0.0805079684,0.0783458996,0.0772316520,0.0761181188,0.0826700151,0.0823196816,0.0827401200,0.0851181179,0.0803707136,0.0840342286,0.0803364233,0.0829152390,0.0813116282,0.0784802949,0.0826350104,0.0761181188,0.0748751051,0.0793929954,0.0825299008,0.0828101294,0.0847248181,0.0769656301,0.0827051154,0.0866294978,0.0793590623,0.0807825717,0.0836448618,0.0883697970,0.0791552783,0.0781779284,0.0768326645,0.0805423524,0.0858770366,0.0815543498,0.0829503393,0.0779090460,0.0848320728,0.0813116282,0.0772648707,0.0834324975,0.0823546863,0.0757562830,0.0780771089,0.0796307124,0.0824247912,0.0729407552,-0.04940147,0.02275283,0.07723733,0.08252750,0.07369149,0.07726862,0.08250440,0.08696422,0.06769348,0.10875461,0.07580549,0.08934129,0.07112375,0.09526641,0.08419995,0.08939741,0.07826027,0.07163606,0.08255303,0.07092296,0.06780050,0.08999322,0.08352491,0.07427755,0.08942389,0.07235423,0.07856532,0.08136333,0.07540856,0.07723250,0.07724158,0.08261803,0.06691412,0.07438349,0.06698846,0.08015967,0.09046165,0.08468898,0.07061212,0.07875090,0.08773395,0.08114150,0.07823406,0.07783401,0.07723848,0.07368098,0.07519983,0.07522629,0.07642861,0.07166665,50,0.0264037416,0.1054036395,0.0789998979,13.4081313565,0.0529743916,0.0593973060,-0.0440313648,1.3583671153,2.34502672,2.38993247,0.04490576,7.63456402,0.64280373,0.02169683,-0.06308048,0.99870505
292,0x61596000,0x9aaa000,0,0,1,184.60,-0.0007437421,-0.0018755320,0.0771117646,0.0877919584,0.0860546182,0.0815775168,0.0856298895,0.0857714335,0.0812718409,0.0820779204,0.0864965066,0.0834331954,0.0845488606,0.0777666644,0.0843387371,0.0820779204,0.0876475549,0.0857007098,0.0788777851,0.0889095091,0.0833638058,0.0791104975,0.0791437163,0.0867467350,0.0812718409,0.0823525237,0.0863891543,0.0845138560,0.0810341239,0.0834331954,0.0822152689,0.0850043038,0.0821123043,0.0842686321,0.0867109184,0.0882252674,0.0834331954,0.0823525237,0.0843036368,0.0865322256,0.0833985479,0.0836065274,0.0848291848,0.0867109184,0.0813057740,0.0837453066,0.0842686321,0.0813397998,0.0846539703,0.0858068920,0.00079127,0.00225412,0.05598815,0.06744121,0.07500811,0.06314695,0.07235706,0.07697945,0.05958779,0.06947664,0.07026697,0.05202854,0.06919700,0.05962155,0.08972532,0.05684510,0.08104561,0.07286588,0.07054639,0.08150560,0.07037421,0.06021912,0.06165603,0.05340017,0.08885622,0.06223511,0.07648672,0.08062661,0.07038965,0.06783903,0.08613805,0.07048611,0.07471016,0.07283304,0.08294283,0.05609924,0.07736812,0.07765364,0.08446001,0.07230574,0.06210589,0.07741640,0.07209880,0.06591394,0.06419278,0.06814221,0.07440386,0.06781031,0.06253960,0.06053712,50,0.0278262649,0.1067737402,0.0789474754,13.4022904518,0.0614827444,0.0644226904,-0.0726193143,1.4741729012,2.40000601,2.41090034,0.01089432,1.83486493,0.69115482,0.03617772,-0.04836143,1.01461035
293,0x3d6225000,0x35257c000,12,3,0,126.24,0.0032645395,0.0033274480,0.1156737640,0.0958225437,0.0968225647,0.0995718473,0.0990559884,0.0963631423,0.0905072244,0.0908386415,0.0989766922,0.1028192342,0.1047354781,0.1024525345,0.1004942529,0.0967056570,0.0969784061,0.1002941169,0.1026970751,0.0970953138,0.0986468004,0.0969784061,0.0963244604,0.0964017189,0.0971732877,0.0921061930,0.0952038157,0.1006944982,0.0951655963,0.0974069966,0.0993734984,0.0949742906,0.0961700488,0.1004542476,0.1001338770,0.0976636681,0.0978746273,0.0949360712,0.0970953138,0.1004542476,0.0962087307,0.0961700488,0.0992940938,0.0972511552,0.0961314722,0.0958998022,0.1428162562,0.0906544874,0.0972901953,0.0972511552,0.02018525,0.00899270,0.99244860,0.08298069,0.07987525,0.06648408,0.09070217,0.06863124,0.06170988,0.07653498,0.08094648,0.08941303,0.07101774,0.07609056,0.07451800,0.07122015,0.08328666,0.07400333,0.08318567,0.08215117,0.11144938,0.07843392,0.08809866,0.07313204,0.10613655,0.06588150,0.08595892,0.07854983,0.08140102,0.07596570,0.08282618,0.07738743,0.08116289,0.07988030,0.08231821,0.06702406,0.08626415,0.07303759,0.09726310,0.07744157,0.07762910,0.07897444,0.08107119,0.07740274,0.06837301,0.07936099,0.12916550,0.08062647,0.08646058,0.06733076,50,0.0236308883,0.1186684930,0.0950376047,12.2608187365,0.0438639260,0.0871270914,-0.0778387646,1.2823320074,2.33339626,2.35584492,0.02244865,2.88522971,0.50289331,0.06192503,-0.04927383,1.00543565
294,0x3c917a000,0x2113ba000,5,1,0,129.24,-0.0332545213,-0.0247045908,0.1545031670,0.1138748667,0.0767978130,0.0706050973,0.0749320521,0.0825042506,0.0715645380,0.1984158946,0.0716052577,0.0856586441,0.0757184936,0.0762668841,0.0778341589,0.0744718914,0.0845776485,0.0646558275,0.0693231410,0.0646944040,0.0711706137,0.0672025824,0.0651190622,0.0692031250,0.0637703222,0.0619136828,0.0683225118,0.0661612349,0.0671631841,0.0662001687,0.0663950502,0.0603860387,0.0583047339,0.0605347313,0.0650032272,0.0615382228,0.0639616279,0.0621764228,0.0595299196,0.0628813466,0.0613881003,0.0596771826,0.0637703222,0.0620261978,0.0673205626,0.1283624532,0.0723575243,0.0710754566,0.0738917752,0.0940174856,-0.18495433,0.04324644,0.74656476,0.88315487,0.84711243,0.88406597,0.83495424,0.75561647,0.82815957,1.02976092,0.88032708,0.58414904,0.52549261,0.66356635,0.62619337,1.13034824,0.59402946,-0.11294127,-0.08158450,-0.10607854,-0.09547202,-0.11567833,-0.10918879,-0.13264712,-0.11873027,-0.12033523,-0.11068965,-0.11799080,-0.11393533,-0.11484539,-0.12204725,-0.12369748,-0.11296025,-0.13238189,-0.12150399,-0.12464463,-0.11663612,-0.12151548,-0.12295781,-0.12143079,-0.09828258,-0.12371793,-0.09865937,-0.12184524,-0.09814171,-0.03874930,0.86915073,0.98561834,1.07936223,0.97302860,50,0.0367016531,0.1218376804,0.0851360273,11.0694594175,0.1061657162,0.0754480285,-0.0739389068,1.5478183009,2.61567434,2.55100807,-0.06466626,-8.45769114,0.99812966,0.08134316,0.07624635,1.02115560
295,0x3e0bb0000,0x1feb1000,5,9,0,128.83,-0.0144805763,-0.0090071607,0.0798031633,0.0848911004,0.0838516501,0.0861356663,0.0847281104,0.0906313311,0.1793497098,0.0999190262,0.0894640246,0.0979857616,0.0776374854,0.0802567550,0.0819289738,0.0798031633,0.0824910035,0.0835687816,0.0847689413,0.0830516247,0.0828914941,0.0837708147,0.0824910035,0.0825311181,0.0829314994,0.0824109928,0.0859300573,0.0840132104,0.0782569287,0.0849319313,0.0897592941,0.0836092544,0.0826112381,0.0834920114,0.0798420971,0.0792186250,0.0895061731,0.0831717501,0.0806892774,0.0847689413,0.0816512203,0.0850542017,0.0807286757,0.0860123233,0.0814528714,0.0860944772,0.0872584542,0.0828513794,0.0839323751,0.0803353369,-0.01827650,0.00994938,0.06323464,0.89350048,0.05966471,0.07357113,0.05219808,0.86222818,1.15926471,0.98128825,1.21118239,1.17025340,0.10741735,0.07761122,0.08873213,0.07885933,0.07574575,0.06448462,0.08514624,0.06343163,0.07534181,0.06685387,0.07094590,0.14361831,0.07500307,0.05333992,0.08886427,0.06505417,0.06480556,0.05510264,0.07206772,0.06865369,0.05114296,0.06154033,0.06591157,0.05627551,0.08372222,0.05899147,0.05642872,0.05655333,0.05594541,0.05187122,0.80557309,0.06836170,0.05165174,0.05645899,0.06492781,0.06245833,0.08040570,0.06611358,50,0.0320943160,0.1264294378,0.0943351218,12.4071932900,0.1151234758,0.0866008522,-0.0879521314,1.4148406266,2.44329734,2.52337126,0.08007392,10.59389590,1.07043702,0.14568121,-0.06857750,1.06099291
296,0x345f3c000,0x31e52c000,3,3,1,184.65,0.0026583348,-0.0060017011,0.0813346767,0.0779049649,0.0857524639,0.0836969556,0.0828203212,0.0783278763,0.0859976878,0.0858224732,0.0805557479,0.0858925782,0.0871147939,0.0862079070,0.0851240288,0.0828882801,0.0906892975,0.0848465650,0.0773437339,0.0862079070,0.0857874685,0.0843146491,0.0861728067,0.0839027909,0.0837655361,0.0880896406,0.0860676971,0.0866900652,0.0849159546,0.0848465650,0.0902516983,0.0848465650,0.0859976878,0.0886616331,0.0847425279,0.0826166300,0.0880182025,0.0848465650,0.0854013979,0.0860676971,0.0847772701,0.0877678764,0.0825486711,0.0788808939,0.0882326143,0.0829562390,0.0836625716,0.0859275828,0.0818723497,0.0848813072,0.01051057,0.00516787,0.06813317,0.03744821,0.07206383,0.04389638,0.07408062,0.05252939,0.05935756,0.04509692,0.04070055,0.05690538,0.05588726,0.05253790,0.04710203,0.05550505,0.04990116,0.04596588,0.04498180,0.66288623,0.05208180,0.06707960,0.05429869,0.05430396,0.05719310,0.05068149,0.04391286,0.04954650,0.07229114,0.04710847,0.05534548,0.05014031,0.09117575,0.05046900,0.07812444,0.03801963,0.08495389,0.04650565,0.04563317,0.05717320,0.04985521,0.93920468,0.03700519,0.03490069,0.03642287,0.03963209,0.04255867,0.05328612,0.04937802,0.03423836,50,0.0266820882,0.1060576553,0.0793755671,13.4584191995,0.0471222211,0.0596140307,-0.0712271317,1.5227027417,2.34253309,2.37867711,0.03614402,6.13315102,0.65691048,0.08039892,-0.01771670,0.99898481
297,0x7ec4000,0x70ba000,0,0,1,184.58,-0.0077783500,-0.0078569963,0.0685496213,0.0663939989,0.0730689515,0.0754058556,0.0741488968,0.0699971344,0.0767021092,0.0710109197,0.0699635585,0.0680638561,0.0688156433,0.0742540064,0.0750519472,0.0728608773,0.0685496213,0.0762730904,0.0790332188,0.0742540064,0.0662964859,0.0687158964,0.0742891067,0.0680309946,0.0733464152,0.0749811269,0.0786146548,0.0687824246,0.0732423782,0.0730343040,0.0714184876,0.0707392696,0.0731036936,0.0731729886,0.0764160641,0.0710109197,0.0732077307,0.0699635585,0.0668169103,0.0687158964,0.0744992303,0.0721263437,0.0712147037,0.0723665630,0.0718861243,0.0711128117,0.0678993689,0.0678336459,0.0743241113,0.0717830661,-0.02615670,-0.02491963,0.06766440,0.01675772,0.01958393,0.03567419,0.02239005,0.05772928,0.03335424,0.03285732,0.02323267,0.05026018,0.02714871,0.02727587,0.04880423,0.04841246,0.02611422,0.04122175,0.04296445,0.04371805,0.03197282,0.02554862,0.03640860,0.02754814,0.02197438,0.02262121,0.03909714,0.02328308,0.01059408,0.04620662,0.02445341,0.04417096,0.02073094,0.03724053,0.02713597,0.03516882,0.01376335,0.01659460,0.01886009,0.01508777,0.02562373,0.02537445,0.02107006,0.03282113,0.01677719,0.01665245,0.01644702,0.02023852,0.03387789,0.02710989,50,0.0275566704,0.1042926408,0.0767359704,13.0097661567,0.0441344091,0.0575199862,-0.0669785958,1.6644213696,2.27936358,2.34857128,0.06920770,11.75152737,0.59616367,0.00800401,-0.08811305,1.01408750
298,0x3c897f000,0x29d1cf000,12,14,0,126.23,0.0000580927,0.0021164852,0.0970897768,0.0972470479,0.0949698252,0.0897191478,0.0895718848,0.0925075889,0.0974830083,0.0890027407,0.0970110876,0.0940050218,0.0895718848,0.0885287081,0.0981689856,0.0938520399,0.0959716343,0.0962443834,0.0963611847,0.0984467391,0.0962833171,0.1002063159,0.0948154136,0.0926211755,0.0965171325,0.0948539902,0.0938138205,0.0954331654,0.0983673345,0.0954717419,0.0952014953,0.0935459717,0.0963611847,0.0951242368,0.0968931074,0.0937754968,0.0910976303,0.0968931074,0.0916185099,0.0946995786,0.0969323984,0.0974436100,0.0893141495,0.0959325941,0.0895350942,0.2011389156,0.0952014953,0.0974830083,0.0924818424,0.0931517634,0.00456155,0.01518138,0.07358465,0.08756364,0.07502735,0.05903902,0.07693405,0.06778078,0.07899447,0.06677660,0.10415007,0.07827698,0.09222061,0.07210783,0.07795176,0.07832308,0.07842297,0.07111560,0.08581901,0.07279561,0.07233455,0.06968337,0.06836102,0.14070674,0.07984052,0.06728788,0.07407249,0.06120010,0.06936727,0.09416396,0.07677773,0.07056424,0.06792936,0.07199959,0.07320052,0.07753857,0.07106848,0.08200032,0.08017803,0.05264627,0.07175602,0.07069626,0.06680164,0.07223773,0.06202802,0.18324212,0.05476093,0.07633605,0.07085875,0.08143106,50,0.0326764649,0.1187877386,0.0861112737,11.0652519237,0.0567389653,0.0603706276,-0.0789131314,1.9976254562,2.34734731,2.41360791,0.06626061,8.49951403,0.47896120,0.01630014,-0.04860986,1.02923100
299,0x91632000,0x2c94a7000,6,14,0,128.89,0.0026749565,0.0048659731,0.1020442149,0.1032064040,0.1032471237,0.0999224753,0.1029618633,0.1034916644,0.1034101137,0.0953689613,0.1005631951,0.1070256880,0.1030433027,0.1018422920,0.0999224753,0.1070256880,0.1027173226,0.0992479156,0.1054106565,0.1017209839,0.1042466795,0.1040411827,0.1029618633,0.1019633796,0.1075740785,0.1008034458,0.1027173226,0.1024078084,0.1034508334,0.1012038270,0.1034916644,0.1027580423,0.1022461377,0.1024481709,0.1042466795,0.1022866105,0.0998034226,0.1020038524,0.1067014380,0.1001209326,0.1006432058,0.1063250882,0.1029211436,0.1044522885,0.1067433435,0.1041645256,0.1029211436,0.1050789573,0.1011637124,0.1084163645,0.00629055,0.00860955,0.06838486,0.06874028,0.07283051,0.07165977,0.08072436,0.06277257,0.06846706,0.06119849,0.06816675,0.07987075,0.06673532,0.05862874,0.05989753,0.06831824,0.06447803,0.06855743,0.06710751,0.06358302,0.06607128,0.06295480,0.06275348,0.07790264,0.07355837,0.06015015,0.06855204,0.06597703,0.07332304,0.06221562,0.06393854,0.07968041,0.06220144,0.06365559,0.05787968,0.07132087,0.05873649,0.07898735,0.08287888,0.08644623,0.05747605,0.07983671,0.07274872,0.08223032,0.07670676,0.08156621,0.07579290,0.09482091,0.06781424,0.10510886,50,0.0258396291,0.1231473926,0.0973077634,12.7825616812,0.0433106640,0.0941652233,-0.0792283322,1.1213480534,2.34106106,2.38068438,0.03962332,5.22946143,0.55376665,0.02932211,-0.09029224,1.00437810
300,0x11ffff000,0x2c8a20000,11,7,0,128.90,-0.0217635697,-0.0151776612,0.0822039327,0.0855317987,0.0848933338,0.0820055838,0.0850835483,0.0832861118,0.0835663677,0.0872827961,0.0805713620,0.0872413621,0.0851649877,0.0844085424,0.0844085424,0.0832461064,0.0817674784,0.0808073223,0.0838066184,0.0806106529,0.0909459381,0.0864502733,0.0822435809,0.0862857412,0.1271600871,0.0928951688,0.0973087926,0.0852465384,0.1599190035,0.0852465384,0.0830859758,0.0830859758,0.0832461064,0.0824023900,0.0812005538,0.0854502481,0.0871168334,0.0887802602,0.0865735040,0.0913851934,0.0850835483,0.0841662571,0.0859979783,0.0818865311,0.0853279777,0.0853688087,0.0838833886,0.0858335585,0.0840854218,0.0885292842,-0.01444155,0.01950663,0.08125120,0.07081554,0.09298681,0.06006817,0.10847947,0.06633997,0.08694342,0.06579460,0.08569734,0.07150890,0.09503121,0.06720215,0.08296907,0.06842151,0.10137298,0.06903375,0.08217053,0.07367887,0.95969653,0.08231047,0.07188388,0.06140231,0.89757906,1.06675892,1.23530632,1.22186024,1.24660143,0.07399573,0.05831652,0.07792072,0.07505347,0.06695753,0.07691379,0.07836802,0.06145485,0.07627999,0.07379938,0.06902351,0.06545664,0.07237723,0.06469129,0.06543655,0.06948491,0.06525782,0.07205241,0.06507218,0.05674078,0.07971602,50,0.0300129272,0.1283677820,0.0983548548,12.9453635092,0.1168683474,0.0857664090,-0.0794474118,1.3184406194,2.33630023,2.53658372,0.20028349,26.37111158,0.98497868,0.12841204,-0.10205712,1.01849564
301,0x3c8d4a000,0xead6000,5,0,0,128.89,-0.0005122647,-0.0027300890,0.0936301924,0.0995083637,0.0997550496,0.0968775793,0.0978389171,0.0964773074,0.0957950431,0.0963971874,0.0932406420,0.0967575633,0.1019970497,0.0951998880,0.0964773074,0.0974348509,0.0945553466,0.0962770621,0.1860247535,0.0983496389,0.0955172896,0.0984311896,0.0975561590,0.1390394520,0.1076150110,0.1197043194,0.1096897288,0.1010415421,0.1031192364,0.1006682956,0.0911592670,0.0910828283,0.0978389171,0.0985534599,0.0956760987,0.0977580818,0.0986350106,0.0957950431,0.0953983452,0.1028661154,0.0934354172,0.0953585888,0.1020389552,0.0985126290,0.0973541258,0.0976368840,0.0965173127,0.0974348509,0.0959538522,0.0967174487,-0.01419763,-0.00364049,0.06686897,0.05728146,0.05562325,0.05083945,0.06491954,0.05524051,0.05179537,0.05719587,0.04609308,0.05391514,0.05709733,0.04677730,0.05045383,0.06094581,0.05048201,0.04799784,0.14421981,0.05297895,0.06739160,0.31855806,0.03959147,1.06834361,1.04557777,1.02096993,1.24100358,1.23611381,0.66569686,0.05478720,0.05163939,0.05641802,0.05425416,0.04864737,0.05624237,0.04674895,0.04932780,0.05058990,0.06198157,0.04328165,0.06024917,0.07985698,0.06360513,0.07674638,0.06095035,0.05336704,0.06229257,0.06633699,0.05681806,0.04601033,50,0.0288483136,0.1262034406,0.0973551270,12.8508767647,0.0966772484,0.0877785754,-0.0751501034,1.2810419291,2.42680405,2.52888605,0.10208200,13.47482364,1.05118302,0.08385563,-0.20179881,0.98908658
302,0x355595000,0x33a7a7000,10,10,1,184.65,0.0051227420,0.0050648244,0.0817610122,0.0832303353,0.0841354342,0.0813399368,0.0783173592,0.0797727494,0.0796697848,0.0839567415,0.0810625677,0.0762947931,0.0819362267,0.0787588602,0.0849287398,0.0826994245,0.0837064154,0.0797727494,0.0786230352,0.0818311171,0.0805077349,0.0764277587,0.0826286042,0.0838494868,0.0795325300,0.0861173705,0.0830179710,0.0807504565,0.0850370670,0.0795325300,0.0806117720,0.0841354342,0.0850731433,0.0850370670,0.0850731433,0.0804729928,0.0818661218,0.0840281795,0.0783173592,0.0772059721,0.0841711533,0.0807851040,0.0883522729,0.0832303353,0.0861538039,0.0797040751,0.0808198461,0.0832303353,0.0745592207,0.0763280118,-0.00040072,0.01114997,0.05072159,0.07461127,0.07541567,0.06583531,0.06503340,0.06912543,0.04675676,0.06904189,0.05310368,0.07141589,0.07560714,0.05815888,0.05813832,0.06535084,0.04468777,0.06077626,0.04787528,0.05676707,0.05700567,0.05200074,0.06116088,0.05360007,0.07204326,0.06668316,0.08447171,0.06623847,0.09192041,0.06070455,0.06820854,0.05685368,0.05841864,0.06366882,0.06420857,0.06373794,0.05952466,0.06473773,0.03580647,0.06373433,0.06092936,0.04989825,0.05455713,0.07586811,0.07331569,0.05616762,0.08244004,0.05756093,0.09114651,0.05218501,50,0.0303324308,0.1078556966,0.0775232658,13.1600392261,0.0561009251,0.0558846624,-0.0673646669,1.8721489723,2.36988088,2.42179985,0.05191897,8.83732749,0.56415443,-0.00649834,-0.04555953,1.03339756
303,0x2fe59c000,0x285ce6000,7,7,1,184.64,-0.0143517533,-0.0133783363,0.0709140553,0.0711264196,0.0684752592,0.0710909611,0.0662517595,0.0687873704,0.0582259409,0.0665913685,0.0743383370,0.0712326017,0.0707725113,0.0706308706,0.0721734197,0.0707725113,0.0711971433,0.0710555993,0.0740466705,0.0715657081,0.0690648342,0.0644300251,0.0664555435,0.0721734197,0.0721734197,0.0687873704,0.0720662626,0.0728587552,0.0694129451,0.0721019817,0.0723164911,0.0688567600,0.0723164911,0.0716372438,0.0721734197,0.0668630186,0.0679809449,0.0688914075,0.0651746627,0.0721019817,0.0677750158,0.0720304460,0.0678093061,0.0734003915,0.0693422033,0.0699034885,0.0679465609,0.0710555993,0.0720662626,0.0686486859,-0.01403548,-0.01403202,0.05387478,0.04771025,0.05618856,0.04412062,0.06170825,0.05266035,0.04367037,0.05281679,0.06314000,0.05297952,0.06061594,0.05403790,0.05009162,0.04324512,0.05720183,0.07062372,0.05120219,0.04716187,0.04350563,0.04813510,0.04672031,0.06292025,0.05177060,0.05391723,0.06575571,0.06686584,0.03577805,0.05712442,0.04052277,0.06206826,0.04903080,0.05903509,0.04848511,0.05442461,0.05969547,0.03447456,0.03962434,0.06630077,0.05325557,0.05847641,0.04941631,0.04817299,0.04274154,0.04541279,0.03994787,0.05802024,0.06371665,0.07046505,50,0.0333987831,0.1070790801,0.0736802970,12.4843782535,0.0519779945,0.0290854286,-0.0788512981,2.0542527594,2.37827606,2.39411262,0.01583656,2.67759420,0.65615024,-0.00318506,-0.04710729,1.04071912
304,0x3525f0000,0x31e4b5000,3,10,0,126.23,-0.0016336058,0.0016395053,0.0974671104,0.0902538599,0.0956976308,0.1000232676,0.1011449840,0.0945015145,0.0935727854,0.1022266949,0.1003035236,0.0955431138,0.0953501257,0.0947309351,0.0957747839,0.0990607474,0.0977030708,0.0952342907,0.0968958967,0.0942336656,0.0947692589,0.0974671104,0.0935349232,0.0943102088,0.0989418030,0.0988623985,0.0984655923,0.1002634090,0.0884167839,0.0998630277,0.0945397339,0.0949222408,0.0900330157,0.0987036976,0.0943485326,0.0947309351,0.0970518445,0.0999831530,0.0942336656,0.0956589489,0.0987433458,0.0935727854,0.1000232676,0.0986640495,0.0963114648,0.0899593339,0.0954273842,0.0999431477,0.0956203723,0.0996227770,-0.00148471,0.00791710,0.07046936,0.07128352,0.07375363,0.08813213,0.07602955,0.08366838,0.06525912,0.07917911,0.07626047,0.06549533,0.06971849,0.06262283,0.06937660,0.07046668,0.06607712,0.08125443,0.08665871,0.07018873,0.06836804,0.05662217,0.07710304,0.07580971,0.07656261,0.07806915,0.06704892,0.08952307,0.07562162,0.10117743,0.06786100,0.07688927,0.06342466,0.07557650,0.07548971,0.06958729,0.07804558,0.09537157,0.06762297,0.07983166,0.06905716,0.07641189,0.06613328,0.07610286,0.08359055,0.06147972,0.05683391,0.06663262,0.07375600,0.07608895,50,0.0251617608,0.1182043622,0.0930426014,11.9824531933,0.0291464213,0.0673506613,-0.0786451597,1.6318845750,2.29787179,2.39245195,0.09458016,12.21067925,0.56453740,0.03880793,-0.08712575,1.01121110
305,0x1a5d15000,0x20f961000,13,8,0,128.97,-0.0034893938,0.0149853359,0.1030709728,0.1033588478,0.0947927042,0.1074248174,0.1001979040,0.0971886216,0.1014809327,0.0947927042,0.1042732796,0.0987596395,0.1033176587,0.1008345811,0.1019930842,0.1021969052,0.0967210973,0.1003981492,0.0989184486,0.1045219973,0.1066839886,0.0989580967,0.1032765818,0.0992754983,0.1011173393,0.0993549029,0.1012788996,0.1052265290,0.0991167975,0.0945632836,0.1031944280,0.1062200102,0.1001979040,0.1055612017,0.1048122624,0.1019116448,0.1001979040,0.1014809327,0.1021154658,0.0992754983,0.0988788005,0.1033176587,0.1023191755,0.0989184486,0.1011173393,0.1031944280,0.1001979040,0.0998375280,0.1002780239,0.1041073168,0.01787614,0.00580347,0.07769714,0.08119626,0.09644078,0.12560082,0.08328233,0.06960556,0.06713682,0.05905334,0.08612761,0.05371878,0.08675312,0.08081153,0.09081737,0.05749503,0.05911221,0.07030146,0.07686759,0.07125061,0.11859923,0.08276407,0.07831815,0.06641033,0.06428973,0.06728668,0.07841752,0.06943960,0.08156577,0.06605588,0.06540635,0.07312075,0.06902445,0.09424998,0.07655335,0.07513196,0.07729088,0.08560185,0.06183349,0.06070795,0.06804256,0.07571865,0.07004387,0.06813157,0.06288869,0.08466499,0.07520352,0.08257170,0.07503457,0.06460441,50,0.0268395005,0.1233681301,0.0965286296,12.6643653230,0.0451999563,0.0768329650,-0.0949091402,1.3976185754,2.40496848,2.40101019,-0.00395829,-0.54047003,0.48051314,0.06273543,-0.01274465,1.00374029
306,0x31e116000,0x3530e0000,3,3,1,184.40,-0.0229511293,0.0636598866,0.0636598866,0.0665412119,0.0599595800,0.0600289696,0.0656074349,0.0603063387,0.0601330067,0.0625058923,0.0614935386,0.0632666844,0.0581081917,0.0646708206,0.0631236130,0.0604797654,0.0613184197,0.0656804013,0.0633024034,0.0580402328,0.0655710015,0.0655345681,0.0614234337,0.0591556567,0.0580402328,0.0631236130,0.0580062997,0.0576666907,0.0580402328,0.0583119756,0.0654616017,0.0652792355,0.0601676541,0.0631951487,0.0634453772,0.0657532681,0.0645264171,0.0601676541,0.0612833194,0.0587095083,0.0620812603,0.0631236130,0.0592929115,0.0580402328,0.0577345569,0.0644903409,0.0593958760,0.0585836257,0.0695905025,0.0578704746,-0.02490022,0.08255743,0.02387406,0.03588871,0.02060779,0.02169244,0.02304926,0.02437583,0.04160710,0.02085853,0.02352668,0.02719611,0.02521253,0.02683302,0.03745968,0.04570252,0.05961865,0.04369565,0.03243813,0.03660317,0.02228258,0.03766759,0.03675916,0.03701119,0.03200296,0.02923532,0.02435496,0.01508997,0.02653399,0.81893206,0.03127737,0.04296760,0.03638803,0.02727171,0.02027884,0.02536114,0.02915069,0.03417053,0.03893501,0.04095875,0.02670579,0.01979642,0.02783626,0.01312550,0.02338122,0.03576118,0.03993216,0.04177487,0.03312220,0.01628804,50,0.0419662626,0.1106002940,0.0686340314,11.6492705452,0.1076268076,0.0482259041,-0.0749241139,1.9630440951,2.56316001,2.48318200,-0.07997800,-13.56079227,1.04565624,0.00497239,-0.04113526,1.05295708
307,0x2233be000,0x20da41000,1,8,0,126.19,-0.0021178176,0.0065300533,0.0929447907,0.0886206974,0.0904449469,0.0982699798,0.0939872098,0.0899247828,0.0939872098,0.0984701158,0.0903699369,0.0937942217,0.0971101833,0.1001044511,0.0951068928,0.0956766768,0.0888784327,0.0881789085,0.0895901481,0.0915227250,0.0984301105,0.0915985529,0.0959913264,0.0907827994,0.0957553660,0.0904074419,0.0961485975,0.1001451708,0.0953017744,0.0981898598,0.0996733818,0.0926005031,0.0898876350,0.0897760901,0.0882892803,0.0965025380,0.0924093019,0.0886943791,0.0930977726,0.0951459329,0.0888416421,0.0916743807,0.0963451596,0.0983499905,0.0929447907,0.0909329219,0.0980697345,0.0908579119,0.0926005031,0.0920533129,0.00948964,0.00710003,0.07935103,0.05880727,0.05823935,0.06795702,0.06629684,0.06641095,0.06261749,0.07405264,0.06054270,0.07290230,0.07230554,0.06037701,0.07291951,0.06553981,0.06603368,0.05845747,0.05521020,0.06341457,0.06895137,0.04621458,0.06958211,0.06035653,0.05870355,0.03378990,0.06559597,0.07316907,0.05895749,0.07749764,0.07229208,0.06057485,0.05711817,0.06120280,0.04788669,0.05660426,0.07101042,0.07424249,0.06377513,0.07975552,0.05827421,0.08916709,0.07469869,0.08196530,0.05373229,0.06706213,0.09976045,0.06374263,0.06947341,0.07294058,50,0.0293395737,0.1233678180,0.0940282443,12.1554872379,0.1296892948,0.0822737710,-0.0731228969,1.4778284140,2.45546071,2.55067587,0.09521516,12.35458801,1.06324604,-0.00611425,-0.11928537,1.01725717
308,0x1c8f38000,0x1dc016000,4,4,1,184.65,-0.0027025776,-0.0015957968,0.0890536850,0.0858489053,0.0857788003,0.0804473328,0.0858839099,0.0861291338,0.0880809724,0.0848032493,0.0817964379,0.0868937613,0.0814604038,0.0877592082,0.0826079618,0.0869645816,0.0877950249,0.0877592082,0.0858839099,0.0825739360,0.0848726389,0.0858839099,0.0880452533,0.0880095343,0.0882239461,0.0858839099,0.0872831281,0.0901701633,0.0913977518,0.0845605277,0.0849072864,0.0878307439,0.0871061256,0.0837912519,0.0897397249,0.0843871010,0.0878307439,0.0891620123,0.0870354019,0.0866813970,0.0869999435,0.0803808046,0.0911768071,0.0881525080,0.0858489053,0.0828796119,0.0880809724,0.0858839099,0.0869645816,0.0886926270,-0.01427690,0.00956686,0.07171027,0.08048981,0.06944358,0.08551680,0.05360765,0.09227253,0.07564622,0.06775018,0.06540733,0.07535296,0.06414800,0.06029224,0.06570276,0.08361676,0.06555830,0.06812803,0.07865199,0.03809775,0.05590110,0.07308126,0.06187457,0.06085116,0.07248569,0.07173143,0.06117630,0.07655769,0.07990792,0.06851882,0.06181444,0.08043339,0.07107326,0.06646728,0.06811464,0.06079109,0.06814858,0.07171872,0.05479625,0.05294940,0.07563087,0.06668739,0.06866926,0.07389903,0.07429115,0.05554631,0.07744856,0.06453060,0.06380998,0.07032972,50,0.0281607768,0.1073208385,0.0791600617,13.4271526965,0.0538635288,0.0674913302,-0.0678499883,1.3000006172,2.42968852,2.40503394,-0.02465458,-4.22253690,0.54084445,-0.05052572,-0.07211656,1.03342498
309,0x7927000,0x6508b000,9,9,1,184.56,0.0010493021,-0.0010208845,0.0896290186,0.0875376956,0.0873990111,0.0905305428,0.0897705626,0.0876763802,0.0886888184,0.0872255844,0.0839249879,0.0851039767,0.0852398018,0.0894520162,0.0875376956,0.0854775188,0.0927969957,0.0917896587,0.0809865027,0.0873990111,0.0877457698,0.0909952806,0.0854435857,0.0902660150,0.0875376956,0.0832135691,0.0883033846,0.0853077606,0.0853756268,0.0907093331,0.0865939216,0.0874336586,0.0883384849,0.0897352008,0.0885837088,0.0872255844,0.0888990376,0.0883384849,0.0875030482,0.0909237450,0.0861477732,0.0885837088,0.0899121066,0.0908165878,0.0866625958,0.0875376956,0.0864223765,0.0841266267,0.0853416937,0.0852737348,0.00576444,0.00577316,0.05841677,0.05697628,0.04919062,0.05160676,0.05074603,0.04221123,0.06112221,0.05878635,0.09273751,0.05654890,0.05556682,0.06257887,0.06241038,0.05909988,0.07409745,0.04876083,0.04587641,0.04418007,0.06220053,0.06132920,0.04903926,0.05574062,0.05551059,0.05696509,0.04518739,0.05453458,0.04702804,0.06413242,0.05527783,0.06248780,0.05790327,0.04767943,0.04644114,0.06136619,0.04128746,0.06273331,0.06368968,0.06602908,0.04455952,0.04569064,0.04354544,0.05248929,0.05347892,0.05406031,0.04646716,0.05826230,0.06246060,0.05749488,50,0.0258229043,0.1054805267,0.0796576224,13.5023944702,0.0534289316,0.0659525138,-0.0758442164,1.2973078617,2.32747382,2.34789052,0.02041670,3.45641790,0.67648591,-0.03749805,-0.05135775,1.02976355
310,0x3539e8000,0x353c1e000,3,3,1,184.63,-0.0090797048,-0.0092584561,0.0709221218,0.0773811545,0.0770236713,0.0707877265,0.0706533312,0.0761575090,0.0756723947,0.0741695088,0.0752169516,0.0705525118,0.0728812148,0.0739267871,0.0727095760,0.0759097829,0.0706197553,0.0761575090,0.0747965132,0.0738574922,0.0718687554,0.0721404982,0.0751469423,0.0740308242,0.0719027812,0.0721404982,0.0697066976,0.0682967842,0.0730527599,0.0774884092,0.0715630795,0.0730527599,0.0686914816,0.0709221218,0.0753921662,0.0727095760,0.0694407665,0.0750768373,0.0772024617,0.0676747460,0.0699727195,0.0753220612,0.0726409017,0.0675446399,0.0794359575,0.0726409017,0.0739961767,0.0688230174,0.0752169516,0.0747615085,-0.47321492,-0.46931459,-0.43872184,-0.41717453,-0.42843546,-0.42680567,-0.42397571,-0.44075649,-0.43036611,-0.44464032,-0.43457580,-0.44520849,-0.42704338,-0.41661600,-0.42437647,-0.40800553,-0.43756813,-0.42227745,-0.44096782,-0.42652169,-0.44066648,-0.43036572,-0.44559490,-0.41508341,-0.41968727,-0.42161777,-0.42940937,-0.43754234,-0.44015765,-0.41215569,-0.44910470,-0.42708246,-0.44364918,-0.43417036,-0.43913355,-0.44365997,-0.44922524,-0.44038613,-0.41735447,-0.43985358,-0.43776955,-0.43343703,-0.45144451,-0.44599381,-0.43603218,-0.43499745,-0.43132600,-0.43960792,-0.42711546,-0.40876762,50,0.0248043147,0.1056925411,0.0808882264,13.7232479013,0.0468372817,0.0721344205,-0.0683102061,1.2982058300,2.32109266,2.38536631,0.06427366,10.88221224,0.70298962,0.04296944,-0.00674268,0.98652123
311,0x26419000,0x3ef55000,9,9,1,184.64,0.0022921839,0.0020969940,0.0846077350,0.0788264414,0.0843650133,0.0801058915,0.0810871735,0.1798769336,0.0965304620,0.1632453682,0.0951023185,0.0894072051,0.0850959602,0.0840529021,0.0855514033,0.0829403487,0.0821003362,0.0877163205,0.0842609763,0.0850959602,0.0776489721,0.0889432923,0.0884739070,0.0852361701,0.0789580670,0.1092369043,0.0983443446,0.0953700629,0.0951405378,0.0908901262,0.2115074229,0.0926031890,0.0884016560,0.0850959602,0.0876091634,0.1061600113,0.0855514033,0.0832836263,0.0853762843,0.1351385952,0.2154463927,0.1040355212,0.0887987902,0.0937564378,0.0898448043,0.0846077350,0.0881911358,0.0875376277,0.0841222917,0.1976940316,0.00053506,0.00924160,0.08173372,0.08107652,0.09637022,0.08198443,0.08137315,0.84565116,1.06439158,1.29560570,1.18583603,0.81661202,0.08582119,0.08571099,0.08404323,0.08820654,0.08102023,0.08124912,0.07809550,0.06486172,0.06939498,0.08735579,0.09241899,0.83464056,0.08916040,0.14326478,1.03164740,1.07872135,1.05520501,1.04896741,1.30355526,1.08580035,1.05657655,0.10417387,0.08097266,0.12649834,0.09209032,0.09862750,0.08089175,1.13318438,1.21582730,0.73404874,1.31468750,1.24210892,0.11805979,0.10289020,0.07978273,0.09000922,0.08756602,1.14909375,50,0.0320267272,0.1073213121,0.0752945849,12.7882624159,0.0861917153,0.0649578930,-0.0518384987,1.3002355056,2.43859537,2.46096583,0.02237046,3.76794209,0.84620118,0.07825852,-0.03593955,1.05531589
312,0x10fed000,0x2670d000,9,9,1,184.63,-0.0178545538,-0.0166587741,0.0653635956,0.0653975286,0.0706954183,0.0675595975,0.0703379352,0.0689209395,0.0696509205,0.0687107202,0.0666844977,0.0687107202,0.1445527882,0.0796052713,0.0678370612,0.0656692715,0.0719198878,0.0924662305,0.2322320137,0.0918527875,0.0845733013,0.0769477984,0.0732564968,0.0696862823,0.0697216441,0.0652277705,0.1626901830,0.0704809089,0.0674209129,0.0658730554,0.0633352178,0.0674555604,0.0651598116,0.0664442783,0.0685005010,0.0673862655,0.0704809089,0.0674903025,0.0704809089,0.0710887181,0.0658951654,0.0683603867,0.0675595975,0.0707669540,0.0704809089,0.0654315544,0.0687457249,0.0689209395,0.0661696750,0.0847348617,-0.02008928,-0.02093127,0.10081167,0.03371906,0.02902106,0.03599617,0.05048071,0.04541216,0.04050422,0.04663589,0.03118401,0.04108182,0.16577832,0.90795842,0.04329653,0.03712037,0.03664585,1.12213860,1.17576708,0.95728359,1.27001401,1.27311434,0.05304950,0.07372460,0.05008598,0.05426741,0.16314879,0.02992298,0.05337871,0.04657654,0.03813288,0.05259941,0.03058967,0.04218138,0.04418839,0.03991160,0.02760335,0.05993947,0.03459900,0.05106001,0.04549730,0.05094031,0.03096558,0.04179777,0.04473070,0.09037347,0.04648872,0.03315465,0.03567184,0.90406326,50,0.0322716998,0.1110678866,0.0787961868,13.4506286861,0.1283017028,0.0522380630,-0.0692410454,1.5185919919,2.51234705,2.51461060,0.00226355,0.41166270,1.12810915,0.07501462,0.01064159,0.95901504
313,0x1a2254000,0x15cf70000,4,2,0,126.25,0.0002615100,-0.0029873054,0.0974397202,0.0982811808,0.0963990880,0.0974397202,0.0899930096,0.0950102310,0.0942391311,0.0941244730,0.0945451993,0.0944686561,0.0938566241,0.0973611383,0.0933487258,0.0920042748,0.0962432466,0.0932350358,0.0935761058,0.0898825373,0.0975969913,0.0942391311,0.0942774549,0.0940479298,0.0971394677,0.1010824847,0.0987970396,0.0946599618,0.0928939657,0.0935002780,0.0901770632,0.0957438178,0.0955507243,0.0923420248,0.0999593387,0.0978329517,0.0929318279,0.0940096060,0.0953190542,0.0973217400,0.0954735712,0.0950873841,0.0993987174,0.0941626923,0.0957438178,0.0988366878,0.0912594886,0.0952419011,0.0963212205,0.0997992080,-0.01216083,0.01348661,0.05549024,0.06859374,0.05868297,0.06300512,0.05138765,0.06079829,0.04623338,0.06523720,0.05267004,0.06701705,0.04600451,0.07119597,0.05707362,0.06109839,0.04971203,0.05261436,0.03859216,0.02717443,0.05425504,0.04128685,0.04747274,0.05008374,0.04622016,0.03933840,0.05165011,0.03865939,0.03134850,0.03715598,0.05722551,0.05033093,0.04847881,0.03144874,0.05504781,0.03049504,0.04475364,0.04523883,0.04269433,0.03941759,0.04742513,0.04937427,0.04742922,0.05035290,0.05116329,0.03523057,0.03342632,0.05925310,0.04175415,0.05008109,50,0.0289068147,0.1198638632,0.0909570485,11.7433929587,0.0615640146,0.0845214663,-0.0615643722,1.3334204819,2.47177070,2.43812658,-0.03364411,-4.36010322,0.61377874,-0.00541657,0.00259150,1.01256621
314,0x20fa95000,0x2236b9000,8,8,1,184.60,-0.0014071420,-0.0001927718,0.0875683122,0.0872108290,0.0845940244,0.0817412977,0.0797150650,0.0864844229,0.0851903143,0.0826492691,0.0868175292,0.0849450904,0.0841085812,0.0871392934,0.0871035743,0.0874610575,0.0819790147,0.0829581627,0.0883633071,0.0851202093,0.0843166553,0.0818431896,0.0849800951,0.0913461229,0.0854005335,0.0838658595,0.0826492691,0.0850852047,0.0882189036,0.0896995579,0.0841778761,0.0819450816,0.0854005335,0.0872822671,0.0819790147,0.0839698966,0.0818431896,0.0863782407,0.0818092565,0.0854005335,0.0841085812,0.0832327660,0.0852253190,0.0853304286,0.1508924691,0.0837270803,0.0839351545,0.0815714468,0.0805273032,0.0774229011,0.01258621,0.01343054,0.05286989,0.06406197,0.04532739,0.05434682,0.04976578,0.05036528,0.05710284,0.06419897,0.05631003,0.05808680,0.04790998,0.05482171,0.05032764,0.04699655,0.04393628,0.03666887,0.05265455,0.05036774,0.05004459,0.05205181,0.03975119,0.06301734,0.04862300,0.04763072,0.05253083,0.05734359,0.05106969,0.05621449,0.07081231,0.06342120,0.04354303,0.04071687,0.04771589,0.04387025,0.05513687,0.05871774,0.20315533,0.27813046,0.05925297,0.78758460,0.77839618,0.05812948,0.14155522,0.05887698,0.07234579,0.05159588,0.06356845,0.03676914,50,0.0276171969,0.1061179040,0.0785007072,13.3040563952,0.0452458775,0.0576132266,-0.0689966863,1.4060235635,2.26430774,2.34910609,0.08479835,14.38626210,0.56617515,0.00151242,-0.10276578,1.01390129
315,0x8643b000,0x92925000,15,15,1,184.62,-0.0181680093,-0.0116582264,0.0679539309,0.0680591362,0.0696334733,0.0701095534,0.0636426860,0.0680941408,0.0681992504,0.0702526247,0.0699665796,0.0682692598,0.0704313175,0.0684794790,0.0721193426,0.0702526247,0.0693149268,0.0671535945,0.0671535945,0.0704313175,0.0722287424,0.0692795649,0.0628641154,0.0670842049,0.0692087446,0.0650261731,0.0669108729,0.0724111086,0.0659699583,0.0705742913,0.0707173626,0.0703240628,0.0629970809,0.0650261731,0.0674657057,0.0693149268,0.0681992504,0.0724111086,0.0724839755,0.0660386325,0.0691733828,0.0624319092,0.0717290120,0.0682692598,0.0702526247,0.0668761307,0.0659356680,0.0693149268,0.0661415970,0.0674657057,-0.01927535,-0.00265442,0.05337664,0.05699477,0.07681073,0.09379942,0.05320524,0.08204662,0.07094612,0.06910513,0.07321462,0.07263506,0.06398065,0.06620370,0.05568646,0.06486917,0.07343456,0.06544224,0.05597237,0.07367655,0.05431954,0.05281199,0.06798872,0.05429065,0.09798866,0.06737579,0.06722130,0.08057687,0.05215563,0.06955556,0.06930968,0.06495167,0.06169273,0.07379052,0.09667698,0.05614184,0.08444966,0.07221979,0.06658275,0.05495331,0.09066527,0.06397356,0.08346490,0.04817535,0.07839742,0.07144237,0.07853055,0.06728432,0.07640119,0.06480507,50,0.0256129123,0.1077140253,0.0821011130,13.9456223163,0.0583820903,0.0581147891,-0.0837515907,1.6875903331,2.30136251,2.41882701,0.11746450,20.05909455,0.65244171,-0.00641165,-0.04673086,1.01957575
316,0x3db7ec000,0x3e1f74000,5,5,1,184.59,-0.0039887011,-0.0008003143,0.0824514861,0.0791393660,0.0824163858,0.0845427245,0.0788676232,0.0789355821,0.0813353680,0.0810232567,0.0867770342,0.0826266050,0.0845784435,0.0816128317,0.0801513746,0.0802543391,0.0802200488,0.0834974146,0.0780586944,0.0810232567,0.0792073249,0.0777898120,0.0834266909,0.0813007205,0.0805289424,0.0824163858,0.0791393660,0.0792412580,0.0823463765,0.0749792897,0.0821010569,0.0821010569,0.0788676232,0.0747515818,0.0846142602,0.0826967099,0.0846856982,0.0747190775,0.0794450420,0.0846142602,0.0842924960,0.0810926463,0.0811273885,0.0843997507,0.0808034520,0.0792073249,0.0822062622,0.0804602681,0.0848644886,0.0847214173,-0.00431812,0.00105102,0.07320866,0.05907729,0.06968520,0.07278612,0.07098608,0.06616294,0.07623339,0.06872183,0.07450529,0.07759039,0.07586862,0.07698003,0.07424821,0.07648516,0.06517167,0.09070091,0.07222353,0.07696060,0.07209362,0.07197595,0.07547907,0.09226626,0.07894398,0.09031838,0.05310671,0.08450946,0.06291181,0.07528423,0.07703209,0.08268470,0.06407981,0.06483137,0.07834938,0.07873324,0.06266499,0.07728560,0.06612002,0.07474261,0.06269398,0.08083512,0.05718663,0.07440498,0.07305123,0.06700360,0.05979676,0.06534763,0.07644596,0.06273880,50,0.0270162258,0.1063645607,0.0793483349,13.4739816488,0.0672761015,0.0486049025,-0.0674771150,1.6839835309,2.30889614,2.38248153,0.07358539,12.48763305,0.69203239,0.01986644,-0.04300231,1.01248736
317,0x357d58000,0x7f29c000,3,0,0,128.99,-0.0016043782,0.0005919952,0.1010418882,0.1041191363,0.1067000982,0.1008803278,0.1086520592,0.0997207512,0.1020414444,0.1040362681,0.1205472834,0.0987607334,0.1429304345,0.1109456093,0.1085233535,0.1029162274,0.1013651191,0.1002812631,0.0999608925,0.1028751505,0.1005975696,0.0999608925,0.1017560728,0.0986814372,0.0995205059,0.0990384869,0.0984433318,0.1022451542,0.0989195426,0.1032039902,0.1039532867,0.1045338168,0.1021637148,0.0998808818,0.1061939713,0.0990384869,0.1032039902,0.1072729335,0.1161762703,0.0967177948,0.1040362681,0.1054078870,0.1247763471,0.1051151197,0.1151854096,0.1094738567,0.1152304156,0.1040777022,0.0997607565,0.0985623845,0.01119840,0.01888820,0.09359819,0.09266594,0.08367333,0.08052664,0.93433687,0.08075012,0.08295457,0.09583082,0.88373202,1.03379850,1.23533774,1.25512630,1.26082291,0.09928946,0.08931577,0.09517331,0.08416069,0.08963973,0.08547122,0.08473542,0.08697586,0.07515139,0.06299498,0.07708905,0.09533750,0.07884049,0.11114263,0.08985535,0.09978155,0.07485909,0.09042762,0.07288369,0.09621559,0.08583011,0.12103605,0.84975642,0.92413050,0.06479771,0.09154455,0.07876893,0.94081584,0.69815516,1.19992573,1.22090428,1.18377892,0.92435435,0.08711386,0.08026822,50,0.0293064220,0.1272428518,0.0979364298,12.9014603024,0.1027904923,0.0799235319,-0.0901375748,1.4708822223,2.36977352,2.52275546,0.15298194,20.20734395,1.02056487,0.01672012,-0.06772530,1.02054977
318,0x40141000,0x10cf5000,9,9,1,184.60,-0.0027824726,0.0124355845,0.0903811865,0.0761837840,0.0794593750,0.0832573055,0.0795937703,0.0781124149,0.0822516769,0.0814841890,0.0832573055,0.0695782262,0.0815184793,0.0817586986,0.0827024727,0.0870988392,0.0816214438,0.0813125502,0.0802347279,0.0806422958,0.0761512797,0.0803367126,0.0808121467,0.0804725377,0.0807102547,0.0813125502,0.0860885220,0.0827024727,0.0818960471,0.0793922232,0.0805064707,0.0815528632,0.0851477040,0.0823903614,0.0802347279,0.0814841890,0.0829105468,0.0827024727,0.0803367126,0.0818960471,0.0818960471,0.0804045788,0.0825637881,0.0837834905,0.0824944932,0.0813469342,0.0782121618,0.0808121467,0.0802347279,0.0827718623,-0.00662015,0.01583170,0.06273813,0.04060887,0.06773573,0.04970936,0.04811825,0.05651111,0.06665519,0.06178281,0.06027676,0.05494143,0.07629477,0.06818956,0.04663526,0.06503660,0.04827985,0.05759766,0.07069611,0.34271097,0.05968231,0.04666771,0.08510926,0.06220267,0.04888100,0.07486904,0.06322620,0.07462013,0.05581528,0.06461505,0.04141224,0.05323813,0.04841693,0.07130909,0.05495787,0.05279043,0.04679059,0.06313506,0.06177639,0.06280266,0.04874914,0.04618276,0.05048527,0.06838383,0.07251829,0.03880853,0.06203852,0.04657366,0.04842457,0.06505110,50,0.0291169717,0.1085716097,0.0794546380,13.5277887831,0.0914669733,0.0672018513,-0.0676187158,1.2680549627,2.49501359,2.47294708,-0.02206652,-3.80525888,0.91291296,0.01414012,-0.12001440,0.99964804
319,0x15301e000,0x15b448000,2,2,1,184.61,-0.0008269477,-0.0018961737,0.0897328306,0.0879296747,0.0845804169,0.0801247545,0.0858695200,0.0909207459,0.0845804169,0.0821495575,0.0790451554,0.0870227878,0.1678196405,0.0805194518,0.0902744669,0.0834993770,0.0864271348,0.0834654439,0.0884397835,0.0836012690,0.0834654439,0.0853493346,0.0812708818,0.0837031609,0.1618111404,0.0891905665,0.0840427699,0.0746956943,0.0826535629,0.1450637744,0.0862870205,0.0846490912,0.0813041005,0.1721437339,0.0824183481,0.0849922751,0.0863571255,0.0842715234,0.0928939801,0.0902022159,0.0973597200,0.2309322768,0.0905925465,0.0881066771,0.0858001304,0.0878943128,0.0864271348,0.0887972667,0.0899134089,0.0870227878,0.00382035,-0.00253317,0.06600565,0.06853733,0.07583331,0.06917805,0.07572734,0.08075822,0.06104574,0.04378788,0.06039647,0.05716237,1.01562152,0.27506029,0.07679913,0.07893131,0.07455314,0.06799660,0.23737232,0.05517653,0.11932632,0.06166535,0.06500528,0.05245460,0.71372016,0.06575951,1.07431900,0.06141087,0.06230571,0.12883733,0.05986754,0.06699539,0.06367045,0.19103930,0.04145458,0.36967274,0.07938505,0.15164531,1.12003513,1.02129473,0.95236193,1.09178588,1.02268847,1.04103894,1.05084027,1.25751777,1.05922507,0.97724673,0.96294999,0.99204288,50,0.0315762421,0.1055386259,0.0739623838,12.5450674764,0.0501120297,0.0389164123,-0.0634158134,1.7543665846,2.40707043,2.42540597,0.01833554,3.21910796,0.59242872,0.06044850,0.05509338,1.00514520
320,0x3f57c2000,0x15ce58000,5,2,0,128.97,-0.0043130316,0.0065108372,0.0955738539,0.0951841972,0.1038323839,0.1018348125,0.0971081914,0.0971081914,0.0997103237,0.0949504882,0.0986275402,0.0969890304,0.0975446457,0.0998315215,0.0973859449,0.0983071696,0.1006708368,0.0940645142,0.0993063677,0.0972668922,0.0969097342,0.1017526587,0.1014238189,0.0995082905,0.0984272949,0.1007522762,0.1003448568,0.1042506392,0.1004670158,0.0951841972,0.1028758037,0.0984272949,0.1007522762,0.0974255930,0.1015882388,0.0991446970,0.1015470496,0.1035815221,0.1012592868,0.0962651928,0.1023781418,0.0971081914,0.1024104504,0.0951841972,0.1027513882,0.1049133795,0.1013826298,0.0953790787,0.0951063297,0.1059519803,-0.02014119,0.01617735,0.07105310,0.07721508,0.05857654,0.08764545,0.05040102,0.07122781,0.05655170,0.07159822,0.06181881,0.07707150,0.06378423,0.07915669,0.06285058,0.07785909,0.06679615,0.07147350,0.06182369,0.07269278,0.04998691,0.06668689,0.06411991,0.06969273,0.06981161,0.07137394,0.06835273,0.06955314,0.07508423,0.06438010,0.06945154,0.06628807,0.06671049,0.04718199,0.07282299,0.06932434,0.06264656,0.06097807,0.07543289,0.06675184,0.06928480,0.04721859,0.05698521,0.06376345,0.06194250,0.07100319,0.06643869,0.05777411,0.06166708,0.06886571,50,0.0289801415,0.1227957518,0.0938156104,12.3039483258,0.0399746535,0.0645897840,-0.0779345028,1.9319006334,2.27338554,2.37691341,0.10352787,13.59873995,0.60495463,0.04148917,-0.05343463,1.00408388
321,0x1100f000,0x1c97d9000,9,13,0,126.16,0.0150193033,0.0050812764,0.1829606261,0.0954901168,0.1067222355,0.0957853863,0.0932938408,0.0957010894,0.0941199286,0.0992416026,0.0939573523,0.1456980366,0.1331018059,0.1110464397,0.1008774422,0.1010973544,0.0991550445,0.0946218806,0.0917508434,0.1530843293,0.0835233929,0.1194944631,0.0936255400,0.0892257261,0.0820464010,0.0808519617,0.0900625392,0.0864945536,0.0883447557,0.0842119680,0.0842119680,0.0792915707,0.0872637601,0.0879875976,0.0909108138,0.0847541529,0.0870671980,0.0905876931,0.0829396667,0.0879875976,0.0841354249,0.0892657315,0.0817836610,0.0868062365,0.0836381554,0.0851016580,0.0900625392,0.0885432130,0.0890654862,0.0901837371,0.51155191,0.51115485,0.55720608,0.52454075,0.55156961,0.51229065,0.52994565,0.49416814,0.55952846,0.59421216,0.53445043,0.60627449,0.60168013,0.59901687,0.55718127,0.58109022,0.52202019,0.57419494,0.54691366,0.55936674,-0.40804191,0.39573490,0.57464874,0.56634756,-0.41634775,-0.41394051,-0.40982494,-0.41835882,-0.43419436,-0.42370859,-0.43118620,-0.40884814,-0.41613948,-0.43024851,-0.41398788,-0.42255787,-0.41857928,-0.40905825,-0.42938069,-0.42079988,-0.41786672,-0.41270034,-0.44216622,-0.43780281,-0.44409714,-0.43316685,-0.43222213,-0.43181694,-0.41743832,-0.42678274,50,0.0272962676,0.1188751115,0.0915788439,11.8029397245,0.0538612806,0.0753126149,-0.0722209356,1.6126794048,2.37862079,2.42900320,0.05038241,6.50446123,0.48433514,0.00160143,-0.02717183,1.04370632
322,0x7d520000,0x7d61c000,0,0,1,184.65,-0.0057830882,-0.0111471244,0.0780524094,0.0817105617,0.0785725948,0.0762053113,0.0808776162,0.0783298732,0.0763072033,0.0718869147,0.0730651882,0.0838354717,0.0818178164,0.0785725948,0.0817462808,0.0763411364,0.0787112794,0.0784339103,0.0774221763,0.0763411364,0.0720170209,0.0731310010,0.0818178164,0.0763072033,0.0816748427,0.0785379473,0.0784339103,0.0795492183,0.0717242155,0.0741790786,0.0796543280,0.0774221763,0.0785379473,0.0771132827,0.0717242155,0.0774221763,0.0719520122,0.0763072033,0.0804529842,0.0785032052,0.0782258361,0.0764090953,0.0774565603,0.0774565603,0.0806298900,0.0798645472,0.0773878860,0.0763411364,0.0796543280,0.0742123881,-0.57909563,-0.58470516,-0.49737530,-0.50394825,-0.50652393,-0.50585567,-0.50711959,-0.50070889,-0.50620242,-0.51093499,-0.51865167,-0.50990493,-0.48912618,-0.51764209,-0.49379361,-0.50333209,-0.49828130,-0.52057498,-0.50591820,-0.51643133,-0.50052052,-0.52677523,-0.50663452,-0.52163808,-0.47861394,-0.51846690,-0.50978543,-0.51633223,-0.50019997,-0.50462068,-0.50030729,-0.52191220,-0.51444885,-0.51653181,-0.52517052,-0.51145579,-0.51929739,-0.51368700,-0.50444350,-0.51499273,-0.50570070,-0.50205177,-0.52304366,-0.51563085,-0.51791042,-0.49947943,-0.51140002,-0.51097999,-0.50774623,-0.51449173,50,0.0257776706,0.1047769259,0.0789992552,13.4006739019,0.0537620430,0.0612754254,-0.0809548812,1.5147063461,2.35897579,2.34964628,-0.00932951,-1.56539946,0.74405393,0.02612698,-0.07588716,1.01918575
323,0x357b94000,0x8dc8f000,3,15,0,128.92,-0.0440508949,-0.0451197617,0.0490638362,0.0549951325,0.0506449758,0.0974645925,0.1393376309,0.0695472534,0.0640069127,0.0724707740,0.0566435426,0.0541977196,0.0592645640,0.0572742543,0.0577264370,0.0650880191,0.0566027116,0.0559099205,0.0574797511,0.0576030941,0.0566435426,0.0507618835,0.0563174513,0.0539574690,0.0572742543,0.0575208280,0.0501079378,0.0556011216,0.0592227728,0.0559099205,0.0605108091,0.0549144074,0.0564805526,0.0791414056,0.0584774082,0.0594737488,0.0574797511,0.1299497517,0.0821871994,0.0748172014,0.0654369942,0.0659052882,0.0527601696,0.1683992850,0.0589336360,0.0607638150,0.0496060211,0.0605951060,0.0553991987,0.0540375890,-0.08943931,-0.09115195,0.05662938,0.07119092,0.06624475,0.80027569,1.16386231,1.26865649,1.31052377,0.70248757,0.07054161,0.07799213,0.06720249,0.07935895,0.06306811,0.09004513,0.08609530,0.07010845,0.06761492,0.07236601,0.06695954,0.05550234,0.06962055,0.05866963,0.07283476,0.06979347,0.06262491,0.07509904,0.05987424,0.06415672,0.06124092,0.07041000,0.12507067,0.92294588,0.07655325,0.07193207,0.07765998,1.04192036,1.12853135,1.01957875,1.25889122,1.25639774,0.09009717,0.18164099,0.09862329,0.06993402,0.07795251,0.08178630,0.08324786,0.05907625,50,0.0332655065,0.1289163664,0.0956508599,12.5912878018,0.1179069420,0.0879733827,-0.0741001547,1.0921425340,2.44069215,2.59195366,0.15126151,19.88760645,1.03093480,0.15361635,-0.09516221,0.97735660
324,0x2c9bf8000,0x2a6482000,7,7,1,184.50,-0.0109391664,-0.0120605948,0.0750141117,0.0774206790,0.0714321123,0.0782957778,0.0772383128,0.0736685541,0.0774206790,0.0756932614,0.0740091683,0.0754788496,0.0776029456,0.0735283442,0.0698394674,0.0776394786,0.0788302765,0.0744338969,0.0779311450,0.0753715949,0.0712948575,0.0743985351,0.0755502877,0.0763063458,0.0786093318,0.0758363327,0.0733532253,0.0722725646,0.0796885406,0.0688961432,0.0742215326,0.0725152863,0.0777488784,0.0725846759,0.0775300788,0.0686272608,0.0745400791,0.0715007865,0.0776759120,0.0790880118,0.0744692588,0.0747524434,0.0724112492,0.0755861043,0.0735283442,0.0756932614,0.0732831203,0.0748939874,0.0722031750,0.0668691951,-0.06481072,-0.01718330,0.04455449,0.05072940,0.04857536,0.06436744,0.04260700,0.05909140,0.05384276,0.06420543,0.05605375,0.05669202,0.06213270,0.04291002,0.06092739,0.06164105,0.05604300,0.04757398,0.05388987,0.06261965,0.05245402,0.03560536,0.05607229,0.05193255,0.05564626,0.04564599,0.04299027,0.05530904,0.04527579,0.03599347,0.05793335,0.04135820,0.04735000,0.05646626,0.05713575,0.05485138,0.04751904,0.06027932,0.04721840,0.06077258,0.03587360,0.05422182,0.04392741,0.06846558,0.04857770,0.08842801,0.03914098,0.05539546,0.04006145,0.06090536,50,0.0338034679,0.1103870276,0.0765835597,12.9936391954,0.0899317146,0.0457399539,-0.0760667904,2.4163005238,2.33910579,2.45432895,0.11522316,19.57949146,0.92955362,0.08734118,-0.15644424,1.04636483
325,0x1dd00d000,0x33ba3a000,13,3,0,129.06,-0.0216223103,-0.0204765822,0.0843146131,0.0895974317,0.0888407396,0.0919233515,0.0886387064,0.0851597557,0.0860797982,0.0864766044,0.0896382627,0.0904307796,0.0871973348,0.0886387064,0.0882751130,0.0895567120,0.0941703560,0.0957769177,0.0888407396,0.0863179036,0.0863179036,0.0890269110,0.0851990467,0.0871573295,0.0966348773,0.0876378308,0.0882751130,0.0863179036,0.0893937220,0.0918818042,0.0897197021,0.0862386073,0.0908008085,0.0896382627,0.0886387064,0.0877579561,0.0897197021,0.0853956087,0.0860401501,0.0862782554,0.0863575517,0.0900457934,0.0881943879,0.0895567120,0.0877579561,0.0865163608,0.0862782554,0.0897197021,0.0894752727,0.0871173242,-0.00588759,0.00480081,0.05301335,0.08199160,0.06265649,0.07161655,0.08141084,0.06595542,0.06345377,0.06737411,0.06923846,0.07289779,0.05437904,0.06433419,0.06360201,0.06115662,0.06656178,0.08531140,0.06764399,0.06459076,0.05607964,0.05203264,0.06725917,0.06059789,0.06647674,0.05901221,0.05525585,0.06855090,0.05422645,0.05995328,0.07166161,0.05457406,0.05301150,0.06696100,0.06246611,0.06272603,0.07257577,0.05472137,0.05192846,0.06324907,0.05691354,0.04947394,0.07071855,0.06111538,0.06011853,0.05919566,0.06590199,0.06077712,0.07602487,0.05924606,50,0.0284382303,0.1240815849,0.0956433546,12.5732811781,0.0429080638,0.0789180603,-0.0744781986,1.4696226995,2.37446782,2.41579463,0.04132681,5.39136513,0.65298586,0.06123352,-0.06664603,1.03173497
326,0x162776000,0x7dbde000,2,0,0,126.24,-0.0024336632,0.0029639802,0.0924738676,0.0964804560,0.1022645886,0.0957487523,0.0902431538,0.0950484758,0.1001449942,0.0979072804,0.0960547161,0.0993797207,0.0946316813,0.0962460218,0.0959782774,0.0959399536,0.0961312592,0.0992617405,0.0990650711,0.0957869717,0.0976345314,0.0952378901,0.0950105101,0.0957869717,0.0959399536,0.0970209492,0.0960164967,0.0991437603,0.0976345314,0.1013852680,0.1010248920,0.0990257802,0.0959399536,0.0989078000,0.0934401098,0.0955956660,0.0940407023,0.0939280848,0.0963224605,0.0938155698,0.0982578971,0.0915053878,0.0934401098,0.0994977009,0.0973298778,0.1015453986,0.1013852680,0.0966734441,0.0913213343,0.0934401098,-0.22590753,0.65447138,-0.16688041,-0.16424855,-0.16145741,-0.13957339,-0.17799900,-0.16370067,-0.15469124,-0.16382745,-0.18587487,-0.17023904,-0.16226862,-0.16543502,-0.14461887,-0.18382705,-0.15155830,-0.17009553,-0.16329989,-0.16713801,-0.16247158,-0.16938750,-0.14522978,0.57875336,-0.15784459,-0.17352900,-0.16505521,-0.15924620,-0.15106200,-0.15697650,-0.15799975,-0.17324940,-0.17794383,-0.17133958,-0.17771443,-0.17200111,-0.17744467,-0.17316591,-0.16721930,-0.17431211,-0.14685446,-0.17106126,-0.17802771,-0.16584826,-0.14864667,-0.14805798,-0.16041659,-0.16480369,-0.15796550,-0.15628799,50,0.0239040349,0.1179561795,0.0940521446,12.1192265183,0.0379831842,0.0768219696,-0.0826389656,1.4740886683,2.26964753,2.36334146,0.09369392,12.09788123,0.58264203,-0.00018579,-0.04716557,1.00983035
327,0x11bf5b000,0x15b41d000,11,11,1,184.61,0.0017185981,-0.0006157757,0.0823756895,0.0880507907,0.0820708577,0.0840370087,0.0782922412,0.0849474713,0.0826813654,0.0826134992,0.0784548517,0.0880507907,0.0823756895,0.0829531082,0.0804860889,0.0827493243,0.0823756895,0.0858193424,0.0838310796,0.0858544427,0.0849128238,0.0826134992,0.0847741393,0.0786175509,0.0871470249,0.0851208980,0.0805858358,0.0859945570,0.0878005623,0.0848087868,0.0803863421,0.0825794734,0.0869701191,0.0805193076,0.0843926385,0.0869701191,0.0825116073,0.0860645663,0.0829531082,0.0829531082,0.0836594408,0.0888425679,0.0804195608,0.0858894474,0.0835221860,0.0849474713,0.0880150717,0.0828171905,0.0837281151,0.0862047762,-0.03405632,0.02619869,0.07579835,0.06960050,0.08128099,0.08897127,0.07345790,0.08832514,0.10512565,0.08502509,0.08837919,0.07919513,0.09643653,0.08901810,0.07952325,0.07489897,0.08562716,0.09882698,0.10183990,0.08442978,0.08220927,0.07134733,0.08499348,0.08206823,0.08430888,0.08604089,0.07613469,0.09548805,0.07892303,0.08846634,0.08941696,0.07716840,0.09379790,0.08633960,0.08332860,0.08146070,0.07872444,0.10003484,0.08610996,0.09170526,0.10073273,0.09251126,0.09599890,0.08268751,0.06586325,0.11513687,0.08831005,0.11330211,0.08200269,0.09236936,50,0.0245969655,0.1062397099,0.0816427444,13.8890547395,0.0703539583,0.0715480028,-0.0393845644,1.1896598919,2.33435981,2.40580761,0.07144780,12.16872499,0.67789821,0.01387109,-0.06911977,1.02566070
328,0x29a2fc000,0x91a20000,7,6,0,129.08,0.0114438323,-0.0016968797,0.0998115492,0.1010158878,0.0963314185,0.1006012072,0.1051255498,0.0994827094,0.0998938152,0.0973688341,0.1008500382,0.1051255498,0.1006426413,0.0988537857,0.0985685253,0.0984869747,0.2421892664,0.1053399811,0.1049538642,0.1009330196,0.0976920650,0.1032622911,0.1382581079,0.1009330196,0.0984869747,0.0962914131,0.1055115496,0.0954123391,0.0963314185,0.1012232847,0.1018460216,0.0954519872,0.0977727901,0.1038760861,0.0999348921,0.0973284715,0.0988946167,0.0976920650,0.0985278056,0.0952535299,0.0967719144,0.1016786282,0.1050826870,0.0977727901,0.1007256227,0.0979343504,0.0941757518,0.0990167758,0.0988130660,0.0976112297,0.04389718,-0.00307877,0.10016002,0.07976139,0.08192326,0.08662569,0.08184211,0.08558541,0.08251756,0.73010388,0.07897677,0.07132557,0.07381974,0.06597547,0.07652746,0.07656606,1.24262507,1.07013374,1.05706547,0.08375514,0.08004665,0.09266356,0.11957402,0.09096957,0.08101297,0.07646542,0.08685355,0.07827147,0.07252633,0.07664610,0.08851275,0.06584689,0.07712044,0.09665761,0.05998053,0.07076430,0.07374743,0.07964407,0.07352661,0.07548259,0.06951272,0.08300837,0.08005648,0.06225014,0.06415927,0.06516512,0.08707509,0.07564745,0.07157895,0.07004308,50,0.0279844375,0.1243420348,0.0963575973,12.6625993029,0.0558562064,0.0860936192,-0.0696023908,1.4848514784,2.32543039,2.44501981,0.11958942,15.78125691,0.67304945,0.07334425,-0.05124169,1.01046020
329,0xac60000,0x1a5704000,0,4,0,126.25,0.0519784258,0.0042279507,0.0982609894,0.0833075856,0.0800634134,0.0775036805,0.0745791643,0.0758546887,0.0681316119,0.0760106365,0.0708492739,0.0763080296,0.0766225718,0.0731160189,0.0811039363,0.0767012610,0.0806556859,0.0753091905,0.0746564228,0.0688076535,0.0796189846,0.0767798429,0.0737662703,0.0745405878,0.0737280509,0.0714123614,0.0764259024,0.0769765123,0.0785015584,0.0768978231,0.0786216837,0.0752702568,0.0710369014,0.0765045916,0.0722284730,0.0764653007,0.0791421903,0.0710745089,0.0693968060,0.0741487772,0.0785815690,0.0688812348,0.0738810328,0.0744247527,0.0738810328,0.0750038225,0.0769765123,0.0770550942,0.0732690008,0.0788218197,0.43523448,0.55031857,0.53229611,0.70685998,0.71799412,-0.36618554,-0.42679327,-0.42940596,-0.43363484,-0.43730023,-0.44273472,-0.43540606,-0.42384944,-0.44086906,-0.42446626,-0.44333017,-0.42823578,-0.44910914,-0.44889595,-0.43267543,-0.43337306,-0.44511894,-0.43927316,-0.45388715,-0.44880258,-0.45037672,-0.43710651,-0.43842434,-0.43702744,-0.45358785,-0.44403599,-0.45077109,-0.44160719,-0.44577095,0.28277967,-0.44104389,-0.43664006,-0.46166530,-0.44425203,-0.43792884,-0.45317164,-0.46025143,-0.44698336,-0.44251858,-0.45491828,-0.43837944,-0.44602194,-0.46307898,-0.46053688,-0.44459715,50,0.0298252246,0.1223744312,0.0925492066,11.9505750660,0.1121849702,0.0606696894,-0.0764093393,1.8426614373,2.36311849,2.51124117,0.14812267,19.16291645,1.09024666,0.07307279,-0.02389343,1.03324169
330,0x8174000,0x7e964000,0,0,1,184.46,-0.0103288163,-0.0124440470,0.0702031921,0.0739131910,0.0718912576,0.0696597991,0.0696597991,0.0718218680,0.0654657897,0.0749576888,0.0696597991,0.0718218680,0.0708095133,0.0696258661,0.0717525730,0.0647826661,0.0729379861,0.0751007602,0.0747431794,0.0715097567,0.0739839146,0.0760376562,0.0730079954,0.0705006198,0.0699315420,0.0747431794,0.0749935055,0.0696597991,0.0753509886,0.0716485360,0.0715097567,0.0751007602,0.0702031921,0.0685451944,0.0718218680,0.0675310509,0.0697277580,0.0753509886,0.0741254587,0.0902808763,0.0694220821,0.0705692940,0.0740547350,0.0798320458,0.0731131050,0.0728678811,0.0652706750,0.0699315420,0.0776820982,0.0720993317,-0.05317945,0.01394697,0.05959176,0.04769245,0.02685129,0.06099893,0.03576017,0.05539810,0.04886700,0.05228332,0.02699755,0.04876484,0.05915824,0.04896494,0.05838697,0.06091396,0.04578138,0.05099199,0.67314745,0.04565963,0.06289815,0.06810853,0.05653103,0.06278939,0.05110337,0.06019930,0.04800841,0.04359749,0.04799656,0.03886224,0.04616283,0.06295232,0.04406716,0.05482236,0.04961998,0.06046758,0.05121553,0.16668329,0.04680758,1.19471559,0.05171862,0.65268040,0.87493884,0.85485945,0.06391734,0.06327573,0.03437677,0.06072889,0.95029265,0.88721898,50,0.0334527573,0.1101600240,0.0767072667,13.0443845934,0.1082645667,0.0657889878,-0.0627277437,1.9451574698,2.50612081,2.49419443,-0.01192638,-2.01465797,0.95286186,0.06155372,0.05265331,1.03813321
331,0x8e5b5000,0x23d23000,15,9,0,126.29,-0.0251867360,0.0819648678,0.0718256513,0.0668536894,0.0662799812,0.0626712406,0.0681292083,0.0658092297,0.0697472431,0.0675887150,0.0622661418,0.0677045500,0.0674341980,0.0663564199,0.0664712869,0.0715854007,0.0688628096,0.0686291006,0.0621925605,0.0717055260,0.0724262779,0.0711835017,0.0677817031,0.0721860272,0.0666624881,0.0633460649,0.0709057482,0.0655439875,0.0701010763,0.0674341980,0.0690186510,0.0657712640,0.0703502411,0.0670449951,0.0663564199,0.0677045500,0.0699045143,0.0722660379,0.0680906317,0.0622661418,0.0624135053,0.0626343495,0.0625607682,0.0667007075,0.0684342190,0.0716255153,0.0696685539,0.0679747967,0.0669684519,0.0697472431,-0.04192947,0.33617014,0.00189882,-0.00323878,-0.01703300,-0.02952876,-0.00600802,-0.01737134,-0.01079945,-0.00436768,-0.00150960,-0.01603574,-0.02585835,-0.02305452,-0.00705501,-0.01123314,-0.00596226,0.00013144,-0.02065825,-0.01227323,-0.01328938,-0.01331813,-0.02157607,-0.01553525,-0.00806025,-0.04493305,0.26956066,-0.01816986,-0.00303007,-0.00111361,-0.03184540,-0.01692352,-0.01326101,-0.00877483,-0.03119040,-0.00853475,-0.02479354,-0.01298644,-0.02859105,-0.02028992,-0.02135804,-0.01764427,-0.03741569,-0.01837403,-0.01263569,-0.02299889,-0.00719375,-0.01470234,-0.01360182,0.03158676,50,0.0254376775,0.1172247817,0.0917871042,11.8373747757,0.0291039203,0.0820608099,-0.0938906807,1.3011329498,2.30242954,2.35251672,0.05008718,6.44886000,0.46112396,0.03748375,-0.07226693,1.01508043
332,0x1dba99000,0x1dddbf000,13,13,1,184.63,-0.0023183367,-0.0066524613,0.0696833568,0.0626242492,0.0689369958,0.0807875605,0.0829489482,0.0657297147,0.0713994454,0.0710990979,0.2226447277,0.0711742104,0.0798281199,0.1072080718,0.0740332616,0.0707237404,0.0827830986,0.0688634146,0.0869283587,0.0710615929,0.0621040638,0.0655152053,0.0656938981,0.0710990979,0.0749946007,0.0871857700,0.0724074735,0.0728785822,0.0701666841,0.0665944583,0.0720664035,0.0635318404,0.0657297147,0.0667388618,0.0615757227,0.0699808437,0.0623815276,0.0676736892,0.0603906457,0.0636019453,0.0571772029,0.0602548206,0.0656224600,0.0645066871,0.0646128692,0.0655152053,0.0647898717,0.0605604965,0.0620694164,0.0614384679,0.50300252,0.51939617,0.55483920,0.55016055,0.55356729,0.54313948,0.47349827,0.53215168,0.54920339,0.56271398,0.57240199,0.56171160,0.56950172,0.58842753,0.54400451,0.56220152,0.38041832,0.54537332,0.53890374,0.57719420,0.32122873,0.54124253,0.55973570,0.55239852,0.56617672,0.51666287,0.53437587,0.56174245,0.53999216,0.57069821,0.45333935,-0.40965024,-0.41030921,-0.41095969,-0.42129998,-0.42666766,-0.42507723,-0.42185375,-0.42798489,-0.42429975,-0.42828198,-0.41745212,-0.42324465,-0.40978734,-0.42650645,-0.41604013,-0.43846700,-0.42324556,-0.41419026,-0.41555248,50,0.0287207203,0.1075797669,0.0788590466,13.3908524396,0.0655946332,0.0704295649,-0.0760007925,1.4249799384,2.39362803,2.40685282,0.01322479,2.25314401,0.66259171,0.04114385,-0.11376880,1.04714309
333,0x8920f000,0x8e529000,15,15,1,184.60,-0.0125317607,-0.0178493202,0.0740935819,0.0759288709,0.0707789706,0.0753919917,0.0719300934,0.0695949772,0.0683791848,0.0726932911,0.0718599884,0.0747420281,0.0740935819,0.0686169018,0.0711951189,0.0673343258,0.0738790724,0.0758559045,0.0761476705,0.0774860886,0.0750309337,0.0726224708,0.0739147915,0.0708483602,0.0762206369,0.0683452517,0.0906135848,0.0790893935,0.0805840694,0.0780115049,0.0781231513,0.0779743571,0.0780115049,0.0780115049,0.0697323257,0.0707443232,0.0744892974,0.0790893935,0.0826702329,0.0772651439,0.0781974469,0.0749947589,0.0770810903,0.0858340344,0.0795773685,0.0790143835,0.0793897410,0.0683112259,0.0790518885,0.0771915627,-0.01708744,-0.05084663,0.04665144,0.03809564,0.05449288,0.05624181,0.03833572,0.03935185,0.04893799,0.07625261,0.04803044,0.04172711,0.04785657,0.02961309,0.03420503,0.18843695,0.04584226,0.05332782,0.04884650,0.04422077,0.23034440,0.05088651,0.14087214,0.14962144,0.06776375,0.74919028,0.93747685,1.02062924,1.02679923,1.02909382,1.03336768,1.06796233,0.94739153,0.95751794,0.94121301,0.95515346,0.62950931,1.04880900,1.01233054,0.94920824,1.16965880,1.00809590,0.92833636,1.07514135,1.02357923,1.13472932,1.08431356,1.00773289,1.02677743,1.02232309,50,0.0271468038,0.1073824704,0.0802356666,13.6383904286,0.0612697848,0.0708372955,-0.0621685284,1.4102332581,2.38309822,2.40039191,0.01729369,2.95739958,0.59904059,0.02481387,-0.03838679,1.03853132
334,0x29aaa3000,0x2c85ab000,14,14,1,184.63,-0.0031883063,0.0615629651,0.0657681102,0.0586448491,0.0562682820,0.0554647279,0.0541062353,0.0588593586,0.0588593586,0.0549445425,0.0537973417,0.0583589016,0.0593308999,0.0519105906,0.0559529531,0.0510626313,0.0519441665,0.0530251953,0.0561281677,0.0579656019,0.0561982727,0.0528554372,0.0531610204,0.0527535452,0.0476200509,0.0584303397,0.0561631724,0.0560230581,0.0538660160,0.0543808386,0.1010208618,0.0644997407,0.0715628612,0.0735647219,0.0611758299,0.0549098951,0.0573139490,0.0560230581,0.0564434965,0.0565486062,0.0562332773,0.0527195194,0.0576324955,0.0583946207,0.0573493108,0.0550139322,0.0603371645,0.0541062353,0.0561281677,0.0571724050,0.45392337,0.71783156,0.64483341,-0.51079088,-0.52456168,-0.53221428,-0.53404995,-0.52692056,-0.53508995,-0.53830384,-0.51674519,-0.52883639,-0.52094066,-0.52695143,-0.51462914,-0.52097150,-0.55165988,-0.53393586,-0.51812371,-0.53596215,-0.53541465,-0.52786885,-0.53562321,-0.51786234,-0.54847614,-0.52552969,-0.52690259,-0.52506681,-0.52287539,-0.51672685,0.31069569,0.44010912,0.40369759,0.68114196,0.64358487,-0.28373787,-0.51679024,-0.52378368,-0.51485351,-0.53229150,-0.52740674,-0.54015326,-0.53363296,-0.52546992,-0.52760828,-0.52458914,-0.50900182,-0.53754793,-0.53530292,-0.53162754,50,0.0240501984,0.1064468857,0.0823966873,14.0094366357,0.0663380962,0.0872391253,-0.0520190662,1.2689908448,2.33186198,2.40037362,0.06851164,11.68196008,0.73928794,0.14981140,0.01130900,1.03576720
335,0xfad9b000,0x11b3e7000,15,11,0,126.23,-0.0013623651,0.0051216650,0.0940810199,0.0988197755,0.0945084422,0.0960539614,0.0958201461,0.0935455310,0.1246386452,0.1773678463,0.1165223701,0.1164765249,0.1088228938,0.1060037692,0.0958981200,0.0949717824,0.0980990450,0.0949332058,0.0965855270,0.0936985129,0.0915003429,0.0990600261,0.0894140677,0.0927697839,0.0973326990,0.0949717824,0.0959760939,0.0987397648,0.0992602714,0.0928076460,0.0972540097,0.0957422785,0.0905318540,0.0978610480,0.0983767985,0.0943540306,0.0935072073,0.0939662574,0.0988197755,0.0979006961,0.1316110178,0.1262058180,0.1132335379,0.1086931156,0.1047944252,0.1197665424,0.0992602714,0.2288207486,0.0993803967,0.0896718030,-0.21297357,-0.18971607,-0.14137150,0.72771021,-0.13458093,-0.12424450,-0.13407848,-0.13443102,0.04766875,0.87355986,0.85941184,1.09406733,1.05108184,0.70946426,-0.13325227,-0.12966010,-0.13595712,-0.13803405,-0.12271947,-0.13321791,-0.13264064,-0.13040656,-0.14594491,-0.13300951,-0.14036708,-0.13951565,-0.11944897,-0.12407389,-0.12462499,-0.14973575,-0.13200399,-0.12676479,-0.14177608,-0.13980168,-0.12142772,-0.01356937,-0.11075816,-0.14247106,-0.10415024,-0.12782545,0.09425278,0.82606887,0.90126711,1.04716185,1.06359917,0.80685827,-0.10778726,0.00260501,-0.10734044,-0.12524088,50,0.0424496775,0.1239375084,0.0814878309,10.5196337844,0.1290010867,0.0780347443,-0.0652501424,1.3967257912,2.60875094,2.56948383,-0.03926710,-5.08361190,1.07181042,-0.05681975,0.00045299,0.99990959
336,0x35023b000,0x35520b000,10,10,1,184.61,-0.0017794576,0.0184776755,0.0650666677,0.0730868126,0.0707789308,0.0703670727,0.0694232875,0.0800835092,0.0722109311,0.0701954339,0.0706415823,0.0734996769,0.0713079873,0.0726313695,0.0772822557,0.0693554214,0.0727364791,0.0717240409,0.0725963649,0.0680398004,0.0738535852,0.0703670727,0.0715507089,0.0768446565,0.0747927129,0.0696950304,0.0696950304,0.0721401892,0.0716547460,0.0747927129,0.0734643150,0.0748284319,0.0728415887,0.0693893545,0.0715853564,0.0748999676,0.0713773769,0.0690497455,0.0683422587,0.0754004245,0.0764871844,0.0739951292,0.0717240409,0.0727014745,0.0725963649,0.0734288566,0.0704357469,0.0700581791,0.0748284319,0.0695591126,0.00745142,0.01204621,0.04292056,0.03288979,0.03592596,0.05299689,0.03419302,0.05132259,0.04384746,0.04896146,0.05602026,0.03849069,0.04829363,0.03940574,0.04748550,0.06003624,0.04342487,0.04137443,0.05591050,0.03335414,0.04299732,0.04351446,0.04175461,0.05110783,0.05195431,0.05094862,0.04875222,0.04886512,0.04504698,0.04259871,0.04879412,0.07985322,0.05937915,0.06884417,0.03864340,0.05334697,0.04506364,0.05691299,0.04116949,0.04576471,0.04967602,0.08742722,0.05798338,0.07426427,0.04309265,0.05322578,0.03722024,0.05377021,0.03350141,0.03278236,50,0.0269979844,0.1067985520,0.0798005676,13.5346114936,0.0895921440,0.0699073919,-0.0638085428,1.6009719329,2.33174203,2.41366245,0.08192042,13.89059743,0.77307043,-0.08427269,-0.02923499,1.05939231
337,0x16b4da000,0x16b53e000,2,2,1,184.58,-0.0199985712,-0.0069668647,0.0707177879,0.0737760181,0.0728412672,0.0676827745,0.0720804751,0.0676148156,0.0662313284,0.0719743895,0.0675469494,0.0708228975,0.0698116265,0.0751820177,0.0697768844,0.0696728473,0.1333345602,0.0728412672,0.0694647732,0.0856319749,0.0863127214,0.1443085944,0.1670694612,0.0814751585,0.0827492531,0.0697422369,0.0846732473,0.0751091509,0.0783125422,0.0686272750,0.0774184504,0.0791650853,0.0741009999,0.0713372966,0.0671733146,0.0991419183,0.0673091397,0.0762262671,0.0653197922,0.0752549841,0.0806254748,0.1302598514,0.0817454052,0.0823985301,0.0701930327,0.0820156518,0.0782750372,0.0757843776,0.0783876547,0.0776042909,-0.02485450,-0.00835261,0.08788188,0.04331758,0.03837090,0.04053129,0.03880051,0.04120755,0.04920232,0.04068289,0.04603734,0.04946787,0.03670784,0.05778392,0.63699622,0.48733526,0.11472434,0.20866194,0.06818906,0.99224287,0.91869575,0.26686234,1.15418043,1.01920319,0.99218259,1.01179694,1.05105955,0.89033582,1.06902766,1.00947791,1.02213045,0.96994299,0.06276859,0.15406483,0.19659114,1.05110178,0.98828607,1.03764685,0.74156552,1.16244529,0.96871376,1.08311822,0.98889725,1.06913354,1.00130937,1.00500987,0.78076045,1.01149505,0.97936560,1.00497949,50,0.0232002707,0.1054651423,0.0822648716,13.9444329340,0.0612251719,0.0806598793,-0.0686894553,0.9902279426,2.36311164,2.39312470,0.03001305,5.13667958,0.67347801,0.01833170,-0.04320024,0.98206278
338,0x1dad16000,0x91525000,4,15,0,126.22,-0.0146027303,-0.0081111992,0.0791142346,0.0795389982,0.0817025310,0.1104687975,0.0952814584,0.0804259385,0.0895257056,0.0792687516,0.0651027327,0.0801142556,0.0853774144,0.1008993109,0.0861109252,0.1659440499,0.0867002018,0.1603426848,0.0944653818,0.0860702055,0.0759560128,0.0869056986,0.0849074123,0.0861109252,0.0869468877,0.0868235448,0.1466071851,0.0900190226,0.0845033460,0.0871113076,0.0963592365,0.1630507025,0.0909702355,0.0935151262,0.0814272797,0.0997290186,0.0932556880,0.1897267296,0.0967582239,0.0944653818,0.0900190226,0.0871113076,0.1906004828,0.0905251495,0.0903564406,0.2116761467,0.0943346501,0.0857035057,0.0832654373,0.0869056986,-0.49908170,-0.49294545,-0.43925765,-0.44793215,-0.44400480,0.46120650,0.35074613,-0.35127038,0.41133574,-0.42327080,-0.45508541,-0.45970906,0.15440031,0.27772443,0.53274823,0.48831171,0.53237012,0.33296192,0.52694659,0.12380938,0.31288953,0.47378018,0.52381187,0.54556314,0.52916928,0.43303742,0.32360960,0.55289953,0.48673346,0.49973294,0.52800258,0.56862579,0.57127177,0.50830812,-0.30767843,0.44963535,0.52906033,0.62244262,0.49483676,0.52573042,0.54160228,0.54106601,0.64100657,0.50197287,0.57962124,0.90647312,0.47029186,0.53416262,0.54833924,0.49789282,50,0.0263414146,0.1184350363,0.0920936217,11.8605064416,0.0440841265,0.0712445290,-0.0993847842,1.3300756892,2.32398030,2.38216507,0.05818476,7.50610154,0.52951529,0.04622815,-0.07131304,0.97209810
339,0x2a5d64000,0x2a6682000,7,7,1,184.62,0.0033503355,0.0010745955,0.0816773806,0.0845025874,0.0796604317,0.0818160652,0.0818160652,0.0856572970,0.0745609632,0.0824056402,0.0829990706,0.0799321745,0.0810128573,0.0820588815,0.0802378504,0.0834895184,0.0875333097,0.0757395939,0.0798642156,0.0817814177,0.0844317671,0.0833143038,0.0822668610,0.0842194994,0.0831391849,0.0796944575,0.0874604429,0.0875333097,0.0850494878,0.0799661076,0.0816773806,0.0821975660,0.0872051103,0.0796604317,0.0844317671,0.0842548612,0.0850494878,0.0851925592,0.0864522919,0.0815386961,0.0842548612,0.0833493085,0.0830690799,0.0816773806,0.0800001334,0.0812530766,0.0856572970,0.0872051103,0.0791539611,0.0819548444,-0.00755379,-0.00419800,0.05651473,0.05682470,0.06415953,0.06075299,0.06553493,0.06587193,0.05344520,0.05210625,0.05658543,0.08856201,0.05974993,0.08183918,0.04770092,0.08669134,0.06112375,0.05843756,0.05047694,0.06909472,0.04687953,0.06978539,0.05278808,0.06231052,0.05243442,0.04650113,0.04955583,0.06270076,0.08725996,0.07179348,0.05305815,0.06217608,0.05366616,0.05448765,0.06018915,0.04386822,0.05675923,0.05243688,0.04939673,0.06244931,0.05674474,0.03422408,0.05494956,0.03963488,0.05278052,0.03991749,0.05220767,0.05285191,0.05661920,0.06398016,50,0.0244196306,0.1060402278,0.0816205972,13.8856393665,0.0560836330,0.0742700978,-0.0354014243,1.2538370329,2.32031419,2.37224020,0.05192601,8.86092353,0.64268599,0.05055928,-0.06464085,1.02799297
340,0x1f8e1000,0x1e20a8000,9,4,0,126.22,-0.0149428547,-0.0182663648,0.0846751657,0.0810395511,0.0858385374,0.0867203602,0.0875578877,0.0804954739,0.0757520830,0.0831595026,0.0954203473,0.1635735206,0.0942950591,0.0844768168,0.0801129670,0.0778008532,0.0823530430,0.0836313160,0.0804190352,0.0810781276,0.0807693044,0.0812326446,0.0843577641,0.0841593068,0.0862355689,0.0810009745,0.0799982045,0.0846751657,0.0877617087,0.0797686794,0.0834347539,0.0829235423,0.0851177855,0.0824699506,0.0864376021,0.0812326446,0.0810781276,0.0758625554,0.0803807114,0.0833560647,0.0831987936,0.0791456614,0.0948580146,0.1070915952,0.0759361366,0.0803042727,0.0811939626,0.0815028912,0.0873541780,0.0779885832,-0.01449267,-0.00014828,0.06460888,0.07349955,0.06838719,0.07173655,0.78401678,0.06238120,0.07795888,0.05738759,0.14977437,1.11571423,1.32455326,1.31881690,0.12881538,0.05723703,0.08651900,0.06804241,0.08036967,0.06662357,0.05375962,0.07313471,0.07991328,0.06896480,0.05949705,0.05896582,0.07687339,0.07151042,0.07425737,0.06710600,0.05160873,0.07668006,0.06304131,0.06763131,0.07396907,0.04625667,0.05514617,0.04830799,0.08921584,0.06043059,0.06951348,0.06393970,0.07532144,0.09068924,0.05637623,0.07473392,0.05217481,0.05318816,0.05784322,0.06784795,50,0.0314110314,0.1217528174,0.0903417860,11.6704984802,0.0884305247,0.0785840541,-0.0760646378,1.3922620796,2.48987780,2.51297760,0.02309980,3.01065758,0.92349132,0.02180343,0.04103416,1.03784414
341,0x19fb35000,0x1a23dd000,13,13,1,184.64,0.0040552036,-0.0013867665,0.0793439708,0.0828959400,0.0840485045,0.0851302598,0.0764097667,0.0858108272,0.0829313984,0.0818149111,0.0841199426,0.0882639144,0.0835122310,0.0828959400,0.0807338933,0.0822353495,0.0817449018,0.0804217820,0.0839055308,0.0829667603,0.0838697141,0.0810113570,0.2639033671,0.0850580088,0.0839769688,0.0840485045,0.0804217820,0.0764762949,0.0858108272,0.1422424914,0.1053831150,0.0815346825,0.0858108272,0.0762435824,0.0795498999,0.0862119930,0.0799274677,0.0844059877,0.0805605613,0.0815696872,0.0830374840,0.0808725778,0.0861025932,0.0829313984,0.0981919157,0.0795498999,0.0840127855,0.1012734530,0.0808379304,0.0830374840,-0.00668753,0.00997664,0.06513477,0.05681701,0.05357237,0.06419534,0.04279665,0.06503285,0.08218398,0.07120164,0.05356662,0.07011728,0.06036511,0.06374430,0.06016491,0.06059232,0.06453252,0.06693522,0.07063541,0.05770516,0.08933674,0.06159515,0.26885431,0.06516898,0.08069227,0.06264482,0.93098412,0.05673583,0.10086116,0.14063032,1.00069304,0.07193903,0.06860748,0.05481185,0.09587759,0.93002166,0.08328332,0.07011534,0.06736541,0.06196041,0.06430415,0.06717096,0.09014247,0.05449919,0.78719305,0.07984421,0.12873411,0.80800739,0.06888010,0.05222544,50,0.0348908536,0.1116772157,0.0767863621,13.0472312792,0.1271224089,0.0656765992,-0.0573782321,1.4674700674,2.48372651,2.50354315,0.01981664,3.31916212,1.09350533,0.04578646,-0.00528617,1.01923477
342,0x356e0c000,0x35042e000,3,3,1,184.62,0.0020402427,-0.0035690224,0.0756707337,0.0870100839,0.0807470076,0.0783510610,0.0840586637,0.0817579325,0.0775724904,0.0848179284,0.0865096381,0.0821740808,0.0830477398,0.0845187542,0.0798025071,0.0798703732,0.0847464904,0.0772732498,0.0819660066,0.0843418483,0.0764914615,0.0872653169,0.0819660066,0.0843418483,0.0749875212,0.0819313591,0.0857116851,0.0795647900,0.0918532680,0.0826974063,0.0785526999,0.0850324379,0.0848179284,0.0751176273,0.0837401172,0.0754104327,0.0829426302,0.0830477398,0.0819660066,0.0838463960,0.0818966170,0.0819660066,0.0797006151,0.0800062910,0.0854257377,0.0837401172,0.0863651360,0.0794288723,0.0829076255,0.0862207325,0.00510571,-0.01452947,0.03901104,0.04669279,0.04309059,0.05488793,0.06376453,0.04853753,0.05525262,0.05005188,0.06082846,0.03894971,0.04404069,0.06221990,0.04471693,0.05095626,0.05871064,0.05191306,0.05995375,0.05225930,0.05205605,0.05470814,0.05518681,0.05556354,0.05954227,0.05811807,0.08704431,0.06218898,0.07637831,0.04928708,0.07191882,0.06566161,0.09771961,0.05887443,0.08466191,0.05043150,0.07768939,0.04485960,0.06508945,0.06071726,0.07247011,0.05523027,0.08593763,0.04519521,0.06964440,0.06217860,0.06766804,0.05693592,0.05938255,0.05323490,50,0.0256115448,0.1066541036,0.0810425588,13.7735415607,0.0681499482,0.0782857609,-0.0762108515,1.1421723251,2.36460009,2.38392798,0.01932789,3.24427158,0.75274293,0.04647661,-0.04768423,1.00425564
343,0x33a16b000,0x35770d000,10,10,1,184.38,-0.0139905812,-0.0106184474,0.0727945819,0.0732463165,0.0646238597,0.0689350936,0.0679635612,0.0717106815,0.0681404670,0.0659791347,0.0692568577,0.0691854197,0.0713095157,0.0635460374,0.0684590135,0.0689350936,0.0672349143,0.0670247907,0.0672349143,0.0695429028,0.0660485243,0.0652073566,0.0694713672,0.0692211387,0.0660137822,0.0659791347,0.0704462250,0.0692568577,0.0659791347,0.0617894025,0.0713095157,0.0703740725,0.0664299305,0.0692568577,0.0710907161,0.0709448829,0.0687421015,0.0673400239,0.0617894025,0.0659791347,0.0648641728,0.0720387813,0.0639536053,0.0673751242,0.0656323760,0.0714918819,0.0710907161,0.0662912460,0.0674101288,0.0691854197,-0.00506690,-0.00452472,0.05912078,0.04377299,0.04762268,0.03971260,0.04497041,0.03739160,0.04089678,0.05339822,0.04705655,0.04254967,0.03769507,0.05044966,0.05061194,0.05139825,0.05144516,0.05251390,0.04936261,0.04788673,0.04820572,0.03895909,0.04658580,0.05089820,0.04842242,0.05237449,0.05805393,0.05904399,0.06874675,0.04984778,0.04758943,0.08642626,0.05517312,0.05840890,0.05283463,0.03354083,0.05003420,0.03452546,0.03296473,0.05418055,0.03392296,0.03941685,0.04257935,0.04706983,0.05310570,0.05392359,0.05272829,0.05587756,0.03977728,0.03401010,50,0.0282309276,0.1081319763,0.0799010487,13.5927513091,0.0594881810,0.0713579888,-0.0761173701,1.4997505190,2.27431065,2.39933837,0.12502773,21.34251985,0.59252677,0.09582086,-0.05249457,1.01182063
344,0x8b386000,0x3e166d000,6,12,0,128.98,0.0038318679,-0.0048764326,0.1041851915,0.0989023729,0.1043074619,0.1043890125,0.1043074619,0.1010643642,0.1041037521,0.1024658412,0.1000620578,0.1024658412,0.1027821477,0.1041037521,0.1019453346,0.1040222015,0.1032264662,0.0982073481,0.0998653883,0.1034284994,0.1031457412,0.1043482928,0.1042260225,0.1057175203,0.1052652253,0.1038592115,0.1012628214,0.1033476641,0.1054297574,0.1063037144,0.1040630325,0.1054297574,0.1038592115,0.1027821477,0.1044297322,0.1041851915,0.1027821477,0.1070905131,0.1038592115,0.1050185394,0.1035496972,0.1073832803,0.1038999312,0.1027821477,0.1013818741,0.1066354135,0.1019853399,0.1057175203,0.1060134493,0.1045112829,0.01696880,0.02468740,0.08961575,0.10310746,0.07566052,0.13212612,0.07973212,0.12107231,0.08528956,0.18595808,0.06884224,0.10479465,0.08289947,0.11566859,0.07238435,0.10925202,0.09481838,0.10144652,0.07827341,0.10386565,0.08621245,0.08602499,0.08093348,0.08626141,0.08164385,0.08282821,0.08077649,0.08651302,0.07419407,0.08098699,0.07983176,0.08131472,0.09333893,0.08743417,0.06814411,0.08368859,0.08664654,0.09560600,0.08700160,0.07585840,0.07295516,0.08308811,0.09534579,0.08507812,0.08390320,0.08949707,0.09443306,0.07395002,0.06647509,0.07221031,50,0.0285958180,0.1229427750,0.0943469570,12.3726965107,0.0381433545,0.0710464081,-0.0922779424,1.5310662986,2.38084391,2.38869827,0.00785436,1.01424637,0.57178331,0.05028272,-0.11039724,1.03319263
345,0x61379000,0x5d97f000,9,9,1,184.54,-0.0190069053,-0.0114136088,0.0645455316,0.0653490857,0.0696732012,0.0620720660,0.0662532087,0.0667132992,0.0618003231,0.0663947527,0.0645455316,0.0618343489,0.0682672016,0.0639559567,0.0601102163,0.0673324507,0.0591260739,0.0653140810,0.0616644981,0.0694909346,0.0707174505,0.0674397054,0.0600104695,0.0652439761,0.0698190344,0.0656294099,0.0694179682,0.0633586778,0.0643374575,0.0620720660,0.0625815258,0.0653140810,0.0688810890,0.0677971885,0.1169776025,0.0733531644,0.0721327236,0.0761980121,0.0708647135,0.0642334204,0.0632557133,0.0631184584,0.0589287252,0.0656294099,0.0688088379,0.0631184584,0.0618682820,0.0623777419,0.0630497842,0.0650337568,-0.02196390,-0.01120473,0.09009750,0.03058499,0.04744901,0.02552503,0.02789037,0.04242265,0.01349414,0.02739504,0.03702690,0.02943147,0.02461864,0.03518698,0.01777351,0.03635845,0.03211132,0.03068297,0.04493108,0.02722847,0.03779697,0.03398220,0.02648619,0.03166942,0.02773390,0.02322298,0.05411171,0.02310457,0.04272779,0.02699094,0.02587978,0.91196527,0.02409124,0.02831978,0.12422925,0.96782784,1.04868626,1.15740445,1.13574072,0.57631963,0.03137466,0.03964590,0.04810014,0.03511393,0.03414205,0.05587399,0.04365370,0.03905902,0.04628962,0.02851415,50,0.0251949803,0.1075230794,0.0823280991,13.9914437652,0.0557794078,0.0670879412,-0.0796436587,1.3512166730,2.29094590,2.40098225,0.11003636,18.78974146,0.73149450,0.03864050,-0.03387404,0.99672959
346,0x9f1a7000,0x8797d000,15,15,1,184.66,0.0027685368,0.0047782850,0.0817536896,0.0859030444,0.0833169613,0.0808085795,0.0808085795,0.0802250826,0.0751288207,0.0845363165,0.0838478721,0.0803281408,0.0827311232,0.0815803576,0.0770914755,0.0772908785,0.0843933428,0.0902632804,0.0832565756,0.0795208951,0.0847866426,0.0794529363,0.0836001459,0.1171960775,0.0925018149,0.0883958048,0.0808085795,0.0818230792,0.0846078522,0.0794869621,0.0803624311,0.0847866426,0.0769916379,0.0797246791,0.0826610182,0.0803967214,0.0783047556,0.0796906533,0.0860474479,0.0749987146,0.0826610182,0.0794869621,0.0750963164,0.0751288207,0.0791472603,0.0795887613,0.0813028939,0.0806026505,0.0793171112,0.0772244411,-0.00083224,0.02373626,0.06539853,0.06683536,0.05438365,0.05525710,0.05654887,0.06486044,0.04570883,0.05193765,0.06149814,0.03516012,0.04270781,0.04430385,0.05247304,0.06722462,0.05872890,0.07617349,0.76952185,0.05105927,0.05332631,0.03271258,0.88302207,1.09396268,1.16752550,1.20956813,0.07592816,0.05800951,0.05857639,0.04879539,0.04823929,0.06047132,0.04387513,0.07864866,0.05924615,0.04322007,0.07124692,0.06547563,0.06299145,0.06312322,0.06380217,0.05562229,0.04958516,0.04250655,0.05108766,0.04558231,0.04922125,0.05256386,0.06392953,0.04866716,50,0.0271981845,0.1101033352,0.0829051507,14.0932638272,0.1321775300,0.0692402159,-0.0476184214,1.5426680473,2.38409182,2.51971381,0.13562199,23.05988227,1.07823605,0.17536005,0.03391883,1.00897414
347,0x1db86f000,0x2114d7000,13,8,0,128.97,-0.0071684303,-0.0069896790,0.0967576983,0.0995775370,0.0941458038,0.0955937213,0.0954703783,0.0976302246,0.0978394093,0.0891854998,0.0930680257,0.0942681854,0.0922706129,0.0979648973,0.0929064654,0.0925508689,0.0987101477,0.0910315201,0.0945534458,0.0922706129,0.0919902476,0.0948387062,0.1010417902,0.0919902476,0.0953882245,0.0981196088,0.0967991324,0.0941866348,0.0942681854,0.0940779709,0.0925107542,0.0877948548,0.0945126149,0.0944311755,0.0944311755,0.0963014705,0.0933508942,0.0921104822,0.0943903445,0.0925107542,0.0955937213,0.0934316192,0.0909917636,0.0923506236,0.0970065293,0.0911902209,0.0912695171,0.0909521155,0.0941458038,0.0929873007,-0.01889068,-0.01559527,0.07638733,0.08474022,0.07021597,0.06393568,0.07071232,0.07081972,0.07953152,0.06980910,0.06727976,0.07170200,0.05220359,0.07631533,0.06040933,0.07695407,0.06393891,0.07437620,0.07859819,0.07015319,0.07878779,0.07008095,0.07755445,0.07845703,0.07567730,0.08241945,0.07785014,0.06822685,0.07171223,0.08349662,0.07258426,0.06721058,0.05784731,0.06530083,0.08575680,0.08348627,0.07506566,0.05871573,0.04749878,0.05477172,0.07719083,0.06880897,0.06821759,0.06457759,0.06834043,0.08402375,0.07805979,0.06866494,0.07864294,0.09022004,50,0.0310133106,0.1256392913,0.0946259807,12.4525868635,0.0788207747,0.0815527132,-0.0639149550,1.2053671922,2.36497407,2.45976625,0.09479218,12.57299893,0.67372873,0.05362030,-0.01357397,1.01452145
348,0x2d2bb1000,0x2a6505000,14,14,1,184.65,-0.0002485423,0.0008307045,0.0901539073,0.0839927047,0.0863628477,0.0862241632,0.0894336657,0.0872007867,0.0838908128,0.0839587716,0.0892191563,0.0907677946,0.0892548754,0.0871657820,0.0915599069,0.0861201261,0.0864322373,0.0842644476,0.0926778380,0.0839587716,0.0864322373,0.0860507365,0.0872007867,0.0838229466,0.0879982738,0.0935361020,0.0858426623,0.0901539073,0.0895408229,0.0891476207,0.0862241632,0.0912317075,0.0842644476,0.0858774045,0.0910858742,0.0839248386,0.0872007867,0.0851424189,0.0861201261,0.0896480776,0.0829453435,0.0892191563,0.0894693848,0.0873058963,0.0882814584,0.0895051038,0.0892191563,0.0893621301,0.0893621301,0.0868854579,0.00954781,0.01993029,0.07861722,0.07543655,0.07727408,0.08268327,0.08595661,0.08904610,0.08849117,0.06073249,0.06452239,0.08597592,0.06663875,0.06487688,0.08011725,0.06949556,0.08508160,0.06599671,0.08189118,0.06673017,0.07948482,0.07766580,0.07118603,0.07785854,0.07283392,0.07428824,0.06597553,0.07247421,0.07141396,0.07269186,0.08561285,0.08246825,0.07983135,0.07841520,0.08405005,0.07379586,0.06733863,0.06719337,0.06996207,0.06105860,0.08041802,0.06870618,0.07350516,0.07359276,0.06439879,0.07948194,0.08452486,0.07471188,0.06006711,0.09241694,50,0.0269356369,0.1076743476,0.0807387107,13.7183425678,0.0522404983,0.0615204626,-0.0852570183,1.5335076880,2.34161588,2.42069082,0.07907494,13.49347929,0.74608154,0.03857524,-0.11004183,1.02747840
349,0x2f3729000,0x2f3e31000,14,14,1,184.58,-0.0031680118,0.0020655349,0.0854492117,0.0828924234,0.0810872301,0.0821331587,0.0796590008,0.0777751101,0.0775373931,0.0853762453,0.0778770021,0.0796937429,0.0811222348,0.0813324540,0.0802485758,0.0777751101,0.0820269765,0.0777411770,0.0829639591,0.0831784685,0.0799018171,0.0789244671,0.0780467602,0.0831427495,0.0830354948,0.0797283904,0.0832500042,0.0830712138,0.0775033673,0.0810171251,0.0829997757,0.0801445387,0.0775033673,0.0831427495,0.0833929779,0.0775373931,0.0765264672,0.0810171251,0.0851210123,0.0828567044,0.0835002326,0.0789244671,0.0822039790,0.0821331587,0.0794391961,0.0809821205,0.0808069059,0.0802485758,0.0787185380,0.0856680113,0.00243525,0.02023958,0.04274710,0.04550961,0.04449609,0.04364429,0.04205503,0.04259599,0.03910122,0.03369868,0.03629032,0.04658236,0.02447639,0.05163250,0.04539590,0.03425879,0.03724045,0.03030335,0.04055052,0.03577286,0.03433983,0.03863714,0.03141845,0.04791603,0.02722728,0.03106114,0.03672172,0.03696479,0.04434874,0.03538992,0.04065241,0.04155827,0.03172234,0.03005622,0.04168904,0.04858812,0.02677786,0.04517220,0.06345423,0.03952003,0.06720389,0.02092866,0.07183938,0.04166886,0.03588391,0.03369598,0.05137396,0.04200927,0.03946549,0.05032280,50,0.0222412787,0.1066554610,0.0844141823,14.3166108440,0.0520408693,0.0793646582,-0.0566580361,1.1478165527,2.27538046,2.36696960,0.09158913,15.53976986,0.47761477,0.05831168,-0.05182752,0.98999911
350,0x1e3364000,0x1c970e000,4,4,1,184.60,0.0048022514,-0.0016817787,0.0789610300,0.0750459111,0.0792667059,0.0826106129,0.0824003937,0.0794025309,0.0812524885,0.0841513751,0.0829259418,0.0825055033,0.0818420635,0.0771407263,0.0790968550,0.0707232354,0.0818073214,0.0796742738,0.0792327728,0.0815299523,0.0815299523,0.0825055033,0.0827857318,0.0791648139,0.0793685979,0.0816339894,0.0814259152,0.0812524885,0.0837621049,0.0826456176,0.1601151967,0.0894292555,0.0903254926,0.0867874664,0.0937647906,0.0921071220,0.0880139824,0.0899501351,0.0857443118,0.0847719563,0.0803120258,0.0792667059,0.0793346648,0.0812524885,0.0871885327,0.0805522451,0.0795383560,0.0793346648,0.0793346648,0.0815645998,-0.00190100,-0.01077279,0.06605887,0.06311319,0.06722336,0.05876281,0.05917939,0.06467073,0.07290962,0.06532220,0.06991075,0.06431049,0.06333494,0.05536781,0.05997879,0.05702619,0.05914410,0.07186946,0.04961590,0.07764163,0.04629899,0.06123719,0.06733789,0.05940040,0.04635987,0.04934452,0.06162292,0.06311283,0.25029607,0.10950208,0.74132700,0.95813630,0.97765488,1.03463261,1.06624777,1.01537343,1.03047436,1.03219879,0.10802968,0.07174766,0.06900894,0.07377768,0.07200859,0.04644003,0.06059624,0.04560308,0.07005998,0.07952875,0.08487608,0.06813609,50,0.0267061682,0.1062967848,0.0795906165,13.5182949799,0.0586177573,0.0709364189,-0.0651492912,1.3700578206,2.33364974,2.39016519,0.05651545,9.59592354,0.52628664,0.06000725,-0.03576604,1.01744926
351,0x2230cd000,0x15aa19000,8,11,0,128.99,0.0266367838,0.0007092505,0.0946536857,0.0944906957,0.0940016143,0.1161184366,0.1033162866,0.0933285066,0.0870739794,0.0922078628,0.0946536857,0.0981949144,0.0944498648,0.0934497044,0.2037883846,0.0944498648,0.0910084181,0.0888110668,0.0955309712,0.0962387204,0.0955721603,0.0915639251,0.0944498648,0.0868444543,0.0954898943,0.0933688691,0.0932073088,0.0946128548,0.0936921001,0.0983099797,0.0922878735,0.0932881441,0.0920076175,0.0944906957,0.0996424201,0.0951609423,0.0961887629,0.0953665513,0.0940423340,0.0948573955,0.0924480041,0.0908496090,0.0935304295,0.0909290135,0.1061178939,0.1192646049,0.1081854611,0.1022766121,0.1023567538,0.0953254744,0.08587305,-0.00747201,0.09113298,0.05162530,0.06175735,0.22480349,0.24020835,0.06300787,0.05208614,0.06612138,0.06550525,0.05377098,0.05767122,0.04878227,1.00822743,0.05790220,0.04359485,0.03588007,0.06570033,0.04859391,0.06262718,0.05576831,0.05627170,0.03555822,0.04892310,0.05023657,0.05568954,0.04665781,0.05785412,0.05586452,0.04089249,0.03874982,0.04567986,0.04670804,0.05898949,0.05888094,0.05078237,0.05010492,0.05035888,0.05922363,0.05105935,0.02608303,0.04628745,0.75534763,0.73167226,1.00243887,1.24500465,1.16290663,1.20828382,0.05578884,50,0.0311752241,0.1253277283,0.0941525042,12.4040624476,0.0794829831,0.0988698942,-0.0582985969,1.1459393565,2.43988416,2.46969955,0.02981540,3.95622288,0.86702358,-0.01831717,0.05270345,1.03122066
352,0x2f2ca1000,0x16ad7b000,14,11,0,129.02,0.0214031399,0.0114690371,0.1000419469,0.0871311152,0.0919471515,0.0879279229,0.0894532371,0.0916153392,0.0922362883,0.0896570581,0.0915324710,0.0864085966,0.0841261220,0.0884127142,0.0890864261,0.0842430297,0.0905755327,0.0847752032,0.0892088077,0.0862101394,0.0869308699,0.0862895440,0.0891272570,0.0870911098,0.0816948448,0.0874914911,0.0913250741,0.0821155711,0.0854437933,0.0915739051,0.1115275247,0.1022904870,0.1090533996,0.0970204282,0.0886146371,0.0861308431,0.0849718726,0.0926963348,0.0872112351,0.0861704913,0.0836974251,0.0917811887,0.0870511045,0.0896162271,0.0906987634,0.0898607678,0.0864085966,0.0862498958,0.0885742746,0.0907399525,0.10745016,0.42328293,0.40381812,-0.75032484,-0.76902364,-0.76415959,-0.76477523,-0.76784879,-0.76637900,-0.75120645,-0.76476193,-0.74078074,-0.77086428,-0.65254585,-0.75609788,-0.73587868,-0.75817652,-0.74209859,-0.76250396,-0.73538495,-0.77671272,-0.76944405,-0.76658229,-0.75306634,-0.78105310,-0.78321579,-0.77022020,-0.76802530,-0.77678908,-0.76383800,-0.00566364,0.21417165,0.13634865,0.37084298,0.32638005,-0.68332816,-0.76873917,-0.76141931,-0.77443257,-0.77064522,-0.78353784,-0.77029248,-0.76120305,-0.78110337,-0.22992777,-0.77773770,-0.77670752,-0.76476413,-0.76785101,-0.76566971,50,0.0340541240,0.1288326377,0.0947785137,12.5183475918,0.1281217423,0.0924094967,-0.0730364111,1.2427744428,2.58382135,2.56603650,-0.01778485,-2.29536734,1.12587366,0.03137942,0.03116641,1.00132726
353,0x27e0fb000,0x21d1a7000,8,8,1,184.63,-0.0219227565,0.0592048435,0.0647483162,0.0622409405,0.0624811599,0.0660074201,0.0632500775,0.0568808897,0.0646082019,0.0643278777,0.0633888567,0.0624811599,0.0647833208,0.0645380969,0.0624811599,0.0657596939,0.0626184147,0.0665550359,0.0672342831,0.0647133115,0.0634581517,0.0605207299,0.0591050966,0.0610265778,0.0664835002,0.0668052643,0.0654765093,0.0635621888,0.0670197737,0.0646432066,0.0668052643,0.0654765093,0.0654411474,0.0635275413,0.0609926448,0.0624125793,0.0664835002,0.0621722663,0.0621722663,0.0635275413,0.0660074201,0.0643278777,0.0649235307,0.0647833208,0.0647483162,0.0680307078,0.0623439051,0.0625498341,0.0613661868,0.0643278777,-0.00939153,0.06389311,0.05709486,0.04119347,0.07866858,0.04042709,0.07888377,0.03391271,0.05966441,0.03264958,0.05447093,0.03527335,0.06708476,0.03186557,0.06279438,0.03954388,0.06104425,0.04643093,0.05424087,0.02864006,0.04499088,0.04006354,0.02464197,0.02701488,0.03888923,0.03473907,0.05151125,0.02020877,0.03430306,0.04421099,0.03986242,0.04427563,0.03973669,0.02753628,0.03884574,0.03689210,0.05373642,0.03666765,0.03891926,0.04239966,0.04076855,0.03599987,0.03196155,0.03572744,0.03877710,0.05144121,0.02586298,0.04933734,0.03568728,0.05200985,50,0.0307596743,0.1074579163,0.0766982421,13.0243306032,0.0745603970,0.0529650124,-0.0594581910,1.5844006525,2.40040923,2.43942166,0.03901243,6.67129318,0.76960210,0.01083479,-0.05384549,1.00997519
354,0x3e14c0000,0x1a3037000,5,13,0,128.73,-0.0029789934,-0.0019669589,0.1016260028,0.0996711844,0.0998341745,0.0965074913,0.1020406834,0.1006701370,0.1017088710,0.0993452043,0.0983882659,0.0961900897,0.1037422719,0.0971889318,0.0996711844,0.0961503332,0.0973090571,0.1024542356,0.0965074913,0.1518502775,0.1007112139,0.0961106851,0.0992636537,0.1007522908,0.1039531293,0.1009578999,0.0999972758,0.1296355946,0.1137700580,0.1022032596,0.1103041858,0.1418313439,0.1039952778,0.0981055077,0.1014600400,0.1071519354,0.0962693859,0.1148055666,0.0978295637,0.1082165531,0.1016260028,0.2121762458,0.1016674369,0.0976693238,0.0995897450,0.0997120154,0.0996304647,0.1027052116,0.0981458703,0.1000787152,0.00717714,-0.01135393,0.09528590,0.08043224,0.09031190,0.09557849,0.09120280,0.09037267,0.08968587,0.08130956,0.07741619,0.09209050,0.09202053,0.07023084,0.09242050,0.08141055,0.08898715,0.09199182,0.08600965,0.13759592,0.23123728,0.08540710,0.08683210,0.13520542,0.13821288,0.09748585,0.16886706,1.14537412,1.05888965,1.06341630,1.05029519,1.13004997,1.05708532,1.06562616,1.06541662,0.98286642,0.12559711,0.82263052,0.11008221,1.04473379,1.04352058,1.17011428,0.10143057,0.09130437,0.08792332,0.10453858,0.07803977,0.94908630,0.09450528,0.10250628,50,0.0275062454,0.1238885380,0.0963822926,12.6260803311,0.0316251733,0.0730867993,-0.0967470384,1.4498560331,2.34219593,2.40362765,0.06143172,8.04755497,0.51019059,0.08126037,-0.05802646,1.02320918
355,0x9bcbb000,0x8ac49000,15,15,1,184.42,0.0091566664,-0.0059259170,0.0802507173,0.0774448424,0.0775764681,0.0865731923,0.0870787524,0.0850220527,0.0882694286,0.0880141956,0.0881601283,0.0989339285,0.0927509409,0.0817061074,0.0761997734,0.0824063508,0.0823370559,0.0773462579,0.0816374332,0.0837644752,0.0817746880,0.0834841510,0.0834841510,0.0840798040,0.0840798040,0.0817403977,0.0837994799,0.0729577694,0.0817746880,0.0837644752,0.0822676663,0.0837294705,0.0840798040,0.0825797775,0.0854967997,0.0884153614,0.0843600326,0.0804885271,0.0773133066,0.0813285396,0.0861760470,0.0870425776,0.0819120365,0.0759394724,0.0759394724,0.0884153614,0.0805563932,0.0773133066,0.0824063508,0.0837644752,0.01634123,-0.00757792,0.05690817,0.07496444,0.13482019,1.04249421,1.02076193,1.04042497,1.01064454,1.04370335,1.02080451,0.94023119,1.12393113,0.05974043,0.04493117,0.04828656,0.05199566,0.05095517,0.03475484,0.05273430,0.04918196,0.05767762,0.04611691,0.05301435,0.05776236,0.04436594,0.05763873,0.04520520,0.06281068,0.05338068,0.06474777,0.04942032,0.03352386,0.04236328,0.05792418,0.05133391,0.04335786,0.05304024,0.05742610,0.04707605,0.05180933,0.05853696,0.04959668,0.04626200,0.04187954,0.06105056,0.05831824,0.05426319,0.04592999,0.04562531,50,0.0238865608,0.1055132176,0.0816266568,13.8582017169,0.0496497807,0.0645073915,-0.0762237474,1.4137858650,2.26136391,2.37642482,0.11506091,19.57271069,0.47569629,0.03662175,-0.05711358,1.01162719
356,0xfaeff000,0xdb495000,15,15,1,184.64,-0.0021613404,-0.0043548719,0.0757470656,0.0831120082,0.0810554273,0.0811593697,0.0763973180,0.0817863742,0.0845498058,0.0845498058,0.0821017030,0.0799053660,0.0747297044,0.0806739265,0.0853448007,0.0809166481,0.0787907502,0.0807085740,0.0819265841,0.0797338209,0.0800083306,0.0809860377,0.0766633399,0.0814368335,0.0798366918,0.0810900748,0.0747948019,0.0821718079,0.0797681112,0.0821368033,0.0787907502,0.0788246833,0.0831827319,0.0840850680,0.0788926422,0.0842280417,0.0788586164,0.0843710155,0.0812287593,0.0794935079,0.0766965586,0.0841923227,0.0777104357,0.0851643210,0.0821368033,0.0797338209,0.0785869662,0.0766633399,0.0788246833,0.0812981490,0.03366318,-0.02141876,0.09356950,0.09333341,0.08894942,0.08147538,0.08371239,0.08555347,0.09468593,0.08390594,0.08554753,0.08209641,0.08452049,0.08735950,0.08481957,0.09395921,0.07583433,0.09083512,0.07969472,0.09001264,0.08760491,0.09000579,0.08502293,0.08951577,0.09384660,0.08320803,0.09381987,0.09205388,0.09009484,0.07796822,0.08749179,0.10064032,0.08154351,0.08621269,0.06922694,0.09312791,0.09645316,0.09141562,0.08906141,0.07350500,0.08316919,0.08108097,0.07987538,0.08501742,0.09382435,0.08416175,0.07901650,0.08089888,0.96065338,0.09358320,50,0.0243118101,0.1052901262,0.0809783161,13.7556326016,0.0558105978,0.0697356194,-0.0531971546,1.2713368763,2.29440960,2.37573241,0.08132281,13.83872109,0.67175985,0.09509349,-0.03642407,1.02002343
357,0x1e20e0000,0x20e5f1000,4,8,0,129.01,-0.0018436323,-0.0008208733,0.1006553405,0.1020953930,0.1049738255,0.1252945470,0.1125745857,0.1175203085,0.1150447152,0.1076349094,0.1069656782,0.1062192411,0.1058459946,0.1004966397,0.1035273379,0.1028954183,0.1027338580,0.1041794094,0.1057631264,0.1042201291,0.1040164193,0.1007743932,0.1025318248,0.1062192411,0.1029761434,0.1008537978,0.1038534293,0.1013746411,0.1029761434,0.1003622375,0.1009727421,0.1065510534,0.1027338580,0.1025318248,0.1064266379,0.1029761434,0.0984183411,0.1452450371,0.1113215537,0.1192830868,0.1152221236,0.1160379538,0.1029761434,0.1062607884,0.1036088886,0.1026530227,0.1050560916,0.1036224950,0.0977253552,0.1053438545,0.00716359,-0.01531556,0.07707336,0.05364912,0.07201830,0.95427252,1.04561778,0.95782501,1.17842614,1.25389829,0.09242006,0.08857483,0.06534356,0.07305319,0.08133497,0.05981458,0.06700250,0.06712155,0.06888243,0.06901970,0.06954994,0.06342859,0.07003570,0.07237967,0.06588669,0.06624058,0.06914566,0.07642790,0.06839761,0.07161070,0.06233531,0.06924409,0.06525102,0.06382097,0.07229713,0.06264516,0.05544232,0.95459688,1.06963883,0.97485656,1.19250887,1.19477391,0.13026235,0.08207903,0.07764908,0.06186769,0.06810450,0.07270039,0.06608788,0.07062800,50,0.0263715122,0.1275498697,0.1011783575,13.3338211686,0.1191386741,0.0976135211,-0.0993337612,1.1312599352,2.44435023,2.54176305,0.09741282,12.93502909,0.95763578,0.00455939,-0.11024055,0.99789864
358,0x31e2a2000,0x353dbe000,3,3,1,184.66,0.0066829696,-0.0040719020,0.0881194630,0.0835035815,0.0843368843,0.0846554307,0.0827000275,0.0855942012,0.0823532688,0.0873243918,0.0824573059,0.0801586029,0.0859516844,0.0834685769,0.0859516844,0.0879735303,0.0816161382,0.0834685769,0.0825959904,0.0802604949,0.0857014559,0.0835736865,0.0867106030,0.0875360306,0.0811699898,0.0845846104,0.0856656393,0.0845846104,0.0835035815,0.0824225637,0.0805322377,0.0857371750,0.0799548190,0.0856656393,0.0827000275,0.0802265618,0.0844784283,0.0864216975,0.0811699898,0.0899897327,0.0802265618,0.0892033635,0.0867466793,0.0824225637,0.0842660639,0.0855583846,0.0845492486,0.0846200689,0.0846907926,0.0858086130,0.00486055,-0.01138651,0.07104219,0.06820518,0.03886868,0.04158809,0.05126960,0.04222918,0.05191643,0.05456918,0.06325930,0.06078834,0.04795075,0.05368361,0.06459574,0.05988874,0.04267784,0.05042455,0.05170888,0.05253497,0.03957084,0.05991287,0.06559383,0.06305101,0.04681871,0.07660532,0.05388999,0.10321972,0.06249701,0.06567271,0.04960456,0.05650869,0.04639784,0.09675133,0.04530249,0.06928192,0.04597383,0.07644528,0.04956346,0.04552549,0.05723483,0.07220543,0.06285508,0.05075560,0.04628753,0.04035339,0.04403272,0.03752221,0.06249838,0.04427831,50,0.0299185597,0.1121243921,0.0822058324,13.9681663355,0.1423471462,0.0701627839,-0.0662280340,1.7028852239,2.39541464,2.53983722,0.14442259,24.58273569,1.06059507,0.03480596,-0.14554717,1.10140449
359,0x21facd000,0x20ef67000,8,8,1,184.56,0.0007084408,-0.0045769521,0.0722847533,0.0807321546,0.0810860629,0.0800021736,0.0729396531,0.0787795161,0.0797218494,0.0785021470,0.0762071126,0.0763768708,0.0797919543,0.0785715366,0.0737515332,0.0772509091,0.0764108966,0.0788489057,0.0798269590,0.0783287203,0.0772166188,0.0795467305,0.0719920368,0.0764787627,0.0874017244,0.0797218494,0.0804489699,0.1599639455,0.0806259724,0.0901845887,0.0839001317,0.0763768708,0.0764787627,0.0773539673,0.0818124691,0.0774568382,0.0818839071,0.0808736986,0.0745827269,0.0723823551,0.0789182953,0.0791956644,0.0794065205,0.0764448297,0.0789182953,0.0732686274,0.0807675164,0.0772509091,0.0775255124,0.0775598027,0.00638113,-0.00687108,0.04175935,0.06416034,0.05816327,0.05352536,0.04825040,0.04863433,0.04121813,0.04020733,0.05077131,0.06022739,0.05079797,0.05135456,0.05462106,0.04582456,0.04861521,0.04861929,0.04647785,0.04466358,0.04975228,0.05567058,0.03646417,0.03228591,0.64119400,0.14602410,0.06517427,1.21604552,1.01389436,1.02418502,0.99349561,0.99228808,1.02147470,0.05766902,0.05954414,0.04989059,0.04595324,0.08520553,0.04106392,0.07609676,0.03882203,0.06801867,0.04964823,0.08198559,0.05339775,0.07058866,0.05369134,0.06815545,0.04403231,0.05940838,50,0.0249155953,0.1050120975,0.0800965022,13.5774146906,0.0540009550,0.0730196699,-0.0519827524,1.1884577468,2.29183937,2.35147198,0.05963261,10.12597807,0.65838600,0.08357290,-0.03098622,0.99511504
360,0x3d6403000,0x12ab4000,12,0,0,128.89,0.0060036630,-0.0006165787,0.0991555548,0.1015106218,0.1020811426,0.1005558284,0.1031622490,0.1044506415,0.1005558284,0.1017143315,0.1040773950,0.1020811426,0.1022441326,0.0998791459,0.0998391406,0.0996790099,0.1051569610,0.1054497283,0.1005961909,0.1009194219,0.1031622490,0.1021219735,0.0987189922,0.1019588722,0.1035733548,0.1043262260,0.1066162085,0.1018367131,0.0999592659,0.1027100662,0.1019181525,0.1061522300,0.0987983967,0.0947052572,0.1044090942,0.1038699982,0.1005558284,0.1009194219,0.0992348510,0.1011213447,0.1010809822,0.1011213447,0.1010001469,0.1040773950,0.1009597844,0.1053242403,0.1044506415,0.1018367131,0.0989174494,0.0962474630,-0.00680706,-0.00163111,0.09555005,0.08736857,0.09290681,0.08389480,0.09908481,0.08188861,0.07458406,0.09261947,0.07131129,0.09926615,0.10200534,0.07566001,0.07115738,0.06694028,0.08747802,0.07717081,0.08030841,0.08398827,0.07611409,0.09061414,0.07220621,0.08024429,0.08250939,0.08871496,0.09780596,0.08109990,0.07960885,0.08984305,0.08027360,0.07357001,0.07158748,0.06681436,0.09709046,0.09638283,0.08225260,0.05839038,0.07972831,0.09890591,0.09378294,0.08217603,0.08039777,0.08535088,0.07862006,0.09425244,0.08639554,0.08870166,0.08239249,0.10981143,50,0.0311897101,0.1242774513,0.0930877412,12.2248834768,0.0402238786,0.0690760478,-0.0897598720,1.9407016423,2.37648157,2.43191146,0.05542989,7.25744744,0.42167519,0.04970163,-0.04600342,1.05923007
361,0x1f34000,0x655ac000,0,0,1,184.66,0.0011092645,-0.0065126268,0.0853444666,0.0842984534,0.0839863422,0.0842638060,0.0853094619,0.0899953527,0.0856597954,0.0843678431,0.0849240281,0.0823062355,0.0875058100,0.0822722097,0.0875415290,0.0810890234,0.0818307087,0.0839863422,0.0874700909,0.0841251214,0.0887669725,0.0854145715,0.0819666265,0.0819666265,0.0876845027,0.0875058100,0.0845065276,0.0874700909,0.0841251214,0.0824081274,0.0864251383,0.0843678431,0.0822382766,0.1780848609,0.0936109300,0.2478884443,0.0908950991,0.0898494200,0.0876487837,0.0961511392,0.0853794712,0.0843331956,0.0864605001,0.0856597954,0.0853794712,0.0779098709,0.0853094619,0.0864605001,0.0876487837,0.0842984534,-0.00075885,-0.00256230,0.09441975,0.94471426,0.06991852,0.07238731,0.06994564,0.08392375,0.09059619,0.09332230,0.07624598,0.06991707,0.07197372,0.07999550,0.07901680,0.08089224,0.07432458,0.08216215,0.07033321,0.08683075,0.08174483,0.07258997,0.08855563,0.08069140,0.08369184,0.08190496,0.07427159,0.09961782,0.07864387,0.09490142,0.07507135,0.69134962,0.67856040,1.13503946,1.26287733,1.24733778,1.05240495,1.06245603,1.08653181,1.08993882,0.09840935,0.10264552,0.09310271,0.08048327,0.07166775,0.08384606,0.08425163,0.08069159,0.09694913,0.07074539,50,0.0251263536,0.1065663217,0.0814399681,13.8167581797,0.0469557179,0.0724181399,-0.0567547946,1.1904933554,2.34337672,2.35719695,0.01382024,2.33898320,0.60080462,0.05854687,0.00998439,0.97548827
362,0x211a40000,0x8b469000,1,15,0,128.96,-0.0284873455,-0.0263066963,0.0749503288,0.0716375878,0.0774792419,0.0776450915,0.0707571935,0.0751948695,0.0743169795,0.0738725507,0.0774378078,0.0751948695,0.0721534467,0.0722327430,0.0727947726,0.0760694065,0.0733152792,0.0727147619,0.0760694065,0.0751948695,0.0766038553,0.0720740421,0.0753171398,0.0749096091,0.0800630632,0.0763982463,0.0741957817,0.0744381773,0.0729950179,0.0761516726,0.0762338264,0.0721534467,0.0720740421,0.0752357005,0.0733553938,0.0709144646,0.0722327430,0.0771475428,0.0748688894,0.0756432312,0.0718756932,0.0796412332,0.0814601983,0.0754801299,0.0816317668,0.0798099422,0.0719947459,0.0718756932,0.0772305242,0.0770645614,-0.54022868,-0.52654115,-0.44494871,-0.44799126,-0.45963327,-0.42431987,-0.46564745,-0.41183615,-0.46479440,-0.44709947,-0.43360535,-0.43689800,-0.46252733,-0.44703623,-0.45505306,-0.43451910,-0.45391068,-0.46473083,-0.45044298,-0.44727834,-0.44875670,-0.46121202,-0.45092179,-0.43927656,-0.42897249,-0.46121059,-0.44397609,-0.45824930,-0.46430268,-0.44915735,-0.44285404,-0.43975364,-0.46745106,-0.46018951,-0.45790152,-0.45046512,-0.44931105,-0.45373739,-0.45476051,-0.43842814,-0.45560555,-0.44814565,-0.44612900,-0.45308130,-0.44193118,-0.45171368,-0.44576297,-0.44160201,-0.44738543,-0.47000132,50,0.0257791076,0.1240332135,0.0982541058,12.9072209658,0.0474819417,0.0847784139,-0.0929508745,1.1928980015,2.35643949,2.44005489,0.08361540,11.03899295,0.54819201,0.06130215,-0.05037713,0.99653009
363,0x3f50a6000,0x29ce84000,5,7,0,126.24,0.0649417320,-0.0417616246,0.0599290846,0.0566859869,0.0500453799,0.0536015900,0.0525585630,0.0491187958,0.0521653315,0.0536015900,0.0554434309,0.0512030304,0.0488128321,0.0542437396,0.0498909683,0.0458756981,0.0489658139,0.0514367393,0.0503928850,0.0470694220,0.0512030304,0.0508523074,0.0491953390,0.0513199380,0.0444632854,0.0523226026,0.0466565595,0.0665032689,0.0510861227,0.0529667868,0.0503928850,0.0469944120,0.0800797779,0.0598035966,0.0638638435,0.0583089930,0.0587236735,0.0605461018,0.0445369672,0.0510861227,0.0454667679,0.0491187958,0.0494248640,0.0509301749,0.0566859869,0.0501997915,0.0503542031,0.0499682268,0.0543638650,0.0456154606,0.04609123,-0.04456868,0.01916465,0.30911913,-0.90299412,-0.90743556,-0.92414875,-0.91739368,-0.93113456,-0.92017252,-0.91938598,-0.92274673,-0.91666949,-0.92249461,-0.92462967,-0.92701162,-0.91988448,-0.91876703,-0.91043625,-0.91739635,-0.93366357,-0.92577732,-0.92918572,-0.92064346,-0.92126059,-0.91686643,-0.23772354,-0.08693887,-0.06535171,-0.91094859,-0.91551843,-0.92676021,-0.18729395,0.07012501,-0.03022426,0.00578256,0.01794640,0.17896610,-0.89269330,-0.91272967,-0.92778565,-0.92734835,-0.91763872,-0.93094482,-0.92170977,-0.91435468,-0.92153565,-0.91894398,-0.91469412,-0.93686332,50,0.0393402856,0.1245925358,0.0852522502,11.0122681043,0.1321453018,0.0659146213,-0.0860082997,1.7026820845,2.55328128,2.50524904,-0.04803224,-6.21950993,1.05639592,-0.05403416,0.14765647,1.01100849
364,0x3549d9000,0x352fdb000,10,10,1,184.64,0.0084921852,0.0007791274,0.0780456129,0.0786060881,0.0783257639,0.0754659650,0.0853874814,0.0806244578,0.0815953835,0.0797221217,0.0687845863,0.0753640731,0.0773520955,0.0775600750,0.0710738906,0.0752621811,0.0813751431,0.0765820106,0.0722864554,0.0772479638,0.0778375387,0.0713341917,0.0710088820,0.0830746081,0.0756017901,0.0806244578,0.0764447558,0.0710413863,0.0818481143,0.0753980062,0.0789914263,0.0742834014,0.0796513980,0.0789214170,0.0760328977,0.0754998981,0.0810891956,0.0797929420,0.0784659739,0.0774907800,0.0796867598,0.0808746862,0.0796867598,0.0753301400,0.0756697490,0.0706835723,0.0785710835,0.0754320320,0.0788513120,0.0714642978,0.03351968,-0.05136768,0.06618143,0.07353360,0.05552056,0.05681390,0.07874220,0.08602599,0.35445414,0.09517832,0.05631335,0.07777954,0.05850590,0.08217268,0.05930949,0.07921084,0.06119296,0.06931460,0.05226498,0.06532463,0.07312591,0.05315145,0.05081390,0.07008791,0.05695610,0.06912358,0.06981635,0.06046640,0.05797183,0.06785058,0.07356912,0.06183494,0.06107868,0.05550281,0.04919080,0.06072759,0.06365248,0.07439677,0.07651064,0.04842737,0.07159178,0.06057209,0.06521903,0.04923775,0.06552069,0.05963766,0.05875521,0.06929454,0.07586390,0.06935234,50,0.0351882504,0.1094697979,0.0742815475,12.6329273640,0.1003229121,0.0555845055,-0.0794229422,1.8865177561,2.46480918,2.49544259,0.03063341,5.26528849,0.90958408,0.04806536,-0.04168906,1.10526983
365,0x3d3c48000,0x15b448000,5,2,0,129.13,-0.0010055131,-0.0032358382,0.1058350729,0.0992781597,0.1045127541,0.1080365772,0.1026349493,0.1092004410,0.0993939948,0.1059573433,0.0995484064,0.1027540020,0.1104924092,0.1037153413,0.1035952160,0.1069562959,0.1029127028,0.1060388939,0.0983901522,0.1048763476,0.1066273439,0.1087403945,0.0996255594,0.1067918760,0.1082852949,0.1060388939,0.1045127541,0.1048359851,0.1068740298,0.1084097104,0.1119716961,0.1113625431,0.0980841884,0.1026349493,0.1025555448,0.0984284760,0.1060388939,0.1024762485,0.0973091566,0.1083268422,0.1077461989,0.1021983867,0.1027142456,0.1025158966,0.1025158966,0.1022777913,0.1045127541,0.1025158966,0.1032348400,0.1050783808,-0.00268097,-0.02590134,0.09606457,0.08129145,0.09580112,0.08921785,0.07589775,0.08760466,0.07855743,0.08851666,0.08508799,0.09667840,0.08741983,0.07551686,0.08230646,0.10232076,0.08831982,0.09589131,0.07808097,0.08394877,0.08410356,0.08641743,0.07790601,0.07120533,0.07804614,0.09902992,0.08091858,0.11565840,0.09050456,0.11304947,0.09497817,0.10655822,0.08640810,0.09994173,0.08993297,0.08512688,0.09605796,0.08766881,0.07991275,0.11485696,0.09902801,0.10506473,0.09237141,0.10509434,0.09243052,0.09106112,0.09438052,0.09776612,0.08652134,0.08569271,50,0.0279772244,0.1233489190,0.0953716946,12.5978344451,0.0423863896,0.0727894657,-0.0874210036,1.5892120864,2.31090924,2.41223074,0.10132151,13.42972988,0.58172085,0.04143713,-0.15314858,1.01762898
366,0x15aae6000,0x11bf60000,2,2,1,184.62,-0.0233704048,-0.0135649882,0.0775467748,0.0632135030,0.0707831791,0.0697018253,0.0666363459,0.0649515374,0.0682556948,0.1054361867,0.0660643533,0.0729080319,0.0608469339,0.0634562247,0.0622349868,0.0635949092,0.0631787609,0.0566600722,0.0631787609,0.0645401029,0.0584224281,0.0640496551,0.0602045456,0.0600364826,0.0578065567,0.0645050026,0.0656239922,0.0663145818,0.0664933721,0.0637335938,0.0631441134,0.0642247741,0.0596332049,0.0598685114,0.0580038156,0.0663503984,0.0602045456,0.0642948790,0.0664218365,0.0664933721,0.0645401029,0.0669938290,0.0663861174,0.0664218365,0.0612884349,0.0578394183,0.0665290912,0.0673584729,0.0664933721,0.0586884500,-0.10603800,-0.17753372,0.80885298,-0.02492422,0.70652909,0.84338043,0.82564937,0.83611524,0.82289516,0.86788028,-0.10895118,0.83686195,-0.13026875,-0.12545699,-0.12487805,-0.10324671,-0.11636746,-0.13587609,-0.11854987,-0.13786707,-0.11316226,-0.11279983,-0.13766459,-0.13448652,-0.12984144,-0.12401415,-0.12211807,-0.13853030,-0.11752749,-0.13471370,-0.12349816,-0.11478274,-0.13332773,-0.13791586,-0.13038132,-0.12463909,-0.15608869,-0.13755731,-0.12908941,-0.11363013,-0.12180094,-0.11858218,-0.13822661,-0.13643156,-0.11695350,-0.13057023,-0.12816132,-0.14083318,-0.12307994,-0.12940154,50,0.0259903906,0.1051992510,0.0792088604,13.4367796311,0.0527449343,0.0643684221,-0.0680137470,1.2577287409,2.31663671,2.35890320,0.04226649,7.20576069,0.54166278,0.00078205,-0.04100326,1.01756658
367,0x1913d5000,0x19f47b000,13,13,1,184.64,0.0013391209,0.0153296064,0.0899095150,0.0831366014,0.0889047043,0.0877857430,0.0854763780,0.0837504888,0.0838948923,0.0806389240,0.0890941187,0.0809809679,0.0804988097,0.0748466506,0.0800433666,0.0825950527,0.0855500598,0.0826665884,0.0792415048,0.0812641525,0.0837504888,0.0826665884,0.0823448242,0.0845791340,0.0825235170,0.0831366014,0.0802885905,0.0778162195,0.0780221486,0.0801484762,0.0845426010,0.0824877980,0.0766697230,0.0811579704,0.0772471417,0.0806978799,0.0814410584,0.0804988097,0.0789641357,0.0783310421,0.0769414658,0.0747801224,0.0833532560,0.0812641525,0.0791028202,0.0767037488,0.0852922239,0.0823448242,0.0809809679,0.0788947461,0.54332443,0.42920896,0.50516073,0.54320643,0.55401383,-0.40550575,-0.39945563,-0.41132938,-0.40956015,-0.42119428,0.50832183,-0.42271655,-0.41478277,-0.42564585,-0.40774802,-0.40709090,-0.39598379,-0.40636953,-0.40451022,-0.42052092,-0.41445081,-0.41317182,-0.41527427,-0.41628249,-0.41645466,-0.43117770,-0.42795202,-0.42093451,-0.42780283,-0.41556197,-0.41485619,-0.41780977,-0.41416270,-0.41444706,-0.43171153,-0.40308272,-0.41094082,-0.39013646,-0.41217120,-0.37566363,-0.38976350,-0.39946924,-0.41476360,-0.39543338,-0.41567857,-0.41710019,-0.40896569,-0.40972079,-0.41068437,-0.40977820,50,0.0265355060,0.1079010998,0.0813655939,13.7860590637,0.0549385652,0.0551669412,-0.0824894370,1.6910972107,2.30353922,2.39452389,0.09098467,15.49476857,0.60968355,0.03145439,-0.07129116,1.03964726
368,0x7dcb6000,0x1662a6000,0,2,0,126.22,-0.0000594200,-0.0000526334,0.0906772827,0.0895608819,0.0908614368,0.1001566722,0.0958067624,0.1026790395,0.1007572988,0.0906037015,0.0985909065,0.0975857397,0.1668566004,0.1088649608,0.1077013399,0.1236768684,0.0947675608,0.0961156910,0.0996343990,0.0953413735,0.1007172935,0.1048411415,0.0963472556,0.1013152857,0.1014364835,0.0903827568,0.0927622296,0.1837562607,0.1015980438,0.1122324749,0.1115017650,0.1037190690,0.1026790395,0.1007172935,0.0971960830,0.0959998559,0.0991581883,0.1011537253,0.1015980438,0.0982369659,0.1005571628,0.0953413735,0.0973519244,0.1003969229,0.1734477921,0.1059221372,0.1101597905,0.1071718418,0.1880803540,0.0909719092,0.00021772,0.00524413,0.05491088,0.05244426,0.05642755,0.06827568,0.06820149,0.07555016,0.07956717,0.06963489,0.07323531,0.07990274,1.08577009,1.06828960,1.28437291,1.28357565,1.03204924,0.68585855,0.08723624,0.08212413,0.08235454,0.07964191,0.08150722,0.06672438,0.07279926,0.13505372,0.12011705,1.13174586,1.03076105,1.05451242,1.04140359,1.04559875,1.06200440,0.07735843,0.08532207,0.07486685,0.07601025,0.07736847,0.09317959,0.71146079,0.81519136,0.07525009,0.06038971,0.08199890,0.82869573,1.11869322,1.28469806,1.29297816,0.85811332,0.08020276,50,0.0244489180,0.1189913488,0.0945424308,12.1978717174,0.0556905776,0.0840497118,-0.0624720692,1.1738247914,2.31487987,2.39649191,0.08161204,10.56751135,0.66411240,0.04280966,-0.07572132,1.00766405
369,0x8b2af000,0x3c9a46000,15,5,0,129.01,-0.0000303953,0.0000196699,0.0978281045,0.0984630161,0.0957518446,0.1001843755,0.1035868904,0.1005074962,0.1004266609,0.1637155681,0.1871849105,0.1097634017,0.1169623310,0.1418296231,0.1007498919,0.1002651006,0.0980265618,0.1003459359,0.1036697586,0.1042070110,0.0978281045,0.1022599232,0.0991055239,0.0934431960,0.1005478587,0.1011408455,0.0940934474,0.0941317712,0.0961025676,0.0939404655,0.1003862984,0.0978281045,0.0967903317,0.1001439027,0.0989052786,0.0993857799,0.1028354489,0.1103303821,0.0985423124,0.0945524975,0.1001439027,0.1852101882,0.1088586294,0.1153341032,0.1069554781,0.1069554781,0.0991055239,0.0991055239,0.0981058580,0.1001843755,0.01550290,0.01262193,0.07164581,0.07253977,0.07246884,0.09144280,0.07855853,0.07027968,0.07581280,1.04728318,1.15120337,1.17899179,1.30492445,1.11405074,0.07979856,0.08009431,0.06801827,0.07837751,0.07828784,0.07397369,0.06564157,0.08309402,0.07179623,0.06380488,0.07787680,0.08088216,0.07623746,0.07441323,0.08105764,0.07650087,0.07548269,0.07821403,0.06592472,0.09981810,0.06119199,0.07807998,0.08250584,0.95413803,0.08358917,0.07652070,0.06917647,1.11693465,1.07713684,1.01275440,1.16103642,1.25059998,0.08701507,0.09469438,0.08201422,0.07716815,50,0.0290580104,0.1288107479,0.0997527374,13.1481697293,0.1291076196,0.0762506667,-0.0851165033,1.5263826097,2.51275383,2.57244967,0.05969584,7.85024146,1.06622031,0.08900831,-0.08840719,1.00986896
370,0x16af9d000,0x8949d000,11,15,0,129.03,-0.0711972673,-0.0755907353,0.0278487600,0.0195641668,0.0257328498,0.0258122544,0.0216113956,0.0240831417,0.0182972199,0.0193765393,0.0247334028,0.0237713525,0.0223052371,0.0196392793,0.0192639218,0.0223824955,0.0293748998,0.0268110966,0.0237713525,0.0206831281,0.0250479451,0.0213054318,0.0216497194,0.0247726938,0.0174389559,0.0216879387,0.0235375372,0.0171443294,0.0160293584,0.0248119847,0.0220322263,0.0235375372,0.0205694381,0.0261693042,0.0219174638,0.0221086651,0.0235375372,0.0214967375,0.0294971702,0.0197142893,0.0228844123,0.0186690024,0.0204557481,0.0223824955,0.0175493277,0.0238882602,0.0239662341,0.0236155111,0.0196767843,0.0228844123,-0.12187379,-0.05906176,0.00261986,-0.01188984,0.02017531,0.01563085,0.01051085,0.00613533,0.00019982,-0.01622159,0.00124563,-0.01430252,0.00284259,-0.00949788,-0.01048053,0.00144390,0.01547481,0.00610250,-0.00455524,-0.00460632,0.00597457,-0.00082630,-0.00981343,0.00221345,-0.00037553,-0.01190472,-0.00383627,-0.00311814,-0.00790370,0.01052496,-0.00509438,0.01636080,0.00205787,0.00666138,0.01951071,0.01339369,0.00294035,0.02267257,0.00479913,-0.02165586,0.01931964,0.03161015,-0.00695575,0.02896064,-0.02285597,0.02260388,-0.00246692,0.01049843,0.01247891,0.01169991,50,0.0349473719,0.1215132437,0.0865658718,11.2475300973,0.0980941008,0.0810765831,-0.0713663390,1.6366833684,2.45382760,2.47183462,0.01800702,2.38748726,0.85065490,-0.04289933,-0.05376517,1.06023598
371,0x1c8279000,0x204565000,13,8,0,128.91,0.0007374032,-0.0003125287,0.0945691726,0.1043178505,0.0998810255,0.0992037380,0.0956868167,0.1024067210,0.1002446190,0.0980428688,0.0991636233,0.0997194652,0.1052700265,0.1043178505,0.0992437433,0.0982412177,0.1049033851,0.1032389989,0.1008773642,0.1034877167,0.1004061793,0.0998406630,0.1036951136,0.0978445199,0.1008773642,0.0955698026,0.1009588036,0.1001638940,0.1014886047,0.1029071866,0.0999618608,0.1017331454,0.1041086658,0.0988833674,0.0998003005,0.0988433620,0.1026123301,0.1002446190,0.0998810255,0.1058184170,0.1004061793,0.1034462826,0.1020778813,0.1316453493,0.1127255069,0.0980032207,0.1002042565,0.0991236180,0.1417528180,0.0948394192,0.00388126,0.01420605,0.06099390,0.05880853,0.06030063,0.04705568,0.06892459,0.07959798,0.07276070,0.07796370,0.06912063,0.07453309,0.08475017,0.07588412,0.08064868,0.07785705,0.08357798,0.07664784,0.06915329,0.07413480,0.07486375,0.06628164,0.06534872,0.06536216,0.07934980,0.06193505,0.32685412,0.13063275,0.06444147,0.06591264,0.05721316,0.05747840,0.07728210,0.07003322,0.06993532,0.06415517,0.07779756,0.67664823,0.06903626,0.74086561,0.07011555,0.07491448,0.07794068,1.00398584,0.85309036,0.07592585,0.07432545,0.07815326,1.00803878,0.06333915,50,0.0299643248,0.1241152921,0.0941509673,12.3761461517,0.0599804367,0.0824992240,-0.0853460659,1.3107803345,2.38737095,2.43439793,0.04702698,6.16918408,0.54225183,0.02191833,-0.11464850,1.01326565
372,0x16b447000,0x1da963000,11,13,0,126.23,-0.0019265627,0.0012918564,0.0953339224,0.0985759485,0.0954508301,0.0890339237,0.0900792013,0.0962179988,0.0934020598,0.0954897638,0.0910487628,0.0951001071,0.0924329663,0.0981755672,0.0932107541,0.0951001071,0.0960213294,0.0891812872,0.0946006783,0.1014479458,0.0934020598,0.1014068689,0.0913115028,0.0928282472,0.0825739142,0.0908236303,0.0907860228,0.0968470833,0.0910112578,0.0906359003,0.0952170147,0.0974555512,0.0955286976,0.1016535548,0.0940601851,0.0923192763,0.0942145967,0.0953339224,0.0875139543,0.0975746039,0.0932872973,0.1237209962,0.0938670915,0.0997777848,0.0822618029,0.0930195528,0.0955286976,0.1007779452,0.0962572897,0.1067922979,-0.01937205,0.02417727,0.07323621,0.06206447,0.05809015,0.05381105,0.06488740,0.06824329,0.06951206,0.07856160,0.04608182,0.05918794,0.06450335,0.06584127,0.06395089,0.05250692,0.05115190,0.04241913,0.05721214,0.07228568,0.06227678,0.07570981,0.05067344,0.06050466,0.04977335,0.07154256,0.04227456,0.07086749,0.06157465,0.06763855,0.06933875,0.06369634,0.05856456,0.08009509,0.07655971,0.07726412,0.71426176,0.86701351,0.05183622,0.06887135,0.06007473,1.01813343,0.05415022,0.55325651,0.07110097,0.20865150,0.06184543,0.08653170,0.05875359,1.00006048,50,0.0293429336,0.1181839560,0.0888410224,11.4390438273,0.0316192273,0.0569775122,-0.0869833637,1.7091727174,2.27157929,2.37339974,0.10182045,13.14158029,0.54680046,0.01280747,-0.05793416,1.01188417
373,0xd381000,0x276921000,9,8,0,129.27,-0.0223677082,-0.0039129939,0.0734963125,0.0779278804,0.0783682670,0.0798002119,0.0888911560,0.1069085381,0.0779678857,0.0839077834,0.0774044253,0.0800855836,0.0783281524,0.0783281524,0.0820774345,0.0782481417,0.0770472672,0.0792490174,0.0784883923,0.0833640402,0.0750028979,0.0806561044,0.0821604159,0.0823262655,0.0814111194,0.0798817626,0.0802892933,0.0778076458,0.0798817626,0.0788046988,0.0803300130,0.0794105777,0.0814933855,0.0802892933,0.0822433973,0.0771266718,0.0799632020,0.0844011005,0.0791278195,0.0836150162,0.0806968240,0.0735349944,0.0822018500,0.0837822954,0.0812877765,0.0825750965,0.0794510505,0.0806561044,0.0815755393,0.0831548555,-0.12506501,0.62542175,-0.01311138,-0.08218298,-0.07703424,-0.08544852,0.85414736,0.75293967,-0.08001209,-0.08194388,-0.09212108,-0.06933602,-0.08695294,-0.09918616,-0.09030736,-0.09303946,-0.08503358,-0.09971698,-0.08572108,-0.08827838,-0.08990109,-0.08437872,-0.09517608,-0.08666527,-0.07568674,-0.09697772,-0.10143282,-0.08434750,-0.09215102,-0.09949763,-0.08914160,-0.08733499,-0.08737046,-0.09136492,-0.08589965,-0.09508890,-0.08423700,-0.09850263,-0.08021379,-0.10806790,-0.08037785,-0.10180265,-0.10085175,-0.08852827,-0.08515094,-0.08417152,-0.09186102,-0.09394451,-0.08737958,-0.08587063,50,0.0304067535,0.1230519672,0.0926452136,12.2468250960,0.0397154752,0.0545558211,-0.0928506496,1.8910501222,2.29753430,2.40861859,0.11108429,14.72835505,0.54383541,0.02764627,-0.06201667,1.00193849
374,0x355172000,0x16bf5c000,3,2,0,130.31,-0.0065188283,-0.0195666006,0.0852743121,0.0777799811,0.0794687293,0.0820290683,0.0762342101,0.0818675080,0.0811074880,0.0797861310,0.0817059476,0.0815039145,0.0787445336,0.0817059476,0.0818675080,0.0794289729,0.0822714640,0.0817866727,0.0817463102,0.0825809782,0.0795083775,0.0753855989,0.0817866727,0.0828662386,0.0826624176,0.0815039145,0.0793496766,0.0797861310,0.0822714640,0.0819887058,0.0853987276,0.0848180843,0.0765044567,0.0869736405,0.0839048383,0.0894725612,0.0797068347,0.0797068347,0.0871424646,0.0798655355,0.0797861310,0.0808672374,0.0804668561,0.0831107793,0.0799845882,0.0841515242,0.0815039145,0.0816251123,0.0831514990,0.0816251123,-0.01614652,0.00092878,0.07057682,0.06012308,0.05664708,0.05474494,0.05950899,0.06035627,0.05465677,0.07596327,0.03914342,0.05300353,0.04503672,0.06286305,0.03754686,0.09203518,0.06782822,0.07839502,0.04745960,0.07199268,0.04447702,0.05764866,0.04844379,0.06465323,0.04531285,0.06578536,0.03723275,0.05807160,0.04358395,0.06077798,0.05994296,0.05413144,0.04901440,0.04240523,0.04326438,0.06092945,0.03756430,0.03558849,0.05633309,0.04236063,0.03624684,0.06171898,0.06536835,0.04548908,0.05067551,0.04054481,0.04563774,0.05593732,0.06879909,0.03731861,50,0.0327398698,0.1231258308,0.0903859609,11.8592934329,0.0353105200,0.0637271263,-0.0679789538,1.6062781285,2.42004348,2.39150063,-0.02854286,-3.74772897,0.51487422,0.00146727,0.00977378,1.01573475
375,0x33b4f9000,0xa2cb1000,10,15,0,129.05,0.0007232783,-0.0132782762,0.0922278877,0.0934558752,0.0957801414,0.0951564461,0.0852866463,0.0937848272,0.0949490492,0.0932914554,0.0893003813,0.0905406550,0.0924181022,0.0975998207,0.0915008110,0.0916623713,0.0947002182,0.0914199757,0.0966492071,0.1343303920,0.1095407225,0.1143862092,0.1111337232,0.0978550870,0.0934970644,0.0939492471,0.0922278877,0.0956965588,0.1331983209,0.0960729086,0.0879844978,0.0936202951,0.0916220088,0.0945759160,0.0915411735,0.0928663527,0.0956547676,0.0859447716,0.0937436381,0.0915815360,0.0947002182,0.0936202951,0.0926218120,0.0958220468,0.0914199757,0.0915815360,0.0937848272,0.0968600645,0.0959893261,0.0881811672,-0.47210845,-0.48998841,-0.40274470,-0.39054736,-0.40999307,-0.39432241,-0.42908454,-0.41155814,-0.42280699,-0.40424701,-0.41649233,-0.41176908,-0.43752440,-0.40414371,-0.42274450,-0.40682853,-0.42070297,-0.40845837,-0.39600862,-0.19873292,0.42627569,0.24275932,0.79628053,0.74860538,0.53353907,-0.41409714,-0.42892647,-0.40181067,-0.38342466,-0.41395854,-0.41992463,-0.43350320,-0.42490680,-0.40807673,-0.42434066,-0.42466523,-0.43170566,-0.41083445,-0.42164814,-0.41297581,-0.40727917,-0.42176579,-0.41973215,-0.42042631,-0.41851118,-0.41353326,-0.40883085,-0.41699408,-0.41633854,-0.43824476,50,0.0317512136,0.1271240183,0.0953728046,12.5537081167,0.0960182640,0.1013333716,-0.0675992100,1.1665269507,2.45852606,2.50278486,0.04425881,5.88368966,0.93106530,0.08081319,0.06728688,0.93815207
376,0x275580000,0x20f88a000,1,1,1,184.40,-0.0013346650,-0.0003587458,0.0826327305,0.0827715097,0.0824940459,0.0765887635,0.0851068884,0.0861521982,0.0882771082,0.0860092245,0.0935256877,0.0944885989,0.1005645347,0.0901030804,0.1773232951,0.0839908549,0.0813261658,0.0806469478,0.0765887635,0.0808507318,0.0851068884,0.0819324871,0.0849653444,0.0805450558,0.0806130147,0.0827715097,0.0858661531,0.0817608483,0.0839207499,0.0837105307,0.0829448417,0.0851777087,0.0826327305,0.0805111228,0.0818981968,0.0821384161,0.0818638128,0.0838507406,0.1064297272,0.0808507318,0.0806130147,0.0827715097,0.2534558338,0.0990802974,0.0878759424,0.0814863387,0.0843061837,0.0882041418,0.0793992857,0.0856874604,0.00102422,0.01239572,0.07607654,0.08276961,0.08249889,0.06160735,0.07898348,0.08261745,0.07891739,0.07740622,0.63738079,1.06317052,1.27124774,1.22760849,1.33517895,0.08421459,0.08146684,0.08942293,0.04966219,0.05953224,0.06710431,0.06758015,0.08006943,0.08372068,0.07404972,0.06324849,0.06553148,0.06304000,0.05938122,0.06208524,0.06789163,0.06269727,0.06452154,0.06832804,0.07487490,0.08097338,0.06792317,0.29178453,0.93242016,0.07084965,0.05992532,0.08769285,1.07372258,0.97790439,1.18113630,1.15891315,1.27687321,0.93229279,0.07897157,0.10025989,50,0.0311370459,0.1118963647,0.0807593188,13.7697738919,0.1424275358,0.0624339540,-0.0764790284,1.5651799602,2.57680409,2.56160626,-0.01519784,-2.69847089,1.07396066,-0.04133406,-0.05274095,1.04105399
377,0x3a3193000,0x8ddf2000,12,6,0,128.78,0.0024865603,-0.0008612719,0.1033761673,0.1038902169,0.1041347576,0.1040532070,0.1018912157,0.1024470575,0.1059250440,0.1107539509,0.1047052784,0.1050521596,0.1058420626,0.1040532070,0.1014508291,0.1041347576,0.1103678339,0.1448064647,0.1036049566,0.1026086179,0.1052165795,0.1008101093,0.1042570280,0.1057591944,0.1008101093,0.1005721122,0.1026086179,0.1036049566,0.1029722113,0.1007704612,0.1016510744,0.1061738750,0.1062153091,0.1079133219,0.1029722113,0.1042570280,0.1062982904,0.1081242945,0.1042570280,0.1070454429,0.1018512104,0.1057591944,0.1015709544,0.1057591944,0.0993358822,0.1042161970,0.1032549695,0.1030530467,0.1059665913,0.1042570280,0.00973139,0.00276356,0.08433182,0.07269016,0.08927985,0.07916710,0.08535912,0.09560856,0.09055139,0.09135338,0.09193529,0.11591466,0.08388351,0.09431290,0.06518789,0.08860827,0.08830345,0.12651028,0.06277712,0.12079015,0.07302933,0.10010987,0.07346178,0.09346156,0.08731913,0.08885559,0.07366335,0.07425100,0.07251556,0.07958258,0.07623762,0.09377792,0.07925539,0.11090672,0.07546487,0.09388992,0.10140819,0.08220902,0.07630094,0.07974046,0.07127651,0.08485608,0.07791781,0.08386755,0.08017024,0.09138985,0.08261357,0.08255750,0.08856814,0.07063307,50,0.0247234895,0.1234359551,0.0987124656,12.9664867848,0.0352237886,0.0922741667,-0.0697184509,1.1981094023,2.31058928,2.37317029,0.06258101,8.22403753,0.54443803,0.07127309,-0.05883103,1.02057197
378,0x206413000,0x21f7eb000,8,8,1,184.65,-0.0182590568,-0.0226153390,0.0668391615,0.0670107066,0.0667361033,0.0667704872,0.0660319158,0.0659639569,0.0668734518,0.0734582922,0.0681260257,0.0701465284,0.0681260257,0.0658281318,0.0651518104,0.0662356997,0.0638352086,0.0639348647,0.0634694398,0.0681260257,0.0715120750,0.0657941987,0.0660319158,0.0681260257,0.0680567308,0.0650173233,0.0657941987,0.0714763560,0.0644460744,0.0716551464,0.0635026585,0.0667361033,0.0637686804,0.0660997820,0.0681260257,0.0692070435,0.0659639569,0.0691720389,0.0621603546,0.0670107066,0.0702173487,0.0714763560,0.0671136711,0.0635026585,0.0705712570,0.0692070435,0.0675941098,0.0713333822,0.0681607679,0.0649501715,-0.02551719,-0.05672143,0.07742231,0.02771023,0.03631894,0.01733039,0.03419879,0.01994971,0.00079961,0.03699230,0.02388734,0.00385012,0.02639602,0.02245486,0.00090356,0.02089779,0.02401457,0.01117328,0.02023513,0.02610539,0.01353496,0.01961196,0.02062041,0.01445148,0.03275553,0.02455413,0.02815649,0.02771357,0.02120203,0.02396500,-0.00291078,0.03410773,0.01878334,0.01341211,0.02672452,0.02664484,0.02643367,0.02157664,0.00575452,0.02365916,0.01859984,0.01428261,0.01246380,0.00574514,0.02557375,0.01553772,0.01795473,0.02346789,0.02430772,0.01876587,50,0.0261147982,0.1057884070,0.0796736087,13.5253852905,0.0496921396,0.0584846924,-0.0813687639,1.3650693698,2.29813643,2.40204145,0.10390502,17.71795300,0.84399542,0.08001637,-0.02139711,0.99719197
379,0x35444c000,0x350268000,3,3,1,184.56,-0.0138349083,-0.0127399295,0.0694951669,0.0672297753,0.0693217402,0.0673656004,0.0693564823,0.0725974147,0.0745392441,0.0715524621,0.0673995335,0.0675354513,0.0716940061,0.0726688528,0.0707871192,0.0692524452,0.0680358548,0.0694257773,0.0712692775,0.0694257773,0.0716586443,0.0714109181,0.0722041150,0.0648024100,0.0737138165,0.0705067951,0.0682761678,0.0706469093,0.0725974147,0.0736777403,0.0672977342,0.0691484082,0.0707871192,0.0706469093,0.0674335593,0.0691136660,0.0682761678,0.0701564616,0.0694257773,0.0705769000,0.0683447484,0.0674335593,0.0690790186,0.0684134226,0.0737860676,0.0693564823,0.0707871192,0.0651016507,0.0683447484,0.0672297753,-0.01374683,-0.02181251,0.09523005,0.04267293,0.04608975,0.05062603,0.03762779,0.05955810,0.05843020,0.04108563,0.04009548,0.06056294,0.03275306,0.04334429,0.05599030,0.04465108,0.04957441,0.04188509,0.06099603,0.04492791,0.06343209,0.05540365,0.04915395,0.04762302,0.04402330,0.06121921,0.03060767,0.02985974,0.04514230,0.05953365,0.04783248,0.05465435,0.03566415,0.04525374,0.06074103,0.02362781,0.03015747,0.05162099,0.04725905,0.05000298,0.04237111,0.04182415,0.05048462,0.05336174,0.05415197,0.05964459,0.03506064,0.04948441,0.05771470,0.05830139,50,0.0278197406,0.1057025276,0.0778827870,13.2031715502,0.0568704102,0.0531049859,-0.0687125122,1.5943320211,2.30930388,2.36922076,0.05991687,10.17324357,0.71444968,0.02352005,-0.04238180,1.01534043
380,0x2fe802000,0x356a2a000,7,3,0,126.25,-0.0041508257,-0.0008587630,0.0922999579,0.0986019992,0.0945782533,0.0943530183,0.0994077435,0.0932711965,0.0987189069,0.0909253640,0.0998402660,0.0918949596,0.0938650433,0.0960956096,0.0974050577,0.0946157583,0.0939776608,0.0942028958,0.0983682902,0.1016449609,0.0975208928,0.0983292501,0.0992897634,0.0930481068,0.0986410393,0.1013989021,0.0944280283,0.0994864328,0.0945782533,0.0927878692,0.0976753044,0.1007639905,0.0961339333,0.0927878692,0.0972506462,0.1027645322,0.0970576580,0.0973664812,0.0943905233,0.0980954348,0.0962486959,0.0972893281,0.0975208928,0.1005259934,0.0989137884,0.0938650433,0.0985630654,0.0978298213,0.1004465889,0.0944656358,-0.00004874,0.01163582,0.05616535,0.09579773,0.07024269,0.07982034,0.07828302,0.07681597,0.07315730,0.07582207,0.07993616,0.07543561,0.07849482,0.06985572,0.06737935,0.07100862,0.07129726,0.07154091,0.07799563,0.07924536,0.06951606,0.08628661,0.08450376,0.06948442,0.08199078,0.07097029,0.06909688,0.08243363,0.06838504,0.07380798,0.07611843,0.08282554,0.06107956,0.06908515,0.08209670,0.08057607,0.05704297,0.06365098,0.07503087,0.06958306,0.07178214,0.08579662,0.07212429,0.39784318,0.08017344,0.07120106,0.08063912,0.06827167,0.08417559,0.08415238,50,0.0271332149,0.1180514086,0.0909181937,11.7237951532,0.0487880403,0.0710206480,-0.0911806991,1.4573778464,2.34292413,2.39359735,0.05067322,6.59207763,0.53435848,0.07977908,-0.04788116,0.99821142
381,0x9e8a7000,0x162e92000,15,2,0,126.24,-0.0056768352,0.0017716860,0.0897529577,0.1050885279,0.0915836427,0.0980300792,0.0946722181,0.1427619355,0.1046396195,0.1098302718,0.1087935761,0.2623861611,0.0941281409,0.0948266297,0.0947107946,0.0961804852,0.0992709591,0.0893479594,0.0949038881,0.0991508338,0.0949038881,0.1008645746,0.0902795480,0.0946722181,0.1011498350,0.0951355582,0.0894952224,0.0944405480,0.0940517022,0.0968314606,0.0955180793,0.0965562093,0.0967528787,0.0947494766,0.0916587552,0.1272576067,0.1433636843,0.1009052943,0.0969101498,0.1613643536,0.1106024139,0.1133829375,0.1130701518,0.1045559228,0.0906884782,0.0982284282,0.0967528787,0.0959857100,0.0984665336,0.0993510791,-0.00819643,-0.01872168,0.06436584,0.93634816,0.06696951,0.08231084,0.07598697,0.93042246,1.08517011,1.29537459,1.25870496,1.19829150,0.07509422,0.08299834,0.07773915,0.07747510,0.08492431,0.05692888,0.07575681,0.07552692,0.06176527,0.06954705,0.06176110,0.06914514,0.08013670,0.06870492,0.05074947,0.07397508,0.06952066,0.07841526,0.06864159,0.08613518,0.07349042,0.06329619,0.07755840,0.93963854,0.13133955,0.57003773,0.06427918,0.77543799,1.06741098,0.74256424,1.33112848,1.27616550,0.09163453,0.08345150,0.08350659,0.08663728,0.06737215,0.09117677,50,0.0303798104,0.1211652050,0.0907853946,11.7195383657,0.0980120801,0.0753376300,-0.0874364388,1.4911098542,2.35930879,2.48113883,0.12183004,15.75678401,0.93931541,0.10954661,-0.11126816,0.99485822
382,0x2ece40000,0x160676000,7,2,0,128.89,-0.0023936176,-0.0036065698,0.1024712815,0.1087021019,0.1044674242,0.1121181978,0.1239613723,0.1021424418,0.0994662884,0.0947058786,0.1035529925,0.1014708991,0.0973770472,0.0959807940,0.0999037927,0.1630488700,0.1000249906,0.1002269134,0.1003884738,0.1013894597,0.1002269134,0.0999846280,0.0905348696,0.0987855418,0.1007781080,0.1055898540,0.1002673862,0.1012264697,0.1013079091,0.1008596586,0.1040491690,0.1020189866,0.0959028201,0.1019368328,0.1106414323,0.1851477893,0.1098690521,0.1077083788,0.1013079091,0.1001461884,0.0997825949,0.0976283570,0.1022245956,0.1052945845,0.1001057156,0.1021424418,0.0971804851,0.0978268143,0.0961366354,0.0981442159,-0.57486287,-0.56545366,-0.47341935,0.51475357,0.73898704,0.68783828,0.18491383,-0.47847937,-0.49463443,-0.50215110,-0.49807693,-0.48504228,-0.51862222,-0.49110820,-0.49702284,-0.42108719,-0.49061753,-0.48976358,-0.49181148,-0.48652372,-0.50031591,-0.49877519,-0.49519288,-0.49329853,-0.49593029,-0.49706981,-0.49684816,-0.49202519,-0.49861181,-0.49060639,0.36744683,-0.49678419,-0.47963155,-0.49200609,-0.46857201,0.58933139,0.76470868,0.60685033,-0.42352562,-0.47920060,-0.47125543,-0.48562173,-0.48782194,-0.48231187,-0.48735799,-0.50522396,-0.49096972,-0.49324035,-0.48254779,-0.49954093,50,0.0340679198,0.1275984220,0.0935305022,12.2858997766,0.1216389070,0.0655195108,-0.0796002470,1.3095357060,2.52690908,2.56242926,0.03552017,4.66622282,1.09008650,0.09246602,0.00530957,0.99561403
383,0x3c918a000,0xdb39b000,5,15,0,129.02,0.0045680173,-0.0041066810,0.1018792123,0.1028766254,0.0962756636,0.1040412036,0.0997171102,0.0999209312,0.0954324152,0.0971947430,0.0962360155,0.0932695968,0.1015059658,0.0921882430,0.0966327133,0.0966724698,0.1018792123,0.0956289772,0.1019207596,0.0986765874,0.1014230977,0.0961962590,0.0996356708,0.1005516429,0.0919204985,0.0952750367,0.0975151136,0.1018792123,0.1007160628,0.0940783123,0.1025837440,0.1006337968,0.1021280433,0.1063748741,0.0946238105,0.0973149776,0.0974349936,0.0993502992,0.1016719286,0.0976752443,0.1003460339,0.0977553642,0.1020866092,0.0998801003,0.1009626365,0.0919969373,0.0983129939,0.0999209312,0.0992688598,0.0986361146,-0.00666892,-0.00981369,0.05901442,0.06071194,0.05468500,0.05261158,0.06242588,0.06021056,0.05366982,0.06812149,0.05695157,0.06665808,0.07062747,0.05193819,0.05766419,0.04892579,0.07470434,0.05537012,0.06087120,0.06364185,0.06852539,0.05494161,0.06099955,0.06873633,0.06440662,0.04454058,0.06643451,0.07528600,0.06130582,0.05137054,0.07692431,0.05568164,0.07192481,0.04828667,0.06213381,0.05551157,0.05804411,0.05851072,0.05193365,0.06098657,0.05791824,0.06905988,0.06559049,0.05889757,0.07595950,0.03587091,0.08674167,0.06911935,0.07135758,0.06604499,50,0.0295625001,0.1236768094,0.0941143093,12.3705347260,0.0523767839,0.0683835371,-0.0575370025,1.6922978765,2.28694384,2.39711074,0.11016690,14.52602400,0.48757347,0.09888438,-0.07756316,1.03286342
384,0x15a26e000,0x166682000,2,2,1,184.66,0.0010188241,0.0010617260,0.0856194007,0.0830397750,0.0853741768,0.0885821742,0.0863493817,0.0873581605,0.0822997738,0.0832457041,0.0845355225,0.0867032900,0.0851639576,0.0875011343,0.0831770299,0.0908547044,0.0885821742,0.0843967433,0.0833142847,0.0876083890,0.0843967433,0.0899549580,0.0822318150,0.0864909257,0.0875011343,0.0842580587,0.0819262318,0.0851989623,0.0874296962,0.0885100218,0.0841540217,0.0864909257,0.0853390765,0.0829025202,0.0820959899,0.0800336790,0.0820959899,0.0887988288,0.0861723792,0.0866324697,0.0850237477,0.0861015589,0.0937220875,0.0894809254,0.0878586174,0.0829711945,0.0875011343,0.0820959899,0.0896631920,0.0834172492,-0.00771780,-0.01290095,0.04863262,0.05833289,0.05930547,0.06294889,0.06080799,0.06102833,0.07216344,0.05545975,0.04917006,0.07696180,0.06609509,0.06693902,0.06405146,0.05995391,0.06623407,0.06022430,0.05618523,0.07011730,0.05358285,0.05922763,0.05510489,0.06700375,0.05865923,0.07411395,0.05348752,0.06818171,0.04573787,0.06854501,0.04098497,0.05362576,0.06128077,0.06928544,0.05435214,0.05274177,0.06496245,0.07502973,0.06394037,0.06916264,0.06592191,0.07375512,0.06209736,0.06881740,0.06049121,0.05723566,0.05449618,0.05117366,0.06337002,0.05971499,50,0.0253582227,0.1075328680,0.0821746453,13.9542261112,0.0667500995,0.0748033235,-0.0673835584,1.1259757115,2.37842308,2.39328253,0.01485945,2.53332923,0.66787007,0.05805589,-0.04267255,1.02001088
385,0x3503f2000,0x2fe1f8000,3,7,0,126.27,-0.0236170578,-0.0203568114,0.0759047708,0.0747844833,0.0785623642,0.0753310626,0.0776801821,0.0812771140,0.0769100431,0.0780697324,0.0783035478,0.0789163048,0.0768714665,0.0723228508,0.0717223221,0.0720253640,0.0717223221,0.0769871962,0.0716118497,0.0703466556,0.0771417132,0.0800758823,0.0777969834,0.0759047708,0.0770258781,0.0792308470,0.0822379844,0.0807966128,0.0813972394,0.0713172232,0.0756370264,0.0807966128,0.0810769781,0.0785230733,0.0737399202,0.0792308470,0.0747087589,0.0770258781,0.0736649101,0.0700914226,0.0799568296,0.0772514852,0.0787983246,0.0776801821,0.0809168474,0.0721740566,0.0755605877,0.0764467029,0.0781087726,0.0778749573,-0.12557890,-0.11258488,-0.06122816,-0.06368840,-0.04174253,-0.06340347,-0.03453364,-0.04291356,-0.03828264,-0.05756361,-0.04699726,-0.04765862,-0.05190175,-0.05389424,-0.06443831,-0.06363534,-0.05077590,-0.06504230,-0.05303506,-0.07407637,-0.05298520,-0.06087060,-0.07124992,-0.05118145,-0.05579404,-0.04919941,-0.04913014,-0.04758286,-0.05949270,-0.06595683,-0.05609841,-0.06578214,-0.04526110,-0.04661747,-0.05224305,-0.04969493,-0.05241201,-0.05333465,-0.06237973,-0.05240024,-0.06375060,-0.06478406,-0.05621390,-0.05663883,-0.06359028,-0.05586426,-0.06728820,-0.07023960,-0.04660158,-0.06843925,50,0.0269749482,0.1179376631,0.0909627149,11.7392238812,0.0393813592,0.0809332606,-0.0819127688,1.2473697084,2.33897023,2.41713513,0.07816490,10.12628618,0.59066961,0.05140534,-0.04686279,1.01512196
386,0x2a79ec000,0x29d360000,7,7,1,184.44,-0.0125016153,-0.0167409996,0.0699487006,0.0695411327,0.0696769578,0.0666312198,0.0650600369,0.0708609623,0.0786198263,0.0705521624,0.0749034094,0.0706207429,0.0815682976,0.0717003421,0.0704491041,0.0753681472,0.0717003421,0.0713882308,0.0710326010,0.0730601587,0.0751179188,0.0749391284,0.0729200444,0.0729200444,0.0728850398,0.0739303496,0.0749034094,0.0718737687,0.0694053077,0.0750821022,0.0707237075,0.0755111210,0.0697788497,0.0742842579,0.0729200444,0.0685959289,0.0775359259,0.0665325455,0.0764520477,0.0726047156,0.0699487006,0.0718043791,0.0752250759,0.0699487006,0.0752250759,0.0729901494,0.0729200444,0.0654179397,0.0728500351,0.0760187386,-0.06589822,0.02164865,0.06444227,0.06607600,0.03321885,0.06338135,0.04339988,0.06735365,0.05813230,0.04883299,0.03849997,0.05910258,0.05837734,0.07095386,0.04545766,0.05570778,0.04263941,0.05811341,0.04253128,0.03394572,0.06460807,0.04891809,0.04297295,0.05197197,0.03967525,0.04389020,0.04449972,0.05388168,0.06136188,0.06786379,0.03993442,0.06537912,0.03991187,0.04662071,0.07145829,0.06785300,0.06615250,0.03848643,0.04751176,0.04941520,0.03177901,0.05344314,0.04268344,0.04218726,0.05011916,0.05371156,0.04551725,0.04151581,0.04734843,0.04921436,50,0.0278721496,0.1056756824,0.0778035328,13.1773900742,0.0513045352,0.0412475707,-0.0712455742,1.8114197759,2.25542018,2.34685987,0.09143969,15.51454766,0.73448677,0.01966991,-0.05694551,1.00925562
387,0x2a78e9000,0x2a4b1f000,14,14,1,184.63,-0.0013537010,-0.0024229270,0.0850653975,0.0894227318,0.0860405914,0.0786485081,0.0906856590,0.0880202849,0.0877214678,0.0806776003,0.0843282669,0.0797624883,0.0872613773,0.0873675595,0.0786811013,0.0826669477,0.0837104797,0.0809435315,0.0902481594,0.0863558246,0.0861457010,0.0783557028,0.0861807056,0.0861106007,0.0879845658,0.0840536636,0.0849613605,0.0840536636,0.0820596577,0.0829047575,0.0851346925,0.0826669477,0.0861106007,0.0902116264,0.0828028655,0.0857241728,0.0882705133,0.0839850831,0.0844655217,0.0861457010,0.0885207418,0.0871551952,0.0872260155,0.0850653975,0.0830066495,0.0873321976,0.0830405825,0.0837447700,0.0843282669,0.0839164088,0.00835171,-0.02150871,0.06038033,0.05238813,0.05918332,0.03546129,0.04743232,0.05911234,0.06142745,0.05205451,0.06592538,0.04296198,0.05172830,0.05614871,0.05188232,0.03769577,0.04657283,0.05436907,0.07393885,0.06294963,0.07024967,0.04517148,0.04942108,0.05059181,0.06121585,0.04859970,0.05171166,0.04723880,0.06527663,0.05241449,0.03244296,0.05807728,0.05810419,0.05120139,0.04181881,0.05330014,0.05743872,0.04871830,0.04512608,0.05156888,0.04503295,0.04463197,0.07023470,0.05289623,0.06417208,0.05449228,0.08218012,0.05525355,0.04700928,0.04679536,50,0.0345664933,0.1099264956,0.0753600023,12.8054513572,0.1163294070,0.0703470249,-0.0543500686,1.5462415435,2.51232616,2.50049305,-0.01183312,-1.99976691,0.97814304,0.00056240,0.09119448,0.97601853
388,0x357328000,0x21d439000,3,8,0,126.25,-0.0164223307,-0.0218693044,0.0810633176,0.0790114406,0.0826783856,0.0756860797,0.0753915538,0.0792919589,0.0793685021,0.0862754238,0.0833862666,0.0818734629,0.0816006075,0.0852345428,0.0807543890,0.0829930351,0.0816785814,0.0849542868,0.0808702240,0.0793685021,0.0827964731,0.0831895972,0.0825998037,0.0775522271,0.0808316475,0.0862350613,0.0809860591,0.0797892284,0.0810633176,0.0849942922,0.0777023496,0.0843514271,0.0861542260,0.0804455658,0.0756123980,0.0750969273,0.0787082327,0.0849542868,0.0874786898,0.0868266184,0.0764718351,0.0799805341,0.0815227399,0.0800952966,0.0808702240,0.0818344228,0.0849542868,0.0811791526,0.0853545588,0.0756860797,-0.01654317,-0.03018197,0.09044168,0.05405849,0.06220398,0.03706285,0.05741837,0.04140442,0.06695514,0.05144805,0.06725858,0.04481862,0.05336803,0.04893721,0.05752205,0.05586261,0.04009055,0.05349576,0.04331022,0.02924157,0.03620970,0.04265689,0.05685490,0.05169748,0.04708874,0.04286179,0.05488301,0.03159205,0.03861411,0.04937762,0.05220047,0.06452219,0.04014346,0.04498522,0.04976106,0.03544310,0.05383480,0.04785784,0.04419370,0.04981204,0.02744387,0.05724041,0.05122985,0.03406416,0.04467897,0.04539026,0.04861133,0.03655909,0.04734274,0.04308014,50,0.0350078714,0.1221747803,0.0871669089,11.2511355202,0.1165624545,0.0648264853,-0.0845909323,1.3924763879,2.50169436,2.51481532,0.01312096,1.71468654,1.11912988,0.07053145,-0.07930210,1.02810686
389,0x15c5ea000,0x7f456000,2,0,0,126.19,-0.0139797746,-0.0172436036,0.0764347854,0.0779631439,0.0807846902,0.0801272802,0.0800125177,0.0806688551,0.0807460082,0.0834915758,0.0766951244,0.0802802621,0.0796682301,0.0769925097,0.0820187783,0.0841382621,0.0765091824,0.0854177175,0.0765464317,0.0779631439,0.0768809649,0.0753202166,0.0819798446,0.0776253939,0.0819798446,0.0832950137,0.0861351196,0.0785904520,0.0768066693,0.0812093484,0.0815181715,0.0823304612,0.0754306890,0.0853377068,0.0779256389,0.0810163602,0.0830590533,0.0829016749,0.0757621061,0.0777379089,0.0769181126,0.0819018707,0.0758725784,0.0856179628,0.0808232667,0.0759830508,0.0800890608,0.0758725784,0.0801654996,0.0816291216,-0.02435524,-0.02849308,0.08844913,0.04356017,0.04923179,0.03599789,0.04157758,0.03648448,0.03594767,0.04286652,0.04706237,0.04562247,0.05327467,0.04036406,0.03347597,0.05041447,0.04746308,0.04127282,0.04691252,0.04284192,0.03417024,0.03832484,0.05722631,0.04436807,0.04683496,0.03452233,0.04638583,0.05051198,0.05220359,0.04172389,0.04183550,0.04023240,0.05430118,0.05032008,0.05494879,0.02747246,0.06234905,0.03963054,0.05075481,0.01862267,0.04025651,0.03842604,0.03176071,0.04238407,0.02439549,0.04250983,0.04246409,0.02800319,0.02424773,0.03810263,50,0.0239111860,0.1170177758,0.0931065897,12.0127664155,0.0525791633,0.0853242953,-0.0851811811,1.1398830435,2.37716446,2.41705723,0.03989277,5.16578016,0.52862223,0.05533906,-0.00795970,1.00560363
390,0x2a7b0a000,0x2a4a82000,7,7,1,184.65,-0.0007309640,0.0024645792,0.0821862176,0.0838192199,0.0832296449,0.0834724612,0.0814137131,0.0836804407,0.0867491126,0.0835071086,0.0864988842,0.0841673308,0.0826666563,0.0857038028,0.0824264370,0.0777748546,0.0836804407,0.0816514301,0.0770555718,0.0846227739,0.0816174043,0.0813796873,0.0836111457,0.0821518337,0.0804330537,0.0825294015,0.0859869874,0.0770555718,0.0824607272,0.0845877693,0.0778405777,0.0825979821,0.0846227739,0.0827353306,0.0856330791,0.0867133936,0.0813796873,0.0846227739,0.0845527646,0.0864630676,0.0814815793,0.0812099291,0.0826666563,0.0839579044,0.0867848317,0.0843074451,0.0873568242,0.0838192199,0.0833337766,0.0830909603,0.00670004,-0.00768683,0.05553953,0.05098762,0.04184042,0.04479847,0.03985499,0.06154633,0.06296136,0.05380533,0.04891650,0.06034651,0.05792673,0.04423937,0.07476347,0.03882522,0.06511283,0.04429039,0.07012470,0.06257620,0.04753644,0.04066097,0.05919820,0.06975362,0.06535444,0.06259122,0.03665511,0.05123227,0.06475728,0.05672122,0.04521133,0.04628953,0.06633199,0.05504058,0.05047376,0.05715780,0.04130283,0.05528726,0.05003413,0.05809339,0.04237591,0.05700132,0.06229335,0.05436999,0.06038745,0.05219155,0.05700007,0.04145178,0.05595312,0.05507540,50,0.0299381799,0.1058815217,0.0759433418,12.8863029833,0.0646713229,0.0518683978,-0.0510702588,1.6265418291,2.33694393,2.40729364,0.07034972,11.94739353,0.65734479,0.02793366,-0.03363865,1.00124173
391,0x21cc0a000,0x1c89a1000,1,13,0,128.98,-0.0024022898,0.0029699668,0.0959084147,0.0957554328,0.0980705167,0.1039811865,0.1033126157,0.1019542464,0.0999945110,0.1021926872,0.1001928599,0.1013537291,0.1059695202,0.1025561704,0.1031087947,0.1024350829,0.1023542476,0.1025158079,0.1056377078,0.1045979013,0.1036385958,0.0986010098,0.0979536091,0.0993481818,0.1087957942,0.0959849578,0.1003119126,0.1014337398,0.0971825039,0.0966033287,0.1019099291,0.1006293142,0.1071369587,0.1019502916,0.1024350829,0.1021926872,0.1055962737,0.1038016971,0.1041866833,0.1023946101,0.1051815932,0.1002325080,0.1005500180,0.1069278882,0.1025158079,0.1024350829,0.1051815932,0.0991515124,0.1021523247,0.1023946101,0.01391371,0.01788277,0.09371647,0.08274405,0.09148959,0.09846414,0.07466248,0.08726029,0.08426600,0.07814432,0.07763083,0.07191405,0.11712754,0.08454788,0.12343882,0.07784166,0.11704760,0.08648015,0.10571745,0.09953835,0.10236549,0.08910263,0.10629189,0.08963490,0.10668873,0.93809167,0.08591107,0.09427956,0.08240711,0.07593881,0.08425057,0.08585281,0.09204691,0.08118652,0.07857873,0.08138964,0.09324063,0.09421150,0.07893460,0.10250796,0.09126292,0.08420260,0.09203111,0.09737174,0.07502883,0.09399138,0.09937033,0.14511091,0.10550578,0.07424221,50,0.0254845625,0.1228230663,0.0973385038,12.7736627996,0.0326706018,0.0760272931,-0.0871187233,1.5985614619,2.29516165,2.40605639,0.11089473,14.56072546,0.45721556,0.09715389,-0.07359610,1.01436800
392,0x2f2483000,0x3dd913000,14,12,0,126.24,0.0272915070,-0.0018640963,0.0934873452,0.0879099705,0.1138718100,0.0986834784,0.0865480035,0.0867882542,0.0981557852,0.1005781600,0.0930233668,0.0955678947,0.0899912372,0.0838168311,0.0931920757,0.1031450940,0.0889509618,0.3222945177,0.0892769419,0.1639901063,0.0917357444,0.0932342242,0.0944004581,0.0799967019,0.0836608833,0.0851511742,0.0824239354,0.0812281772,0.0833102666,0.0797815410,0.0853098750,0.0809986522,0.0833102666,0.0790308260,0.0810369760,0.0813812636,0.0835830157,0.0848219978,0.0835440820,0.0809986522,0.0796177697,0.0820764303,0.0845467465,0.0841535151,0.0845074556,0.0852702269,0.0842320969,0.0856273850,0.0821923707,0.0815724648,0.53344763,0.47708107,0.54141410,0.52654721,0.55045441,0.55444962,0.51815547,0.54031169,0.53683138,0.48134996,0.53282928,0.52500358,0.48723395,0.54718730,0.52372015,0.38061557,0.50012647,0.71522107,0.52443659,0.62744195,0.54149392,0.52417056,0.49087286,0.44153046,-0.43156224,-0.42729957,-0.43515864,-0.44602180,-0.42955398,-0.43398548,-0.43685363,-0.43870715,-0.44307338,-0.43290518,-0.44257828,-0.43256831,-0.43894992,-0.43943663,-0.44710211,-0.43570992,-0.44357724,-0.44481457,-0.44159231,-0.43822321,-0.45133107,-0.44669675,-0.45371690,-0.44839221,-0.43374178,-0.43386368,50,0.0324296074,0.1185412281,0.0861116207,11.0672292529,0.0642312026,0.0629147704,-0.0800988150,1.6266910846,2.43301401,2.41726891,-0.01574511,-2.02055930,0.59901595,0.02781000,-0.01382556,1.02682119
393,0x167bc6000,0x8e514000,2,6,0,126.14,-0.0054714569,0.0031731944,0.0949312521,0.0976359928,0.0940790662,0.0936621683,0.0950460146,0.0989322249,0.0931474777,0.0960493946,0.0920270782,0.0926971102,0.0941927562,0.1466967127,0.1109944437,0.0979733912,0.0987205632,0.1407538889,0.1065637540,0.1090947576,0.1066381005,0.1040614835,0.0957019949,0.0921386231,0.0928096252,0.0971684685,0.0975581253,0.0932225902,0.0926971102,0.1001691725,0.0962039116,0.0986812722,0.0974412176,0.0926971102,0.0952755397,0.0961652296,0.0970515609,0.1016512647,0.0941169284,0.0986025830,0.0925093802,0.1014088691,0.0933590639,0.0957405714,0.2153900889,0.1003293031,0.0949694715,0.0939275140,0.0960880765,0.1047306589,0.00191935,-0.00781097,0.09263225,0.07866446,0.08052546,0.06233308,0.06623011,0.07892794,0.07354784,0.07337758,0.06615261,0.05708705,0.76595552,0.14055454,0.10706229,0.06021532,0.06843152,1.09731266,1.04914765,1.26699255,1.22621895,1.17032102,0.10530802,0.06580036,0.06897980,0.05876311,0.08641914,0.05817016,0.06230795,0.07070514,0.05961403,0.09496616,0.04493564,0.05849339,0.05565612,0.06229891,0.06622695,0.08681830,0.06104089,0.06580569,0.05533648,0.06915643,0.06357407,0.06270268,0.20640083,0.08132608,0.06382585,0.06684524,0.06976679,0.77631871,50,0.0286871435,0.1199412148,0.0912540714,11.7839639904,0.0697987429,0.0810958002,-0.0740208675,1.3352820998,2.35120312,2.45537536,0.10417224,13.47145290,0.69449688,0.14902041,0.00455627,0.98216604
394,0x2a7672000,0x191612000,7,4,0,129.27,0.0026725392,-0.0016322637,0.0931550888,0.0959059085,0.0954694542,0.0911142891,0.0963085229,0.0976683448,0.0924247054,0.1020285105,0.0965487735,0.1012803997,0.1042735949,0.0977491801,0.1867846367,0.1008242851,0.0911142891,0.1128735609,0.2260578075,0.1098984770,0.1023212778,0.1026866037,0.1931041887,0.0973855866,0.0992369921,0.1343221865,0.0977491801,0.0996631675,0.0938176010,0.0988701811,0.0984626504,0.1760136681,0.0985440898,0.0989517318,0.1003209592,0.1073847703,0.0963085229,0.1089920294,0.1066944282,0.0956678031,0.0966688988,0.0994575584,0.0989109008,0.0978703780,0.0989517318,0.1750687649,0.1496042317,0.0985440898,0.0975876198,0.0990738908,-0.00331195,0.01607451,0.05920306,0.09129966,0.06072865,0.06546769,0.04241559,0.08467338,0.07065916,0.07834711,0.07547740,0.07507371,0.92767197,0.09838557,0.17962662,0.08395216,0.05695576,0.99545762,1.17739859,0.74922863,0.99905490,0.98677140,1.28128567,0.08225739,0.06839986,0.10792901,0.07864418,1.00095739,0.06750073,0.06315181,0.06537386,0.17733446,0.12654466,0.07735662,0.11024662,1.00201325,0.06993059,0.94542985,0.77649686,0.07201822,0.07064847,0.08195155,0.07341785,0.07877567,0.06794027,0.77778995,0.96775737,0.07449096,0.07488434,0.18368350,50,0.0450008375,0.1272565835,0.0822557461,10.9079363512,0.1099129001,0.0674654056,-0.0690122361,1.4409872364,2.48884737,2.54430531,0.05545794,7.44990686,1.11913841,0.02745982,-0.01894288,1.03242165
395,0x2040eb000,0x207233000,8,8,1,184.45,0.0666689501,-0.0319381762,-0.0307763559,0.0448131096,0.0533140907,0.0457593860,0.0437324379,0.0454905036,0.0491011600,0.0513325016,0.0542473888,0.0544297550,0.0459610248,0.0493091395,0.0494131765,0.0514740456,0.0511909576,0.0524135305,0.0460617525,0.0501463631,0.0469744530,0.0428143767,0.0491011600,0.0500763538,0.0502514727,0.0502514727,0.0510139551,0.0470083861,0.0449792939,0.0503215777,0.0437982507,0.0494131765,0.0471102781,0.0480894260,0.0528425493,0.0447133627,0.0513325016,0.0531695886,0.0510139551,0.0455577471,0.0501814634,0.0514033219,0.0429445716,0.0487196591,0.0456921425,0.0545755882,0.0502164681,0.0491358074,0.0513679601,0.0511555957,-0.67791842,0.22992655,0.21645673,0.25549541,0.28986670,0.26070540,0.28290525,0.28142044,0.27557260,0.28922272,0.28708096,0.29686867,0.25998670,0.30399241,0.25805868,0.27946793,0.28065589,0.29862140,0.27796225,0.27035970,0.27351479,0.26495906,0.27797969,0.27586530,0.27189047,0.27817542,0.28485199,0.26973185,0.26545970,0.27955519,0.26873460,0.26588233,0.27647696,0.27074919,0.28766743,0.28852257,0.27391935,0.30130381,0.28337112,0.29973787,0.27204585,0.28626268,0.26905778,0.28123215,0.27253657,0.28306774,0.26960402,0.27355051,0.28127917,0.29434366,50,0.0326374981,0.1065004124,0.0738629143,12.5207054878,0.0787062291,0.0523029513,-0.0608264691,1.4446477003,2.33086981,2.39743531,0.06656550,11.29818079,0.86617769,0.10251682,-0.09413720,1.05579835
396,0x274685000,0x92b0e000,8,6,0,128.84,0.0031537266,0.0010602904,0.1026963627,0.1049834834,0.1039422472,0.1054803742,0.1035722183,0.1026963627,0.1029407922,0.1016150089,0.1017360965,0.1045273688,0.1028185218,0.1044443874,0.1025740924,0.1028185218,0.0975622320,0.1036955613,0.0972504428,0.1014938111,0.1015745361,0.1065999436,0.0964010064,0.1065999436,0.1025740924,0.0970167338,0.1013322507,0.1004935405,0.0985673988,0.1038189042,0.1044029533,0.1004935405,0.1004935405,0.1006136658,0.1022480010,0.1026963627,0.1028185218,0.0978596251,0.1027370824,0.1016553714,0.0991346806,0.0980955854,0.1039010581,0.0974453243,0.1006536711,0.0971725752,0.1035311414,0.1026555318,0.1018169318,0.1040655902,0.01949997,0.01112318,0.06933315,0.08148558,0.07599613,0.06886289,0.07823116,0.06641265,0.06217781,0.07454000,0.06307320,0.07724459,0.07437607,0.07053016,0.08884005,0.06545157,0.07494259,0.05486043,0.08665188,0.05798696,0.07390217,0.07428582,0.04731851,0.06500044,0.07149309,0.05371864,0.06770744,0.06685846,0.05817833,0.06209697,0.07112791,0.06895907,0.07500569,0.07231982,0.06401899,0.07618507,0.05961016,0.05552429,0.07876721,0.05978662,0.06969812,0.05909732,0.06387161,0.05697577,0.07506084,0.05754879,0.06956405,0.06356034,0.06146960,0.07330067,50,0.0335982041,0.1239140894,0.0903158853,11.8783126483,0.0421700011,0.0592391859,-0.0813111676,2.2342113670,2.37103371,2.42605203,0.05501832,7.29577030,0.63780248,-0.09642920,-0.14585284,1.05934812
397,0x3db074000,0x7fee000,5,0,0,128.95,0.0015617481,0.0026806811,0.1023738862,0.1006389204,0.1040794067,0.1047067325,0.1012501608,0.0986449235,0.1017982483,0.1034566697,0.0998042523,0.1014947015,0.0958769633,0.0967630774,0.1040794067,0.1024972292,0.1032492728,0.1028760264,0.0999254501,0.0995618566,0.0978044249,0.1043302685,0.1029590078,0.1033736883,0.1012501608,0.0954483728,0.0947168104,0.1032908201,0.1021682772,0.1027101768,0.1022094663,0.1032492728,0.0996425816,0.1001677355,0.0992455501,0.0974869150,0.0983646675,0.1010871708,0.0997638898,0.0956820818,0.0992455501,0.1045394532,0.0958769633,0.0955651741,0.0956820818,0.1032492728,0.0998849773,0.1000061751,0.0997638898,0.0989251795,-0.00351219,0.01344868,0.08312118,0.07807106,0.08097697,0.07378620,0.06406305,0.07039512,0.06620355,0.07353032,0.08316572,0.07233334,0.08476287,0.07386932,0.06121128,0.07717098,0.09057794,0.07008322,0.07472071,0.07217998,0.05923353,0.06860867,0.07634511,0.07348960,0.08798347,0.06215875,0.07156371,0.08854721,0.08603050,0.07972221,0.09082542,0.07835833,0.08756614,0.07928461,0.09976810,0.07735228,0.07079828,0.06338692,0.09201211,0.05773562,0.09830988,0.07088766,0.08998618,0.06643809,0.07105815,0.06725486,0.07993765,0.06268480,0.09637222,0.06880474,50,0.0241013543,0.1235162101,0.0994148558,13.0648817734,0.0363498482,0.0856939565,-0.0762983310,1.2770887271,2.26571500,2.40004496,0.13432996,17.68874707,0.55184314,0.06336047,-0.04548832,1.00284958
398,0x7dae1000,0x153863000,9,11,0,126.24,0.0021607159,0.0000347617,0.0980022833,0.0968858232,0.1047973019,0.1025151853,0.0958080451,0.0978091898,0.0963006674,0.0991194638,0.0991585039,0.0929060175,0.1017526614,0.0970771289,0.1036355812,0.0991585039,0.0946552570,0.0969241470,0.0959597008,0.0991974377,0.0931269622,0.0994701868,0.0992753052,0.0951057270,0.0971153483,0.0975361790,0.0978091898,0.1011970461,0.0951057270,0.0969241470,0.1027154306,0.0929796992,0.0991585039,0.0996260282,0.0968093845,0.1029556812,0.1006304797,0.0991194638,0.0970006902,0.0995091205,0.0984269415,0.0979636014,0.1040395372,0.0990805300,0.0971536721,0.0980022833,0.0990414899,0.0991974377,0.1022749346,0.0991194638,0.01916934,0.00976011,0.08220924,0.07726887,0.09485454,0.09094191,0.08946738,0.07413801,0.07535583,0.06945450,0.07748497,0.06355408,0.08046657,0.05881152,0.07083086,0.06973702,0.07835106,0.09454141,0.07261267,0.06679840,0.07236919,0.06610815,0.07792771,0.06448549,0.06545989,0.07823101,0.06420247,0.06982604,0.06840865,0.07379665,0.07109604,0.11713309,0.08750357,0.06933708,0.06393134,0.06922885,0.07016176,0.06162430,0.07436325,0.07259649,0.06736051,0.06853560,0.08638435,0.06618942,0.07538519,0.06426066,0.07994233,0.06468181,0.07077884,0.07029183,50,0.0261002002,0.1185927713,0.0924925711,11.9337658802,0.0485141958,0.0846441566,-0.0851161543,1.1829897182,2.36886997,2.41675698,0.04788701,6.20674112,0.66416016,0.05847250,-0.05903816,1.01940951
399,0x1e27d3000,0x2d2a11000,13,14,0,128.90,-0.0147545888,-0.0179976754,0.0866176741,0.0886509591,0.0839365158,0.0870250936,0.0811842654,0.0893560179,0.0842597256,0.0855791850,0.0887754878,0.0890657529,0.0864138531,0.0847001122,0.0836190058,0.0834206569,0.0832221996,0.0911861969,0.0875141749,0.0842597256,0.0864138531,0.0866583938,0.0913971695,0.0913549058,0.0887754878,0.0824987192,0.0870659245,0.0823414481,0.0868621035,0.0803759081,0.0856599101,0.0932625733,0.0831825515,0.0890657529,0.0844599709,0.0824987192,0.0912284605,0.0861447014,0.0857407454,0.0889413374,0.0871066442,0.0896451547,0.0854983497,0.0867806641,0.0849003575,0.0868621035,0.0909331910,0.0833016042,0.0868213838,0.0851004935,0.00158813,-0.01568694,0.08251165,0.04249802,0.07128835,0.04890140,0.04452963,0.04928404,0.05424425,0.06673730,0.08094864,0.04932350,0.05270518,0.04990387,0.05558922,0.04344580,0.04592521,0.04493465,0.04336480,0.05259067,0.04046376,0.03884147,0.05586748,0.05905056,0.04147946,0.03579586,0.05186970,0.02687883,0.05138519,0.04445133,0.04361127,0.05642380,0.05059309,0.04745536,0.03942419,0.05062237,0.05120084,0.06520946,0.04161281,0.03927479,0.05449913,0.03422230,0.05843124,0.04655288,0.04218013,0.05097473,0.04457520,0.33079661,0.07858649,0.04716244,50,0.0266352984,0.1235010079,0.0968657095,12.7180730671,0.0438470021,0.0800470614,-0.0697488110,1.4431109741,2.31403833,2.38163594,0.06759761,8.83777705,0.70386231,0.04202188,-0.05119326,1.01262049
