pair_id,phys_a,phys_b,bank_a,bank_b,label,timing_ns,ddr_s0,ddr_s1,ddr_s2,ddr_s3,ddr_s4,ddr_s5,ddr_s6,ddr_s7,ddr_s8,ddr_s9,ddr_s10,ddr_s11,ddr_s12,ddr_s13,ddr_s14,ddr_s15,ddr_s16,ddr_s17,ddr_s18,ddr_s19,ddr_s20,ddr_s21,ddr_s22,ddr_s23,ddr_s24,ddr_s25,ddr_s26,ddr_s27,ddr_s28,ddr_s29,ddr_s30,ddr_s31,ddr_s32,ddr_s33,ddr_s34,ddr_s35,ddr_s36,ddr_s37,ddr_s38,ddr_s39,ddr_s40,ddr_s41,ddr_s42,ddr_s43,ddr_s44,ddr_s45,ddr_s46,ddr_s47,ddr_s48,ddr_s49,tot_s0,tot_s1,tot_s2,tot_s3,tot_s4,tot_s5,tot_s6,tot_s7,tot_s8,tot_s9,tot_s10,tot_s11,tot_s12,tot_s13,tot_s14,tot_s15,tot_s16,tot_s17,tot_s18,tot_s19,tot_s20,tot_s21,tot_s22,tot_s23,tot_s24,tot_s25,tot_s26,tot_s27,tot_s28,tot_s29,tot_s30,tot_s31,tot_s32,tot_s33,tot_s34,tot_s35,tot_s36,tot_s37,tot_s38,tot_s39,tot_s40,tot_s41,tot_s42,tot_s43,tot_s44,tot_s45,tot_s46,tot_s47,tot_s48,tot_s49,n_samples,ddr_baseline,ddr_burst,ddr_delta,ddr_integral,ddr_max_minus,ddr_rise,ddr_fall,ddr_symmetry,tot_baseline,tot_burst,tot_delta,tot_integral,tot_max_minus,tot_rise,tot_fall,tot_symmetry
0,0x10528e000,0x18af26000,2,4,0,127.09,0.0001689101,0.0035185282,0.0868678416,0.0895522879,0.0812128380,0.0887724991,0.0851716053,0.0813516172,0.0911976982,0.0894771754,0.0923184474,0.0867220084,0.0921271417,0.0876189947,0.0885494094,0.0878767301,0.0912356639,0.0833373777,0.0896272979,0.0787473311,0.0910461460,0.0897024104,0.0892186786,0.0887724991,0.0911219739,0.0845599506,0.0857132416,0.0851716053,0.0898525329,0.0912356639,0.0888840440,0.0919741598,0.0888840440,0.0885494094,0.0879135207,0.0852077801,0.0869408080,0.0864303419,0.0877662577,0.0891442815,0.0897024104,0.0919359404,0.0889955889,0.0896649054,0.0873612594,0.0878030483,0.0886982035,0.0873243683,0.0878030483,0.0908567317,0.04569440,0.06176655,-0.02483094,-0.00791266,-0.00891102,0.00622819,-0.01534795,0.00111026,0.00935976,-0.01309874,-0.01143176,-0.01169017,-0.00972661,-0.00890511,-0.02186228,-0.03183433,-0.02818097,-0.03693791,-0.00155618,-0.01063034,-0.02016266,-0.00937858,-0.00282352,-0.01140523,-0.01534746,-0.03208651,-0.01644918,-0.01167178,-0.02602494,-0.00733911,0.00288385,-0.00784258,-0.01915008,-0.01446272,-0.02964676,-0.01317505,-0.01178434,-0.00496245,-0.02309058,-0.01484564,-0.01080137,-0.02863032,-0.00052521,-0.01377315,-0.01267801,-0.01457302,-0.02032218,-0.00813601,-0.01441102,-0.00658440,50,0.0237413861,0.1113182191,0.0875768330,11.4900824627,0.0063055888,0.0792157730,-0.0728069275,1.2974676654,2.23720270,2.22551387,-0.01168883,-1.53343206,0.09777788,-0.05250469,-0.02358438,1.03676885
1,0x189112000,0xa3558000,4,6,0,127.04,0.0030811520,-0.0067861034,0.0915038310,0.0903871172,0.0925838648,0.0962483978,0.0893439405,0.0888334744,0.0902398543,0.0936637879,0.0912807412,0.0905343802,0.0912807412,0.0916897729,0.0949350167,0.0906816432,0.0918013178,0.0858917071,0.0950497792,0.0837014482,0.0881195917,0.0908290067,0.0934364079,0.0917269207,0.0902029631,0.0933985457,0.0890522740,0.0902398543,0.0830701426,0.0937774779,0.0914295354,0.0919128627,0.0929592223,0.0923586298,0.0924337423,0.0937396157,0.0903503266,0.0875773276,0.0938911679,0.0900367727,0.0859625275,0.0882639952,0.0862457121,0.0918384656,0.0911235326,0.0862810739,0.0912807412,0.0955919641,0.0836668008,0.0957464811,0.03212206,0.01949933,-0.00964063,0.01282520,-0.02390536,-0.02025485,-0.02848458,-0.01311310,-0.01971442,-0.01044254,-0.00868873,-0.01335878,-0.02122816,0.00427725,-0.00363563,-0.01665866,-0.00919106,-0.01974619,0.00378941,-0.02012508,-0.00992591,-0.02169615,0.00573274,-0.00876672,-0.02563765,-0.01591017,-0.00294117,-0.00702932,-0.02104225,-0.00425985,-0.00460712,-0.01811640,0.00433693,-0.00528061,-0.01901090,0.00209139,-0.00820643,-0.02047809,-0.01306681,-0.01746550,-0.02399387,-0.01158875,-0.01816761,-0.01312023,-0.02018601,-0.01767210,-0.00703343,0.00057730,-0.02497670,-0.01395981,50,0.0243605727,0.1113530099,0.0869924372,11.4076060367,0.0062341845,0.0730814636,-0.0715789904,1.3146797078,2.25167416,2.24134528,-0.01032888,-1.35433716,0.03210134,-0.04148973,-0.01681284,1.03266682
2,0x318c23000,0x318037000,10,10,1,185.40,0.0002485364,0.0057341219,0.0737900298,0.0780826156,0.0761136163,0.0748714058,0.0731751159,0.0769365781,0.0726774823,0.0729263416,0.0702115528,0.0738843281,0.0775221000,0.0759849400,0.0770341799,0.0779182183,0.0748714058,0.0727397184,0.0706065800,0.0715042033,0.0705762188,0.0780497541,0.0747122824,0.0805135558,0.0726774823,0.0736956457,0.0771316929,0.0781155669,0.0725530951,0.0745531589,0.0746168257,0.0724909440,0.0749031957,0.0769039850,0.0738528953,0.0725530951,0.0745213690,0.0703938858,0.0769365781,0.0725841707,0.0697947604,0.0707889130,0.0706369412,0.0745531589,0.0703938858,0.0715350056,0.0738214626,0.0771316929,0.0729263416,0.0747759491,0.02933761,0.04731635,-0.00754850,0.01576354,-0.01054367,-0.01522976,-0.01031990,-0.00956740,-0.00315771,-0.01775296,-0.01503863,-0.00575271,-0.01022512,-0.00981423,-0.00984584,-0.01366563,-0.00585650,-0.00856493,-0.01665628,-0.01091359,-0.02769444,-0.00670872,-0.01762774,-0.01443771,-0.02251826,-0.00226220,-0.02410807,-0.02274443,-0.02505484,-0.00800219,-0.00303428,-0.01861097,-0.00619756,-0.03742393,-0.01229063,-0.02281767,-0.01446521,-0.00841423,0.01546120,-0.01622235,0.01579734,-0.01025745,0.01136603,-0.00814996,0.00311536,-0.01581973,-0.01950279,-0.02955054,-0.01976034,-0.01782544,50,0.0247776778,0.0955787364,0.0708010586,12.8149915999,0.0069914403,0.0599267982,-0.0589480745,1.2806060574,2.21794242,2.19563866,-0.02230377,-4.03698156,0.04248979,-0.06536760,-0.00543109,1.03526864
3,0x1190ff000,0x1050d9000,11,11,1,185.45,-0.0010910334,0.0032002001,0.0736965817,0.0800312282,0.0732353865,0.0797022539,0.0809131215,0.0788847437,0.0778684541,0.0743132088,0.0800969512,0.0778684541,0.0722183806,0.0723703524,0.0766279436,0.0797022539,0.0799325539,0.0767551903,0.0800312282,0.0735429060,0.0778362192,0.0824292170,0.0818578764,0.0742510577,0.0820931829,0.0748730784,0.0733891462,0.0714701438,0.0744687564,0.0802614384,0.0726742131,0.0753910200,0.0807800652,0.0767551903,0.0818578764,0.0723703524,0.0748420029,0.0810793058,0.0789823455,0.0767551903,0.0811790527,0.0811126153,0.0788847437,0.0821603347,0.0734506669,0.0775466315,0.0787871419,0.0727957408,0.0788196463,0.0821267588,0.03789776,0.05924514,-0.02852496,-0.01927253,-0.03755893,-0.03371621,-0.01017359,-0.03153754,-0.01809847,-0.03046966,-0.03238295,-0.02833782,-0.02342539,-0.03087220,-0.02483893,-0.02524856,-0.01447378,-0.03159986,-0.02318472,-0.04070288,-0.01048758,-0.02643949,-0.02390485,-0.03319352,-0.01991711,-0.03035694,-0.01936513,-0.02855911,-0.02640742,-0.01628888,-0.02647140,-0.02157442,-0.01222890,-0.02531888,-0.01910244,-0.02139756,-0.01037159,-0.01910004,-0.02526897,-0.02461328,-0.02568496,-0.02400459,-0.01750210,-0.02894282,-0.02463272,-0.01604592,-0.03097355,-0.03333704,-0.02350899,0.00034793,50,0.0239007086,0.0974834211,0.0735827124,13.3184709485,0.0063969067,0.0602316554,-0.0630722104,1.3794931695,2.23883091,2.21206485,-0.02676606,-4.84465651,0.06982731,-0.06680546,-0.00175258,1.03441581
4,0x123385000,0x121dd7000,11,11,1,185.41,0.0004479211,0.0005830621,0.0774000778,0.0725669867,0.0763176191,0.0793634479,0.0783163521,0.0751064842,0.0760249026,0.0767094472,0.0794642673,0.0805116285,0.0776632392,0.0771698676,0.0773014932,0.0795314191,0.0772028189,0.0761550087,0.0715523982,0.0773014932,0.0738982086,0.0751387191,0.0752030134,0.0715834738,0.0764478141,0.0760574069,0.0748491314,0.0749778078,0.0748168964,0.0772685419,0.0775317034,0.0742800354,0.0758947077,0.0767080263,0.0718323330,0.0792626284,0.0773014932,0.0786155927,0.0718634086,0.0772356804,0.0782166052,0.0773014932,0.0781501678,0.0759598051,0.0717079459,0.0752351605,0.0696101733,0.0717079459,0.0763176191,0.0728815720,0.04847361,0.04815646,-0.01076114,-0.02128236,-0.01413561,-0.02325107,-0.02105193,-0.01537774,-0.01093644,-0.02225069,-0.01063567,-0.01374461,-0.01141877,-0.02145381,-0.00817733,-0.01590337,-0.02477571,-0.01725274,-0.03290942,-0.01047675,-0.02146544,-0.00897594,-0.00971338,-0.02188232,-0.03426915,-0.03604773,-0.01271160,-0.01550374,-0.01426053,-0.02174042,-0.01718093,-0.03254533,-0.01714205,-0.02672334,-0.03042875,-0.01560053,-0.02274185,-0.02619259,-0.02629752,-0.01697000,-0.03270111,-0.01321825,-0.02150731,-0.02750150,-0.01773302,-0.02834412,-0.03837294,-0.00305892,-0.01860311,-0.00746898,50,0.0245735306,0.0975275078,0.0729539773,13.2002330696,0.0063774306,0.0561274614,-0.0603516704,1.4429156464,2.25231166,2.23586580,-0.01644586,-2.97640927,0.05218728,-0.04427402,-0.01709592,1.03313775
5,0x2942c8000,0x2f3dc2000,7,7,1,185.46,-0.0144920171,-0.0165639751,0.0679750822,0.0596535688,0.0578125416,0.0655377874,0.0633420621,0.0621960245,0.0601308522,0.0578747776,0.0636052235,0.0644230909,0.0643898722,0.0644564004,0.0660417928,0.0632763390,0.0634735979,0.0633420621,0.0622610332,0.0624887411,0.0642901254,0.0652689051,0.0657730022,0.0643566535,0.0659073975,0.0629803160,0.0633750134,0.0633420621,0.0645228378,0.0620984227,0.0566099740,0.0643566535,0.0665512156,0.0621309271,0.0687819597,0.0601308522,0.0644230909,0.0656049392,0.0664493236,0.0648220784,0.0612122393,0.0633750134,0.0644564004,0.0644564004,0.0599717288,0.0578125416,0.0576569939,0.0633420621,0.0643566535,0.0581857880,0.03868663,0.05411827,-0.01004377,-0.01712462,-0.02346909,-0.01311613,-0.01257852,-0.01605637,-0.02324385,-0.02664690,-0.01825564,-0.01109749,-0.01082182,-0.01625438,-0.01697097,-0.01225727,-0.00687805,-0.01335566,-0.01684182,-0.02065859,-0.02372524,-0.00345135,-0.01692208,-0.00789558,-0.01161723,-0.02389549,-0.00981709,-0.01437515,-0.01648925,-0.01949396,-0.02420278,-0.01446785,-0.02031987,-0.01179285,-0.01565110,-0.01172880,-0.01622594,-0.02284227,-0.01554964,-0.01745969,-0.01570262,-0.01546092,-0.01142130,-0.01495869,-0.02285590,-0.01821677,-0.01862379,-0.02095802,-0.01075676,-0.03465997,50,0.0251456527,0.0995970023,0.0744513496,13.4756942839,0.0059685015,0.0564915717,-0.0570970963,1.3070145511,2.22901981,2.21102590,-0.01799391,-3.25689685,0.03256568,-0.04813658,0.00418238,1.03212982
6,0x3b7aa5000,0x3dfc4b000,12,12,1,185.43,-0.0040503664,0.0068021069,0.0780353020,0.0747299765,0.0760697878,0.0790819489,0.0769549876,0.0770536619,0.0779023365,0.0718332760,0.0768563132,0.0696662026,0.0801619052,0.0779687739,0.0779687739,0.0726966061,0.0791827683,0.0805355400,0.0756794695,0.0781017395,0.0733640072,0.0705345373,0.0780353020,0.0771522464,0.0740957840,0.0782014863,0.0715845017,0.0757445669,0.0778690270,0.0714290390,0.0713045669,0.0726337406,0.0794516507,0.0770207106,0.0778024988,0.0724449723,0.0795860460,0.0790483730,0.0779687739,0.0759722748,0.0694535084,0.0740322041,0.0737140441,0.0780353020,0.0790147971,0.0713356425,0.0694231473,0.0768891747,0.0791827683,0.0759071774,0.03926681,0.04590569,-0.02639282,-0.01763250,-0.01109714,-0.01814624,-0.02099652,-0.01833449,-0.02729733,-0.01891420,-0.01412981,-0.02903898,-0.02203647,-0.02890953,-0.01943980,-0.02878227,0.00266325,-0.01090248,0.01482054,-0.01582072,0.00142598,-0.02581708,-0.00674938,-0.01849623,-0.01272164,-0.01873743,-0.01386551,-0.02019249,-0.01197004,-0.02075928,-0.00044979,-0.02488218,-0.01999004,-0.01653992,-0.02827554,-0.02070541,-0.03117868,-0.02214359,-0.01769098,-0.03392626,-0.02896970,-0.02307682,-0.01554025,-0.01882878,-0.01466574,-0.04038422,-0.03674272,-0.02420992,-0.02464327,-0.01579207,50,0.0231988180,0.0983836631,0.0751848450,13.6134057696,0.0057953490,0.0664462151,-0.0637672563,1.2691951445,2.23978301,2.21699336,-0.02278965,-4.12593127,0.03948255,-0.06749227,-0.00150260,1.03612530
7,0x1216ad000,0x120053000,11,11,1,185.30,-0.0048901047,0.0038381936,0.0771501099,0.0771501099,0.0772498567,0.0696519362,0.0709813933,0.0803556996,0.0730211979,0.0741676815,0.0770836725,0.0773496036,0.0761031048,0.0749901972,0.0730529879,0.0715930896,0.0714357541,0.0730211979,0.0795477396,0.0770836725,0.0720964431,0.0715615710,0.0740390051,0.0784317051,0.0764319893,0.0705459958,0.0729257412,0.0730211979,0.0765635252,0.0762017792,0.0731803214,0.0761031048,0.0719391076,0.0751203921,0.0771834193,0.0792760894,0.0758728049,0.0705149202,0.0792421564,0.0728939513,0.0769506161,0.0718132907,0.0707326190,0.0715930896,0.0760044305,0.0729894080,0.0728302845,0.0684497369,0.0709503178,0.0804243739,0.04413112,0.03707489,-0.03117583,-0.02973758,-0.01618346,-0.03739105,-0.03801740,-0.02309757,-0.02390613,-0.02656723,-0.03133412,-0.02572845,-0.02461676,-0.02759813,-0.02781337,-0.03152741,-0.03648218,-0.03244080,-0.02775666,-0.02117815,-0.04625868,-0.03994161,-0.02760454,-0.02599702,-0.01570643,-0.04833338,-0.03741614,-0.02830456,-0.02184750,-0.03172465,-0.03361147,-0.02194426,-0.02907613,-0.02971618,-0.01246958,-0.03709591,-0.03519940,-0.02599525,-0.02391141,-0.02937284,-0.02569531,-0.03626766,-0.03594886,-0.03608843,-0.02370774,-0.03141151,-0.03177444,-0.02788843,-0.03218449,-0.02313038,50,0.0238316347,0.0972149154,0.0733832807,13.2823738084,0.0061228104,0.0612401968,-0.0629358886,1.2592973494,2.25788764,2.23284984,-0.02503780,-4.53184215,0.04572478,-0.05123171,-0.02122327,1.03106038
8,0x25fd51000,0x5de76000,8,0,0,129.73,-0.0013455723,-0.0002631137,0.0884249226,0.0896181785,0.0946426611,0.0937563299,0.0905884555,0.0897668712,0.0905133430,0.0911775442,0.0912154064,0.0904007255,0.0935247652,0.0973169376,0.0883881320,0.0893950888,0.0914806486,0.0947985026,0.0884985039,0.0902130980,0.0926753343,0.0933316717,0.0903257154,0.0952499492,0.0931000016,0.0902506030,0.0870149679,0.0904758380,0.0928666399,0.0922546079,0.0924841330,0.0950323179,0.0981606540,0.0891719990,0.0889861586,0.0935633418,0.0927518774,0.0908136904,0.0936404949,0.0938721649,0.0896553263,0.0913670620,0.0925605717,0.0893950888,0.0902506030,0.0915564764,0.0934088248,0.0927900968,0.0919354086,0.0935633418,0.02141169,0.03537616,-0.01817292,-0.00117201,0.00306196,-0.01028233,-0.00774767,-0.01551706,-0.00420465,0.00019218,-0.01814799,-0.00463322,0.00284808,0.00427904,-0.01080052,-0.01760986,-0.02001872,-0.01810899,-0.01774206,-0.02195351,-0.01148757,-0.01586639,-0.00027985,-0.00238576,-0.01405940,-0.00745023,-0.01009959,-0.00413416,-0.00544655,-0.00549467,-0.00986226,-0.01639551,0.00282897,-0.01490764,-0.01697085,-0.00991637,0.00200148,-0.01430648,-0.00836560,-0.01077933,-0.00810761,-0.00603290,0.02445853,-0.00297471,0.00455486,-0.01021674,-0.00191596,-0.01982799,-0.01124921,-0.01490875,50,0.0264603213,0.1142762947,0.0878159734,11.6473672870,0.0063637756,0.0672192516,-0.0737648460,1.4472612748,2.21953526,2.21653650,-0.00299875,-0.39535589,0.04187313,-0.04111964,-0.02294571,1.03578111
9,0x29b54000,0x29b46000,0,0,1,185.44,-0.0117344512,-0.0117108552,0.0617748195,0.0631808009,0.0585328156,0.0585950516,0.0563106558,0.0582839563,0.0651165815,0.0620644073,0.0585017400,0.0586572027,0.0619034959,0.0593932862,0.0586572027,0.0593617675,0.0564626276,0.0575136535,0.0619034959,0.0660639304,0.0642321859,0.0640019757,0.0572061340,0.0567664883,0.0625951902,0.0631482966,0.0628554912,0.0650500533,0.0640348373,0.0584395040,0.0574214144,0.0628879956,0.0561283228,0.0583461923,0.0631482966,0.0566449606,0.0619356431,0.0561283228,0.0555610713,0.0541804709,0.0640019757,0.0570524582,0.0563410999,0.0620644073,0.0604395677,0.0598651211,0.0641005603,0.0605669012,0.0564929888,0.0606941479,0.04733114,0.01936626,-0.01683288,-0.03517125,-0.01998941,-0.03096062,-0.03619091,-0.03725950,-0.02555584,-0.02971622,-0.05219500,-0.04439489,-0.02905791,-0.02752634,-0.02978334,-0.02054445,-0.03822187,-0.02433752,-0.02664055,-0.03891257,-0.02527417,-0.03232806,-0.03218303,-0.02804273,-0.03829811,-0.05303802,-0.03246063,-0.01470624,-0.02318255,-0.03329531,-0.03755728,-0.02919442,-0.04120679,-0.02021312,-0.02781963,-0.02817348,-0.03917399,-0.01933782,-0.02400168,-0.03777322,-0.03912712,-0.03715123,-0.03655894,-0.03930936,-0.03952190,-0.02569809,-0.02922466,-0.02766951,-0.05381918,-0.02146959,50,0.0244012496,0.0954740293,0.0710727796,12.8128336283,0.0096842317,0.0594031216,-0.0536091169,1.2830199288,2.24057379,2.20744464,-0.03312915,-5.97253839,0.07327848,-0.06249229,0.00481170,1.02897801
10,0xa7cc9000,0xbd68000,15,0,0,127.04,-0.0000643470,-0.0043255462,0.0881874909,0.0863664588,0.0883391465,0.0860318242,0.0865151515,0.0873349477,0.0863664588,0.0852854632,0.0834123110,0.0838762238,0.0872599377,0.0894565746,0.0867010934,0.0831956565,0.0875976878,0.0885285609,0.0864408559,0.0839491902,0.0784525312,0.0830150782,0.0875976878,0.0880359387,0.0884906987,0.0860318242,0.0807136104,0.0859946764,0.0884906987,0.0809259747,0.0826540201,0.0849540461,0.0861806184,0.0827984236,0.0897625384,0.0844961892,0.0862177662,0.0851014096,0.0878980352,0.0830873292,0.0839491902,0.0844232228,0.0861806184,0.0811383391,0.0861062213,0.0784871787,0.0886801131,0.0886043887,0.0866639457,0.0763995041,0.04938129,0.03236738,-0.03744122,-0.04211829,-0.04105375,-0.03737737,-0.02585010,-0.04010537,-0.01966050,-0.03660721,-0.00760076,-0.02545547,-0.02620050,-0.02159748,-0.02271044,-0.01630223,-0.03636261,-0.02061421,-0.04260226,-0.01904816,-0.04141400,-0.01935641,-0.04420337,-0.03273959,-0.04523623,-0.04194556,-0.04165841,-0.04697699,-0.03564619,-0.04097106,-0.04133047,-0.03558980,-0.02953687,-0.05191498,-0.05180248,-0.03180017,-0.04969526,-0.04707906,0.00019573,-0.05455863,-0.03535492,-0.04072901,-0.03021650,-0.05636446,-0.04160756,-0.03246202,-0.03307843,-0.03810146,-0.03609035,-0.04689650,50,0.0252900643,0.1106934948,0.0854034305,11.1778075220,0.0061708262,0.0707048936,-0.0704810008,1.3332533488,2.26244733,2.23685183,-0.02559550,-3.35111419,0.04433238,-0.06073385,-0.00109587,1.03240269
11,0x35ff7a000,0x23ce0f000,3,8,0,127.08,0.0062931394,-0.0099780662,0.0869895621,0.0892188663,0.0893661293,0.0851879335,0.0852586572,0.0893661293,0.0917138162,0.0904089046,0.0829557809,0.0906319944,0.0923786293,0.0896607557,0.0890716033,0.0929092172,0.0927955272,0.0911524694,0.0908178348,0.0919390512,0.0873867949,0.0913759637,0.0882861619,0.0862335039,0.0883955617,0.0919765562,0.0926439750,0.0871340642,0.0883226949,0.0891451846,0.0902229627,0.0914885812,0.0883955617,0.0901858149,0.0907435392,0.0916387037,0.0854356597,0.0907062900,0.0913008512,0.0879215291,0.0926060093,0.0906691422,0.0892925481,0.0874589474,0.0882132950,0.0916387037,0.0930607694,0.0941067632,0.0870618131,0.0912633462,0.05122811,0.02402535,-0.02589129,-0.00958030,-0.02182200,-0.03769134,-0.03741352,-0.03249352,-0.01568418,-0.02660715,-0.03772570,-0.02628495,-0.01563744,-0.02294185,-0.02053975,-0.02139694,-0.02811650,-0.03368111,0.00465475,-0.01277333,-0.00437453,-0.02279826,-0.00152958,-0.01419404,-0.00891811,-0.02226685,-0.01688435,-0.03295559,-0.00801439,-0.02644105,-0.00278741,-0.01770767,-0.01456366,-0.02414326,-0.00585762,-0.02305956,-0.01603367,-0.01382226,-0.01419228,-0.03748739,-0.01478735,-0.02519175,-0.03620383,-0.02708352,-0.01687350,-0.01973184,-0.02508905,-0.01877633,-0.02928756,-0.02068206,50,0.0236886505,0.1117292416,0.0880405910,11.5454514127,0.0062074819,0.0743258520,-0.0749974795,1.4759369230,2.25957183,2.24672648,-0.01284536,-1.68464768,0.06947216,-0.05543515,-0.01414928,1.03416268
12,0x18488d000,0x3062aa000,13,3,0,129.97,-0.0013568225,0.0062257573,0.0950430665,0.1000110965,0.0894835659,0.0950817484,0.0906389586,0.0947728198,0.0881472929,0.0923855936,0.0974439884,0.0926509392,0.0937694399,0.0948115018,0.0936546773,0.0896308289,0.0912328054,0.0923855936,0.0934251523,0.0917582854,0.0901927791,0.0896308289,0.0904902659,0.0951203250,0.0992929790,0.0938076592,0.0909363439,0.0937694399,0.0903415733,0.0881472929,0.0892258305,0.0969721751,0.0916081629,0.0934633717,0.0955411708,0.0984889107,0.0914580404,0.0946184083,0.0892627217,0.0936546773,0.0944196912,0.0885483591,0.0935782386,0.0906018108,0.0971687371,0.0903787211,0.0917957904,0.0896308289,0.0894467753,0.0940371843,0.03922560,0.02545667,0.01008488,-0.00000766,-0.00939885,0.01372438,-0.00696708,0.00363050,-0.01130738,0.00113625,-0.02131595,-0.00806142,0.01657795,0.01182217,-0.00443933,0.00153872,-0.01083937,0.00088631,-0.01389064,-0.00055289,-0.01289511,0.00540523,-0.00128520,0.01325621,0.02106929,0.01770900,-0.00265940,0.00294214,0.00577853,-0.00165323,0.00199587,-0.00894997,-0.00627341,0.01219922,0.00295604,0.01668730,-0.00576981,0.01280820,0.00815681,0.00113436,0.00620687,-0.00748919,-0.00144399,0.00993345,0.00381898,-0.01073770,0.01341271,0.00719747,0.01089053,-0.00659392,50,0.0262054442,0.1143096306,0.0881041865,11.7074472401,0.0069763459,0.0681216385,-0.0739403022,1.3747048672,2.21999251,2.21700506,-0.00298745,-0.39783264,0.06271428,-0.03663195,-0.02259890,1.03289369
13,0xb7d06000,0x18e99000,6,9,0,127.02,-0.0180058884,-0.0179983874,0.0739116128,0.0719726005,0.0708157781,0.0695874751,0.0694780753,0.0738737506,0.0724927647,0.0752986767,0.0707421968,0.0705580427,0.0705949339,0.0748014072,0.0771547105,0.0694416419,0.0737600606,0.0729057296,0.0718610556,0.0704844615,0.0716379659,0.0698792411,0.0735705428,0.0727556071,0.0710367228,0.0734189906,0.0737221984,0.0708894598,0.0718239078,0.0753368960,0.0752221335,0.0738737506,0.0686147846,0.0704107798,0.0718982034,0.0718610556,0.0729057296,0.0737600606,0.0759577690,0.0725678771,0.0737221984,0.0705580427,0.0727556071,0.0720841454,0.0720841454,0.0777244945,0.0685064573,0.0740253028,0.0718239078,0.0760350275,0.02125041,0.03471584,-0.01290643,-0.02013649,-0.00418873,-0.00886577,-0.01970028,-0.01902904,-0.00081381,0.00284708,-0.03449804,-0.00616551,-0.01097030,-0.01921890,-0.01108583,-0.01253326,-0.00575634,-0.02319196,-0.00332133,-0.01802372,-0.00004181,-0.00668764,-0.00135322,-0.01387177,0.01027010,-0.01197075,0.01577088,-0.02318420,0.00577932,0.00399920,0.00974726,-0.01668933,-0.01212241,-0.00122850,0.00524525,0.01150472,0.00283765,0.01847190,0.00672035,0.00496206,-0.00012119,0.00848043,0.00680529,0.00797471,-0.00445960,0.00747344,-0.01199608,0.01031227,-0.01039641,0.00282003,50,0.0282048748,0.1125841362,0.0843792614,11.0659595888,0.0072709595,0.0586046969,-0.0731549963,1.6744117672,2.23771424,2.22394638,-0.01376786,-1.80586538,0.08127188,-0.05568296,-0.01603099,1.03334787
14,0x38cadf000,0x3a2afd000,12,12,1,185.32,-0.0349125064,-0.0274110809,0.0505802694,0.0483517723,0.0513667948,0.0490795467,0.0525457836,0.0515311922,0.0512023077,0.0525790023,0.0514325178,0.0447683018,0.0436601293,0.0463437576,0.0526122210,0.0536596740,0.0490795467,0.0503525615,0.0514654691,0.0457217369,0.0518272152,0.0493369873,0.0463749181,0.0503851546,0.0512023077,0.0525790023,0.0503851546,0.0460327472,0.0440855177,0.0460949833,0.0526122210,0.0526122210,0.0522133243,0.0515311922,0.0515311922,0.0504827564,0.0537940693,0.0492404580,0.0493048401,0.0519258895,0.0439639900,0.0515311922,0.0493691344,0.0526787492,0.0460639077,0.0517943536,0.0482563156,0.0504501633,0.0469239353,0.0449527799,0.00804344,0.01482112,0.10589284,-0.04383276,-0.03292025,-0.05184036,-0.04474007,-0.03305476,-0.03552057,-0.03446900,-0.03164688,-0.04070017,-0.04175009,-0.04345445,-0.05539453,-0.03397118,-0.04614103,-0.02402910,-0.03301239,-0.04509835,-0.04455754,-0.04845879,-0.02910153,-0.02956596,-0.04362092,-0.03004061,-0.03806392,-0.04350011,-0.03780629,-0.04642890,-0.03267350,-0.02453661,-0.03453570,-0.04199642,-0.04728219,-0.04796595,-0.04535314,-0.04785613,-0.04768438,-0.03140165,-0.03183467,-0.04200318,-0.04434000,-0.02862598,-0.05690498,-0.04385468,-0.04474522,-0.03323546,-0.05461281,-0.03348533,50,0.0248937998,0.0975034531,0.0726096533,13.1475369083,0.0062261967,0.0631448743,-0.0586553576,1.1989706352,2.25368873,2.23006834,-0.02362040,-4.27687995,0.09583360,-0.07477007,-0.00226888,1.03717963
15,0x28b9e2000,0x2ab448000,7,7,1,185.44,-0.0094418565,-0.0128315113,0.0608086213,0.0638286373,0.0626220619,0.0581892893,0.0636998731,0.0586754830,0.0664475416,0.0606530737,0.0582804558,0.0585235941,0.0658554956,0.0607463853,0.0666777518,0.0658226341,0.0607153097,0.0585235941,0.0619217983,0.0680783616,0.0636998731,0.0618274142,0.0599420625,0.0606842342,0.0685487911,0.0629403088,0.0605909225,0.0650704897,0.0596653453,0.0672325475,0.0653307907,0.0607775458,0.0605598470,0.0657239598,0.0584324276,0.0661515186,0.0630038887,0.0639251666,0.0606842342,0.0606530737,0.0638929316,0.0585843165,0.0586147606,0.0606842342,0.0660857956,0.0664146801,0.0636677260,0.0651355872,0.0617015973,0.0661844699,0.03461090,0.03304911,0.11494736,-0.04468115,-0.03393491,-0.05686546,-0.03878995,-0.03012993,-0.03613775,-0.05313737,-0.03068142,-0.02742995,-0.01575618,-0.03889824,0.00166114,-0.04248026,-0.01946481,-0.03683371,-0.02941458,-0.03552965,-0.03152859,-0.00910672,-0.04060999,-0.00513803,-0.01447403,-0.00800713,-0.02602950,-0.02637302,-0.02914350,-0.02655528,-0.00119455,-0.02938510,-0.03820380,-0.01455670,-0.03495234,-0.02537682,-0.03615907,-0.02926498,-0.04001455,-0.02518383,-0.04637963,-0.06224290,-0.05152549,-0.04329080,-0.03464370,-0.03265378,-0.02727563,-0.03615029,-0.03434147,-0.03137326,50,0.0245838072,0.0968127726,0.0722289655,13.0734427474,0.0055800217,0.0594986843,-0.0606942105,1.2776205800,2.26760919,2.23550196,-0.03210723,-5.81140864,0.04750812,-0.09362205,-0.00653225,1.04341195
16,0x3102d2000,0x19015000,3,9,0,129.88,0.0018359366,-0.0035645516,0.0965118434,0.0959606168,0.1020541874,0.0998588747,0.0977797512,0.0959606168,0.0975885499,0.0980474956,0.0990899147,0.0956227643,0.0992057498,0.0992057498,0.0964738777,0.0958104943,0.0912363627,0.0937234023,0.0993215848,0.0959981218,0.0923506959,0.0998588747,0.0960356268,0.0981240388,0.0971180522,0.0967770856,0.0937970840,0.0966254299,0.0982004775,0.0936866117,0.0958855043,0.0948787950,0.0938706652,0.0944326155,0.1007793817,0.0990899147,0.0946928530,0.0926059289,0.1004434130,0.0980858194,0.0958855043,0.1007793817,0.0925329625,0.0928611619,0.0934656669,0.0937234023,0.0980092763,0.0955476518,0.0983535638,0.0949530906,0.02338722,0.04662905,-0.00673890,0.01179344,0.00173430,0.01425755,-0.00766917,-0.00015758,-0.00481131,0.00981184,0.01753093,0.00299880,0.00095046,-0.00338177,-0.00846710,-0.00382633,-0.00391308,-0.00360157,-0.01418524,-0.01038683,0.00092627,0.00123622,-0.01242371,-0.00995813,-0.00910257,-0.01209966,-0.01121141,-0.00851956,-0.00360860,-0.01601577,0.00263825,-0.00673612,-0.00442876,-0.01724498,-0.00280966,0.00195841,0.01020315,-0.01456002,-0.00159797,-0.00692367,-0.00812719,-0.00550013,-0.00711706,-0.01622643,-0.00988317,-0.00605676,-0.00587420,-0.00961955,-0.00228874,-0.00249906,50,0.0266135019,0.1143432947,0.0877297929,11.6579761323,0.0074312283,0.0694766382,-0.0778594087,1.2506878945,2.22540021,2.21708479,-0.00831542,-1.10643295,0.05540170,-0.05741302,-0.03344223,1.03776330
17,0x18539e000,0x304057000,4,10,0,129.81,-0.0011015737,0.0031824877,0.0932092925,0.0942158900,0.0995482279,0.0917882993,0.0914505493,0.0996282385,0.0947578221,0.0952211623,0.0969520653,0.0873962773,0.0931714303,0.0954914089,0.0916757843,0.0917132893,0.0877573353,0.0918634118,0.0953755738,0.0952983153,0.0926029802,0.0888765744,0.0937186205,0.0939481456,0.0930577403,0.0894810794,0.0963808516,0.0943689763,0.0932092925,0.0929440503,0.0931714303,0.0964588255,0.0949509156,0.0927924981,0.0971880256,0.0928303603,0.0928303603,0.0918634118,0.0908942075,0.0937951637,0.0940246887,0.0898124965,0.0951439038,0.0913754368,0.0894073977,0.0966146669,0.0981490044,0.0911544450,0.0909313553,0.0897020241,0.03195106,0.03527085,-0.01516448,-0.02890465,-0.00818289,-0.02838490,-0.01054733,-0.02036227,-0.00691396,-0.02240703,-0.00762681,-0.02992575,-0.01715087,-0.02106630,-0.02191372,-0.02837033,-0.02991347,-0.02053813,-0.01081495,-0.02295115,-0.02645858,-0.01585320,-0.01635094,-0.01964438,-0.01262050,-0.03113960,-0.02363479,-0.02256729,-0.01869125,0.01005033,-0.01988613,-0.00010885,-0.01866780,-0.02183964,-0.00681593,0.00653636,-0.01285595,0.01222430,-0.00359921,-0.01140743,0.00555099,0.00128403,-0.00181304,0.00155003,-0.01532919,-0.00653556,0.00990531,-0.00829520,0.00066882,-0.02799963,50,0.0241727905,0.1146222557,0.0904494652,12.0195444078,0.0109821993,0.0785756591,-0.0740629303,1.2595101161,2.24282710,2.23413587,-0.00869123,-1.15488369,0.04086561,-0.04179818,-0.01860120,1.03550048
18,0x41fd2000,0xf692000,0,0,1,185.48,-0.0110664229,-0.0133342929,0.0643628750,0.0657055458,0.0602000371,0.0625855035,0.0665220733,0.0601688767,0.0645905829,0.0677697354,0.0646556803,0.0582803073,0.0635084814,0.0686473385,0.0603554999,0.0636693928,0.0635084814,0.0654424741,0.0658371714,0.0661002431,0.0583714738,0.0654096126,0.0639267455,0.0622354666,0.0655082869,0.0688511224,0.0680385260,0.0666218201,0.0634441872,0.0643628750,0.0587804012,0.0678368871,0.0656398228,0.0591186390,0.0655411484,0.0662893608,0.0663891077,0.0653437998,0.0654424741,0.0658371714,0.0666550388,0.0641676714,0.0590264000,0.0688511224,0.0623309233,0.0600444895,0.0655411484,0.0633476579,0.0598578663,0.0625855035,0.05715644,0.05931801,-0.00805021,-0.00039931,-0.01084811,-0.00724343,0.00633378,-0.02187741,-0.01161506,0.00131949,-0.01076179,-0.01144317,0.00428586,-0.00990438,-0.01584451,-0.01120917,-0.00812082,-0.01434268,0.00877039,-0.00159899,-0.03070520,0.01241877,-0.00898741,0.00014349,0.02257178,0.00651570,0.00846141,-0.00119468,-0.00016368,-0.01065527,-0.00760644,0.00655489,-0.01256137,-0.02090415,-0.01634042,-0.00101314,-0.00325744,-0.01700832,-0.01715242,-0.01346541,-0.01470043,-0.00455068,-0.01838764,0.00362723,-0.01749687,-0.01452214,-0.00636265,-0.03513208,-0.00876669,-0.01759614,50,0.0237357471,0.0974406974,0.0737049503,13.2924930821,0.0061267166,0.0613988282,-0.0574083438,1.3128269447,2.25900101,2.22619955,-0.03280145,-5.91335519,0.04301335,-0.08084785,-0.00901966,1.03927422
19,0x2bcfde000,0x28d568000,7,7,1,185.43,-0.0144006266,0.0019324403,0.0624050371,0.0623728021,0.0668313129,0.0645678112,0.0592230382,0.0623085078,0.0644033240,0.0644691368,0.0593785858,0.0632587162,0.0590053394,0.0658819107,0.0623085078,0.0591297266,0.0614826866,0.0665625223,0.0598961702,0.0633888223,0.0586010174,0.0568764912,0.0623085078,0.0619545380,0.0644691368,0.0592230382,0.0582946854,0.0647980213,0.0613236500,0.0655494513,0.0609100333,0.0620189201,0.0645678112,0.0621798315,0.0654497045,0.0612917732,0.0591608870,0.0590675754,0.0646335342,0.0620510673,0.0650610930,0.0581716440,0.0590053394,0.0623085078,0.0646006727,0.0645019984,0.0610054032,0.0637141320,0.0644691368,0.0688589865,-0.01561130,0.04927977,-0.00874946,-0.02296654,0.00922522,-0.03637985,0.00924825,-0.02027278,-0.01553252,-0.01813188,-0.01930021,-0.00208383,0.00975957,-0.00182699,-0.00830231,-0.01349116,-0.00344793,-0.01294413,-0.03098071,-0.02286599,-0.01942291,-0.03271029,-0.01282219,-0.02112779,-0.02140610,-0.02193350,-0.02103110,-0.01733730,-0.02111771,-0.02111336,-0.02858809,-0.02918411,-0.03103821,-0.01307308,-0.01670131,-0.01265731,-0.01692745,-0.03175304,-0.02033334,-0.01873149,-0.01323998,-0.03264693,-0.02215177,-0.02956111,-0.01153715,-0.02022861,-0.02521052,-0.00914791,-0.01623160,-0.00196667,50,0.0258648315,0.0971359800,0.0712711485,12.9000778780,0.0170941749,0.0527372474,-0.0615283537,1.5593413425,2.22098695,2.19574865,-0.02523830,-4.56813191,0.05052113,-0.06566008,-0.00300906,1.03633268
20,0x2b7461000,0x28fd55000,14,14,1,185.48,0.0005844889,0.0004986851,0.0760420302,0.0784314386,0.0783657156,0.0730209426,0.0772192311,0.0750578877,0.0791145525,0.0779710183,0.0726788566,0.0760741773,0.0751851343,0.0783657156,0.0717851543,0.0764281471,0.0730209426,0.0794471026,0.0781355054,0.0728965554,0.0751851343,0.0782670413,0.0820173519,0.0816098767,0.0782340900,0.0783327643,0.0688409218,0.0719388301,0.0791810807,0.0762672358,0.0782670413,0.0715084371,0.0782670413,0.0780038798,0.0785959258,0.0751215545,0.0729276310,0.0783657156,0.0790813338,0.0782670413,0.0738828429,0.0793473558,0.0818475938,0.0760741773,0.0794803213,0.0707048398,0.0719388301,0.0801587879,0.0761064123,0.0762029415,0.03372116,0.04165365,-0.02087979,-0.02346083,-0.03222336,-0.03921608,-0.00916082,-0.04321305,-0.01648137,-0.02852103,-0.02748885,-0.03649017,-0.02696734,-0.02551362,-0.03817502,-0.02170457,-0.04200250,-0.02249871,-0.01519588,-0.01893835,-0.02706570,-0.04103666,-0.02376494,-0.02508845,-0.02821509,-0.04703087,-0.03977742,-0.03972755,-0.02650403,-0.02755949,-0.01345313,-0.04414923,-0.03466280,-0.03012888,-0.03540864,-0.04655272,-0.03514290,-0.01959178,-0.03893171,-0.02459241,-0.03665881,-0.01336051,-0.00593242,-0.01717528,-0.02007327,-0.04202253,-0.02762721,-0.02948092,-0.02839550,-0.02270405,50,0.0222557918,0.0965276735,0.0742718817,13.4482416738,0.0063476674,0.0652102367,-0.0604874681,1.2609229628,2.24597933,2.21526782,-0.03071151,-5.56073186,0.10058310,-0.06028590,-0.01312273,1.03336119
21,0x214bcd000,0x20fbbf000,8,8,1,185.43,-0.0029171516,-0.0030512151,0.0809516239,0.0768341499,0.0780099210,0.0748311397,0.0771204331,0.0757863517,0.0745823654,0.0801705500,0.0747689886,0.0726083486,0.0802692244,0.0790576424,0.0810845895,0.0726995151,0.0748623002,0.0812508645,0.0822639355,0.0748311397,0.0780099210,0.0768659398,0.0781707445,0.0770568532,0.0775022598,0.0750799990,0.0780099210,0.0804994345,0.0804994345,0.0799402501,0.0803349474,0.0722740437,0.0735349033,0.0750799990,0.0812508645,0.0780742153,0.0790902355,0.0746756770,0.0781064503,0.0799073886,0.0784603323,0.0770250632,0.0747378281,0.0752043862,0.0791552442,0.0790902355,0.0729122092,0.0747378281,0.0799402501,0.0767068164,0.04016577,0.02861121,-0.02143866,-0.03793969,0.00608203,-0.01800300,-0.01679476,-0.01059976,-0.01225622,-0.01960361,-0.01169059,-0.01533474,-0.01981543,0.00096982,-0.00797934,-0.01396816,0.00617713,-0.00101474,0.01078844,-0.00640018,0.00691934,-0.01039205,-0.01189518,-0.01926164,-0.01405398,0.00063546,-0.01194945,-0.01561041,0.01373543,-0.00556507,0.00356809,-0.02367384,0.00102796,-0.02699365,-0.00069761,-0.02032024,-0.02384772,-0.01424915,-0.02231426,-0.01361195,-0.02102863,-0.01687484,-0.02376572,-0.01104439,-0.02222569,-0.02362778,-0.01833873,-0.02592277,-0.01345211,-0.01476179,50,0.0232998056,0.0969852450,0.0736854394,13.3370645388,0.0061515622,0.0612466327,-0.0611032399,1.2236858390,2.26548813,2.23211375,-0.03337438,-6.04076328,0.07108672,-0.09093814,0.00746936,1.03978872
22,0x128c0000,0xe7bc000,0,0,1,185.36,-0.0160344533,0.0613802668,0.0612473012,0.0626261410,0.0554422045,0.0595500428,0.0532744148,0.0616130700,0.0605656171,0.0530617206,0.0532744148,0.0606314299,0.0541431076,0.0617792543,0.0603354069,0.0550378825,0.0530617206,0.0647853504,0.0583721266,0.0551311941,0.0603024556,0.0552245057,0.0624917457,0.0593548393,0.0592246444,0.0578644653,0.0619455294,0.0583721266,0.0592246444,0.0624580781,0.0606314299,0.0572281453,0.0548201838,0.0530009153,0.0556909789,0.0593223349,0.0626933845,0.0584686558,0.0585329501,0.0542352627,0.0574826386,0.0606314299,0.0605656171,0.0542352627,0.0531224429,0.0572281453,0.0549445709,0.0606314299,0.0606314299,0.0596150515,0.02579818,0.09919589,-0.03845534,-0.04257719,-0.04583467,-0.00833302,-0.02318586,-0.01985083,-0.02284670,-0.04636484,-0.02872860,-0.03638093,-0.04339432,-0.06010625,-0.02545184,-0.03749373,-0.05914571,-0.04071092,-0.04318339,-0.03843721,-0.02894657,-0.04459739,-0.02615871,-0.03462117,-0.04780367,-0.04489059,-0.03407621,-0.03618660,-0.06010377,-0.03377507,-0.02998639,-0.03922087,-0.05311423,-0.03944773,-0.03341086,-0.04850653,-0.02297178,-0.04988382,-0.04575371,-0.05521342,-0.03559014,-0.03192335,-0.03228680,-0.04175985,-0.06578278,-0.03260362,-0.03307878,-0.03018489,-0.03912653,-0.03251093,50,0.0252959924,0.0979196311,0.0726236387,13.0870453823,0.0063075312,0.0554569564,-0.0611502673,1.5035079998,2.22059755,2.19282276,-0.02777480,-5.00613830,0.07173363,-0.07483519,-0.00488988,1.03714235
23,0x2c80f9000,0x2bcfc1000,14,14,1,185.41,0.0011642206,-0.0011182982,0.0713721908,0.0766460586,0.0767791150,0.0764133462,0.0747138538,0.0780957168,0.0788739302,0.0796800096,0.0764798743,0.0753687536,0.0770450461,0.0777932585,0.0759279381,0.0763469087,0.0699797085,0.0701352561,0.0764465649,0.0764798743,0.0779276538,0.0734384246,0.0778605020,0.0756647766,0.0767791150,0.0746813495,0.0767458055,0.0714664891,0.0780957168,0.0798859387,0.0757634509,0.0767791150,0.0703529549,0.0735349538,0.0775580437,0.0766128399,0.0790436883,0.0754675177,0.0778605020,0.0784663623,0.0745187391,0.0789078633,0.0710575197,0.0766460586,0.0756319151,0.0764465649,0.0756319151,0.0777932585,0.0768123337,0.0761910098,0.04506030,0.03368019,-0.04122285,-0.03490867,-0.04365861,-0.02578453,-0.03553172,-0.02476295,-0.02181963,-0.03616298,-0.03235022,-0.04116504,-0.03042587,-0.01541077,-0.03501054,-0.03195397,-0.03832478,-0.05073693,-0.03361546,-0.01421273,-0.00929060,-0.05395993,-0.01687645,-0.04264402,-0.01712646,-0.01414003,-0.02316157,-0.01348289,-0.01343213,-0.01553270,-0.02508901,-0.01981242,-0.03758655,-0.03349037,-0.02236201,-0.03039719,-0.02421770,-0.02429500,-0.03587117,-0.02539713,-0.02401678,-0.03469556,-0.03776745,-0.02389750,-0.04580816,-0.05044404,-0.02473750,-0.04544700,-0.04306599,-0.02711635,50,0.0230334074,0.0987282149,0.0756948075,13.7057425710,0.0061400615,0.0676567466,-0.0619881837,1.2050109478,2.23649418,2.21027827,-0.02621592,-4.74733191,0.06579082,-0.06093752,-0.01267877,1.03779023
24,0x33c3e6000,0x30aa00000,3,3,1,185.44,0.0003359422,0.0012811362,0.0759204383,0.0812244201,0.0728964893,0.0780166842,0.0747746692,0.0716881279,0.0715015896,0.0766728511,0.0745494636,0.0758228365,0.0772320355,0.0736622075,0.0744529343,0.0772648971,0.0780499029,0.0799742437,0.0790637800,0.0723616172,0.0801100687,0.0803138527,0.0801780276,0.0770346869,0.0736622075,0.0761481462,0.0758228365,0.0736622075,0.0737257874,0.0714393536,0.0788284735,0.0792653271,0.0780832124,0.0734394174,0.0736622075,0.0726133369,0.0789965365,0.0758878452,0.0790637800,0.0804837035,0.0749354927,0.0756276330,0.0781496498,0.0766728511,0.0791309318,0.0737576642,0.0801440945,0.0754324294,0.0737576642,0.0718126000,0.05799641,0.05377684,-0.03364596,-0.04186270,-0.02743013,-0.03037408,-0.03005245,-0.04500021,-0.04528490,-0.02796900,-0.04237785,-0.02017514,-0.04315121,-0.03775706,-0.02725486,-0.02330592,-0.02847067,-0.01404136,-0.03922312,-0.04995837,-0.03512457,-0.02128021,-0.03724048,-0.02465551,-0.01891187,-0.04689547,-0.04259977,-0.02963561,-0.03211001,-0.03710357,-0.02170000,-0.01460375,-0.05056463,-0.03887208,-0.03333944,-0.03477822,-0.03206913,-0.04157494,-0.03874434,-0.02370953,-0.03891918,-0.03710411,-0.03808081,-0.03639889,-0.02806447,-0.03497496,-0.04254977,-0.03320120,-0.05273210,-0.03697595,50,0.0234969529,0.0985569106,0.0750599577,13.5964051868,0.0063041954,0.0671041737,-0.0626158924,1.1614665624,2.27018409,2.23229404,-0.03789005,-6.86404722,0.03351480,-0.09073355,-0.00954581,1.04330301
25,0x126fd000,0x19fc9000,9,9,1,185.46,-0.0104263443,-0.0114970136,0.0625745626,0.0629706809,0.0619890407,0.0576677938,0.0629378194,0.0596056216,0.0627075194,0.0641496697,0.0587481083,0.0568949038,0.0642494166,0.0663442318,0.0577299450,0.0598284117,0.0576366333,0.0639501760,0.0635297756,0.0641496697,0.0621841555,0.0654315313,0.0567411440,0.0632337526,0.0558110144,0.0590311749,0.0575122462,0.0554463484,0.0671160210,0.0642494166,0.0609408734,0.0606834328,0.0658348090,0.0610052555,0.0641496697,0.0590626935,0.0654315313,0.0611982261,0.0586851569,0.0625745626,0.0620866425,0.0598919916,0.0662423398,0.0653643795,0.0617287397,0.0584335231,0.0631680296,0.0594783749,0.0620866425,0.0655660184,0.05312932,0.03167968,-0.02321067,-0.01638229,-0.03529725,-0.03052448,-0.02973510,-0.03221811,-0.02604990,-0.02201404,-0.03537647,-0.03346616,-0.02119399,-0.02834464,-0.03222738,-0.01287674,-0.02525109,-0.01814277,-0.01404667,-0.01979197,-0.01440400,-0.00634364,-0.03135964,-0.04164231,-0.03143602,-0.03062868,-0.03644141,-0.03419044,-0.01704329,-0.00719307,-0.03255469,-0.03385502,-0.03431864,-0.01050998,-0.01487779,-0.04138044,-0.03117583,-0.01761669,-0.03534907,-0.01837943,-0.01280364,-0.02166690,-0.02617938,-0.02062939,-0.01165437,-0.02843424,-0.02311358,-0.02867142,-0.01982133,-0.01357108,50,0.0244552497,0.0971343092,0.0726790594,13.1600012660,0.0063479135,0.0617827432,-0.0563719198,1.2386365372,2.22451814,2.19669474,-0.02782340,-5.04047588,0.04332357,-0.05298389,0.00618175,1.03594542
26,0x187615000,0x18bb4d000,13,13,1,185.50,-0.0210701482,0.0633284051,0.0639065012,0.0566181089,0.0642425353,0.0631622208,0.0620489550,0.0653907160,0.0556000194,0.0632619677,0.0596959839,0.0589045427,0.0608388926,0.0587772961,0.0642761112,0.0618845577,0.0640408965,0.0634946802,0.0568668832,0.0589045427,0.0567736565,0.0630956927,0.0620819063,0.0607412908,0.0566803449,0.0643769306,0.0630624740,0.0620819063,0.0576662753,0.0588409628,0.0610991936,0.0621147678,0.0631289114,0.0629294176,0.0610340962,0.0609364944,0.0624107908,0.0672406736,0.0607412908,0.0567736565,0.0587772961,0.0617200705,0.0608063883,0.0613269015,0.0620819063,0.0578235249,0.0597926010,0.0653907160,0.0644105065,0.0632286582,-0.00124515,0.10323265,-0.05342506,-0.07269939,-0.05769302,-0.05872518,-0.04977352,-0.04291015,-0.06315571,-0.05019519,-0.05375837,-0.07166623,-0.04239827,-0.04519414,-0.05755300,-0.05994103,-0.05115598,-0.03011947,-0.07077196,-0.05806889,-0.05925084,-0.05168605,-0.05432461,-0.05624722,-0.04845281,-0.05362374,-0.05459031,-0.03663038,-0.05217206,-0.03190377,-0.01373639,-0.03889979,-0.02096637,-0.04520498,-0.03731661,-0.05550803,-0.05229832,-0.03617856,-0.04077046,-0.03930541,-0.03980810,-0.05859535,-0.04359293,-0.04990862,-0.04721769,-0.04048496,-0.04576208,-0.05024837,-0.05036292,-0.05658008,50,0.0255020893,0.0983285664,0.0728264771,13.1772850856,0.0062472327,0.0564075276,-0.0711054958,1.4375999779,2.24161976,2.21219385,-0.02942591,-5.32462603,0.03690926,-0.06638739,-0.00494472,1.03146865
27,0x39dfc000,0x1af1c000,0,0,1,185.42,-0.0131623434,-0.0119737212,0.0614218551,0.0678408655,0.0676392266,0.0654499365,0.0604030622,0.0625028729,0.0656144237,0.0667937697,0.0581483962,0.0660091210,0.0601853635,0.0655157493,0.0642746123,0.0624392930,0.0604341378,0.0640986951,0.0657459595,0.0679416849,0.0613274709,0.0647300281,0.0647950367,0.0584218957,0.0645673288,0.0634552254,0.0651868648,0.0655815621,0.0604030622,0.0605585250,0.0675719831,0.0700700861,0.0638413423,0.0657789108,0.0657789108,0.0678408655,0.0657459595,0.0644047184,0.0612331726,0.0656802365,0.0602786751,0.0665277477,0.0584218957,0.0667937697,0.0669267353,0.0603408262,0.0656144237,0.0649252316,0.0614218551,0.0640986951,0.04009548,0.05392178,-0.03221708,-0.00540019,-0.01596531,-0.01163856,-0.02112319,-0.01797967,-0.02142044,-0.01673461,-0.03825817,-0.01722494,-0.02002948,-0.01991506,-0.01525229,-0.02213269,-0.02643274,-0.02104176,-0.03556479,0.00154660,-0.01806585,-0.02380978,-0.02139497,-0.01597431,-0.02480290,-0.02699360,-0.02543406,-0.01848721,-0.02031093,-0.02838009,-0.01114165,-0.01711122,-0.01393577,0.01066236,0.00143481,-0.00355564,-0.01889263,-0.00287495,-0.00588856,-0.03716716,-0.01885388,-0.01578194,-0.03384576,-0.02578282,-0.01682853,-0.02981557,-0.00897294,0.00206495,-0.02500821,-0.03080833,50,0.0250071722,0.0972755099,0.0722683378,13.0227346368,0.0061822528,0.0555655554,-0.0598560016,1.3880469731,2.26001147,2.23026806,-0.02974341,-5.35785949,0.03802851,-0.07399656,0.00709653,1.03528259
28,0x654fc000,0x1a7fea000,0,4,0,127.09,0.0046764226,0.0035460565,0.0933750769,0.0930405438,0.0931520887,0.0924400151,0.0962782807,0.0952747963,0.0900555819,0.0932636335,0.0959722125,0.0939321332,0.0928546018,0.0910279152,0.0931148394,0.0910279152,0.0896222728,0.0920349162,0.0955400385,0.0951612097,0.0951990719,0.0957295563,0.0900555819,0.0908091156,0.0939321332,0.0961251944,0.0916667086,0.0941573682,0.0931148394,0.0921085980,0.0949716919,0.0954643141,0.0964312626,0.0922926516,0.0905903160,0.0972029725,0.0942699857,0.0975119011,0.0931148394,0.0931148394,0.0910643486,0.0923663333,0.0900195056,0.0908091156,0.0962782807,0.0919981256,0.0933007813,0.0953884863,0.0888665719,0.0932263843,0.03825428,0.02973374,-0.02505827,-0.03487115,-0.01684459,-0.02314523,-0.02140422,-0.01625318,-0.00059806,-0.02470437,-0.01942722,-0.02774240,-0.03087806,-0.03153109,-0.03229613,-0.03223361,-0.03508238,-0.03991415,-0.02657736,-0.02707817,-0.03804651,-0.02170643,-0.01630116,-0.03323886,-0.02793833,-0.01521633,-0.04338437,-0.01103018,-0.04129161,-0.00436674,0.00475389,-0.02871156,-0.00806118,-0.01119921,-0.02657510,-0.00718126,-0.02316650,-0.02763263,-0.02716833,-0.02402056,-0.02292911,-0.02271246,-0.02758511,-0.03322083,-0.03469647,-0.02757369,-0.01978552,-0.03269889,-0.03119420,-0.02726254,50,0.0248672605,0.1121202304,0.0872529699,11.4199623124,0.0061211690,0.0726886912,-0.0792265101,1.4499653455,2.23932569,2.21286283,-0.02646286,-3.46312280,0.03159520,-0.07117137,-0.00906500,1.03473507
29,0x1a4583000,0x197cd5000,13,13,1,185.44,0.0016596192,0.0016210075,0.0772801636,0.0759503604,0.0840352082,0.0827186064,0.0814727322,0.0815385450,0.0826852969,0.0826188595,0.0821305012,0.0825191126,0.0808160445,0.0780748114,0.0827186064,0.0834302916,0.0807509471,0.0786475515,0.0783611814,0.0775633161,0.0809136463,0.0805558323,0.0815714065,0.0819989654,0.0752103338,0.0817687552,0.0813082451,0.0803931331,0.0759503604,0.0775318833,0.0736420387,0.0829180094,0.0836991740,0.0737940105,0.0784884281,0.0762924463,0.0834638675,0.0802955313,0.0761369836,0.0774059805,0.0772172981,0.0829845376,0.0817358039,0.0788702548,0.0796996509,0.0817358039,0.0844398795,0.0807835402,0.0812753835,0.0807835402,0.04318450,0.04793524,-0.03159170,-0.02760099,-0.03524193,-0.01806191,-0.02206880,-0.04130521,-0.02808970,-0.02445716,-0.04027999,-0.02435853,-0.00406727,-0.03213836,-0.03098854,-0.03252226,-0.02794961,-0.03034631,-0.03522522,-0.03640863,-0.03746245,-0.03505153,-0.01922785,-0.02838409,-0.01682788,-0.02441453,-0.03636289,-0.04020908,-0.02263125,-0.03461432,-0.03533974,-0.01744986,-0.04179380,-0.03525210,-0.03734558,-0.04238068,-0.02810806,-0.02132810,-0.03268504,-0.04323023,-0.03282870,-0.03136176,-0.02588726,-0.02253703,-0.03021779,-0.02821115,-0.02924845,-0.03084496,-0.03079644,-0.02267191,50,0.0239177179,0.0974318337,0.0735141159,13.3060549748,0.0064177705,0.0596307020,-0.0635289808,1.3117839850,2.24418039,2.21986368,-0.02431670,-4.40132330,0.03536209,-0.05522691,-0.01487022,1.03265894
30,0x849d7000,0x18f017000,15,13,0,130.02,-0.0019101283,-0.0029607637,0.0941710670,0.0918651754,0.0935006779,0.0934262808,0.0921965925,0.0954396902,0.0925280096,0.0942460770,0.0941710670,0.0919020665,0.0927942608,0.0945464245,0.0955912424,0.0952881380,0.0920861201,0.0930173506,0.0954396902,0.0846637743,0.0875539194,0.0876247397,0.0961763983,0.0952502758,0.0974086934,0.0955155180,0.0930917477,0.0932775881,0.0932404403,0.0943211895,0.0902151130,0.0956670702,0.0934262808,0.0914073185,0.0964824665,0.0966354484,0.0943211895,0.0934635301,0.0954776558,0.0930173506,0.0859184934,0.0920125389,0.0907144863,0.0887032663,0.0921965925,0.0934635301,0.0955533802,0.0978333516,0.0935006779,0.0950228958,0.05493484,0.03951408,-0.01547399,-0.02298067,-0.00911008,-0.00716591,-0.02206845,-0.01165796,-0.02226311,-0.02505884,-0.01669519,-0.02067442,-0.01485894,-0.02014090,-0.01105176,-0.01867236,-0.01360757,-0.01072432,-0.00338823,-0.01656008,-0.01420178,-0.02882635,-0.00813655,-0.01779582,-0.00880848,-0.01318037,-0.01941189,-0.02136450,-0.01692479,-0.01459231,-0.03469371,-0.02689412,-0.01147528,-0.02263375,-0.00351088,-0.00981777,-0.01252170,-0.01107583,0.00502709,-0.02289830,-0.02629739,-0.01492495,-0.01529909,-0.02886779,-0.00756810,-0.01455168,-0.00788856,-0.01032113,-0.00700875,-0.00487070,50,0.0233242915,0.1115453903,0.0882210988,11.6655464935,0.0061619108,0.0718906740,-0.0685116693,1.3695942149,2.26223662,2.24776823,-0.01446839,-1.91110790,0.04162852,-0.03577630,-0.02305738,1.03405656
31,0x3ff260000,0x3b7af6000,5,5,1,185.45,-0.0086364418,-0.0021867351,0.0703569733,0.0775283945,0.0769493176,0.0756687950,0.0746203593,0.0703569733,0.0775956380,0.0710615381,0.0777972769,0.0699526513,0.0760634923,0.0722984617,0.0735067373,0.0679800652,0.0759319565,0.0797184120,0.0735711194,0.0755372592,0.0735067373,0.0689674253,0.0733137666,0.0737319429,0.0789118816,0.0720439685,0.0712503064,0.0757017463,0.0744576600,0.0735389722,0.0688751862,0.0702948222,0.0733137666,0.0753727720,0.0702948222,0.0783685258,0.0691211850,0.0748480672,0.0755372592,0.0742949608,0.0748480672,0.0691826217,0.0757017463,0.0759319565,0.0744901643,0.0699526513,0.0745877661,0.0774612427,0.0712818251,0.0742949608,0.03728899,0.04796913,-0.04707728,-0.03128808,-0.04736372,-0.03757804,-0.04773710,-0.03367956,-0.03734485,-0.03348978,-0.01661109,-0.00434821,-0.01314796,-0.01385766,-0.05552321,-0.05570086,-0.04114677,-0.03930739,-0.03381904,-0.02531012,-0.05329802,-0.03797998,-0.03164364,-0.04972198,-0.03632778,-0.03740604,-0.04936877,-0.02922532,-0.03833235,-0.03463431,-0.03362025,-0.05485014,-0.03102943,-0.02785661,-0.03283778,-0.03942782,-0.04127631,-0.02046570,-0.05541849,-0.04069220,0.05674463,-0.04706706,-0.04636269,-0.03347433,-0.04507025,-0.04201868,-0.04859157,-0.03872469,-0.05618361,-0.03965299,50,0.0251569025,0.0977466137,0.0725897112,13.1387377338,0.0064040766,0.0598106413,-0.0591174496,1.2680956588,2.24265172,2.21096236,-0.03168936,-5.73577360,0.04068536,-0.07761473,-0.00497065,1.04139825
32,0x3041cc000,0x1293af000,3,11,0,129.76,-0.0142215024,-0.0173359009,0.0820443534,0.0795412921,0.0854065038,0.0797686721,0.0791017140,0.0773856255,0.0783133915,0.0897349982,0.0819285184,0.0806956134,0.0784635140,0.0818513653,0.0805808509,0.0844424159,0.0817741068,0.0786887490,0.0809251384,0.0765287921,0.0796929478,0.0844424159,0.0799203278,0.0818127888,0.0830085522,0.0798823621,0.0774600225,0.0830865261,0.0773856255,0.0788764790,0.0806190702,0.0807339372,0.0819285184,0.0768234185,0.0769338909,0.0788389740,0.0770074721,0.0763815291,0.0783885040,0.0801097422,0.0784635140,0.0816968483,0.0787638615,0.0777946572,0.0788013665,0.0823918586,0.0829306847,0.0763815291,0.0820830354,0.0766392644,0.06661413,0.05664256,-0.00390531,-0.00645106,0.02191121,0.00661671,0.02794583,-0.00308817,0.02435430,0.03890932,0.01032791,0.01388918,0.01146737,0.01165836,0.00751177,0.02587128,0.00654595,0.00793639,0.01471309,-0.00905501,-0.00871994,-0.00791844,0.00964177,-0.00195555,0.00189000,-0.00656632,0.00159098,-0.00124234,0.00399604,0.00132349,-0.00344680,0.00109112,-0.00811291,0.00156891,-0.00085282,0.00604054,0.00143888,-0.00912698,-0.01011378,0.00974467,0.00667109,-0.00673026,-0.00877860,0.01506971,0.00703348,0.01580314,0.00854806,-0.01269294,0.00529892,-0.00004257,50,0.0264416708,0.1144470033,0.0880053325,11.6943336679,0.0069584168,0.0617215147,-0.0760114414,1.7759893367,2.24240649,2.23506707,-0.00733942,-0.97626507,0.08529411,-0.06881066,-0.02957313,1.04156588
33,0x3376c4000,0x3a9e9c000,3,5,0,127.09,-0.0232721556,0.0656067693,0.0696012788,0.0661383080,0.0576119761,0.0674027434,0.0662119897,0.0734520227,0.0653879697,0.0706819173,0.0718398143,0.0706819173,0.0665433063,0.0674770389,0.0674027434,0.0719942258,0.0694118644,0.0663592527,0.0652785699,0.0678116736,0.0666537786,0.0686332579,0.0685206404,0.0684455279,0.0704523922,0.0676257316,0.0653879697,0.0677745258,0.0672168014,0.0671424043,0.0699423489,0.0697906932,0.0714536272,0.0662119897,0.0705289354,0.0721486374,0.0698665210,0.0672911985,0.0683705179,0.0698665210,0.0685581454,0.0682954054,0.0718398143,0.0743564658,0.0674770389,0.0685206404,0.0688584928,0.0714923091,0.0661383080,0.0671052565,0.00774833,0.12028617,-0.04896245,-0.06595865,-0.06885613,-0.05538861,-0.05539982,-0.04741285,-0.05503242,-0.05140127,-0.03803767,-0.04983818,-0.04665352,-0.05193261,-0.03370939,-0.04718958,-0.04899337,-0.05448949,-0.05348103,-0.05772638,-0.05471192,-0.04115290,-0.03190687,-0.03714907,-0.05370574,-0.05097198,-0.05087223,-0.06542763,-0.06721260,-0.06348318,-0.05233308,-0.04808411,-0.03862692,-0.06298498,-0.04783999,-0.03830181,-0.03434445,-0.03615417,-0.04834379,-0.04287250,-0.03661069,-0.04500982,-0.05077157,-0.04907554,-0.04395985,-0.04787913,-0.06061954,-0.04930542,-0.05316683,-0.04968189,50,0.0252466770,0.1125919548,0.0873452777,11.4602574588,0.0063776835,0.0749210407,-0.0712934409,1.3029734831,2.25861728,2.24185241,-0.01676487,-2.19869169,0.05599630,-0.05166987,-0.02045912,1.03401924
34,0x1b6cd000,0x1064b000,9,9,1,185.50,-0.0118773166,-0.0129226070,0.0573743561,0.0584557431,0.0584557431,0.0606185283,0.0660583139,0.0604629806,0.0593833704,0.0583949378,0.0638304434,0.0623357978,0.0617627808,0.0658609653,0.0657622909,0.0632584879,0.0629085379,0.0636696198,0.0616055312,0.0613223787,0.0647813661,0.0540722621,0.0649114722,0.0616683967,0.0604940562,0.0681882265,0.0659267781,0.0626539578,0.0594448911,0.0592296107,0.0584861043,0.0608362270,0.0636696198,0.0626539578,0.0650415783,0.0581822436,0.0680201635,0.0659925011,0.0615425798,0.0592296107,0.0594756095,0.0586684373,0.0639269726,0.0619201164,0.0595371301,0.0573743561,0.0593833704,0.0658609653,0.0638626783,0.0638304434,0.02288622,0.02256844,0.10740753,-0.05251908,-0.04371651,-0.07417737,-0.06416151,-0.05666382,-0.06465476,-0.06172519,-0.04922928,-0.05720053,-0.05813704,-0.05345200,-0.05383650,-0.05205555,-0.05996542,-0.07371086,-0.05658992,-0.05999881,-0.06086724,-0.06694375,-0.04424457,-0.06430965,-0.05636298,-0.05217299,-0.05476567,-0.05829114,-0.06837208,-0.05663885,-0.06598013,-0.04759706,-0.05874086,-0.06861208,-0.05770923,-0.06045250,-0.05376287,-0.05591279,-0.05210055,-0.06582997,-0.05764214,-0.05908230,-0.06351398,-0.05432275,-0.05276592,-0.06401743,-0.06145686,-0.05803009,-0.04586390,-0.05999656,50,0.0276273928,0.0962407818,0.0686133890,12.4190234011,0.0067245611,0.0523328300,-0.0465952736,1.3347543923,2.24636568,2.20777754,-0.03858814,-6.98445316,0.03267121,-0.08346384,0.01501185,1.03539515
35,0xa7ccf000,0x869e3000,15,15,1,185.32,-0.0184854666,0.0572023386,0.0519580268,0.0495786164,0.0512802474,0.0606148382,0.0550091164,0.0532310305,0.0531992406,0.0580137707,0.0552043200,0.0573020854,0.0550417096,0.0550091164,0.0507204626,0.0584506243,0.0499782910,0.0499475726,0.0486205449,0.0575347979,0.0539613951,0.0558917241,0.0461617762,0.0561220241,0.0583834725,0.0562206984,0.0594308337,0.0569695353,0.0575347979,0.0561220241,0.0493018993,0.0562206984,0.0561220241,0.0484990173,0.0509070009,0.0510314730,0.0552368243,0.0528492038,0.0550417096,0.0541222186,0.0562206984,0.0582826531,0.0539291601,0.0542831299,0.0518636427,0.0519265941,0.0589547214,0.0552043200,0.0551067182,0.0529446605,0.00828403,0.11308175,-0.03649449,-0.05611221,-0.05202347,-0.06961169,-0.05622517,-0.04855800,-0.06043245,-0.05599411,-0.05366694,-0.05968782,-0.06461736,-0.04125878,-0.05092971,-0.04921868,-0.05748421,-0.05765078,-0.05580253,-0.05235679,-0.03800074,-0.06539563,-0.05997211,-0.05443999,-0.06424925,-0.04127500,-0.04220515,-0.05311070,-0.05190055,-0.04957461,-0.06994598,-0.04655643,-0.04588510,-0.06472128,-0.05338245,-0.05244692,-0.05538410,-0.05770551,-0.06059034,-0.06684034,-0.05654782,-0.05327126,-0.05795989,-0.06835545,-0.05627709,-0.06229637,-0.06604329,-0.06543807,-0.05033831,-0.07018457,50,0.0259423348,0.0968161370,0.0708738022,12.8380251857,0.0067021689,0.0540714758,-0.0498782492,1.4638986338,2.24443021,2.20976324,-0.03466697,-6.27884233,0.04092386,-0.07892950,0.00564333,1.03174500
36,0x20c5c3000,0x25f0af000,8,8,1,185.43,-0.0075253813,-0.0098383041,0.0659016908,0.0681631392,0.0681294716,0.0608111398,0.0588864054,0.0681631392,0.0595120429,0.0657701550,0.0646586771,0.0581571563,0.0576795586,0.0616118767,0.0604378934,0.0617691263,0.0624698340,0.0680623198,0.0634836213,0.0669486959,0.0648863850,0.0647562789,0.0636445326,0.0604378934,0.0636445326,0.0671481896,0.0669820053,0.0584002117,0.0659016908,0.0595120429,0.0682302910,0.0617691263,0.0661647625,0.0615804439,0.0595120429,0.0627562040,0.0603757422,0.0579748233,0.0605622805,0.0679950763,0.0624698340,0.0616433094,0.0616118767,0.0629470305,0.0660003652,0.0659674139,0.0638375911,0.0626607473,0.0637088269,0.0616748281,0.02716669,0.01353508,0.12290606,-0.03312810,-0.03556364,-0.03318018,-0.05375449,-0.02873242,-0.01658789,-0.04880316,-0.03097101,-0.03039146,-0.03234058,-0.04188417,-0.04907053,-0.01445936,-0.02588269,-0.00928922,-0.04449273,-0.00815774,-0.02191568,-0.02471914,-0.03329704,-0.02199831,-0.03187121,-0.01452882,-0.02275088,-0.04586484,-0.01566781,-0.02971601,-0.04357482,-0.04161552,-0.03344038,-0.04875609,-0.04869877,-0.05075148,-0.06505938,-0.06033489,-0.05288729,-0.04460941,-0.04050027,-0.05788339,-0.05356698,-0.04375029,-0.02402906,-0.04390550,-0.04536890,-0.05206659,-0.05247681,-0.04783983,50,0.0248857311,0.0975577796,0.0726720485,13.1585530935,0.0066628404,0.0543522206,-0.0633235387,1.5034779736,2.26512818,2.23274976,-0.03237842,-5.86273384,0.03866088,-0.08036071,0.00006771,1.03458901
37,0x197faa000,0xf110000,4,0,0,127.09,0.0079145878,0.0002197526,0.0845722137,0.0876683955,0.0846783958,0.0887476485,0.0902357875,0.0919853854,0.0899755500,0.0842536672,0.0901242426,0.0801137019,0.0820987701,0.0875954291,0.0912439267,0.0896780631,0.0848907602,0.0878871951,0.0909811867,0.0879236285,0.0825842134,0.0900126978,0.0822028072,0.0843598494,0.0897897095,0.0880694618,0.0909061767,0.0881424281,0.0878871951,0.0878142287,0.0877412624,0.0907559517,0.0907559517,0.0821681597,0.0896780631,0.0923263520,0.0892263286,0.0879236285,0.0820294752,0.0913190392,0.0837017612,0.0869140478,0.0855813497,0.0859031138,0.0846075755,0.0879600620,0.0881424281,0.0861176232,0.0853668403,0.0888581209,0.04521554,0.01363706,-0.01069332,-0.02862883,-0.02730069,-0.01962093,-0.01695298,-0.02078933,-0.00796026,-0.02953683,-0.01363669,-0.03010376,-0.02613495,-0.02842379,-0.01163922,-0.02685823,-0.02583326,-0.02305939,-0.02221731,-0.03034621,-0.03313879,-0.00098389,-0.02380568,-0.01568871,0.00439519,-0.00344260,0.00001935,-0.01276924,-0.01924251,-0.01094333,-0.00406614,-0.01872156,-0.01482916,-0.04317194,-0.04007137,-0.01458303,-0.01164054,-0.02057803,-0.03383273,-0.01315681,-0.03559017,-0.02359930,-0.02744769,-0.01880023,-0.03816432,-0.02669748,-0.02010099,-0.03128094,-0.02772109,0.00156330,50,0.0225047626,0.1102091032,0.0877043406,11.4843179962,0.0060055245,0.0760220397,-0.0726198459,1.2560933922,2.22794411,2.20980165,-0.01814246,-2.37519235,0.05927284,-0.05491843,-0.00822953,1.03371148
38,0x1a9554000,0x118009000,4,11,0,127.04,-0.0005469414,0.0016551509,0.0911046423,0.0836875073,0.0880845892,0.0887244550,0.0921463461,0.0922220704,0.0924115883,0.0935697380,0.0886139827,0.0880116228,0.0888349274,0.0836875073,0.0924873126,0.0827105265,0.0849809005,0.0836174979,0.0924494504,0.0923357604,0.0877563898,0.0911797548,0.0919946904,0.0922978983,0.0881574560,0.0879022230,0.0878293561,0.0899878179,0.0899878179,0.0880845892,0.0909920248,0.0913298773,0.0904711452,0.0902109077,0.0899878179,0.0900621135,0.0902480555,0.0902852032,0.0880845892,0.0922220704,0.0880845892,0.0876469900,0.0922220704,0.0913673823,0.0879022230,0.0880845892,0.0897275804,0.0876834234,0.0900249657,0.0886139827,0.03981534,0.04317060,-0.00838351,0.00033811,-0.01110731,0.01336151,0.00632509,0.00184241,-0.01420770,-0.00269691,0.00096177,-0.02022971,-0.01702019,-0.02883127,-0.00382851,-0.02746565,-0.02702566,-0.02315864,-0.02009858,-0.02397145,-0.03165010,-0.00766410,-0.00354087,-0.00650041,-0.01524851,-0.01042623,-0.02510502,-0.00953766,-0.01172529,-0.00818500,-0.00653715,-0.01374471,-0.01586919,-0.00910346,-0.01255340,-0.00333380,-0.01643162,-0.01062432,-0.02752938,-0.01011397,-0.01813845,-0.02257753,-0.00031462,-0.00434948,-0.00728147,-0.01703400,-0.01846673,-0.02163351,-0.00364992,-0.00689888,50,0.0257906278,0.1117033942,0.0859127664,11.2664808627,0.0106641507,0.0676669052,-0.0789013452,1.3796199671,2.22955435,2.21389534,-0.01565901,-2.05389239,0.03806131,-0.05317562,-0.02541006,1.03165353
39,0x3a6c6e000,0x3379f1000,5,10,0,127.10,-0.0080912173,-0.0200107823,0.0779836076,0.0782109876,0.0785519542,0.0759036653,0.0760896073,0.0757549727,0.0772443964,0.0771317789,0.0762011522,0.0749732507,0.0807168049,0.0774695289,0.0795579408,0.0775821464,0.0748995690,0.0783625398,0.0752309861,0.0740762644,0.0759036653,0.0747155154,0.0762011522,0.0773194064,0.0797491421,0.0803694052,0.0823312639,0.0778699176,0.0812927767,0.0817993412,0.0765729346,0.0762011522,0.0741856642,0.0757549727,0.0794431783,0.0760896073,0.0717712329,0.0759036653,0.0805623933,0.0768314314,0.0601501356,0.0738210313,0.0775071364,0.0776572589,0.0792136533,0.0789841282,0.0762755493,0.0772819014,0.0752309861,0.0819942227,0.05276150,0.04285813,0.00496897,-0.01195817,-0.02226373,-0.01202948,0.00438955,-0.01151401,-0.01270513,-0.02314750,-0.01811784,-0.02010453,0.00146081,-0.01302641,-0.00832653,-0.00388030,-0.02453381,-0.00637312,-0.00549621,-0.01697960,-0.03546283,-0.00971584,-0.03510728,-0.00505461,-0.00449418,0.00183468,0.00304173,-0.01537159,-0.00816080,-0.00355189,-0.01127352,-0.00824113,-0.01861813,0.00061616,-0.01462608,-0.00933063,-0.01363910,-0.00622252,-0.01665664,-0.01038185,-0.02081161,-0.01097996,-0.02366140,-0.01651291,-0.02042976,-0.01951741,-0.00438663,0.00466233,-0.02382416,-0.00909081,50,0.0247697692,0.1134297433,0.0886599740,11.6333025031,0.0076750616,0.0722305475,-0.0673645755,1.4333515503,2.24953061,2.24298620,-0.00654441,-0.85891726,0.04862888,-0.03685864,-0.01416713,1.02643466
40,0x38507a000,0x40263000,5,9,0,129.76,-0.0041495817,-0.0007552717,0.0910661264,0.0910292353,0.0918499934,0.0997171784,0.0962027596,0.0946512652,0.0987536975,0.0940450564,0.0918499934,0.0965887359,0.0975544708,0.0932664498,0.0996774220,0.0919986860,0.0920730831,0.0921102309,0.0950090411,0.0931538323,0.0940450564,0.0973985230,0.0940070908,0.0923333207,0.0954680912,0.0930787198,0.0944238852,0.0943481608,0.0907714999,0.0924077177,0.0955446343,0.0960096661,0.0970088663,0.0951239080,0.0930037098,0.0924077177,0.0964343243,0.0953916524,0.0956210730,0.0952003467,0.0955446343,0.0972426816,0.0920730831,0.0943102986,0.0931913373,0.0952385661,0.0973595893,0.0965115828,0.0924448655,0.0930037098,0.03445365,0.03772408,-0.01120290,-0.02953140,-0.02661171,-0.01011992,-0.02038997,-0.01311844,-0.00610031,-0.02858894,-0.02905934,-0.01392168,-0.02647907,0.00871885,0.00070976,-0.01290595,-0.01421801,-0.01512167,-0.00655715,0.00377910,0.00587894,-0.01402924,-0.03652703,-0.01179175,-0.01739535,-0.04049253,-0.00800603,-0.02449376,-0.02674574,-0.03380634,-0.01592126,-0.01979994,-0.02808128,-0.01757008,-0.01851101,-0.02495080,-0.01223067,-0.02573498,-0.01997534,-0.01853880,-0.01833733,-0.01741963,-0.01374494,-0.01837058,-0.01833256,-0.02274757,-0.01211661,-0.02380600,-0.03458839,-0.01691498,50,0.0242655795,0.1149702035,0.0907046240,12.0637149911,0.0086153064,0.0813759428,-0.0659689454,1.1519264269,2.26370557,2.24897180,-0.01473377,-1.95959190,0.03788599,-0.05126584,-0.00512536,1.03216325
41,0x8bbb2000,0x38bd36000,6,5,0,129.90,-0.0021042390,0.0021666258,0.0929655855,0.0953571018,0.0940465811,0.0914755488,0.0931157080,0.0953188824,0.0947832892,0.0937434767,0.0931157080,0.0929280804,0.0973287189,0.0929280804,0.0921819659,0.1003326405,0.0939328911,0.0963629840,0.0962858309,0.0970559699,0.0927779579,0.0960541608,0.0928529680,0.0927779579,0.0983706745,0.0971338374,0.0980954232,0.0954336450,0.0905826392,0.0941602711,0.0970169297,0.0951275767,0.0961699958,0.0947068504,0.0927779579,0.0938193045,0.0952041199,0.0948598323,0.0931157080,0.0937813389,0.0914011518,0.0958610673,0.0910981099,0.0938950289,0.0996897755,0.0928529680,0.0958610673,0.1037758742,0.0926653404,0.0897589764,0.02200721,0.04573012,-0.01635271,-0.01260146,-0.00840674,-0.01686520,-0.00178674,-0.01354921,0.00087900,-0.02576817,-0.01142551,-0.03093715,-0.01147785,-0.02814140,-0.02889117,-0.02006830,-0.01083219,-0.00502888,-0.02500638,-0.03128389,-0.01911818,-0.00734856,-0.00627084,-0.01408310,-0.00965054,-0.01493830,-0.01699911,-0.01261715,-0.01252443,-0.01746655,-0.01541357,0.00389033,-0.03479776,-0.01091451,-0.00799823,-0.01950781,-0.02361668,-0.00875178,-0.01119532,-0.01674686,-0.00916078,-0.01239733,-0.01240643,-0.02622018,-0.00473819,-0.00289378,-0.02091543,0.00162067,-0.00800541,-0.01054878,50,0.0249293037,0.1149722302,0.0900429265,11.9653473044,0.0066608637,0.0733625313,-0.0751850771,1.2979100096,2.21841479,2.20676681,-0.01164799,-1.54884473,0.03046671,-0.04024407,-0.00716741,1.03214986
42,0x214316000,0x206b7c000,1,1,1,185.31,0.0024427787,0.0056383111,0.0802540172,0.0846782508,0.0809685629,0.0748835313,0.0769811969,0.0749146069,0.0758698189,0.0793038088,0.0835628268,0.0781576825,0.0726918157,0.0752566928,0.0802210659,0.0801882044,0.0771085304,0.0749146069,0.0735568498,0.0759327703,0.0812345848,0.0778680947,0.0800237172,0.0723575109,0.0823809785,0.0792713045,0.0794990124,0.0805829017,0.0748524558,0.0782542117,0.0828850757,0.0800237172,0.0771403203,0.0749146069,0.0817000097,0.0775857270,0.0781576825,0.0773312337,0.0838345697,0.0813010222,0.0824817980,0.0802868787,0.0768221603,0.0738643692,0.0783828881,0.0776751241,0.0758069533,0.0746658325,0.0749457674,0.0780933882,0.02692804,0.05401956,-0.02226965,-0.03601598,-0.03671374,-0.05305572,-0.04005816,-0.06104434,-0.03869332,-0.04706138,-0.03899237,-0.03917940,-0.03909300,-0.05879238,-0.04319876,-0.04227281,-0.03789532,-0.06143723,-0.05926236,-0.05549866,-0.04665890,-0.03512741,-0.04158094,-0.03850700,-0.05176796,-0.05436938,-0.03863280,-0.04928204,-0.05311511,-0.04792299,-0.04405931,-0.05001152,-0.02953720,-0.06073312,-0.04827387,-0.04174247,-0.04853146,-0.04800128,-0.04041596,-0.02886203,-0.04376047,-0.04155734,-0.05180189,-0.05736186,-0.05338485,-0.03628458,-0.05762707,-0.05796629,-0.06649502,-0.04990480,50,0.0257236867,0.0973695835,0.0716458968,12.9730496905,0.0065614029,0.0635197996,-0.0703007548,1.4163520709,2.25429461,2.21058640,-0.04370821,-7.91361116,0.04569584,-0.09064166,0.00384702,1.03719456
43,0xa6c09000,0x2bcb5f000,15,14,0,129.94,-0.0012965862,-0.0002863454,0.0895098949,0.0950329641,0.0895098949,0.0876424193,0.0911746167,0.0931003870,0.0918248681,0.0960753841,0.0906667184,0.0960753841,0.0929072934,0.0967167100,0.0924826352,0.0945610434,0.0900982683,0.0929459754,0.0940678036,0.0950329641,0.0895098949,0.0922509651,0.0895098949,0.0980773566,0.0950329641,0.0945610434,0.0893597724,0.0883172436,0.0896976249,0.0893972774,0.0909698228,0.0945610434,0.0933274238,0.0918248681,0.0922509651,0.0971972113,0.0871637393,0.0937950545,0.0892847624,0.0947970037,0.0934832653,0.0938339883,0.0991983576,0.0926370468,0.0925598937,0.0948756930,0.0875319470,0.0903256483,0.0914424656,0.0936392131,0.02948301,0.05149009,0.00269002,0.00377641,-0.01312118,-0.00576349,-0.01461917,0.00027626,-0.02141346,0.00833826,-0.01491348,-0.00971779,-0.02695309,-0.01731617,-0.03342892,0.00518740,-0.02238232,-0.00118420,-0.02506518,0.00665592,-0.01832103,-0.01288783,-0.02264444,-0.01691247,-0.01454861,-0.02292627,-0.00941378,-0.02857391,-0.01803241,-0.02345029,-0.01687515,-0.01435606,-0.03975791,-0.03905600,-0.02262964,-0.03024726,-0.02512414,-0.00823675,-0.02024602,-0.02246425,-0.02469268,-0.01420386,-0.01010763,-0.01969590,-0.01376977,-0.01712542,-0.03467999,-0.01710449,-0.03877525,0.12504607,50,0.0250577082,0.1156095395,0.0905518313,12.0327445032,0.0076107482,0.0725725507,-0.0783196815,1.5494445459,2.26840504,2.25193236,-0.01647268,-2.18968270,0.04853239,-0.04568141,-0.01537404,1.03086951
44,0xa5001000,0x9a179000,15,15,1,185.49,-0.0201569583,0.0582973772,0.0594073355,0.0608505584,0.0564613435,0.0543000112,0.0630133325,0.0587527929,0.0607508115,0.0538956892,0.0565250102,0.0637171627,0.0608837771,0.0598020328,0.0607508115,0.0572845746,0.0620326731,0.0575098680,0.0597691713,0.0538023776,0.0568749602,0.0564613435,0.0607508115,0.0632170237,0.0615622436,0.0543000112,0.0575741623,0.0533422858,0.0637514530,0.0562067633,0.0540823124,0.0621671602,0.0566203800,0.0608505584,0.0598020328,0.0561749734,0.0543622472,0.0629114405,0.0564613435,0.0597033585,0.0629453736,0.0596704970,0.0594731483,0.0619655213,0.0584925807,0.0606842833,0.0595718227,0.0606842833,0.0615958195,0.0610499614,0.01388924,0.09579479,-0.04573115,-0.04083339,-0.06176875,-0.02679242,-0.05639863,-0.03855947,-0.05232750,-0.03895949,-0.05404047,0.00939901,-0.04684048,-0.01376299,-0.04930314,-0.05594725,-0.03830847,-0.04807645,-0.05313343,-0.06798531,-0.03363111,-0.05404419,-0.05183462,-0.03660260,-0.04199245,-0.04318391,-0.05419163,-0.07418393,-0.04351706,-0.05717261,-0.06708929,-0.04699093,-0.03813221,-0.03926359,-0.05380789,-0.04014711,-0.07111917,-0.05971217,-0.04975010,-0.04352044,-0.05125789,-0.05382832,-0.05865108,-0.04736517,-0.05166751,-0.04183142,-0.02562395,-0.03521885,-0.05250266,-0.03979735,50,0.0256208224,0.0988868042,0.0732659818,13.2662858837,0.0058658839,0.0565287840,-0.0665188376,1.4804072473,2.24180694,2.20732240,-0.03448455,-6.24383135,0.03862561,-0.08239529,-0.00828885,1.03873647
45,0x7e798000,0x7b70a000,0,0,1,185.48,-0.0057253680,-0.0024919343,0.0805328404,0.0829268962,0.0818462245,0.0816445857,0.0740326745,0.0788970148,0.0819134681,0.0741882222,0.0785717051,0.0809317371,0.0783765016,0.0799150913,0.0818126486,0.0751104858,0.0807987715,0.0818126486,0.0812964422,0.0796520196,0.0807987715,0.0821150152,0.0752363886,0.0794217197,0.0731701327,0.0821486828,0.0807987715,0.0743437698,0.0772660972,0.0840418693,0.0719682905,0.0743748454,0.0808320810,0.0748102430,0.0754251569,0.0794546710,0.0794217197,0.0753936382,0.0810314840,0.0796848811,0.0808985184,0.0775556849,0.0807323341,0.0806658060,0.0821486828,0.0767292362,0.0725152065,0.0757082234,0.0796520196,0.0818798004,0.04209214,0.03508449,-0.01157897,-0.02841956,-0.02208406,-0.03735853,-0.01953585,-0.00634885,-0.00736491,-0.03920964,-0.03055773,-0.02803556,-0.05023433,-0.03664271,-0.02655577,-0.02538414,-0.02983768,-0.02698111,-0.04161301,-0.03057946,-0.03510512,-0.03647089,-0.02441449,-0.03906108,-0.04466774,-0.03174236,-0.03896519,-0.04094613,-0.03500229,-0.03452676,-0.03894567,-0.04918692,-0.00843946,-0.04214501,-0.03701290,-0.02825765,-0.04137672,-0.02257788,-0.02893661,-0.03372848,-0.04149322,-0.00703533,-0.02388683,-0.03029963,0.00335983,-0.03913551,-0.02618998,-0.03859352,-0.02238842,-0.03316414,50,0.0223630785,0.0979023637,0.0755392852,13.6124273667,0.0062771129,0.0667792042,-0.0618675972,1.1852895218,2.24268121,2.21045780,-0.03222341,-5.80552603,0.04505922,-0.06238337,0.00133039,1.03276164
46,0x23c2dd000,0x3a1210000,8,5,0,127.06,0.0046748916,-0.0062154722,0.0878758805,0.0912358859,0.0857116777,0.0868302014,0.0877654082,0.0853867945,0.0865385350,0.0903028677,0.0909706437,0.0911600581,0.0908190915,0.0875445640,0.0886977112,0.0878390899,0.0818340678,0.0889208009,0.0899275102,0.0889950965,0.0889208009,0.0882143839,0.0852783686,0.0853506197,0.0845581271,0.0898900052,0.0919747390,0.0944854189,0.0857839287,0.0889579487,0.0880600346,0.0894020302,0.0810365133,0.0900401277,0.0860366595,0.0885861663,0.0913117137,0.0885117692,0.0891066414,0.0858200050,0.0898148927,0.0895896577,0.0886605634,0.0900401277,0.0890323458,0.0854950232,0.0908190915,0.0909706437,0.0866843682,0.0879863529,0.03977348,0.03576082,-0.00529042,-0.01807881,-0.02152799,-0.03975292,-0.01809192,-0.02109306,-0.02379529,-0.01851310,-0.01608358,-0.02229808,-0.01879952,-0.02549202,-0.02803205,-0.03139475,-0.02643831,-0.02161096,-0.02518994,-0.02106330,-0.01531532,-0.01329281,-0.01346172,-0.02117146,-0.03302648,-0.01255436,-0.01768437,-0.01350473,-0.01902772,-0.03354188,-0.02256619,-0.01495126,-0.02280265,-0.03748002,-0.02529793,-0.02310263,-0.02230595,-0.02799531,-0.02961098,-0.02398641,-0.01481583,-0.02318805,-0.02986825,-0.01335904,-0.02308778,-0.02544179,-0.02932942,-0.01886426,-0.02225315,-0.03847900,50,0.0248314694,0.1115977091,0.0867662397,11.3782504440,0.0065980956,0.0664059123,-0.0737568950,1.3587795798,2.25285787,2.23728280,-0.01557506,-2.04227305,0.03340003,-0.05408737,-0.01127057,1.03128444
47,0x107c33000,0x3933c8000,11,5,0,129.71,-0.0011213389,0.0009502823,0.0906524478,0.0919236766,0.0941261432,0.0942041171,0.0915793890,0.0918471335,0.0919618960,0.0929281291,0.0918471335,0.0908419656,0.0893097847,0.0909556557,0.0895350197,0.0980910435,0.0930053876,0.0905008956,0.0930053876,0.0881207085,0.0959728779,0.0906524478,0.0908041035,0.0948149799,0.0938923279,0.0917323709,0.0887155806,0.0896851422,0.0939703018,0.0920001154,0.0908419656,0.0883437982,0.0914264072,0.0877071942,0.0942041171,0.0940872094,0.0941650770,0.0949329601,0.0893472897,0.0909176900,0.0935417112,0.0892722797,0.0872653048,0.0892722797,0.0908041035,0.0931597992,0.0951296295,0.0867337661,0.0894600096,0.0940482757,-0.00199169,0.05177839,-0.02822452,-0.02229905,-0.01162420,-0.02687285,-0.01911934,-0.02357294,-0.03223482,-0.03269533,-0.03793564,-0.03376114,-0.02703397,-0.03143553,-0.02940363,-0.02361592,-0.02617403,-0.03170506,-0.01726575,-0.02971448,-0.03005961,-0.02161818,-0.03647766,-0.01803224,-0.04215849,-0.02723181,-0.02060510,-0.01734740,-0.03512752,-0.01016464,-0.02600305,-0.01996494,-0.02461493,-0.01210521,-0.02402542,-0.02303184,-0.02539290,-0.02249812,-0.00411207,-0.01957466,-0.01046961,-0.01346541,-0.01559813,-0.02204541,-0.01984365,-0.01313172,-0.00006717,-0.03138154,-0.02382528,-0.01205651,50,0.0253321248,0.1156699428,0.0903378180,12.0044281921,0.0079181026,0.0764689374,-0.0759978573,1.3932332867,2.26225043,2.24988069,-0.01236975,-1.64497465,0.03040099,-0.04404794,-0.00567634,1.03288237
48,0x17e52000,0x393f2000,0,0,1,185.36,0.0041098940,0.0007992369,0.0836988515,0.0767229891,0.0821424246,0.0761881169,0.0826549733,0.0751725418,0.0828902798,0.0753902405,0.0772977939,0.0836649184,0.0786655511,0.0791481094,0.0819429309,0.0775841640,0.0818431840,0.0786011690,0.0743400029,0.0740324834,0.0840384605,0.0819097122,0.0783115812,0.0813216070,0.0810913968,0.0775841640,0.0840384605,0.0794541327,0.0795517345,0.0810585353,0.0836988515,0.0806966995,0.0817434371,0.0732586158,0.0808611867,0.0829574316,0.0808940482,0.0806638380,0.0797143450,0.0807953738,0.0753280894,0.0840724863,0.0744629603,0.0829910992,0.0828230363,0.0810585353,0.0817434371,0.0816104716,0.0806638380,0.0734408659,0.04738112,0.02249581,-0.03811289,-0.05965882,-0.03929614,-0.03232755,-0.03980853,-0.03902596,-0.05244200,-0.05649263,-0.05129693,-0.04997800,-0.05822321,-0.05250296,-0.05682811,-0.05234597,-0.06030921,-0.04915824,-0.05443394,-0.05377291,-0.04269393,-0.03811851,-0.06820104,-0.04194493,-0.05779945,-0.05870521,-0.04632349,-0.05991726,-0.06402296,-0.05623323,-0.04875108,-0.05584274,-0.05698912,-0.05878621,-0.05937147,-0.04435521,-0.06248074,-0.06212150,-0.05196068,-0.03751524,-0.05489397,-0.04951859,-0.03124089,-0.05124258,-0.03800402,-0.05726696,-0.04482379,-0.05820812,-0.05802654,-0.07547926,50,0.0250978264,0.0981449398,0.0730471133,13.1636886249,0.0063243215,0.0621811945,-0.0606955035,1.2447728461,2.23890630,2.19687205,-0.04203424,-7.57487177,0.03980990,-0.07682972,0.00786593,1.03125849
49,0xa73e8000,0x29dad4000,6,7,0,129.81,-0.0013495028,-0.0067467783,0.0957158417,0.0960946705,0.0903935593,0.0979892746,0.1003066100,0.0925895482,0.0959810839,0.0971006571,0.0947871126,0.1013482073,0.0947495052,0.1002279207,0.0969476752,0.0959431183,0.0968711321,0.0992641899,0.0939297089,0.0931489963,0.0957537039,0.0938554133,0.1002279207,0.0937810162,0.0954504961,0.1004244828,0.0962463262,0.0989525071,0.0937810162,0.0981051096,0.0987228613,0.0957158417,0.1053023825,0.0950498527,0.1014276119,0.0966798264,0.1002672117,0.0995758728,0.0968329127,0.0957158417,0.0938554133,0.1003851918,0.0937438685,0.0979892746,0.0991862160,0.0935580280,0.0982595212,0.0922024131,0.0956778761,0.0962841883,0.04555334,0.04120855,-0.02723992,-0.00151769,-0.01473117,-0.00080618,-0.00716687,-0.02322711,-0.01573296,-0.01542009,0.00257622,-0.00170816,0.00512234,-0.01115261,-0.00212369,-0.02483328,-0.00607643,-0.01910421,0.00142040,-0.02860408,-0.02461232,-0.00793914,-0.00389007,-0.02847473,-0.01606112,-0.02177528,-0.03366780,-0.02131433,-0.02261633,-0.00446606,-0.01451484,-0.03370580,-0.01042191,-0.01514934,-0.02045747,-0.02094688,-0.02158060,-0.00347153,-0.02723558,-0.01785497,-0.02596052,-0.03095866,-0.00822662,-0.02112042,-0.02362732,-0.02850526,-0.00679109,-0.02091152,-0.01868422,-0.01574335,50,0.0257152836,0.1151105463,0.0893952628,11.8791114638,0.0070528763,0.0669323663,-0.0778600700,1.6194189020,2.24969389,2.23469928,-0.01499462,-1.99358315,0.03637021,-0.05545553,-0.02104834,1.03759503
50,0x3a5e28000,0x23c952000,5,1,0,127.09,0.0007451743,-0.0024786075,0.0924522006,0.0902936724,0.0921518531,0.0939103416,0.0916331187,0.0905514078,0.0892872863,0.0856935089,0.0861535994,0.0892144194,0.0893966861,0.0895425193,0.0935314093,0.0916331187,0.0912984841,0.0916331187,0.0938345137,0.0933797537,0.0883879193,0.0909267017,0.0935314093,0.0824643755,0.0935314093,0.0940618938,0.0895790522,0.0916331187,0.0817616177,0.0902199907,0.0907723525,0.0913728812,0.0912984841,0.0903672536,0.0954520707,0.0886045738,0.0959600735,0.0924522006,0.0922644706,0.0950695638,0.0951078876,0.0915587217,0.0934555815,0.0916702665,0.0912240870,0.0904409354,0.0936071337,0.0921894606,0.0958056619,0.0917074143,0.05341304,0.04401350,-0.00301399,-0.00466332,-0.00078963,-0.01892773,-0.00989042,-0.01887713,-0.00617952,-0.01938678,-0.01831418,-0.01583218,-0.00824796,-0.00933511,0.00533203,-0.00486783,-0.00632694,-0.03414702,0.00469094,-0.01532181,-0.03140400,-0.00542613,-0.02316140,-0.00491523,0.00131285,-0.00181577,-0.01692488,-0.01024514,-0.02744384,-0.01230918,-0.01360961,-0.00274165,-0.02025470,-0.02621144,-0.00445543,-0.01552802,-0.00687389,-0.00656928,-0.01876925,-0.00429813,-0.01785801,-0.01954304,-0.00059281,-0.00329367,-0.00779162,-0.01707672,-0.01202606,-0.00497652,-0.00760326,-0.01102025,50,0.0230382801,0.1120170956,0.0889788155,11.6800990365,0.0061165392,0.0865020942,-0.0661658412,1.1517170148,2.26020256,2.24446163,-0.01574094,-2.06840968,0.03618532,-0.05589513,-0.01647082,1.03845092
51,0xdf572000,0x393b09000,6,12,0,129.70,0.0003388895,0.0014556628,0.0896921636,0.0973991098,0.0931929966,0.0933825144,0.0935719288,0.0896553730,0.0953549879,0.0908822019,0.0973991098,0.0924873585,0.0973991098,0.0920744960,0.0911424394,0.0980822267,0.0899131083,0.0971238585,0.0964360943,0.0973991098,0.0931551344,0.0921496084,0.0922621235,0.0887230257,0.0897658453,0.0919618785,0.0930414444,0.0946564992,0.0900603713,0.0895816912,0.0900235806,0.0945035173,0.0919243735,0.0897290547,0.0976743611,0.0921871135,0.0940062478,0.0941592297,0.0916991385,0.0921871135,0.0943123161,0.0960075038,0.0955866580,0.0931929966,0.0986774902,0.0941592297,0.0879684194,0.0939680285,0.0987171383,0.0943123161,0.05442744,0.04125540,-0.01252919,0.01100384,0.00779741,0.00575185,0.00450352,0.00798149,-0.00093551,-0.00563766,0.00727602,0.00216172,0.00874089,-0.00127164,-0.01937922,0.00962482,-0.01461314,0.01006983,-0.00482651,0.00431119,0.00561093,-0.00411678,0.02309184,0.00187865,0.03398186,-0.00340281,0.00401371,0.00880231,-0.00007007,0.01849373,0.00443005,0.00975068,-0.00318426,0.02062477,0.00712133,0.01602970,-0.00923465,-0.00325901,0.01866405,0.00559311,0.00175146,0.00253457,0.00708791,-0.00116622,0.01234212,0.00553831,-0.02019201,0.02279437,0.01073077,0.00263382,50,0.0264674141,0.1148641855,0.0883967714,11.7413487445,0.0070465633,0.0686045939,-0.0808959159,1.5030121951,2.23680393,2.23007496,-0.00672897,-0.89621910,0.03309112,-0.04782926,-0.02627840,1.04003671
52,0x2131c5000,0x2ec6f5000,8,14,0,127.08,-0.0032679358,0.0011627123,0.0899043095,0.0850353622,0.0894953793,0.0854286620,0.0839221892,0.0825995112,0.0833001782,0.0930008606,0.0849996432,0.0883424887,0.0919191496,0.0909124486,0.0887843782,0.0872639511,0.0896812197,0.0891893765,0.0917675974,0.0883793799,0.0856788905,0.0885266428,0.0864381663,0.0873733509,0.0872275177,0.0841699153,0.0916539074,0.0935033964,0.0867631481,0.0919948740,0.0827396255,0.0928860981,0.0842760975,0.0928095549,0.0853929430,0.0894209822,0.0899787065,0.0936578080,0.0871909847,0.0872639511,0.0885634335,0.0916539074,0.0936964899,0.0895325270,0.0919191496,0.0936964899,0.0827396255,0.0866187446,0.0886739058,0.0915780796,0.02373744,0.03974922,-0.00546291,-0.02968320,-0.00518282,-0.03823760,-0.02534216,-0.02686582,-0.00959754,-0.01792870,-0.02131176,-0.02894058,-0.00616174,-0.03648959,-0.00666080,-0.02511851,-0.00936610,-0.03330023,-0.02171133,-0.03018124,-0.03159618,-0.02408034,-0.01996357,-0.05127513,-0.02943092,-0.02515521,-0.03907092,-0.01219773,-0.02925797,-0.02442930,-0.03012526,-0.01385067,-0.03375498,-0.03848755,-0.03087421,-0.02418009,-0.02341151,-0.02015356,-0.04265699,-0.03154783,-0.01711994,-0.03241511,-0.03316983,-0.03235971,-0.02791658,-0.01663077,-0.03662029,-0.03912878,-0.02276325,-0.02967250,50,0.0254425797,0.1107990329,0.0853564532,11.1993319712,0.0083958876,0.0699749563,-0.0721049035,1.4313969092,2.23172915,2.20499216,-0.02673699,-3.50717545,0.08693243,-0.06543805,-0.00791437,1.03260002
53,0x27208000,0x27422000,0,0,1,185.47,-0.0002537169,0.0008512447,0.0711799902,0.0718216895,0.0763602761,0.0742654599,0.0711799902,0.0700056386,0.0688334433,0.0775064034,0.0764918119,0.0710245275,0.0689550539,0.0764260889,0.0748445475,0.0729623552,0.0754433762,0.0755083848,0.0755083848,0.0710245275,0.0688638874,0.0751505708,0.0698826812,0.0785867179,0.0719475064,0.0686511103,0.0765247632,0.0742010778,0.0689550539,0.0770180451,0.0745871947,0.0777058064,0.0770180451,0.0688638874,0.0787882650,0.0699749203,0.0721048420,0.0765904862,0.0711799902,0.0728669854,0.0754433762,0.0784186549,0.0763602761,0.0776061502,0.0686511103,0.0719475064,0.0760642531,0.0764260889,0.0677234829,0.0712110658,0.03320251,0.05542576,-0.01782394,-0.03477317,-0.01158158,-0.04146098,-0.03719285,-0.02723351,-0.01554933,-0.00677405,-0.01974180,-0.03024444,-0.03552607,-0.00153988,-0.01921722,-0.02851122,-0.02366721,-0.00360396,-0.00533517,-0.03229757,-0.02899923,-0.01361864,-0.02275821,-0.01680687,0.00379310,-0.01662377,0.00766282,-0.02020364,-0.01096058,-0.01944763,-0.01945891,-0.02598269,-0.02274162,-0.03144372,-0.03390553,-0.02671751,-0.03157998,-0.02288147,-0.01700984,-0.02685420,-0.00779145,-0.01767730,-0.02581153,-0.00830590,-0.02646570,-0.01152225,-0.01828479,0.10681449,-0.03323547,-0.02537579,50,0.0272107698,0.0959724686,0.0687616988,12.3867257971,0.0067991390,0.0557816575,-0.0553257134,1.1678984079,2.25443149,2.22088748,-0.03354401,-6.04390250,0.05203820,-0.06789471,0.00728318,1.02539452
54,0x3fe78f000,0x3a17cd000,12,12,1,185.41,-0.0180050041,-0.0159619854,0.0618764005,0.0583769449,0.0608285904,0.0555790047,0.0576809604,0.0610917518,0.0599102607,0.0585378562,0.0556723163,0.0618764005,0.0556723163,0.0566303028,0.0630243157,0.0576173805,0.0615439412,0.0618431818,0.0586022383,0.0640038108,0.0632595305,0.0617766536,0.0561270352,0.0596174554,0.0629234963,0.0617766536,0.0578400838,0.0544653745,0.0608944032,0.0616436881,0.0607957288,0.0556723163,0.0551124467,0.0618431818,0.0567562056,0.0598126589,0.0565044859,0.0552990699,0.0595849510,0.0626881898,0.0630243157,0.0629234963,0.0529575275,0.0627554334,0.0573628004,0.0607628673,0.0608615417,0.0553613059,0.0621756412,0.0532918323,0.01879048,0.00702468,0.11055975,-0.05304308,-0.04386914,-0.04768971,-0.05248076,-0.05808120,-0.05729176,-0.06668911,-0.05884552,-0.03811652,-0.05716153,-0.05880139,-0.06290179,-0.05005005,-0.04432459,-0.04174885,-0.04861045,-0.05016378,-0.03359870,-0.04572814,-0.04507780,-0.04648295,-0.03795138,-0.03100529,-0.03824237,-0.03376242,-0.03795578,-0.02703664,-0.05552709,-0.04098231,-0.05748794,-0.03908472,-0.05844967,-0.03759613,-0.05725910,-0.04755723,-0.04778778,-0.03692982,-0.04708822,-0.03800037,-0.06205933,-0.03970843,-0.05622285,-0.05037402,-0.04451250,-0.05060440,-0.05774064,-0.06365447,50,0.0235788325,0.0979115102,0.0743326776,13.4594926834,0.0061499556,0.0649526827,-0.0582615846,1.3341232491,2.25670072,2.22137031,-0.03533041,-6.39600004,0.08625025,-0.06946019,0.00843813,1.03335597
55,0x28737a000,0xf550000,7,0,0,129.78,0.0041256331,0.0051355166,0.1012753358,0.0925955041,0.0934503029,0.0891390138,0.0943765288,0.0984629717,0.0933752929,0.0989573914,0.0934503029,0.0937506504,0.0935254154,0.0934127979,0.0922981188,0.0945660466,0.0912210550,0.0947175988,0.0917733163,0.0949449788,0.0990752642,0.0935254154,0.0957207260,0.0928185938,0.0963326536,0.0977225920,0.0946039088,0.0916997351,0.0914787903,0.0960266898,0.0914787903,0.0922237217,0.0917733163,0.0950207032,0.0967223191,0.0943887479,0.0926327534,0.0956058591,0.0956824022,0.0950965310,0.0947934266,0.0972242358,0.0947175988,0.0936380329,0.0961414524,0.0929301387,0.0961796717,0.0959501467,0.0929301387,0.0929301387,0.05468067,0.03417576,0.00757491,-0.02134244,-0.01074976,-0.01586895,0.00226965,0.02061997,-0.01586604,-0.00376758,-0.02338177,0.00142537,-0.02237057,-0.00963431,-0.02650865,-0.00147364,-0.03258161,-0.03060322,-0.02585878,-0.01736592,-0.01982404,-0.00832276,-0.01817923,0.00403376,-0.01550360,0.00200027,-0.02071407,-0.03459375,-0.02210666,-0.01162576,-0.02640484,-0.02586796,-0.02926815,-0.01278727,-0.02082545,-0.00871768,-0.01023794,-0.01346278,-0.00758147,-0.01256013,-0.02618430,-0.00882621,-0.00600398,-0.01974125,-0.00317821,-0.01975578,-0.02492884,-0.01562302,-0.01234208,-0.01384798,50,0.0218471020,0.1138154197,0.0919683176,12.2256293524,0.0066693613,0.0910043462,-0.0068542675,1.1571172341,2.22888103,2.21712199,-0.01175904,-1.56345579,0.08094050,-0.04185607,-0.02375970,1.03118213
56,0x29ff29000,0x20d6dd000,14,8,0,127.06,-0.0065122706,0.0020944912,0.0925734039,0.0897372362,0.0959599350,0.0902719703,0.0926478010,0.0925362562,0.0917534617,0.0865971020,0.0922760186,0.0884766905,0.0930567312,0.0925734039,0.0922689324,0.0893400034,0.0906001697,0.0929080386,0.0938015175,0.0916429893,0.0942894925,0.0949185884,0.0918270429,0.0843970956,0.0950701406,0.0938015175,0.0928337430,0.0907095695,0.0914956258,0.0939516400,0.0932055254,0.0854449067,0.0961129169,0.0904543365,0.0887627356,0.0938015175,0.0895928327,0.0853756118,0.0892678509,0.0908189693,0.0927221981,0.0954112107,0.0963041182,0.0898455635,0.0914956258,0.0918639341,0.0936889000,0.0921216694,0.0950322784,0.0952975207,0.02309566,0.02816578,-0.01582586,-0.01466664,-0.00875814,-0.02691236,-0.02905207,-0.01729549,-0.02014917,-0.02373251,0.00487455,-0.02356209,0.01576956,-0.02339534,-0.02415384,-0.01686673,-0.01606301,-0.00626317,-0.01721725,-0.00425322,-0.00805094,-0.00488445,-0.01690743,-0.01616230,-0.00444440,-0.02659822,-0.02572070,-0.02750949,-0.01537668,-0.01454404,-0.01647368,-0.03542502,-0.02071966,-0.02846386,-0.02051238,-0.00547128,-0.01640131,-0.02604629,-0.02450137,-0.03019455,-0.01395264,-0.00444118,-0.01323576,-0.01824403,-0.02410362,-0.02892457,-0.02442432,-0.02388231,-0.01911367,-0.02183049,50,0.0259449380,0.1108632011,0.0849182631,11.1363285736,0.0064343643,0.0665499752,-0.0715292233,1.3442941858,2.25271440,2.22759754,-0.02511686,-3.29291141,0.07302547,-0.06076528,0.00058666,1.02754765
57,0x118ae4000,0xb7f07000,2,15,0,127.06,0.0021656433,-0.0064282557,0.0863100820,0.0854477642,0.0915896278,0.0930149110,0.0876835037,0.0947051997,0.0885792728,0.0875730314,0.0919339154,0.0932080045,0.0884305801,0.0890254523,0.0872416143,0.0906635053,0.0925516762,0.0927833463,0.0865287820,0.0896218016,0.0883561830,0.0907771953,0.0885049772,0.0910044719,0.0929763345,0.0899220466,0.0829671489,0.0862735490,0.0896218016,0.0933624161,0.0830734277,0.0911939897,0.0893215565,0.0862735490,0.0877570850,0.0866746153,0.0888767596,0.0886536699,0.0886165221,0.0817492234,0.0851950335,0.0873889778,0.0884305801,0.0874625590,0.0917809335,0.0916661709,0.0899220466,0.0885792728,0.0898845416,0.0888023625,0.05902986,0.02749740,-0.01389393,0.01493837,-0.01787912,-0.01455306,-0.02361234,-0.02117268,-0.01779595,-0.01867212,-0.01116105,-0.00536968,-0.03647557,-0.02181700,-0.00946915,-0.02922857,-0.01265055,-0.01864968,-0.02300671,-0.02270680,-0.01988293,-0.01239506,-0.01623232,-0.01071567,-0.01192917,-0.01847324,-0.01952189,-0.01148634,-0.03168560,-0.01604143,-0.02733266,-0.01627953,-0.03849896,-0.03118017,-0.01418081,-0.01822220,-0.00822199,-0.02012116,-0.01385746,-0.03752647,-0.01828067,-0.00701226,-0.02457436,-0.02040813,-0.02558447,-0.01068434,-0.02843833,-0.02827730,-0.01154405,-0.02522543,50,0.0248402824,0.1122889106,0.0874486282,11.4797382710,0.0063812458,0.0799217865,-0.0648017757,1.1741069004,2.26064093,2.23846035,-0.02218058,-2.91129580,0.08035084,-0.05491950,-0.00922264,1.03753188
58,0x123031000,0x35eeac000,11,3,0,129.72,0.0005601797,-0.0059753327,0.0946955573,0.0955805989,0.0904436126,0.0921111938,0.0922642801,0.0957772683,0.0889521461,0.0925320245,0.0921877370,0.0920347551,0.0901058626,0.0893610763,0.0934979005,0.0956592882,0.0915260379,0.0892123837,0.0935364770,0.0899181326,0.0907303113,0.0925702439,0.0957379774,0.0893610763,0.0924554814,0.0958952485,0.0919582119,0.0888777491,0.0950300963,0.0948124650,0.0888777491,0.0979408011,0.0924938052,0.0959345394,0.0914124514,0.0909955535,0.0921877370,0.0958165593,0.0904812201,0.0900307501,0.0812984561,0.0943838745,0.0958165593,0.0952660567,0.0911092435,0.0878736527,0.0967399266,0.0923407189,0.0936523121,0.0903686026,0.03322104,0.02713105,-0.02902101,-0.01643404,-0.00848862,-0.01593463,-0.02827147,-0.01638616,-0.02333064,-0.02034422,-0.02573630,-0.02085800,-0.01699862,-0.01806391,-0.02406601,-0.00676610,-0.02357953,-0.03496788,-0.01519547,-0.01872541,-0.04529444,-0.00571586,-0.01976868,-0.01806170,-0.02859807,-0.02573770,-0.02825883,-0.01487209,-0.02506217,-0.01947283,-0.02012368,-0.02089536,-0.02316258,-0.00441796,-0.02112601,-0.00234682,-0.02697131,0.00756931,-0.00654210,-0.00281334,-0.02824867,-0.00435186,-0.02603687,-0.00329781,-0.01774142,-0.01027504,-0.00985719,0.00269851,-0.02020741,-0.00186739,50,0.0254633876,0.1149140667,0.0894506791,11.8811234892,0.0066909964,0.0742261766,-0.0915513756,1.2384981952,2.23190178,2.21935304,-0.01254874,-1.66734492,0.03939099,-0.04668446,-0.01839159,1.02934568
59,0x22649b000,0x35f50d000,8,10,0,127.10,-0.0029823079,0.0002350386,0.0929125199,0.0842550032,0.0928746577,0.0879206855,0.0878484344,0.0942581468,0.0920599768,0.0899737016,0.0864456304,0.0946788731,0.0897527569,0.0892576516,0.0889294522,0.0903419093,0.0868389302,0.0956472513,0.0912030327,0.0921725943,0.0949909230,0.0901946463,0.0929504855,0.0834896715,0.0952225931,0.0876318785,0.0908312503,0.0898632292,0.0896790751,0.0927731868,0.0900841739,0.0865171660,0.0912030327,0.0923978293,0.0907568532,0.0912401805,0.0906081606,0.0944875674,0.0944493481,0.0886377858,0.0879567617,0.0908684996,0.0929883477,0.0939902980,0.0930641755,0.0923978293,0.0852970954,0.0908312503,0.0842900079,0.0896422845,0.03500643,0.05213666,-0.02256614,-0.01939587,-0.01463951,-0.03741096,-0.02942079,-0.02683686,-0.03212470,-0.02940310,-0.03645346,-0.02556696,-0.04305420,-0.01762606,-0.02868980,-0.03055648,-0.04210484,-0.02906615,-0.02733399,-0.03993426,-0.02799279,-0.02887184,-0.03155995,-0.04263693,-0.01947987,-0.03907309,-0.02981342,-0.03744669,-0.01574749,-0.01781280,-0.04575871,-0.03053088,-0.04160664,-0.01971441,-0.03531002,-0.04036131,-0.02038274,-0.02371622,-0.02594462,-0.03729563,-0.03096857,-0.02181184,-0.01392775,-0.03099374,-0.02829645,-0.03315521,-0.02432713,-0.03110577,-0.02998864,-0.02889102,50,0.0233164369,0.1114502714,0.0881338346,11.5691760585,0.0061687280,0.0824754935,-0.0604531052,1.1441509316,2.24919110,2.22854355,-0.02064755,-2.71110209,0.03914941,-0.06160346,-0.00889489,1.03266551
60,0x28e77c000,0x186bab000,7,13,0,129.78,-0.0000491595,0.0022437431,0.0959780200,0.0942331793,0.0947096506,0.1026532735,0.0973656947,0.0919202384,0.0901824415,0.0972498597,0.0982526350,0.0921779737,0.0940079443,0.0970568716,0.0930015922,0.0994899366,0.0969409311,0.0926297083,0.0938203168,0.0990180159,0.0994899366,0.0971726012,0.0964369657,0.0960544587,0.0992539763,0.0972498597,0.0962839838,0.0974042713,0.0939328318,0.0959396962,0.0917360843,0.1005315340,0.0959014768,0.0940454493,0.0917360843,0.0983306089,0.0942706843,0.0942331793,0.0932245804,0.0998044789,0.0919570290,0.0982916751,0.0972498597,0.0940830568,0.0973656947,0.0994112474,0.0930387400,0.0928527980,0.0959780200,0.0948612028,0.04001883,0.05227808,0.01057497,-0.01383276,-0.01581408,-0.00891424,0.00468175,-0.00480196,-0.02332988,-0.01629420,-0.00071290,-0.00713393,-0.01761364,-0.00632173,-0.03318472,-0.02477178,-0.00441451,-0.02250961,-0.00972530,-0.00263143,-0.00265914,0.00006694,-0.01155868,-0.01877792,-0.02150457,-0.00779455,0.02155656,-0.01009321,-0.01590083,-0.00336510,-0.01012157,0.00303924,-0.00881073,-0.02777559,-0.00955065,-0.00575547,-0.01466933,-0.01891691,-0.00469900,-0.01163127,-0.01100234,-0.00709847,-0.00160071,-0.00997681,-0.00208692,-0.00872563,-0.02100574,-0.00979363,-0.00846191,0.00045522,50,0.0236740930,0.1154856291,0.0918115361,12.2057892991,0.0075456518,0.0800150372,-0.0698342207,1.2303255058,2.26686905,2.25495973,-0.01190933,-1.58297544,0.03597965,-0.05465230,-0.00902768,1.03529604
61,0x28444d000,0x28c8f3000,14,14,1,185.42,0.0013853361,-0.0018845643,0.0715428810,0.0718538914,0.0717294193,0.0801853859,0.0760267383,0.0708929483,0.0780579756,0.0716361926,0.0748481077,0.0790378278,0.0789370084,0.0738307455,0.0699291570,0.0760267383,0.0769773039,0.0704932738,0.0760267383,0.0691391026,0.0708929483,0.0770431167,0.0749446369,0.0759291365,0.0695644910,0.0792058908,0.0770431167,0.0736398321,0.0756689243,0.0781245038,0.0784901818,0.0789370084,0.0769444424,0.0758315348,0.0749767840,0.0744942257,0.0758966322,0.0780911943,0.0760267383,0.0736080422,0.0765826066,0.0756038269,0.0729377807,0.0756689243,0.0769773039,0.0791722232,0.0791050714,0.0771088397,0.0779582287,0.0716050321,0.06678685,0.04877263,-0.02712908,-0.03306988,-0.01330622,-0.02139204,-0.01383080,-0.03042153,-0.01493653,-0.02462988,-0.02164229,-0.01806124,-0.02127730,-0.02382696,-0.03528981,-0.03021728,-0.02412315,-0.02296047,-0.00799679,-0.04108889,-0.05219467,-0.02232932,-0.02838615,-0.02844882,-0.02625131,-0.02036747,-0.02529646,-0.02347226,-0.02034169,-0.02495439,-0.03032797,-0.02068675,-0.01971876,-0.02601664,-0.02788699,-0.02528134,-0.02174053,-0.01501092,-0.01791156,-0.02708373,-0.03111544,-0.04403805,-0.02237413,-0.02043993,-0.03335917,-0.03030289,-0.03424667,-0.03607816,-0.02176244,-0.02278354,50,0.0229045971,0.0969541220,0.0740495249,13.4029640093,0.0067236183,0.0605974769,-0.0620994276,1.3195338296,2.24790334,2.21807916,-0.02982418,-5.39817628,0.04319150,-0.07138547,-0.00277814,1.04089770
62,0xa3fd7000,0x849fd000,15,15,1,185.48,-0.0014784522,-0.0102586065,0.0694994360,0.0763652799,0.0751187811,0.0773802295,0.0699037580,0.0705458145,0.0785634158,0.0716869242,0.0747569453,0.0741034753,0.0694683604,0.0743637763,0.0761325674,0.0767974861,0.0720686641,0.0795430147,0.0772794101,0.0759662924,0.0761325674,0.0762988425,0.0721959976,0.0711121194,0.0718778376,0.0759662924,0.0751187811,0.0761990956,0.0697793708,0.0772121666,0.0750529683,0.0761990956,0.0688212883,0.0772794101,0.0698726824,0.0771785907,0.0751187811,0.0797832340,0.0763652799,0.0794400502,0.0740384666,0.0772121666,0.0762988425,0.0674957743,0.0722277876,0.0697793708,0.0743637763,0.0753489913,0.0742661745,0.0705143817,0.05380973,0.02560056,-0.02263831,-0.03137876,-0.02356445,-0.03975661,-0.03451504,-0.04205831,-0.04091229,-0.03005750,-0.02195807,-0.03929259,-0.02130647,-0.02549149,-0.02746911,-0.04111106,-0.04631573,-0.02578766,-0.03153903,-0.03878724,-0.03333634,-0.05454366,-0.03531493,-0.04019995,-0.03788954,-0.03462058,-0.03482647,-0.03785234,-0.04062879,-0.03520628,-0.03477952,-0.02869846,-0.04372172,-0.01977368,-0.03054445,-0.03977321,-0.03128226,-0.03538741,-0.03743792,-0.02119442,-0.03876927,-0.03280169,-0.03278677,-0.03489913,-0.04122810,-0.03612721,-0.04412110,-0.02738052,-0.03648189,-0.03276688,50,0.0252078469,0.0980636213,0.0728557744,13.1828308883,0.0064128203,0.0564501192,-0.0620740428,1.3875807829,2.22581716,2.20176047,-0.02405669,-4.35305930,0.09967426,-0.05141578,-0.02032857,1.03559519
63,0x313306000,0x30b8fa000,3,3,1,185.38,-0.0007558036,0.0002362038,0.0796711088,0.0702929576,0.0780803546,0.0788220400,0.0767994738,0.0757530934,0.0770321863,0.0720638783,0.0759175805,0.0739800121,0.0761477907,0.0760161651,0.0734008367,0.0704484204,0.0758846292,0.0792635409,0.0723233826,0.0780803546,0.0769324394,0.0759175805,0.0755886063,0.0749012022,0.0703240332,0.0727687892,0.0777442287,0.0716549090,0.0728961227,0.0726097527,0.0712773724,0.0779795352,0.0761477907,0.0747710960,0.0755557447,0.0706038831,0.0714347079,0.0804833591,0.0712773724,0.0768992207,0.0706038831,0.0779458676,0.0727369993,0.0725779627,0.0730233694,0.0801401753,0.0772316801,0.0781475064,0.0713403238,0.0736582772,0.03348360,0.02414167,-0.04578872,-0.02443856,-0.01555212,-0.01719282,-0.01792343,-0.04043581,-0.01464539,-0.01631811,-0.03027771,-0.03127296,-0.03444158,-0.03058021,-0.03124625,-0.03632817,-0.02393290,-0.03675650,-0.02739760,-0.04028903,-0.03199127,-0.02403817,-0.01074873,-0.02610204,-0.00149677,-0.02232557,-0.01500565,-0.04036295,-0.00389740,-0.04108844,-0.03117727,-0.02782745,-0.01136462,-0.04296044,-0.01424362,-0.03525125,-0.02312964,-0.02649611,-0.03252873,-0.01803469,-0.02630355,-0.02631745,-0.04126260,-0.02392908,-0.02467432,-0.02068394,-0.02196987,-0.03146424,-0.03506970,-0.03340076,50,0.0237436765,0.0977316516,0.0739879751,13.3918234885,0.0134596275,0.0607707995,-0.0609396172,1.1765989290,2.25229179,2.22324177,-0.02905002,-5.25805392,0.06280971,-0.06569579,-0.00828139,1.03488571
64,0x206a17000,0x215255000,8,8,1,185.50,0.0061601590,-0.0012926593,0.0755833644,0.0728629406,0.0753946820,0.0809012622,0.0823869986,0.0840113944,0.0757407000,0.0817821738,0.0762214778,0.0740021997,0.0761260211,0.0776217393,0.0750800109,0.0818829932,0.0722112321,0.0721200656,0.0766987613,0.0818829932,0.0807018593,0.0773643865,0.0803360904,0.0753317306,0.0745309937,0.0796215448,0.0764441812,0.0741577473,0.0785412303,0.0721505098,0.0781833275,0.0753317306,0.0807350780,0.0795557319,0.0807018593,0.0773000044,0.0783134336,0.0797859421,0.0741577473,0.0720593433,0.0757407000,0.0761578111,0.0731396578,0.0743132949,0.0774609158,0.0761578111,0.0795885935,0.0718162050,0.0723935651,0.0730474187,0.06585521,0.03292901,-0.00273322,-0.03403967,-0.00501599,-0.02050975,-0.00804006,-0.01562139,-0.02751260,-0.01303239,-0.02866226,-0.02598028,-0.02753765,-0.03564690,-0.02844478,-0.01484740,-0.03082141,-0.04531612,-0.03117700,-0.03265153,-0.02216190,-0.01117951,-0.02262358,-0.03019997,-0.02810185,-0.02308192,-0.02050429,-0.04179448,-0.02429270,-0.02653177,-0.02859300,-0.04284821,-0.01623141,-0.02109914,-0.01737085,-0.02324836,-0.01425657,-0.02443082,-0.02781625,-0.02659910,-0.04513084,-0.02972044,-0.02345102,-0.03068918,-0.02907788,-0.04146401,-0.02435115,-0.04205510,-0.03460120,-0.03073582,50,0.0248843884,0.0967964109,0.0719120225,13.0160760748,0.0067258164,0.0561048666,-0.0571445013,1.5861026745,2.24796183,2.21519249,-0.03276934,-5.93125120,0.03581028,-0.06891523,0.00359593,1.03955899
65,0x185762000,0x196caa000,4,4,1,185.39,0.0018870709,0.0029098182,0.0799485535,0.0738759367,0.0818811174,0.0773303637,0.0817802980,0.0760286887,0.0779094512,0.0721181899,0.0818474498,0.0807664209,0.0845586316,0.0786369563,0.0809659147,0.0796525305,0.0828265867,0.0820155128,0.0806002366,0.0740625600,0.0797183433,0.0821163322,0.0761559353,0.0764423054,0.0818811174,0.0776520107,0.0806999835,0.0754242390,0.0815449915,0.0831661957,0.0783115578,0.0835633702,0.0813770203,0.0742491832,0.0818811174,0.0795209947,0.0764423054,0.0819818451,0.0749523182,0.0777807749,0.0841124832,0.0795538562,0.0810324429,0.0821163322,0.0818474498,0.0741869471,0.0774590400,0.0823851228,0.0750152696,0.0785393545,0.03837953,0.02610004,-0.02749872,-0.03205821,-0.02407076,-0.01309127,-0.01463783,-0.02834988,-0.02650351,-0.01852465,-0.00934051,-0.01129393,-0.01264493,-0.04486371,-0.02808071,-0.03111828,-0.03114191,-0.02256904,-0.03124980,-0.02470752,-0.02219275,-0.01744499,-0.01445901,-0.01944512,-0.01616058,-0.03010880,-0.01639738,-0.03569769,-0.01009495,-0.00898276,-0.02070036,-0.00270765,-0.00918186,0.00740953,-0.02914442,0.00569746,-0.02959375,0.00006192,-0.01304819,-0.02779468,-0.01434989,-0.00915228,-0.01993323,-0.00987486,-0.01853074,-0.01263508,-0.02180783,-0.00409647,-0.02706418,-0.03021100,50,0.0240389437,0.0978115500,0.0737726063,13.3528417442,0.0088099350,0.0560631892,-0.0566193143,1.3401723729,2.23511159,2.20600722,-0.02910436,-5.26788972,0.03608832,-0.06410492,0.00666894,1.03476400
66,0x29277d000,0x28bbb7000,14,14,1,185.40,-0.0008695780,0.0002529230,0.0798954707,0.0737085492,0.0791466338,0.0779025475,0.0801614927,0.0738329364,0.0724123128,0.0765333607,0.0757751392,0.0737397097,0.0791466338,0.0747267125,0.0735841620,0.0781302554,0.0779025475,0.0798622520,0.0780326536,0.0777398483,0.0722278347,0.0717896187,0.0768229484,0.0714857580,0.0724738334,0.0758070160,0.0737085492,0.0813094079,0.0792123568,0.0793768440,0.0756161026,0.0737707852,0.0788176595,0.0725045518,0.0779676450,0.0800617458,0.0739884840,0.0712729808,0.0779025475,0.0780326536,0.0728119873,0.0766620370,0.0777398483,0.0812757403,0.0718199799,0.0759342626,0.0779025475,0.0748839622,0.0809732820,0.0788834723,0.03968041,0.04831049,-0.03716440,-0.03988381,-0.03746738,-0.02320025,-0.01506613,-0.02712452,-0.03823698,-0.02177620,-0.01842974,-0.04520448,-0.02666778,-0.02616047,-0.02282526,-0.02705705,-0.02992985,-0.04726739,-0.01247574,-0.02692526,-0.03483058,-0.03694897,-0.02476553,-0.03301637,-0.03495413,-0.03615082,-0.02354900,-0.02395082,-0.02878061,-0.02587863,-0.02775775,-0.04382796,-0.03398645,-0.04348469,-0.02501973,-0.00426964,-0.03711796,-0.00601266,-0.04183069,-0.02573689,-0.03023064,-0.02340701,-0.03912134,-0.01522914,-0.03698269,-0.01849383,-0.01673459,-0.01735308,-0.02799831,-0.01228873,50,0.0231386273,0.0969580897,0.0738194625,13.3613227048,0.0067268214,0.0650815831,-0.0633213505,1.0878141004,2.25182863,2.22290261,-0.02892602,-5.23560964,0.03716244,-0.06946950,0.00375140,1.03480464
67,0x3a2a74000,0x3df40e000,5,5,1,185.45,-0.0032911756,0.0010200694,0.0799963126,0.0786550715,0.0810109041,0.0756093427,0.0811770884,0.0798647768,0.0767851028,0.0811106510,0.0788502751,0.0810441228,0.0832393992,0.0841831844,0.0786224784,0.0843548232,0.0820912186,0.0820239750,0.0779629312,0.0822927657,0.0828997902,0.0779629312,0.0811770884,0.0818559121,0.0821583704,0.0810773415,0.0788502751,0.0825616481,0.0801278485,0.0831035742,0.0831715331,0.0764987327,0.0778021077,0.0844234037,0.0831035742,0.0810773415,0.0798976383,0.0767532260,0.0831375073,0.0810441228,0.0811770884,0.0770078061,0.0766577693,0.0776090492,0.0803910099,0.0801278485,0.0775125200,0.0775446671,0.0799634511,0.0840115456,0.03730065,0.04048847,-0.01954229,-0.01911232,-0.02631978,-0.01991195,-0.00607424,-0.02898208,-0.01985666,-0.01485656,-0.02323089,-0.03409792,-0.02554134,-0.01181582,-0.02600239,-0.02190203,-0.01089056,-0.02902944,-0.01720179,-0.00519518,-0.02187041,-0.00641607,-0.02144388,-0.00977595,-0.02718789,-0.00895355,-0.03449114,-0.01069082,-0.02148368,-0.01662018,-0.02926925,-0.02838063,-0.01910212,-0.02438883,-0.01864248,-0.01869098,0.00703324,-0.02374026,0.01231427,-0.01368215,-0.01266335,-0.02418249,-0.01887061,-0.02009305,-0.01297323,-0.01351007,-0.02721774,-0.01720139,-0.02745671,-0.02258254,50,0.0251060199,0.0994536189,0.0743475989,13.4526097992,0.0061803313,0.0600099863,-0.0698452688,1.4056052653,2.23059704,2.20377606,-0.02682098,-4.85465872,0.10264507,-0.07113335,-0.00777617,1.03535647
68,0x2bcd2f000,0x8fd03000,14,15,0,129.75,-0.0059074992,0.0005754583,0.0915688697,0.0916425514,0.0915320791,0.0935476345,0.0999961117,0.0965986024,0.0930596595,0.0948184027,0.0947047127,0.0958633240,0.0943257805,0.0959780865,0.0956720183,0.0977562529,0.0938103745,0.0935100270,0.0933599045,0.0927635552,0.0920942860,0.0943637461,0.0968302725,0.0968688490,0.0977951866,0.0937727670,0.0947047127,0.0956337990,0.0946289883,0.0931721745,0.0967916959,0.0981459096,0.0959780865,0.0941363661,0.0957103421,0.0974055299,0.0921686831,0.0942879183,0.0968302725,0.0922059324,0.0944773327,0.0957103421,0.0965986024,0.0974833974,0.0932472870,0.0969846841,0.0935851395,0.0954808171,0.0997977628,0.0948942305,0.04764198,0.04966668,-0.00658823,-0.01567798,-0.00039178,-0.01015371,0.00828723,-0.02127384,-0.01301102,-0.00068554,-0.00771710,0.00377961,-0.01514607,-0.00640140,-0.00862406,0.00203068,-0.01434407,-0.01289320,-0.01597300,-0.02214382,-0.01312975,-0.02294960,-0.01948650,-0.02452235,-0.02477560,-0.01236542,-0.02198089,-0.00548626,-0.00615610,-0.02136345,-0.01545386,-0.02062699,0.00039927,-0.00906495,-0.00243140,-0.01175078,-0.01940881,0.00417169,-0.00206657,-0.01945277,-0.01321724,-0.01426505,-0.01094877,-0.00299201,-0.01172405,-0.00903657,-0.00719220,-0.00240328,-0.00415652,-0.01898218,50,0.0244657562,0.1152914180,0.0908256618,12.0699516909,0.0065430942,0.0807659464,-0.0666845839,1.1077019488,2.25102557,2.23592806,-0.01509751,-2.00589891,0.03164603,-0.04002918,0.00074619,1.02885943
69,0x21b99e000,0x186ec8000,1,4,0,129.89,-0.0228437706,-0.0251852882,0.0685843446,0.0709694259,0.0677295458,0.0727397260,0.0718563609,0.0687345696,0.0731684229,0.0688095796,0.0660072545,0.0699274684,0.0697759162,0.0731684229,0.0731684229,0.0697000883,0.0718176789,0.0663918873,0.0739340546,0.0668337768,0.0666496227,0.0776108566,0.0762091322,0.0698895027,0.0710459690,0.0735970134,0.0708547678,0.0736359472,0.0686970646,0.0709694259,0.0703442628,0.0669073580,0.0698137783,0.0680641804,0.0712754941,0.0740914331,0.0708929871,0.0694727083,0.0738947637,0.0710459690,0.0720493490,0.0676552502,0.0710459690,0.0668337768,0.0707782246,0.0722810191,0.0676552502,0.0688471871,0.0679154878,0.0718563609,0.06482586,0.04480245,-0.00990531,-0.01701046,-0.00290375,-0.01957539,-0.01214863,-0.01226690,-0.00817308,-0.01734687,-0.00613668,-0.01049019,0.00672432,-0.01495161,0.03086338,-0.00321046,0.02544072,0.00562423,-0.00568573,-0.01324016,-0.01617746,0.02208694,0.00751255,0.01421138,-0.02728038,-0.00550798,-0.00495605,0.00452425,-0.01060919,-0.00631079,-0.01509509,-0.00449548,-0.01901523,-0.00783883,-0.00459842,0.01891793,-0.01352009,0.00416833,-0.00916627,-0.01223320,-0.01233598,-0.01972022,-0.00265522,-0.00439527,-0.01024607,-0.00926127,-0.02321460,-0.01294286,-0.01272900,-0.00701125,50,0.0262985870,0.1155561061,0.0892575190,11.8508005498,0.0072448925,0.0697938214,-0.0828339275,1.4728565771,2.26413884,2.25997924,-0.00415960,-0.55367110,0.11005040,-0.02608401,-0.01758635,1.03188409
70,0x92211000,0x2fa3b000,15,9,0,127.05,-0.0034560626,0.0019573030,0.0882805893,0.0918861656,0.0874103984,0.0937936845,0.0895753156,0.0893250872,0.0959185373,0.0927491214,0.0905856329,0.0927123307,0.0906577854,0.0923440225,0.0883159512,0.0969613136,0.0884928570,0.0872352795,0.0873053844,0.0898995931,0.0946499142,0.0864667301,0.0893966229,0.0868148410,0.0907300364,0.0918131993,0.0910910944,0.0916309326,0.0851082375,0.0906577854,0.0913027332,0.0927123307,0.0916673660,0.0874103984,0.0872702841,0.0958048473,0.0914849999,0.0926754396,0.0858771551,0.0927123307,0.0938308323,0.0926386490,0.0881744072,0.0935705948,0.0872352795,0.0956532951,0.0932645920,0.0947249242,0.0915943997,0.0934590499,0.03064534,0.05157075,-0.03472659,-0.00672132,-0.03737711,0.00113824,-0.01964658,0.00375224,-0.01945808,-0.00190598,-0.01420839,-0.01939467,-0.02367369,-0.01075187,-0.02084181,-0.01633196,-0.01431184,-0.01819292,-0.02179316,-0.02219312,-0.01265968,-0.02093081,-0.03543477,-0.02579461,-0.01066550,-0.01595364,-0.01167521,-0.01999920,-0.02951012,-0.01309509,-0.02071029,-0.01390161,-0.01712185,-0.00858610,-0.02099315,-0.02565159,-0.01522208,-0.01595155,-0.02289422,-0.02946768,-0.03412288,-0.01007995,-0.01436705,-0.02825338,-0.01625390,-0.01761400,-0.02697435,-0.01719184,-0.00836602,-0.02719552,50,0.0242115984,0.1102732933,0.0860616949,11.2920818678,0.0066193509,0.0700845412,-0.0717529100,1.2297367850,2.23551367,2.21793125,-0.01758242,-2.30693248,0.04373811,-0.04932906,-0.00669581,1.03320844
71,0x3a7579000,0x20f7d9000,12,8,0,129.97,-0.0140466996,-0.0162566706,0.0756854839,0.0775128849,0.0787409984,0.0725132176,0.0725485794,0.0713613684,0.0779962122,0.0715014827,0.0721946711,0.0765824703,0.0768402056,0.0790037384,0.0724423973,0.0810906172,0.0711862495,0.0721946711,0.0759042835,0.0767297332,0.0806698909,0.0733804524,0.0755760841,0.0735949618,0.0725132176,0.0703497402,0.0800854494,0.0757584503,0.0785907734,0.0801233116,0.0767665239,0.0780706092,0.0742073318,0.0756854839,0.0780334615,0.0808994160,0.0711161445,0.0768402056,0.0796685515,0.0756854839,0.0742794843,0.0799338972,0.0713964687,0.0768402056,0.0752844177,0.0727255819,0.0796685515,0.0767297332,0.0752114513,0.0800096216,0.06077117,0.03716002,0.00197446,-0.00142204,-0.00488401,-0.00591991,-0.02515552,-0.01657326,0.00328656,-0.01955166,0.00301300,-0.00053592,-0.00510142,-0.00401355,-0.00211734,0.00501877,-0.01779172,-0.01465749,-0.00035002,-0.01837056,0.00616297,-0.00457051,-0.00037996,0.00110301,-0.00676315,-0.00603281,-0.00479816,-0.01002024,-0.01206056,-0.01100684,0.00152482,0.00569027,-0.02081543,-0.01109584,0.00534039,0.00390094,-0.00967945,-0.00919231,0.00481786,-0.00638014,-0.00456230,-0.00009589,-0.01107069,-0.00513644,-0.00324337,-0.02525218,-0.00697101,-0.01893483,-0.00658999,-0.00794913,50,0.0265807491,0.1101511112,0.0835703621,11.0397801225,0.0068208802,0.0656911519,-0.0644613506,1.2894503582,2.23459680,2.21594243,-0.01865437,-2.46292599,0.04108524,-0.05308092,-0.01593046,1.03202456
72,0x3febb7000,0x3a1ed1000,12,12,1,185.31,-0.0032425462,-0.0010947946,0.0723734074,0.0801371449,0.0782353892,0.0781038533,0.0795323201,0.0779393662,0.0785560427,0.0795658960,0.0734851547,0.0734537219,0.0800027496,0.0791877427,0.0756143398,0.0786224801,0.0778406918,0.0798683543,0.0777749688,0.0790546863,0.0745658153,0.0821305282,0.0810498454,0.0768572648,0.0768897691,0.0767596630,0.0724044830,0.0712930818,0.0743112351,0.0776104817,0.0742794452,0.0781367148,0.0799691737,0.0779722277,0.0807781026,0.0778736431,0.0779393662,0.0732020022,0.0744703586,0.0757751633,0.0793207082,0.0801371449,0.0747885186,0.0745976052,0.0800027496,0.0725288701,0.0801371449,0.0724667190,0.0768572648,0.0802716320,0.04410000,0.04602928,-0.03266756,-0.02559032,-0.02888589,-0.03048968,-0.02521090,-0.02559778,-0.03226434,-0.03261244,-0.02756145,-0.03814656,-0.01677108,-0.02313941,-0.04417283,-0.02376220,-0.02324824,-0.01960724,-0.02818012,-0.03636108,-0.03275110,-0.02122060,-0.02260331,-0.01762229,-0.05167746,-0.02695434,-0.03403969,-0.01926410,-0.02780974,-0.01677094,-0.04573174,-0.01813070,-0.01996173,-0.02978295,-0.03278362,-0.03536139,-0.02139581,-0.03675597,-0.03840248,-0.04145629,-0.03298902,-0.03273806,-0.00926988,-0.03199968,0.01583091,-0.03506049,-0.00479277,-0.03678479,-0.02151241,-0.03076423,50,0.0246846479,0.0989335785,0.0742489305,13.4390564270,0.0060665130,0.0597769637,-0.0602945005,1.2555592413,2.26445839,2.23527282,-0.02918558,-5.28258909,0.04096543,-0.05893242,-0.00692838,1.03624300
73,0x1865f1000,0x212126000,13,1,0,129.69,0.0046724810,-0.0007812793,0.0951493951,0.1021682239,0.0996561132,0.1027408683,0.0960423047,0.0962282466,0.0973072088,0.0998090951,0.0982344047,0.1023869277,0.0952229763,0.0987270270,0.0954439210,0.0963396900,0.0974948363,0.0955175022,0.0981965426,0.0976449588,0.0991970631,0.0964512349,0.0973072088,0.0987648892,0.0987270270,0.0983480948,0.0984996470,0.0982722669,0.0998473145,0.0954071304,0.0942527659,0.0990440812,0.0995795701,0.1011614099,0.0986513026,0.1029374303,0.1018564347,0.1030161196,0.0994265882,0.1007753283,0.0950020316,0.0973447138,0.1020902500,0.1024020392,0.0984996470,0.0950388222,0.0985376126,0.1022071577,0.0939609999,0.0992736063,0.04302639,0.02409663,-0.01625803,0.00345938,0.00289037,0.00253275,-0.01012105,0.00285398,-0.00407523,-0.00917593,0.01178936,0.00055178,0.01274026,0.00869515,0.00410252,-0.02556306,0.01045355,-0.01402204,-0.01429077,-0.00691383,0.00799560,-0.00809070,0.00380957,-0.00478554,0.00009120,-0.01234632,0.00135641,-0.01692461,-0.00494884,-0.01460357,-0.02042918,-0.00617846,-0.00317884,0.01283863,-0.01107848,0.00428223,-0.01308129,0.01039256,-0.00198389,-0.00171482,-0.00189627,-0.02265505,-0.00295649,-0.00856319,-0.00415341,-0.02026419,-0.01727842,-0.00841639,-0.00612901,-0.00009055,50,0.0248324305,0.1152331096,0.0904006791,12.0232903198,0.0072243550,0.0690330323,-0.0710636217,1.5015095561,2.24456892,2.23830617,-0.00626275,-0.83294629,0.06295396,-0.06580875,-0.04822344,1.03981121
74,0x108fdb000,0x3a070f000,11,12,0,129.84,-0.0034363037,0.0061685437,0.0884340295,0.0882852353,0.0889916523,0.0881737919,0.0923733684,0.0890275191,0.0912955903,0.0951976252,0.0948829756,0.0893652691,0.0939188876,0.0923347919,0.0898157391,0.0915634392,0.0969650670,0.0914104573,0.0911426084,0.0868371045,0.0884711773,0.0874262569,0.0886198699,0.0876104110,0.0970450777,0.0864535442,0.0938799539,0.0872053122,0.0949616648,0.0939968615,0.0880993949,0.0925278854,0.0874999386,0.0937630462,0.0903316057,0.0937630462,0.0957259742,0.0926437204,0.0943717640,0.0903316057,0.0876104110,0.0898532441,0.0865629440,0.0936850723,0.0895529991,0.0870212586,0.0896280091,0.0928752851,0.0898157391,0.0896656166,0.02972930,0.03106014,-0.01368473,-0.03435611,-0.02702187,-0.01824135,-0.02838779,-0.02604536,-0.02026629,-0.03718112,-0.01207177,-0.02644354,-0.01412125,-0.01941642,-0.02647000,-0.02236321,-0.03265766,-0.03429960,-0.02059709,-0.03252221,-0.03070620,-0.02797195,-0.03873229,-0.03527629,-0.02717554,-0.03680051,-0.02980707,-0.01840411,-0.03356033,-0.01906297,-0.02000738,-0.02277178,-0.03631341,-0.00615405,-0.03871928,-0.02278352,-0.01782125,-0.03046683,-0.02374239,-0.02395294,-0.03552581,-0.00010613,-0.03710407,0.00308736,-0.02740184,-0.02046223,-0.03569874,-0.03082915,-0.03452562,-0.02490438,50,0.0271639206,0.1143388366,0.0871749160,11.5942638254,0.0063733728,0.0791156747,-0.0657104307,1.2275249331,2.23634704,2.21459145,-0.02175559,-2.89349289,0.03221479,-0.06483349,-0.03490924,1.03698148
75,0x31d57c000,0x2b72fe000,3,7,0,127.06,-0.0049393506,0.0124014538,0.0905644476,0.0857898401,0.0851432039,0.0913043732,0.0847821458,0.0860816060,0.0879869799,0.0891423819,0.0872749063,0.0823376067,0.0905644476,0.0856805398,0.0913809163,0.0882843652,0.0883587623,0.0882099681,0.0898823075,0.0916104414,0.0869066986,0.0905265854,0.0868698075,0.0888796419,0.0855346070,0.0804594591,0.0848182221,0.0848182221,0.0875694322,0.0900339631,0.0868698075,0.0834869536,0.0791041841,0.0880241277,0.0871275428,0.0889547544,0.0838801558,0.0834869536,0.0804941065,0.0898444453,0.0834154180,0.0848904731,0.0829393379,0.0899202731,0.0869802798,0.0912661538,0.0867962262,0.0837014631,0.0856440068,0.0902992053,-0.02499978,0.08327938,-0.00636970,0.01179224,-0.00894880,0.02388901,-0.00016919,-0.00115068,-0.00286536,-0.01217195,-0.01292149,-0.00067514,-0.00497832,-0.01676318,-0.02225490,0.00051727,0.00503959,-0.00408947,-0.01572231,-0.01397520,-0.01662033,0.00161214,-0.01945275,0.00500795,-0.01093214,-0.02056933,-0.01457245,-0.00076317,-0.01577826,-0.01686912,0.00865104,-0.02014115,-0.00885235,-0.02030638,-0.00261245,0.00150830,-0.02494388,-0.01738445,-0.02764897,-0.00039148,-0.00228380,-0.00668181,-0.01172987,-0.01891546,-0.01209746,-0.01885076,-0.01153489,-0.00600278,-0.01576208,-0.01206632,50,0.0237912331,0.1107590638,0.0869678306,11.4047113425,0.0058188396,0.0724852574,-0.0783566688,1.2811156833,2.25333978,2.23309851,-0.02024127,-2.65372826,0.04619451,-0.06186845,-0.01559078,1.03050038
76,0x222339000,0x20c367000,8,8,1,185.48,0.0022130833,0.0043304571,0.0820015462,0.0830811454,0.0795495426,0.0810864342,0.0831819648,0.0810206214,0.0799074454,0.0743521132,0.0766035616,0.0831147213,0.0811850188,0.0803628612,0.0752440276,0.0756795101,0.0755550380,0.0734255584,0.0767608971,0.0801351533,0.0755239624,0.0810864342,0.0810534829,0.0809548086,0.0753684148,0.0774922363,0.0737597803,0.0830475695,0.0808890856,0.0810534829,0.0766665130,0.0807574599,0.0735470861,0.0742598741,0.0829467500,0.0755861985,0.0821012931,0.0810206214,0.0812836931,0.0789879544,0.0764147933,0.0811521573,0.0778103963,0.0811850188,0.0789236601,0.0786018375,0.0834171795,0.0788271309,0.0819351088,0.0767293785,0.03683007,0.05698399,-0.01798150,-0.00562276,-0.02914438,-0.00812857,-0.03345701,-0.01441285,-0.03823904,-0.04209404,-0.02076171,-0.02495209,-0.01729630,-0.02056844,-0.04095500,-0.03109896,-0.01615370,-0.03039767,-0.02443114,-0.02872205,-0.03245068,-0.03237941,-0.03350939,-0.03313770,-0.02829828,-0.03227460,-0.03457359,-0.02566154,-0.02872283,-0.02940925,-0.02898861,-0.03598278,-0.03628677,-0.02206246,-0.02559666,-0.04130511,-0.02216262,-0.03107615,-0.02861623,-0.02798491,-0.01760782,-0.02943775,-0.02424437,-0.02501785,-0.02795216,-0.03364744,-0.02339161,-0.02786624,-0.02187621,-0.03476960,50,0.0234321699,0.0979447794,0.0745126094,13.4867823091,0.0063231428,0.0615843305,-0.0624641687,1.4065992832,2.24797476,2.22325004,-0.02472472,-4.47517350,0.03213958,-0.07099450,-0.00509685,1.03698162
77,0x18d70b000,0x1ab669000,13,13,1,185.30,-0.0114856571,0.0542179375,0.0609665468,0.0586364261,0.0607313321,0.0574903886,0.0589324491,0.0611009422,0.0594515238,0.0606640886,0.0597174550,0.0551069694,0.0528581313,0.0585048903,0.0554887962,0.0585707031,0.0601164425,0.0541865048,0.0603952979,0.0553297596,0.0554252163,0.0586364261,0.0573276894,0.0615738368,0.0587351005,0.0586035646,0.0544067058,0.0565708976,0.0584062160,0.0523962516,0.0537289264,0.0594182144,0.0533556800,0.0531691417,0.0587351005,0.0599501675,0.0608321515,0.0586693774,0.0531069056,0.0614380118,0.0606976645,0.0609328792,0.0532624533,0.0567318089,0.0531691417,0.0534801521,0.0598504206,0.0565066033,0.0559274279,0.0596510176,0.02360640,0.09776840,-0.05138840,-0.06370335,-0.06022545,-0.04867348,-0.05220868,-0.06393773,-0.04926577,-0.05871726,-0.05306667,-0.05076992,-0.06920346,-0.07712906,-0.06356448,-0.06076079,-0.05756083,-0.06134257,-0.05392531,-0.04645714,-0.05899261,-0.05438176,-0.06262499,-0.05755792,-0.08114072,-0.05261218,-0.06936704,-0.04856486,-0.05623311,-0.05714151,-0.06271936,-0.04977101,-0.06271391,-0.06253302,-0.06935342,-0.06837237,-0.06096154,-0.05588399,-0.07088807,-0.06337106,-0.05391499,-0.05934530,-0.06190724,-0.06274918,-0.06428716,-0.05850528,-0.06658942,-0.05858979,-0.05203546,-0.05602970,50,0.0261089127,0.0981084626,0.0719995499,13.0275075452,0.0060881637,0.0515253537,-0.0575291597,1.5871279927,2.22412040,2.19852686,-0.02559354,-4.63105875,0.03576653,-0.07107766,-0.01127768,1.03934411
78,0x2b7a7c000,0x28d6be000,7,7,1,185.49,0.0025143626,-0.0009067600,0.0822884892,0.0800953578,0.0835058051,0.0812757764,0.0791144330,0.0729071200,0.0790815715,0.0791144330,0.0749490070,0.0801618860,0.0792459688,0.0813430199,0.0833341663,0.0804278171,0.0812422005,0.0747603246,0.0837116404,0.0824922731,0.0755860479,0.0822206230,0.0819488802,0.0748547087,0.0750749098,0.0760951212,0.0739910204,0.0810068940,0.0790157587,0.0794104560,0.0782614692,0.0764132813,0.0777734603,0.0810405616,0.0811749569,0.0739910204,0.0772426773,0.0826621240,0.0801618860,0.0737110856,0.0824244069,0.0726304029,0.0768565604,0.0804610358,0.0781963717,0.0736800101,0.0757451713,0.0758406280,0.0833341663,0.0820847052,0.05889253,0.01899381,0.01149578,-0.03841107,-0.02558781,-0.00561131,-0.02198922,-0.03969031,-0.02338603,-0.04929061,-0.01845590,-0.02675743,-0.03325831,-0.03235421,-0.01720517,-0.03397053,-0.03611444,-0.05759914,-0.01992379,-0.02358412,-0.05198692,-0.05246825,-0.02375933,-0.02953941,-0.04536282,-0.03833078,-0.03602015,-0.05290059,-0.04033941,-0.03484776,-0.01697923,-0.03462581,-0.04481988,-0.04119011,-0.02357580,-0.04237553,-0.03287374,-0.03248232,-0.02673363,-0.03070399,-0.02899827,-0.05366360,-0.03768801,-0.03317521,-0.02957034,-0.03367220,-0.03833158,-0.03869549,-0.04084570,-0.03600679,50,0.0225699121,0.0984047540,0.0758348419,13.7261063777,0.0081247879,0.0674865068,-0.0614521441,1.1178624536,2.25392315,2.22643455,-0.02748860,-4.97543617,0.08817542,-0.06578176,-0.00062342,1.03174985
79,0x38fa5f000,0x2048f8000,12,1,0,127.09,0.0021246943,-0.0064999427,0.0845317589,0.0918938048,0.0861632641,0.0908862785,0.0916310648,0.0908862785,0.0940572267,0.0929755157,0.0939806836,0.0874945325,0.0910350727,0.0927102735,0.0833091015,0.0914808398,0.0918938048,0.0927859979,0.0919688148,0.0872418017,0.0908862785,0.0885391168,0.0928996879,0.0876389360,0.0904029512,0.0865564663,0.0938277017,0.0921190398,0.0930512401,0.0898038532,0.0905888932,0.0929755157,0.0888673162,0.0949072676,0.0877834380,0.0909235278,0.0928996879,0.0916685698,0.0874945325,0.0894725366,0.0883203172,0.0861990807,0.0897302720,0.0873140527,0.0899143255,0.0902542586,0.0926344457,0.0834478807,0.0910350727,0.0883203172,0.05352671,0.02213326,-0.00737037,-0.01148960,0.00209632,-0.01475104,-0.00104925,-0.01022441,-0.00633285,-0.02761743,-0.01715252,-0.02541013,-0.01757397,-0.01127300,-0.02106450,0.00958617,-0.02815459,-0.01283036,-0.02020494,0.02255191,-0.01008988,-0.00287642,-0.01370934,0.01505917,-0.01422991,-0.00312080,-0.01998719,-0.00919564,-0.02193486,-0.00485005,-0.00640450,0.00099386,-0.03610257,0.00882329,-0.02269349,-0.00772405,-0.01803089,-0.00594295,-0.02295946,-0.02241754,-0.02234985,-0.03600701,-0.01864618,-0.03411584,-0.01193932,-0.01353091,-0.01697671,-0.02893161,-0.01241991,-0.02214370,50,0.0279311278,0.1115173198,0.0835861921,10.9616848602,0.0064724954,0.0586542447,-0.0647968513,1.5232299473,2.26798390,2.24343885,-0.02454505,-3.21823000,0.03175714,-0.05348753,0.01239665,1.03272434
80,0x393451000,0x3a1653000,12,12,1,185.33,-0.0134896229,0.0576480963,0.0636326744,0.0553695044,0.0622224926,0.0554302267,0.0613663112,0.0635669514,0.0652985908,0.0557948927,0.0575858602,0.0604096685,0.0588839584,0.0618970941,0.0578657951,0.0620922977,0.0650633761,0.0620922977,0.0632709284,0.0610445763,0.0587895743,0.0596142250,0.0630078567,0.0637971615,0.0664800819,0.0581146543,0.0610767235,0.0645514510,0.0622224926,0.0632052053,0.0578036439,0.0654329861,0.0627104127,0.0619296873,0.0578036439,0.0636656257,0.0644849228,0.0609801942,0.0593243606,0.0578036439,0.0602824219,0.0565080380,0.0597096817,0.0577724835,0.0613663112,0.0598370152,0.0611732527,0.0621248908,0.0556430039,0.0633038797,0.02393054,0.11104702,-0.05034796,-0.06666193,-0.03790692,-0.04167689,-0.05116741,-0.04535589,-0.04804127,-0.04879327,-0.05393934,-0.04443415,-0.06558042,-0.05051436,-0.05846683,-0.05553420,-0.05161386,-0.04929815,-0.04518656,-0.05133639,-0.04312449,-0.05578876,-0.04184862,-0.03966778,-0.04080695,-0.04653569,-0.05364161,-0.03359943,-0.05308578,-0.04597436,-0.04579394,-0.04466424,-0.05078709,-0.03671729,-0.04825647,-0.05992820,-0.04209239,-0.05206676,-0.05633036,-0.06003431,-0.05045924,-0.05414512,-0.06556117,-0.04786091,-0.03410176,-0.04840030,-0.04210107,-0.04900353,-0.05595848,-0.04169087,50,0.0274313965,0.0966327614,0.0692013649,12.5209694982,0.0070485973,0.0464151895,-0.0548000300,1.7041312773,2.22910658,2.19483124,-0.03427534,-6.20281330,0.03464149,-0.08228342,0.00666199,1.04055459
81,0x3a47a8000,0x3b7ecc000,5,5,1,185.49,-0.0008608205,0.0003760712,0.0726473777,0.0704549698,0.0749388272,0.0780843120,0.0756920441,0.0723927976,0.0748087211,0.0748412254,0.0757578569,0.0727110444,0.0758893928,0.0805552745,0.0779163408,0.0769700645,0.0791653409,0.0718183509,0.0769700645,0.0748738185,0.0802807648,0.0705482814,0.0770365926,0.0790974747,0.0751015264,0.0723610076,0.0769700645,0.0797087339,0.0738245786,0.0759552056,0.0807954938,0.0694668833,0.0784875897,0.0755933698,0.0748412254,0.0715352843,0.0752316325,0.0749388272,0.0760209286,0.0727746243,0.0756591826,0.0747111193,0.0746461106,0.0760209286,0.0726473777,0.0769700645,0.0713149974,0.0783531944,0.0745484201,0.0780843120,0.03140323,0.04232501,-0.04749034,-0.04457628,-0.05542654,-0.04819532,-0.05524541,-0.05413362,-0.04131845,-0.02993602,-0.04427302,-0.05452989,-0.05411259,-0.04096554,-0.06343209,-0.01873447,-0.04525914,-0.04521422,-0.05496735,-0.05537368,-0.05501761,-0.05763183,-0.04953235,-0.04288723,-0.04934819,-0.06775096,-0.05393104,-0.04727762,-0.05475364,-0.06832600,-0.04788860,-0.05580703,-0.05153416,-0.04988104,-0.07559031,-0.04421640,-0.04304823,-0.06578265,-0.05274541,-0.06409368,-0.05686898,-0.05874004,-0.04405156,-0.04907817,-0.05019919,-0.06050434,-0.06361145,-0.06498869,-0.05900410,-0.06451528,50,0.0246577575,0.0980421718,0.0733844143,13.2825789917,0.0061807536,0.0605459312,-0.0597766085,1.1765314878,2.24548352,2.21632432,-0.02915919,-5.27781404,0.03995029,-0.06766666,0.00407701,1.02963152
82,0x3a2c83000,0x3a2065000,12,12,1,185.41,-0.0062766957,0.0034011024,0.0750257161,0.0795536044,0.0749324045,0.0781144034,0.0769375596,0.0740040517,0.0824399515,0.0788703919,0.0814250019,0.0768421029,0.0802771775,0.0788703919,0.0756369693,0.0780821684,0.0790330912,0.0751190277,0.0815912770,0.0745280825,0.0807704593,0.0726770240,0.0788378876,0.0780821684,0.0735736587,0.0749946405,0.0725251351,0.0814582206,0.0760459386,0.0798166673,0.0802113646,0.0802442262,0.0747769417,0.0801785031,0.0780178741,0.0801126903,0.0818572081,0.0780178741,0.0780178741,0.0750879521,0.0760145059,0.0803757620,0.0802113646,0.0777282864,0.0783396090,0.0788378876,0.0748702533,0.0777925807,0.0759201217,0.0780821684,0.04809946,0.05025890,-0.02092572,-0.00781690,-0.02148942,-0.00567197,-0.00060274,-0.02862480,-0.00516150,-0.01142896,-0.00785986,-0.01430604,-0.00340921,-0.02307904,-0.03370982,-0.00647116,-0.02036098,-0.01474064,-0.02495633,0.00024230,-0.01628636,-0.03217448,-0.00812509,-0.01365951,-0.02073901,-0.01434213,-0.01502390,0.06274064,-0.02061126,-0.01316799,-0.01885291,-0.02048838,-0.01704164,0.00084625,-0.01108955,-0.02675666,-0.02360121,-0.01975988,-0.01104654,-0.02819805,-0.03324834,-0.02592062,-0.00165521,-0.00785336,-0.01525503,-0.01434576,-0.01798333,-0.00916086,-0.02923677,-0.02626843,50,0.0228895086,0.0972089843,0.0743194757,13.4569742678,0.0066259373,0.0644900762,-0.0597624900,1.1765826879,2.26794726,2.23618552,-0.03176174,-5.75001927,0.06236215,-0.06628533,-0.00229000,1.03219737
83,0x188d88000,0x208efb000,4,8,0,129.85,-0.0014650590,-0.0003457757,0.0905106736,0.0945645203,0.0961107549,0.0922938434,0.0897243044,0.0935625700,0.0935625700,0.0938685338,0.0946803554,0.0929001557,0.0982365655,0.0926727757,0.0946032023,0.0934860269,0.0902132883,0.0969575781,0.0914791625,0.0926349135,0.0908081604,0.0936007894,0.0971935384,0.0935243507,0.0959158734,0.0915917800,0.0925590857,0.0927864657,0.0915917800,0.0950664370,0.0923317056,0.0907337633,0.0940598395,0.0917419025,0.0902132883,0.0937920951,0.0936773326,0.0928622935,0.0949891785,0.0913290400,0.0902504361,0.0903991287,0.0971148492,0.0917795100,0.0912539275,0.0955651504,0.0948347670,0.0903248331,0.0935625700,0.0947961904,0.02992233,0.03329465,-0.02831462,0.00196149,0.01798063,0.00627404,0.00435818,-0.00554771,0.00275145,-0.01121550,0.01247322,-0.01243166,0.00359681,-0.01229882,0.00042074,-0.00709885,-0.01151084,-0.01523043,0.00868447,-0.00036540,0.00023833,-0.00518013,0.01916688,-0.02223081,-0.00517933,-0.02112727,-0.00991502,-0.01189821,-0.01881289,-0.00908108,-0.01334932,-0.01348599,-0.02032060,-0.00123851,-0.01359771,0.00036925,-0.01853190,-0.00563911,-0.00296090,-0.00462508,-0.01233239,-0.02101203,-0.01393276,-0.02359101,-0.02723352,-0.01461240,-0.01216060,-0.01217082,-0.01807444,-0.01039183,50,0.0243010083,0.1148762585,0.0905752502,12.0465082752,0.0068021295,0.0803785248,-0.0704808706,1.2308179980,2.23442640,2.22553302,-0.00889338,-1.18281945,0.05812902,-0.04999716,-0.03261453,1.03551502
84,0x1b716f000,0x18c0c3000,13,13,1,185.34,-0.0037140690,-0.0015863230,0.0730500689,0.0805590558,0.0827218299,0.0805590558,0.0835994330,0.0809208018,0.0750588201,0.0805261045,0.0738862554,0.0807892660,0.0827218299,0.0804603815,0.0777920913,0.0817400990,0.0794450756,0.0816071334,0.0764537198,0.0804603815,0.0748410364,0.0798354828,0.0758874149,0.0756186048,0.0749965840,0.0737940164,0.0794776688,0.0814741678,0.0829570446,0.0816071334,0.0750588201,0.0729893465,0.0834295821,0.0773784746,0.0782353704,0.0769648579,0.0809208018,0.0738862554,0.0748410364,0.0821169133,0.0805590558,0.0804603815,0.0729589024,0.0815739147,0.0829233770,0.0794450756,0.0791522703,0.0768694012,0.0751209712,0.0803945687,0.02883765,0.02285182,-0.01937103,-0.00527167,-0.02373893,-0.03146155,-0.01651543,-0.03633715,-0.03085105,-0.02435607,-0.03188843,-0.01860625,-0.02075213,-0.02994347,-0.02650807,-0.03433104,-0.02077171,-0.01712017,-0.02730319,-0.02174062,-0.04435080,-0.02670026,-0.02132589,-0.04184396,-0.02582378,-0.03924294,-0.03235843,-0.02303998,-0.01715455,-0.01458308,-0.03758191,-0.03946287,-0.02359864,-0.03982304,-0.02840917,-0.01901866,-0.01896601,-0.03242921,-0.01451277,-0.02390344,-0.03004379,-0.04125271,0.00303857,-0.03835025,-0.00960360,-0.02720480,-0.01107445,-0.02710001,-0.02066619,-0.03247255,50,0.0240875976,0.0973446277,0.0732570301,13.2595224506,0.0064814834,0.0608300381,-0.0590210434,1.1771862261,2.23532662,2.20351286,-0.03181376,-5.75829016,0.04078188,-0.06154088,0.00206566,1.02654228
85,0x237b75000,0x18f4bf000,8,13,0,129.75,0.0019108431,0.0008294561,0.0950280017,0.0937508012,0.0929017221,0.0886820220,0.0946348776,0.0896533716,0.0913598885,0.0935949598,0.0896533716,0.0923611234,0.0937118674,0.0914364316,0.0871930672,0.0891653966,0.0935560260,0.0971129527,0.0993170943,0.0950674000,0.0947921487,0.0871562766,0.0967926913,0.0918189386,0.0958724300,0.0950674000,0.0917041761,0.0937897350,0.0870090136,0.0881615469,0.0925156404,0.0971929633,0.0947527504,0.0928244636,0.0923998054,0.0870090136,0.0970328327,0.0915894135,0.0912833453,0.0913598885,0.0871194860,0.0883473874,0.0957137292,0.0905087751,0.0948707306,0.0906603273,0.0945954793,0.0897659891,0.0981543011,0.0913598885,0.03396179,0.03986929,0.00570139,0.00056670,-0.00649076,-0.02148278,-0.00977146,-0.00912360,-0.00970373,-0.00772749,-0.00983817,-0.00321797,-0.00261785,-0.01095552,-0.02143532,-0.02409688,-0.00771954,-0.00158070,0.00579002,-0.00046574,-0.00559597,-0.01163000,-0.00851624,-0.00880572,-0.01087100,-0.00885734,-0.00692747,0.01143594,-0.01271630,0.02093720,-0.01487608,-0.00582382,-0.00502930,-0.00444349,-0.01266885,-0.00078952,-0.00642929,0.00206751,-0.01243835,-0.00166588,-0.02065909,-0.00178973,-0.01867588,0.01530678,-0.00905252,-0.00464871,0.01329285,-0.00421682,-0.00521477,-0.01441101,50,0.0249199379,0.1164523318,0.0915323939,12.1738083879,0.0072527358,0.0757552837,-0.0760704597,1.4379559788,2.25685414,2.25169560,-0.00515854,-0.68608529,0.03954308,-0.05173631,-0.03130943,1.03254874
86,0x194de9000,0x3e965000,13,9,0,127.07,-0.0032787449,0.0097718966,0.0895682502,0.0976248053,0.0920212601,0.0894237482,0.0852512824,0.0855632990,0.0939227673,0.0953434033,0.0909027141,0.0950401954,0.0931033282,0.0912848447,0.0875512993,0.0872681147,0.0929174878,0.0949644710,0.0886319710,0.0873743934,0.0857020782,0.0916162618,0.0851472454,0.0898209810,0.0939602723,0.0892396826,0.0928802385,0.0935849148,0.0914321077,0.0953434033,0.0882029521,0.0908297478,0.0903922481,0.0932892702,0.0910485474,0.0887392257,0.0904651149,0.0873389350,0.0974702883,0.0929546356,0.0915793706,0.0897487300,0.0853899670,0.0973931352,0.0939602723,0.0915793706,0.0930661804,0.0850085608,0.0866107419,0.0875866611,0.02668860,0.06005648,-0.02402385,0.00096922,-0.03135699,-0.02053455,-0.03539239,-0.03346638,-0.01966024,-0.02257954,-0.02201635,-0.02279610,-0.02872080,-0.02194532,-0.03041929,-0.02643444,-0.02496135,-0.02501456,0.00065594,-0.02340961,-0.01182160,-0.02882940,-0.01359035,-0.01070081,-0.02745838,-0.02947052,-0.01866798,-0.02484168,-0.01330319,-0.01759225,-0.02156275,-0.03284152,-0.03789276,-0.03841538,-0.02891513,-0.03222298,-0.01971436,-0.02244314,-0.03240186,-0.02348941,-0.03851165,-0.05280930,-0.03717453,-0.02848999,-0.01101578,-0.02979905,-0.01332109,-0.01071728,-0.02539490,-0.03955711,50,0.0256135355,0.1107190694,0.0851055339,11.1606826202,0.0093550081,0.0701828672,-0.0713939073,1.2354115601,2.25860528,2.23098524,-0.02762003,-3.62148380,0.06997196,-0.06298126,-0.00070332,1.03406914
87,0x1fea6a000,0x18b20a000,4,4,1,185.28,0.0056678979,0.0009276732,0.0812255657,0.0806663813,0.0829229149,0.0819436863,0.0746299907,0.0814886374,0.0817441925,0.0819769957,0.0779102310,0.0798163667,0.0787360522,0.0733648409,0.0730913414,0.0797512693,0.0755572710,0.0763866660,0.0808308684,0.0798163667,0.0774648244,0.0812255657,0.0817109738,0.0836961237,0.0817775020,0.0820434331,0.0830573102,0.0779738978,0.0795885700,0.0832588573,0.0798813754,0.0765124829,0.0833261009,0.0799789772,0.0827884278,0.0821763987,0.0828220037,0.0806663813,0.0833933444,0.0823094551,0.0788003465,0.0809953556,0.0751529490,0.0814886374,0.0820767426,0.0787360522,0.0809624043,0.0820102144,0.0829564908,0.0798813754,0.03684089,0.03572801,-0.02760140,-0.01990526,-0.01010612,-0.03209169,-0.03870231,-0.02173333,-0.00431770,-0.02959396,-0.02648389,-0.01814051,-0.01682760,-0.03167646,-0.03593434,-0.03246631,-0.02047291,-0.02469466,0.00103801,-0.02317056,-0.01718286,-0.03017779,-0.00412364,-0.02625435,-0.02103400,-0.03013289,-0.01563859,-0.02008335,-0.00513881,-0.02037588,-0.01296488,-0.03260590,-0.00552758,-0.03083223,0.00427481,-0.01938269,-0.02289841,-0.01640283,-0.02630545,-0.02826347,-0.02967791,-0.01812152,-0.02236912,-0.02931082,-0.00861311,-0.01698204,-0.00892638,-0.02090587,-0.01690786,-0.02495348,50,0.0256311360,0.0983530833,0.0727219473,13.1626724618,0.0061649730,0.0565832819,-0.0605974224,1.4742282662,2.23705804,2.20677472,-0.03028331,-5.48127953,0.04577560,-0.05490772,-0.00060246,1.02879926
88,0xb7eaf000,0x12201b000,15,11,0,127.04,-0.0032997457,-0.0011898846,0.0920352085,0.0875195558,0.0916492322,0.0879284860,0.0854676343,0.0921897255,0.0899461856,0.0862179726,0.0887129224,0.0851394349,0.0928840358,0.0849936017,0.0907998013,0.0877053962,0.0851394349,0.0893777356,0.0875195558,0.0856864339,0.0907615819,0.0908763444,0.0907998013,0.0908381250,0.0883750700,0.0852852681,0.0861442908,0.0887504275,0.0870362285,0.0862179726,0.0873708631,0.0898324956,0.0916878088,0.0884501824,0.0855770341,0.0865125990,0.0862179726,0.0907615819,0.0896051156,0.0920352085,0.0866229709,0.0843859012,0.0849571683,0.0875939528,0.0893020112,0.0866966526,0.0886003050,0.0941608791,0.0871477733,0.0872220689,0.02244847,0.02984869,-0.02706294,-0.03403327,-0.02466611,-0.02119910,-0.03492693,-0.02562184,-0.02714550,-0.02175859,-0.02997349,-0.02118799,-0.02401334,-0.03262823,-0.02142326,-0.02018414,-0.03446036,-0.02995096,-0.02397025,-0.03479898,-0.01949150,-0.04323408,-0.02610124,-0.03838271,-0.04115331,-0.02750846,-0.01308686,-0.02690861,-0.01997925,-0.02751612,-0.03732886,-0.03717871,-0.02760438,-0.03195027,-0.03040913,-0.01913171,-0.03553742,-0.02746652,-0.00792427,-0.02528898,-0.01624981,-0.02547841,-0.04512733,-0.01973269,-0.02704211,-0.03438466,-0.02474326,-0.01050768,-0.04292432,-0.03036580,50,0.0237649098,0.1132852899,0.0895203801,11.7396983118,0.0062841380,0.0734445835,-0.0732548828,1.3090787188,2.25927538,2.24149845,-0.01777693,-2.32974192,0.03339623,-0.04965475,0.00418445,1.02651147
89,0x308ddf000,0x30c7ef000,10,10,1,185.47,0.0000525590,0.0032105513,0.0775151738,0.0796707963,0.0807815588,0.0746506963,0.0733255395,0.0809789075,0.0813077920,0.0768463430,0.0754840345,0.0785929850,0.0833075077,0.0796707963,0.0757638844,0.0716714562,0.0839481081,0.0830722929,0.0810775818,0.0793973661,0.0788182785,0.0742817401,0.0815708637,0.0755151100,0.0796707963,0.0839820412,0.0796707963,0.0810446305,0.0788182785,0.0818264188,0.0738420944,0.0799961948,0.0776742972,0.0831731124,0.0800612034,0.0786252200,0.0822919344,0.0800612034,0.0820259125,0.0828706541,0.0734167060,0.0778015439,0.0757328088,0.0746199779,0.0826576125,0.0800612034,0.0799961948,0.0735685949,0.0798334955,0.0809789075,0.00832563,0.04034372,-0.02035040,-0.02020466,-0.02998227,-0.02934666,-0.03993206,-0.02791263,-0.03793705,-0.03160784,-0.02255539,-0.04655905,-0.02432642,-0.01138726,-0.03528237,-0.01515528,-0.02367608,-0.00576248,-0.02696981,-0.01527336,-0.01690327,-0.02471975,-0.03804429,-0.02616569,-0.01889437,-0.02946362,-0.03553669,-0.03165937,-0.03642469,-0.05007334,-0.04490993,-0.01951862,-0.02832817,-0.03031013,-0.03894582,-0.02469221,-0.02954554,-0.02113651,-0.01553659,-0.01910026,-0.04299662,-0.02472938,-0.04042572,-0.03221777,-0.02055290,-0.01866486,-0.02904109,-0.03319293,-0.01457173,-0.04668563,50,0.0263664089,0.0972428284,0.0708764195,12.8286319280,0.0082079925,0.0521572766,-0.0617250880,1.5523776789,2.26716791,2.23056452,-0.03660339,-6.62521345,0.03282815,-0.08177366,0.01052615,1.03340935
90,0x185555000,0x1abd75000,13,13,1,185.41,-0.0013721137,-0.0002592568,0.0840709970,0.0883265430,0.0762302954,0.0819411742,0.0840052740,0.0799986123,0.0800614778,0.0844656943,0.0776156260,0.0851853353,0.0816515865,0.0829574638,0.0776770628,0.0816837336,0.0872801506,0.0848527853,0.0854180478,0.0861659030,0.0829249595,0.0863674501,0.0810824905,0.0796840271,0.0870084077,0.0861659030,0.0810824905,0.0850855885,0.0862330548,0.0785414765,0.0852517728,0.0831851717,0.0853515196,0.0809233671,0.0840709970,0.0818446450,0.0845972302,0.0809551570,0.0848527853,0.0830225613,0.0839394612,0.0849858416,0.0883608333,0.0841039483,0.0786037126,0.0837749740,0.0808279104,0.0870424335,0.0828598620,0.0861659030,0.05073279,0.03791146,-0.02958669,-0.03205204,-0.04010591,-0.03270567,-0.03797890,-0.03219353,-0.02174499,-0.04337107,-0.00985976,-0.03244568,-0.03440131,-0.02233594,-0.00832833,-0.03883840,-0.00840564,-0.04398580,-0.02193809,-0.04137168,-0.01891358,-0.02278595,-0.02416036,-0.02184817,-0.01725921,-0.02702951,-0.03068236,-0.03527586,-0.01678696,-0.04533128,-0.03381498,-0.03683114,-0.02689731,-0.05085618,-0.03503668,-0.04695420,-0.03125942,-0.02900790,-0.03934144,-0.03096420,-0.04177018,-0.01559271,-0.01357007,-0.03691528,-0.03091540,-0.03419546,-0.02165268,-0.03609997,-0.02835643,-0.02657763,50,0.0238162189,0.0979529157,0.0741366968,13.4187421200,0.0061104177,0.0637434796,-0.0559436322,1.2888421974,2.24372170,2.21125293,-0.03246877,-5.87684655,0.05295188,-0.05878917,0.00439608,1.02776915
91,0x1a9e9e000,0x8721d000,4,15,0,127.02,-0.0136688570,-0.0201378714,0.0780756743,0.0704133154,0.0790036881,0.0717042063,0.0717042063,0.0738655608,0.0771075426,0.0748732550,0.0749097880,0.0804261119,0.0791931024,0.0775876993,0.0781882918,0.0767729080,0.0748003882,0.0820823659,0.0772190875,0.0770331455,0.0750556212,0.0752014544,0.0736489062,0.0783009093,0.0775876993,0.0750191878,0.0813143722,0.0790415502,0.0766986124,0.0724988329,0.0781131793,0.0778504393,0.0785261443,0.0793826203,0.0794583447,0.0792689303,0.0783009093,0.0793826203,0.0785261443,0.0771075426,0.0757322777,0.0735766552,0.0742266188,0.0759532224,0.0745086222,0.0740460405,0.0726419043,0.0761741671,0.0753108542,0.0774421772,0.05436673,0.03296234,-0.02061587,-0.02802608,-0.02649411,-0.02855706,-0.03206886,-0.01027419,-0.00947497,-0.02854154,-0.02950947,0.00141998,-0.00389924,-0.01713621,-0.01129284,-0.02742694,-0.00806436,-0.02039205,-0.02271544,-0.01737220,-0.01812928,-0.02181096,-0.01353934,-0.01111656,-0.01521961,-0.02349726,-0.00811547,-0.01272006,-0.01657532,-0.02300517,-0.00366123,-0.01275882,-0.00304515,-0.01112720,0.00139279,-0.01621893,-0.01915373,-0.01225387,-0.00667668,-0.03840949,-0.02201549,-0.02172952,-0.01174706,-0.01404506,-0.02107080,-0.03608211,-0.01445363,-0.00936971,-0.01639551,-0.01860819,50,0.0231174774,0.1112763825,0.0881589050,11.5666944596,0.0061303291,0.0778110622,-0.0616940515,1.2284322692,2.26575837,2.24326623,-0.02249214,-2.95089810,0.03519324,-0.05410423,-0.00538559,1.03336341
92,0x20665f000,0x3884d3000,8,12,0,127.07,-0.0055287868,-0.0197133438,0.0745778511,0.0753328146,0.0754422144,0.0697249699,0.0782349889,0.0753693476,0.0722345863,0.0763024102,0.0732801567,0.0720222219,0.0720222219,0.0765969361,0.0749681818,0.0723406718,0.0743251204,0.0719160398,0.0756610140,0.0724823124,0.0710480896,0.0797663521,0.0701064707,0.0743251204,0.0771209227,0.0771209227,0.0721991278,0.0818125083,0.0751140150,0.0721991278,0.0798043177,0.0731014639,0.0743611966,0.0700024336,0.0765601455,0.0730299282,0.0721637659,0.0758798136,0.0773440125,0.0775671022,0.0721991278,0.0729583925,0.0819283434,0.0718452195,0.0785352339,0.0755516142,0.0749389092,0.0734231304,0.0743611966,0.0710129893,0.05947764,0.05411348,-0.01263450,-0.00220512,-0.01395877,-0.00530412,-0.00454213,-0.03307926,-0.02345509,-0.00982297,-0.02708535,-0.00319057,-0.02269063,-0.00825018,-0.00343867,-0.01296055,-0.01445067,-0.02629546,-0.02307508,-0.01973760,-0.00507440,-0.01740326,-0.01527491,-0.00922194,-0.01891144,-0.00603810,-0.02060247,0.00012957,-0.01520905,0.00057011,-0.01050598,-0.00770950,-0.01458963,-0.02243659,-0.01576137,-0.01588118,-0.01627770,-0.02309858,-0.00818465,-0.01273243,-0.00966802,-0.02294464,0.01353131,-0.01141868,0.01016062,-0.02085415,-0.01828714,-0.01361145,-0.01422067,-0.02991435,50,0.0233594746,0.1103329099,0.0869734353,11.4052355117,0.0066960108,0.0770090703,-0.0721733274,1.2810960163,2.25499001,2.22930059,-0.02568941,-3.36777794,0.05350220,-0.06294945,0.00581038,1.03095269
93,0x3feaf8000,0x2a5baf000,5,14,0,127.05,-0.0059059746,0.0026585978,0.0929960194,0.0869667272,0.0902087534,0.0849805028,0.0887998712,0.0892739038,0.0940723679,0.0869667272,0.0900614904,0.0882278897,0.0859922377,0.0886904714,0.0954576448,0.0850156031,0.0856736912,0.0835166491,0.0892739038,0.0894562700,0.0934507795,0.0937918495,0.0868951915,0.0925577685,0.0934507795,0.0836206862,0.0851207127,0.0880474100,0.0911406992,0.0859922377,0.0890551042,0.0948373817,0.0910663021,0.0845250597,0.0944166554,0.0890916372,0.0924076460,0.0936023317,0.0912893918,0.0870382629,0.0892739038,0.0931475716,0.0848403885,0.0909919050,0.0856028709,0.0932992273,0.0888728376,0.0934507795,0.0916983220,0.0878669302,-0.01139009,0.06607206,-0.01651681,-0.01182275,-0.01760491,-0.00704816,-0.00212362,-0.01870607,0.00334311,-0.02766813,0.00102627,-0.00160815,-0.01912258,-0.00009221,0.00693270,-0.00707859,-0.02343071,-0.00895559,-0.00786461,-0.00568293,-0.00200311,-0.00431917,-0.01147117,0.00018516,0.00471393,0.00155278,-0.01496161,-0.01292366,0.02883457,0.01344709,-0.00818733,0.01571036,-0.01170033,0.00774458,0.00407639,0.00199640,-0.00466627,0.01680505,-0.00212354,-0.00378585,-0.00862010,0.00450175,-0.00884232,-0.00199490,-0.01803995,-0.00219907,-0.00765437,0.00082806,-0.01471789,-0.01170630,50,0.0266249819,0.1109871000,0.0843621181,11.0514374658,0.0060567434,0.0602227153,-0.0818272027,1.4151001267,2.22353838,2.20255286,-0.02098551,-2.74910207,0.10580764,-0.06042881,-0.00433529,1.03438876
94,0x3a76bc000,0x3a0298000,5,5,1,185.41,-0.0063876304,-0.0128680905,0.0648738179,0.0638588683,0.0625465567,0.0584798050,0.0606447112,0.0575218185,0.0626123695,0.0635264090,0.0604517405,0.0564379180,0.0584483723,0.0595941293,0.0635929371,0.0558844838,0.0579450187,0.0585427564,0.0649409697,0.0625465567,0.0596895860,0.0588887744,0.0626123695,0.0645713597,0.0642689014,0.0626780925,0.0593395492,0.0645713597,0.0614994619,0.0633934434,0.0559767228,0.0602264471,0.0568686372,0.0573041197,0.0614669576,0.0632043257,0.0573041197,0.0624478824,0.0570864209,0.0595622525,0.0636926840,0.0627110438,0.0636926840,0.0622834850,0.0614019489,0.0594668827,0.0638256496,0.0647729985,0.0640251433,0.0615320550,0.02772816,0.02300237,0.09863696,-0.05373249,-0.04350958,-0.06106321,-0.04652105,-0.07301195,-0.05961372,-0.05156011,-0.04930838,-0.07458713,-0.05278587,-0.06365559,-0.06256207,-0.06382848,-0.04956372,-0.04056611,-0.04108587,-0.03389597,-0.04809952,-0.05555243,-0.07455875,-0.03773287,-0.05848238,-0.05367759,-0.06340020,-0.03177986,-0.05866583,-0.03593106,-0.05825831,-0.04287303,-0.07189246,-0.05754136,-0.04893942,-0.03593982,-0.07218834,-0.04245835,-0.06188617,-0.05674235,-0.05849362,-0.05021847,-0.05232868,-0.06626194,-0.06044536,-0.06379940,-0.04557289,-0.05348230,-0.04073695,-0.04677833,50,0.0238014551,0.0979310226,0.0741295676,13.4227838713,0.0083747605,0.0633268534,-0.0564671269,1.2438624124,2.24965050,2.21314994,-0.03650055,-6.60947609,0.05183988,-0.06924650,0.00830970,1.02949335
95,0x8709d000,0x206692000,15,1,0,129.72,-0.0002270116,0.0008161346,0.0969958816,0.0925202351,0.0905494451,0.0938311139,0.0900614701,0.0883873430,0.0938696905,0.0894311908,0.0893567938,0.0892081011,0.0893567938,0.0925202351,0.0903243125,0.0912893707,0.0930557239,0.1014009230,0.0924054726,0.0939082670,0.0925584545,0.0956005935,0.0906245575,0.0916684063,0.0902867051,0.0937538554,0.0906995676,0.0893940431,0.0941013606,0.0956792828,0.0892453504,0.0958365539,0.0896170313,0.0960725142,0.0901365825,0.0945228154,0.0935994439,0.0885346060,0.0892081011,0.0933677738,0.0919715107,0.0938696905,0.0933677738,0.0895055879,0.0903243125,0.0955220116,0.0930175046,0.0924436919,0.0924820157,0.0917819929,0.03622654,0.04323512,0.00389039,-0.02356998,-0.02580889,-0.02884400,-0.00930491,-0.04201302,-0.02445062,-0.02681674,-0.02454155,-0.02056952,-0.03985481,-0.02373342,-0.01776326,-0.03671712,-0.02745242,-0.00301583,-0.02104494,-0.01957366,-0.02745262,-0.02890652,-0.03525161,-0.03188387,-0.03566849,-0.01829792,-0.02672276,-0.02526102,-0.03283385,-0.01911195,-0.02410058,-0.02461388,-0.02802784,-0.02215326,-0.03052220,-0.00267320,-0.01028234,-0.02100117,-0.02716127,-0.00980802,-0.02823986,0.00030538,-0.00559560,-0.01557686,-0.02435491,-0.01756959,-0.03980005,-0.03862620,-0.02531174,-0.03263964,50,0.0249048461,0.1150490034,0.0901441572,11.9786764321,0.0092790858,0.0702970947,-0.0835705094,1.4297139370,2.27288529,2.25217978,-0.02070551,-2.75182302,0.06220941,-0.05713791,-0.01820962,1.03473867
96,0x309728000,0x189436000,3,4,0,129.88,-0.0047202035,0.0016401314,0.0868119810,0.0871943835,0.0856193359,0.0845791653,0.0876977391,0.0870031823,0.0898269758,0.0848794103,0.0835753157,0.0859604060,0.0913654950,0.0868502004,0.0859604060,0.0857331294,0.0847667928,0.0878521506,0.0838727010,0.0852172628,0.0857709916,0.0868502004,0.0904024795,0.0848419053,0.0863014760,0.0859604060,0.0870414016,0.0847667928,0.0849170178,0.0861119582,0.0881223973,0.0834265215,0.0882382323,0.0877748922,0.0902452084,0.0845415578,0.0850295328,0.0877748922,0.0858088538,0.0859604060,0.0880065622,0.0856951638,0.0836867590,0.0902844993,0.0833522259,0.0890865960,0.0846917828,0.0926067320,0.0860362338,0.0838727010,0.03758674,0.04919368,-0.02013270,-0.02580984,-0.01831112,-0.01994455,-0.01568245,-0.01867663,-0.01403871,-0.01766301,-0.01655795,-0.02920535,-0.01243004,-0.01650358,-0.01305082,-0.03458006,-0.02424438,-0.02528696,-0.01598587,-0.01977801,-0.02665908,-0.02361623,-0.02068068,-0.02023556,-0.02013539,-0.02355716,-0.03308750,-0.01833466,-0.03233569,0.00072603,-0.01448737,-0.00184911,-0.02939399,-0.00359763,-0.02551283,-0.02890582,-0.02311433,-0.01587887,-0.02530187,-0.01112556,-0.03165024,-0.01941394,-0.02089404,-0.00901787,-0.02807940,-0.01602575,-0.02256658,-0.01779987,-0.04661996,-0.02740228,50,0.0230387029,0.1151343755,0.0920956726,12.2487244596,0.0063390014,0.0878305384,-0.0673851171,1.1389722915,2.25529499,2.23936601,-0.01592898,-2.11855414,0.04029282,-0.06185646,-0.01946553,1.03687532
97,0x2bc4a5000,0x29de0b000,14,14,1,185.28,-0.0132771635,-0.0122376067,0.0622747395,0.0597945218,0.0588114629,0.0654506744,0.0581994943,0.0658874362,0.0567159193,0.0598263117,0.0644367973,0.0579195595,0.0581994943,0.0620145273,0.0676456047,0.0575463131,0.0601126818,0.0656522215,0.0634215812,0.0578262479,0.0633887197,0.0580439467,0.0600491019,0.0576707003,0.0665988550,0.0591260481,0.0622747395,0.0571155939,0.0579817956,0.0656186456,0.0624048456,0.0600491019,0.0619494299,0.0644701068,0.0628953481,0.0633887197,0.0579195595,0.0591260481,0.0656186456,0.0642706130,0.0633229069,0.0557278439,0.0617085040,0.0633557684,0.0654842503,0.0654842503,0.0630268839,0.0651817920,0.0623398370,0.0630597454,0.05203014,0.06167925,-0.01661938,-0.02672378,-0.02643654,-0.02482400,-0.01097540,-0.03365261,-0.03674739,-0.04340952,-0.02736386,-0.03855217,-0.04968155,-0.03449771,-0.02409148,-0.01928468,-0.04270521,-0.02572737,-0.03305582,-0.03302415,-0.03492717,-0.03911655,-0.03130852,-0.02591810,-0.03331770,-0.03842320,-0.02684062,-0.03346336,-0.03749621,-0.02532452,-0.02918441,-0.00878056,-0.00497196,0.00515981,-0.03257034,-0.01211335,-0.04953037,-0.01805308,-0.03297275,-0.02278828,-0.02846527,-0.02542984,-0.01619374,-0.01288742,-0.04227503,-0.02898397,-0.02687373,-0.01273420,-0.02137162,-0.00655099,50,0.0260465992,0.0970925499,0.0710459508,12.8552987297,0.0087060137,0.0563538371,-0.0599011996,1.2995993786,2.22673988,2.19177736,-0.03496252,-6.32653657,0.05818608,-0.06264370,-0.00255764,1.03378143
98,0x28d374000,0x237ea1000,7,8,0,127.05,0.0018467636,-0.0003374615,0.0894273032,0.0895024157,0.0871547288,0.0895024157,0.0898641244,0.0895024157,0.0829057127,0.0885321387,0.0893146857,0.0895024157,0.0903946088,0.0857830949,0.0879372666,0.0908115067,0.0905082988,0.0870074658,0.0896525382,0.0905082988,0.0862571275,0.0915510751,0.0879744143,0.0885692865,0.0893897982,0.0870811475,0.0905841266,0.0903567466,0.0885692865,0.0861112943,0.0894273032,0.0905841266,0.0828348924,0.0883090490,0.0872284105,0.0926317136,0.0880859592,0.0917040570,0.0912450069,0.0862935610,0.0898641244,0.0893897982,0.0830118948,0.0860383279,0.0858924947,0.0903946088,0.0912450069,0.0892396757,0.0870443569,0.0901672288,0.04417388,0.04004841,-0.04506194,-0.02980343,-0.03529920,-0.02513068,-0.02839745,-0.02449383,-0.04331716,-0.02889316,-0.04955968,-0.00593455,-0.03600921,-0.01782765,-0.04261366,0.00106583,-0.03060495,-0.00494376,-0.04373993,-0.02854002,-0.02546090,-0.01261916,-0.03871103,-0.00949711,-0.04113594,-0.02241568,-0.02484242,-0.01156436,-0.03069033,-0.02058038,-0.02535363,-0.01511982,-0.03548733,-0.03275726,-0.03624230,-0.03607421,-0.03118903,-0.02889048,-0.02806777,-0.03098458,-0.00875824,-0.03158791,-0.03428991,-0.03097799,-0.03978970,-0.02742011,-0.03387650,-0.03601304,-0.03863563,-0.02341404,50,0.0273364829,0.1123488391,0.0850123562,11.1486460078,0.0061290240,0.0609278134,-0.0744308524,1.6840043396,2.25596471,2.23270633,-0.02325838,-3.05071823,0.06124963,-0.06317981,-0.01501313,1.03601929
99,0x323c3000,0x99ca000,9,0,0,127.08,-0.0035999498,-0.0002213768,0.0924647669,0.0890060853,0.0913855581,0.0891533482,0.0901574446,0.0935439757,0.0948934311,0.0839359188,0.0878560110,0.0886218096,0.0862395215,0.0897057100,0.0922752490,0.0826821887,0.0905664763,0.0904549314,0.0906407719,0.0890428759,0.0907151690,0.0913855581,0.0872852006,0.0831329844,0.0933908893,0.0854055034,0.0872490258,0.0902318417,0.0879654108,0.0884758768,0.0938881588,0.0880748106,0.0870685461,0.0906407719,0.0926541813,0.0895952377,0.0912729406,0.0892638206,0.0895583465,0.0872490258,0.0913104456,0.0921995247,0.0915731856,0.0895215559,0.0925404913,0.0914230631,0.0945459259,0.0925404913,0.0849100511,0.0873934293,0.04167282,0.02444040,-0.02650464,-0.02242024,-0.03329451,-0.01002326,-0.01486371,-0.01721542,-0.01605941,-0.00887362,-0.02438898,-0.00541634,-0.02890426,-0.01662196,-0.01821389,-0.03418064,-0.01432211,-0.01571739,-0.02454417,-0.03413902,-0.03307218,-0.02387167,-0.03118097,-0.05267050,-0.02208423,-0.02080032,-0.01484069,0.00288217,-0.02071526,-0.02821226,-0.02083016,-0.03042027,-0.01810423,-0.01934756,-0.01656977,-0.01674201,-0.02330718,-0.02677685,-0.03009167,-0.02208282,-0.01792962,-0.00590043,-0.02484533,-0.01044568,-0.02466620,-0.02084230,-0.02113253,-0.01164806,-0.01997012,-0.02208133,50,0.0239333734,0.1111866925,0.0872533192,11.4203283669,0.0064728640,0.0730599768,-0.0801080119,1.3597202817,2.27498330,2.24217544,-0.03280786,-4.29462532,0.03625564,-0.06591824,-0.00741250,1.03719651
